0.3903,1.75E-04,-1.59E-04,0.7375,,0.39133,1.45E-04,-1.98E-04,0.94074
0.39028,1.73E-04,-1.60E-04,0.74484,,0.39191,1.45E-04,-1.98E-04,0.9387
0.39081,1.70E-04,-1.60E-04,0.75424,,0.39308,1.45E-04,-1.98E-04,0.93978
0.38823,1.69E-04,-1.61E-04,0.76143,,0.39148,1.44E-04,-1.98E-04,0.94077
0.38952,1.68E-04,-1.61E-04,0.76442,,0.38926,1.44E-04,-1.99E-04,0.94485
0.3907,1.69E-04,-1.61E-04,0.76264,,0.39125,1.43E-04,-1.99E-04,0.94741
0.3887,1.70E-04,-1.60E-04,0.75545,,0.3886,1.44E-04,-1.98E-04,0.94347
0.38996,1.72E-04,-1.60E-04,0.74838,,0.38983,1.44E-04,-1.98E-04,0.94263
0.38905,1.74E-04,-1.60E-04,0.74338,,0.39201,1.44E-04,-1.98E-04,0.94257
0.38658,1.75E-04,-1.59E-04,0.73867,,0.38828,1.44E-04,-1.99E-04,0.94487
0.38855,1.74E-04,-1.59E-04,0.74015,,0.39006,1.43E-04,-1.99E-04,0.94927
0.38942,1.73E-04,-1.60E-04,0.74631,,0.38859,1.43E-04,-1.99E-04,0.94709
0.38635,1.71E-04,-1.60E-04,0.7543,,0.38593,1.44E-04,-1.98E-04,0.94182
0.38757,1.69E-04,-1.61E-04,0.76023,,0.3861,1.46E-04,-1.98E-04,0.93446
0.38577,1.69E-04,-1.61E-04,0.76237,,0.38583,1.46E-04,-1.97E-04,0.93373
0.38439,1.69E-04,-1.61E-04,0.76058,,0.38625,1.46E-04,-1.98E-04,0.93503
0.38632,1.71E-04,-1.60E-04,0.75399,,0.38761,1.46E-04,-1.98E-04,0.93592
0.38299,1.72E-04,-1.60E-04,0.75166,,0.38204,1.46E-04,-1.98E-04,0.93429
0.38404,1.71E-04,-1.60E-04,0.75251,,0.38185,1.46E-04,-1.98E-04,0.93608
0.38463,1.71E-04,-1.60E-04,0.7543,,0.38354,1.46E-04,-1.99E-04,0.93785
0.38305,1.70E-04,-1.61E-04,0.75549,,0.38093,1.45E-04,-1.98E-04,0.94041
0.38242,1.70E-04,-1.61E-04,0.75848,,0.38226,1.45E-04,-1.99E-04,0.94275
0.38182,1.68E-04,-1.61E-04,0.76416,,0.38167,1.44E-04,-1.99E-04,0.94344
0.37921,1.68E-04,-1.62E-04,0.76716,,0.38069,1.45E-04,-1.99E-04,0.94119
0.37972,1.68E-04,-1.61E-04,0.76476,,0.38151,1.44E-04,-1.99E-04,0.94332
0.38328,1.70E-04,-1.61E-04,0.75937,,0.37869,1.44E-04,-1.99E-04,0.94406
0.38059,1.70E-04,-1.61E-04,0.75549,,0.3776,1.44E-04,-2.00E-04,0.94724
0.38008,1.71E-04,-1.60E-04,0.75459,,0.38204,1.43E-04,-1.99E-04,0.94983
0.38022,1.70E-04,-1.60E-04,0.75547,,0.38073,1.43E-04,-1.99E-04,0.9495
0.37859,1.69E-04,-1.61E-04,0.75995,,0.37791,1.42E-04,-1.99E-04,0.94955
0.38084,1.68E-04,-1.61E-04,0.76416,,0.37983,1.43E-04,-1.99E-04,0.94638
0.38053,1.67E-04,-1.62E-04,0.76806,,0.37797,1.44E-04,-1.99E-04,0.94284
0.37922,1.67E-04,-1.62E-04,0.76838,,0.3755,1.45E-04,-1.99E-04,0.94021
0.37977,1.69E-04,-1.61E-04,0.76327,,0.37668,1.45E-04,-1.99E-04,0.93907
0.3774,1.70E-04,-1.61E-04,0.75673,,0.37438,1.46E-04,-1.99E-04,0.93809
0.37492,1.71E-04,-1.61E-04,0.75461,,0.37413,1.46E-04,-1.99E-04,0.93785
0.37598,1.70E-04,-1.61E-04,0.75789,,0.37529,1.47E-04,-1.99E-04,0.93402
0.37549,1.69E-04,-1.61E-04,0.76236,,0.3742,1.47E-04,-1.99E-04,0.93491
0.37519,1.68E-04,-1.62E-04,0.76627,,0.37433,1.46E-04,-1.99E-04,0.93768
0.37341,1.67E-04,-1.62E-04,0.76988,,0.37438,1.44E-04,-1.99E-04,0.94374
0.37145,1.66E-04,-1.62E-04,0.77198,,0.37198,1.44E-04,-1.99E-04,0.94544
0.37315,1.66E-04,-1.62E-04,0.77259,,0.37131,1.45E-04,-1.99E-04,0.94218
0.37077,1.67E-04,-1.62E-04,0.77047,,0.37533,1.46E-04,-1.98E-04,0.93493
0.37179,1.68E-04,-1.62E-04,0.76569,,0.37382,1.47E-04,-1.98E-04,0.93184
0.373,1.69E-04,-1.61E-04,0.7606,,0.37207,1.47E-04,-1.98E-04,0.93476
0.37218,1.72E-04,-1.61E-04,0.75352,,0.37318,1.45E-04,-1.99E-04,0.94063
0.3725,1.72E-04,-1.61E-04,0.75143,,0.37045,1.45E-04,-1.99E-04,0.93859
0.37071,1.71E-04,-1.61E-04,0.75406,,0.36935,1.47E-04,-1.98E-04,0.9311
0.36856,1.70E-04,-1.61E-04,0.75969,,0.37063,1.50E-04,-1.97E-04,0.92197
0.37269,1.68E-04,-1.61E-04,0.76536,,0.36803,1.50E-04,-1.97E-04,0.91987
0.3717,1.66E-04,-1.62E-04,0.77169,,0.36836,1.49E-04,-1.98E-04,0.926
0.36933,1.65E-04,-1.62E-04,0.77684,,0.36956,1.48E-04,-1.98E-04,0.92989
0.37149,1.64E-04,-1.62E-04,0.77866,,0.37029,1.48E-04,-1.99E-04,0.93134
0.36887,1.65E-04,-1.62E-04,0.77714,,0.36856,1.47E-04,-1.99E-04,0.93426
0.36887,1.66E-04,-1.62E-04,0.77167,,0.36868,1.47E-04,-1.99E-04,0.93491
0.36856,1.68E-04,-1.61E-04,0.76476,,0.36749,1.47E-04,-1.99E-04,0.93587
0.36737,1.69E-04,-1.61E-04,0.7621,,0.36746,1.47E-04,-1.98E-04,0.93321
0.36883,1.69E-04,-1.62E-04,0.76331,,0.36866,1.47E-04,-1.99E-04,0.93474
0.36839,1.68E-04,-1.62E-04,0.76779,,0.36771,1.46E-04,-1.99E-04,0.93752
0.36587,1.67E-04,-1.62E-04,0.7717,,0.36627,1.47E-04,-1.99E-04,0.93539
0.36616,1.66E-04,-1.62E-04,0.77262,,0.36699,1.46E-04,-1.99E-04,0.93733
0.36579,1.67E-04,-1.62E-04,0.76777,,0.36475,1.46E-04,-1.99E-04,0.93774
0.36586,1.69E-04,-1.62E-04,0.76271,,0.36195,1.47E-04,-1.99E-04,0.93337
0.36564,1.71E-04,-1.61E-04,0.75613,,0.36493,1.48E-04,-1.98E-04,0.92843
0.36378,1.72E-04,-1.60E-04,0.74962,,0.36261,1.49E-04,-1.98E-04,0.92374
0.363,1.72E-04,-1.61E-04,0.75083,,0.36151,1.51E-04,-1.97E-04,0.91576
0.36473,1.70E-04,-1.61E-04,0.75857,,0.36304,1.51E-04,-1.97E-04,0.91584
0.36191,1.68E-04,-1.62E-04,0.76841,,0.36464,1.50E-04,-1.97E-04,0.92165
0.36356,1.66E-04,-1.63E-04,0.77596,,0.36263,1.49E-04,-1.98E-04,0.92624
0.36439,1.66E-04,-1.63E-04,0.77657,,0.36397,1.47E-04,-1.98E-04,0.93119
0.36203,1.67E-04,-1.62E-04,0.77023,,0.36146,1.46E-04,-1.99E-04,0.93532
0.36368,1.69E-04,-1.62E-04,0.76331,,0.35981,1.46E-04,-1.99E-04,0.93589
0.36159,1.70E-04,-1.61E-04,0.75913,,0.36133,1.48E-04,-1.98E-04,0.93053
0.36032,1.70E-04,-1.61E-04,0.75911,,0.36176,1.48E-04,-1.98E-04,0.92972
0.36199,1.69E-04,-1.62E-04,0.76212,,0.35933,1.48E-04,-1.98E-04,0.92883
0.36052,1.67E-04,-1.62E-04,0.76931,,0.36074,1.49E-04,-1.98E-04,0.92552
0.36098,1.65E-04,-1.63E-04,0.77716,,0.35904,1.50E-04,-1.97E-04,0.91972
0.36142,1.64E-04,-1.63E-04,0.78356,,0.35698,1.52E-04,-1.97E-04,0.91571
0.35797,1.63E-04,-1.63E-04,0.7857,,0.35937,1.52E-04,-1.97E-04,0.91449
0.35848,1.64E-04,-1.63E-04,0.78326,,0.35691,1.53E-04,-1.97E-04,0.90965
0.35722,1.65E-04,-1.63E-04,0.77899,,0.35865,1.55E-04,-1.96E-04,0.90256
0.35681,1.66E-04,-1.63E-04,0.77656,,0.36065,1.57E-04,-1.95E-04,0.89369
0.3585,1.66E-04,-1.62E-04,0.77293,,0.35893,1.56E-04,-1.96E-04,0.89824
0.3574,1.67E-04,-1.62E-04,0.76961,,0.35704,1.54E-04,-1.97E-04,0.90986
0.35683,1.68E-04,-1.62E-04,0.76633,,0.3586,1.51E-04,-1.98E-04,0.92183
0.35673,1.68E-04,-1.62E-04,0.76692,,0.35586,1.48E-04,-1.99E-04,0.92883
0.35485,1.66E-04,-1.63E-04,0.77354,,0.35479,1.48E-04,-1.98E-04,0.92996
0.35662,1.64E-04,-1.63E-04,0.78051,,0.35617,1.49E-04,-1.99E-04,0.92851
0.35724,1.64E-04,-1.63E-04,0.7805,,0.3538,1.49E-04,-1.98E-04,0.926
0.35499,1.66E-04,-1.62E-04,0.77594,,0.35464,1.49E-04,-1.98E-04,0.92738
0.35674,1.68E-04,-1.62E-04,0.76749,,0.35692,1.49E-04,-1.98E-04,0.92802
0.35437,1.70E-04,-1.61E-04,0.75797,,0.35452,1.49E-04,-1.98E-04,0.92488
0.35476,1.73E-04,-1.61E-04,0.74969,,0.3541,1.51E-04,-1.98E-04,0.91981
0.35563,1.73E-04,-1.61E-04,0.74856,,0.35372,1.52E-04,-1.97E-04,0.91564
0.35357,1.71E-04,-1.61E-04,0.75592,,0.35323,1.52E-04,-1.97E-04,0.91268
0.35481,1.69E-04,-1.62E-04,0.76396,,0.35421,1.53E-04,-1.97E-04,0.91126
0.35297,1.67E-04,-1.62E-04,0.77114,,0.35533,1.53E-04,-1.97E-04,0.91084
0.35177,1.65E-04,-1.63E-04,0.77747,,0.35263,1.54E-04,-1.97E-04,0.90505
0.35388,1.64E-04,-1.63E-04,0.78143,,0.35414,1.55E-04,-1.96E-04,0.90267
0.35245,1.66E-04,-1.63E-04,0.77656,,0.35323,1.56E-04,-1.97E-04,0.9001
0.35249,1.67E-04,-1.62E-04,0.77173,,0.34999,1.56E-04,-1.96E-04,0.89967
0.35218,1.68E-04,-1.62E-04,0.7681,,0.35153,1.54E-04,-1.97E-04,0.90537
0.35024,1.67E-04,-1.62E-04,0.76869,,0.35033,1.52E-04,-1.97E-04,0.91451
0.35104,1.67E-04,-1.62E-04,0.7708,,0.3497,1.51E-04,-1.98E-04,0.919
0.35227,1.66E-04,-1.63E-04,0.77535,,0.35179,1.52E-04,-1.97E-04,0.91356
0.35057,1.64E-04,-1.63E-04,0.78234,,0.35065,1.54E-04,-1.97E-04,0.90726
0.35169,1.63E-04,-1.64E-04,0.78693,,0.34893,1.53E-04,-1.98E-04,0.91168
0.34944,1.63E-04,-1.63E-04,0.78754,,0.34974,1.51E-04,-1.98E-04,0.91814
0.34875,1.63E-04,-1.63E-04,0.7854,,0.34901,1.50E-04,-1.98E-04,0.92094
0.34923,1.64E-04,-1.63E-04,0.78234,,0.34891,1.50E-04,-1.98E-04,0.92021
0.3479,1.65E-04,-1.63E-04,0.77777,,0.35097,1.51E-04,-1.97E-04,0.91812
0.34933,1.68E-04,-1.62E-04,0.76778,,0.34954,1.51E-04,-1.98E-04,0.91772
0.34841,1.70E-04,-1.61E-04,0.75823,,0.3494,1.51E-04,-1.98E-04,0.91772
0.34649,1.71E-04,-1.61E-04,0.75678,,0.34937,1.52E-04,-1.98E-04,0.91574
0.34751,1.70E-04,-1.61E-04,0.75883,,0.34498,1.52E-04,-1.97E-04,0.91564
0.34658,1.67E-04,-1.62E-04,0.76931,,0.34601,1.50E-04,-1.99E-04,0.924
0.34624,1.64E-04,-1.63E-04,0.78051,,0.34667,1.47E-04,-1.99E-04,0.93368
0.34787,1.63E-04,-1.63E-04,0.78509,,0.3449,1.48E-04,-1.99E-04,0.93334
0.34569,1.63E-04,-1.63E-04,0.78509,,0.3459,1.48E-04,-1.99E-04,0.93149
0.34723,1.65E-04,-1.63E-04,0.779,,0.34452,1.49E-04,-1.99E-04,0.92625
0.34603,1.68E-04,-1.62E-04,0.76812,,0.34483,1.51E-04,-1.98E-04,0.91942
0.34399,1.71E-04,-1.61E-04,0.75739,,0.34492,1.54E-04,-1.97E-04,0.908
0.34562,1.72E-04,-1.61E-04,0.75205,,0.34246,1.58E-04,-1.96E-04,0.89153
0.34509,1.72E-04,-1.61E-04,0.75292,,0.345,1.61E-04,-1.95E-04,0.87966
0.34466,1.70E-04,-1.61E-04,0.76034,,0.34586,1.62E-04,-1.95E-04,0.87949
0.34505,1.67E-04,-1.62E-04,0.77024,,0.34385,1.58E-04,-1.96E-04,0.89172
0.34299,1.65E-04,-1.63E-04,0.78052,,0.34357,1.55E-04,-1.97E-04,0.90427
0.34323,1.63E-04,-1.64E-04,0.78847,,0.34394,1.53E-04,-1.98E-04,0.91225
0.34232,1.63E-04,-1.64E-04,0.78938,,0.34166,1.53E-04,-1.98E-04,0.91232
0.3419,1.65E-04,-1.63E-04,0.77991,,0.34253,1.52E-04,-1.98E-04,0.91439
0.3439,1.69E-04,-1.62E-04,0.76573,,0.3411,1.52E-04,-1.97E-04,0.91349
0.34178,1.70E-04,-1.61E-04,0.75885,,0.34087,1.53E-04,-1.97E-04,0.91046
0.34073,1.71E-04,-1.61E-04,0.75708,,0.3419,1.54E-04,-1.96E-04,0.90469
0.34195,1.70E-04,-1.62E-04,0.76066,,0.34157,1.56E-04,-1.96E-04,0.89774
0.34035,1.68E-04,-1.63E-04,0.76995,,0.34016,1.57E-04,-1.96E-04,0.89481
0.34138,1.65E-04,-1.63E-04,0.77992,,0.34087,1.57E-04,-1.96E-04,0.89512
0.34231,1.63E-04,-1.64E-04,0.78785,,0.3389,1.57E-04,-1.96E-04,0.89543
0.34014,1.61E-04,-1.64E-04,0.79431,,0.33818,1.59E-04,-1.95E-04,0.88753
0.34208,1.61E-04,-1.64E-04,0.7971,,0.34175,1.60E-04,-1.94E-04,0.87967
0.34019,1.62E-04,-1.64E-04,0.79155,,0.34011,1.61E-04,-1.93E-04,0.8754
0.33892,1.65E-04,-1.63E-04,0.7796,,0.3389,1.61E-04,-1.94E-04,0.87723
0.33968,1.68E-04,-1.62E-04,0.7678,,0.3389,1.59E-04,-1.95E-04,0.88476
0.33886,1.70E-04,-1.61E-04,0.76063,,0.33844,1.58E-04,-1.96E-04,0.89128
0.33965,1.69E-04,-1.62E-04,0.76364,,0.33928,1.56E-04,-1.97E-04,0.89979
0.33866,1.67E-04,-1.62E-04,0.77293,,0.34016,1.55E-04,-1.97E-04,0.90328
0.33653,1.64E-04,-1.63E-04,0.78479,,0.33787,1.55E-04,-1.97E-04,0.90198
0.33665,1.61E-04,-1.64E-04,0.79679,,0.33959,1.56E-04,-1.96E-04,0.9003
0.33832,1.60E-04,-1.65E-04,0.80113,,0.33903,1.57E-04,-1.96E-04,0.89637
0.33705,1.61E-04,-1.65E-04,0.79801,,0.33647,1.56E-04,-1.98E-04,0.90164
0.33762,1.64E-04,-1.64E-04,0.78479,,0.33591,1.55E-04,-1.98E-04,0.90657
0.33582,1.67E-04,-1.63E-04,0.77356,,0.3364,1.54E-04,-1.98E-04,0.91231
0.33475,1.69E-04,-1.62E-04,0.76484,,0.33545,1.53E-04,-1.98E-04,0.91203
0.33584,1.70E-04,-1.61E-04,0.75916,,0.33698,1.56E-04,-1.97E-04,0.9021
0.33416,1.70E-04,-1.61E-04,0.75944,,0.33664,1.57E-04,-1.96E-04,0.89649
0.33559,1.69E-04,-1.62E-04,0.76482,,0.334,1.57E-04,-1.96E-04,0.89375
0.33678,1.66E-04,-1.63E-04,0.77596,,0.33485,1.56E-04,-1.97E-04,0.90004
0.33467,1.64E-04,-1.64E-04,0.78601,,0.33399,1.54E-04,-1.97E-04,0.90849
0.3356,1.62E-04,-1.64E-04,0.79245,,0.33264,1.53E-04,-1.98E-04,0.91098
0.33322,1.63E-04,-1.64E-04,0.78785,,0.33585,1.54E-04,-1.98E-04,0.91133
0.33214,1.66E-04,-1.63E-04,0.77687,,0.33548,1.55E-04,-1.97E-04,0.90198
0.33619,1.68E-04,-1.62E-04,0.76602,,0.33334,1.58E-04,-1.96E-04,0.89116
0.33515,1.70E-04,-1.61E-04,0.75854,,0.33564,1.60E-04,-1.95E-04,0.88398
0.33291,1.70E-04,-1.62E-04,0.76009,,0.33376,1.61E-04,-1.95E-04,0.88264
0.33347,1.69E-04,-1.62E-04,0.76636,,0.33082,1.59E-04,-1.96E-04,0.89004
0.33289,1.67E-04,-1.63E-04,0.77418,,0.33264,1.57E-04,-1.96E-04,0.89537
0.33327,1.64E-04,-1.64E-04,0.7854,,0.33237,1.57E-04,-1.97E-04,0.8981
0.33451,1.63E-04,-1.64E-04,0.78907,,0.33125,1.57E-04,-1.96E-04,0.89718
0.33286,1.64E-04,-1.64E-04,0.78326,,0.33208,1.58E-04,-1.96E-04,0.89395
0.33388,1.66E-04,-1.63E-04,0.77416,,0.33004,1.59E-04,-1.95E-04,0.88719
0.33313,1.68E-04,-1.62E-04,0.76994,,0.33162,1.62E-04,-1.95E-04,0.87742
0.33113,1.68E-04,-1.62E-04,0.76783,,0.33017,1.62E-04,-1.94E-04,0.87489
0.33207,1.69E-04,-1.62E-04,0.76424,,0.32891,1.62E-04,-1.95E-04,0.87773
0.33079,1.70E-04,-1.61E-04,0.75916,,0.33126,1.60E-04,-1.96E-04,0.88532
0.33126,1.71E-04,-1.61E-04,0.75503,,0.33141,1.59E-04,-1.96E-04,0.89148
0.33229,1.71E-04,-1.61E-04,0.75532,,0.32928,1.57E-04,-1.97E-04,0.89779
0.32805,1.70E-04,-1.62E-04,0.7604,,0.33077,1.58E-04,-1.96E-04,0.89413
0.32776,1.68E-04,-1.62E-04,0.76815,,0.32883,1.60E-04,-1.95E-04,0.88515
0.32948,1.66E-04,-1.63E-04,0.77477,,0.32703,1.61E-04,-1.94E-04,0.87895
0.32911,1.66E-04,-1.63E-04,0.7784,,0.32787,1.62E-04,-1.94E-04,0.87418
0.32877,1.65E-04,-1.63E-04,0.7787,,0.32653,1.63E-04,-1.93E-04,0.87145
0.32842,1.67E-04,-1.63E-04,0.77327,,0.32629,1.64E-04,-1.93E-04,0.86787
0.32635,1.69E-04,-1.62E-04,0.76575,,0.32796,1.63E-04,-1.94E-04,0.87065
0.32652,1.70E-04,-1.62E-04,0.76128,,0.32879,1.62E-04,-1.95E-04,0.87661
0.32671,1.69E-04,-1.62E-04,0.76454,,0.32709,1.60E-04,-1.96E-04,0.88665
0.32587,1.67E-04,-1.63E-04,0.77326,,0.32762,1.58E-04,-1.96E-04,0.89202
0.32744,1.64E-04,-1.64E-04,0.7854,,0.32671,1.58E-04,-1.96E-04,0.89333
0.32725,1.62E-04,-1.64E-04,0.79121,,0.32614,1.58E-04,-1.96E-04,0.89091
0.32648,1.62E-04,-1.64E-04,0.79183,,0.32809,1.61E-04,-1.95E-04,0.88083
0.32731,1.63E-04,-1.64E-04,0.78876,,0.32732,1.63E-04,-1.94E-04,0.87323
0.32571,1.66E-04,-1.63E-04,0.77719,,0.3259,1.63E-04,-1.94E-04,0.87167
0.32604,1.68E-04,-1.63E-04,0.76847,,0.32657,1.61E-04,-1.96E-04,0.88126
0.32721,1.69E-04,-1.62E-04,0.76577,,0.32482,1.60E-04,-1.96E-04,0.8866
0.32574,1.68E-04,-1.63E-04,0.77086,,0.32496,1.60E-04,-1.96E-04,0.88548
0.32597,1.65E-04,-1.64E-04,0.78114,,0.32477,1.61E-04,-1.95E-04,0.88142
0.3258,1.62E-04,-1.64E-04,0.79214,,0.32274,1.62E-04,-1.95E-04,0.87768
0.3235,1.61E-04,-1.65E-04,0.79552,,0.3231,1.62E-04,-1.94E-04,0.87515
0.32384,1.63E-04,-1.64E-04,0.78999,,0.32655,1.63E-04,-1.95E-04,0.87298
0.32355,1.65E-04,-1.63E-04,0.77962,,0.3249,1.62E-04,-1.95E-04,0.87646
0.32309,1.68E-04,-1.63E-04,0.77118,,0.32336,1.61E-04,-1.95E-04,0.88162
0.32464,1.70E-04,-1.62E-04,0.76156,,0.32536,1.59E-04,-1.96E-04,0.88877
0.32426,1.72E-04,-1.61E-04,0.75507,,0.32312,1.59E-04,-1.96E-04,0.89011
0.32333,1.72E-04,-1.61E-04,0.75385,,0.32352,1.61E-04,-1.95E-04,0.88228
0.32403,1.69E-04,-1.62E-04,0.76338,,0.3248,1.61E-04,-1.94E-04,0.87788
0.32164,1.66E-04,-1.64E-04,0.77872,,0.32213,1.63E-04,-1.94E-04,0.87095
0.32339,1.63E-04,-1.64E-04,0.78876,,0.32371,1.63E-04,-1.94E-04,0.87009
0.32475,1.62E-04,-1.65E-04,0.79274,,0.32344,1.62E-04,-1.94E-04,0.87363
0.32356,1.63E-04,-1.64E-04,0.78877,,0.32051,1.61E-04,-1.95E-04,0.87889
0.32395,1.65E-04,-1.64E-04,0.78114,,0.32173,1.61E-04,-1.95E-04,0.88264
0.32368,1.67E-04,-1.63E-04,0.77416,,0.32106,1.60E-04,-1.95E-04,0.88376
0.32174,1.67E-04,-1.62E-04,0.77084,,0.32083,1.60E-04,-1.96E-04,0.88401
0.32072,1.66E-04,-1.63E-04,0.77658,,0.32214,1.61E-04,-1.95E-04,0.87844
0.32137,1.64E-04,-1.64E-04,0.78479,,0.32041,1.63E-04,-1.94E-04,0.87095
0.32119,1.62E-04,-1.64E-04,0.79121,,0.3195,1.63E-04,-1.93E-04,0.87019
0.32259,1.62E-04,-1.65E-04,0.79244,,0.32097,1.63E-04,-1.94E-04,0.871
0.31957,1.65E-04,-1.64E-04,0.78266,,0.31988,1.63E-04,-1.94E-04,0.87246
0.31842,1.67E-04,-1.62E-04,0.77053,,0.32031,1.63E-04,-1.94E-04,0.87197
0.31981,1.69E-04,-1.62E-04,0.76303,,0.3213,1.62E-04,-1.94E-04,0.87555
0.31981,1.69E-04,-1.62E-04,0.76392,,0.31918,1.62E-04,-1.95E-04,0.87879
0.31877,1.67E-04,-1.62E-04,0.77142,,0.32091,1.62E-04,-1.95E-04,0.87722
0.32016,1.64E-04,-1.64E-04,0.78296,,0.3199,1.65E-04,-1.93E-04,0.86597
0.31906,1.63E-04,-1.64E-04,0.7903,,0.3172,1.67E-04,-1.93E-04,0.8577
0.31765,1.62E-04,-1.65E-04,0.79244,,0.31853,1.68E-04,-1.92E-04,0.8523
0.31927,1.63E-04,-1.64E-04,0.78907,,0.31865,1.68E-04,-1.92E-04,0.85156
0.31737,1.65E-04,-1.63E-04,0.77961,,0.31753,1.67E-04,-1.93E-04,0.85766
0.31813,1.67E-04,-1.63E-04,0.77174,,0.3183,1.67E-04,-1.93E-04,0.85787
0.31896,1.67E-04,-1.62E-04,0.76993,,0.31639,1.66E-04,-1.93E-04,0.86221
0.31752,1.67E-04,-1.63E-04,0.77235,,0.31551,1.65E-04,-1.93E-04,0.86572
0.31894,1.66E-04,-1.63E-04,0.7784,,0.31649,1.63E-04,-1.94E-04,0.87192
0.31686,1.63E-04,-1.64E-04,0.78845,,0.31481,1.63E-04,-1.94E-04,0.87065
0.31535,1.61E-04,-1.65E-04,0.7986,,0.31874,1.65E-04,-1.93E-04,0.86512
0.31659,1.61E-04,-1.65E-04,0.79706,,0.31821,1.65E-04,-1.93E-04,0.862
0.3173,1.64E-04,-1.64E-04,0.78326,,0.31635,1.65E-04,-1.94E-04,0.86473
0.31547,1.67E-04,-1.63E-04,0.77176,,0.31643,1.65E-04,-1.94E-04,0.86584
0.31683,1.69E-04,-1.62E-04,0.76366,,0.3162,1.65E-04,-1.93E-04,0.86281
0.3155,1.70E-04,-1.62E-04,0.76248,,0.31583,1.66E-04,-1.93E-04,0.85928
0.31585,1.68E-04,-1.63E-04,0.76817,,0.31755,1.67E-04,-1.92E-04,0.85348
0.3155,1.67E-04,-1.63E-04,0.7754,,0.31638,1.69E-04,-1.92E-04,0.84884
0.31353,1.65E-04,-1.64E-04,0.78205,,0.31693,1.68E-04,-1.92E-04,0.85226
0.31663,1.65E-04,-1.64E-04,0.78449,,0.31624,1.67E-04,-1.93E-04,0.85676
0.31738,1.66E-04,-1.63E-04,0.7775,,0.31458,1.65E-04,-1.94E-04,0.86669
0.31532,1.71E-04,-1.61E-04,0.75709,,0.31422,1.63E-04,-1.94E-04,0.87081
0.31465,1.74E-04,-1.60E-04,0.74205,,0.31426,1.63E-04,-1.94E-04,0.87055
0.31545,1.75E-04,-1.60E-04,0.74179,,0.31485,1.65E-04,-1.93E-04,0.86341
0.31403,1.71E-04,-1.61E-04,0.75709,,0.31609,1.68E-04,-1.92E-04,0.85234
0.31525,1.66E-04,-1.63E-04,0.7784,,0.31214,1.69E-04,-1.91E-04,0.84578
0.31367,1.61E-04,-1.65E-04,0.79614,,0.31168,1.70E-04,-1.91E-04,0.84286
0.31399,1.60E-04,-1.65E-04,0.80172,,0.31332,1.70E-04,-1.91E-04,0.84428
0.31556,1.61E-04,-1.65E-04,0.79615,,0.31277,1.71E-04,-1.92E-04,0.84464
0.31372,1.64E-04,-1.64E-04,0.78509,,0.31246,1.71E-04,-1.91E-04,0.84166
0.313,1.67E-04,-1.63E-04,0.77205,,0.31295,1.72E-04,-1.91E-04,0.83885
0.31344,1.69E-04,-1.62E-04,0.76366,,0.31117,1.69E-04,-1.92E-04,0.84858
0.31234,1.69E-04,-1.62E-04,0.76369,,0.31096,1.67E-04,-1.92E-04,0.85544
0.3137,1.68E-04,-1.63E-04,0.77057,,0.31145,1.66E-04,-1.93E-04,0.86221
0.3138,1.65E-04,-1.64E-04,0.78144,,0.31032,1.64E-04,-1.93E-04,0.86627
0.31055,1.62E-04,-1.65E-04,0.79336,,0.31166,1.64E-04,-1.94E-04,0.86755
0.31123,1.61E-04,-1.65E-04,0.79644,,0.31204,1.65E-04,-1.94E-04,0.86681
0.31152,1.63E-04,-1.64E-04,0.78999,,0.31129,1.66E-04,-1.94E-04,0.8623
0.31028,1.65E-04,-1.64E-04,0.78266,,0.31185,1.66E-04,-1.93E-04,0.86149
0.31225,1.67E-04,-1.63E-04,0.77267,,0.31016,1.65E-04,-1.94E-04,0.86409
0.31179,1.69E-04,-1.62E-04,0.76488,,0.31025,1.65E-04,-1.94E-04,0.86549
0.31165,1.69E-04,-1.62E-04,0.76369,,0.31149,1.66E-04,-1.94E-04,0.8623
0.31219,1.68E-04,-1.63E-04,0.77026,,0.31026,1.66E-04,-1.94E-04,0.86264
0.31019,1.66E-04,-1.63E-04,0.7784,,0.31061,1.66E-04,-1.93E-04,0.86153
0.30969,1.64E-04,-1.64E-04,0.78326,,0.31016,1.67E-04,-1.93E-04,0.85728
0.31089,1.65E-04,-1.64E-04,0.78023,,0.30885,1.67E-04,-1.92E-04,0.85536
0.30931,1.67E-04,-1.63E-04,0.77296,,0.31014,1.66E-04,-1.93E-04,0.85961
0.31079,1.69E-04,-1.62E-04,0.76605,,0.30798,1.65E-04,-1.93E-04,0.8626
0.31168,1.70E-04,-1.61E-04,0.75828,,0.30963,1.65E-04,-1.93E-04,0.862
0.3077,1.72E-04,-1.61E-04,0.75292,,0.31032,1.66E-04,-1.93E-04,0.85914
0.30755,1.71E-04,-1.61E-04,0.75532,,0.30836,1.68E-04,-1.92E-04,0.85226
0.30917,1.69E-04,-1.62E-04,0.76369,,0.30823,1.69E-04,-1.92E-04,0.84796
0.30862,1.66E-04,-1.63E-04,0.77629,,0.30876,1.68E-04,-1.92E-04,0.8527
0.30837,1.63E-04,-1.64E-04,0.78937,,0.30776,1.66E-04,-1.94E-04,0.86081
0.30824,1.61E-04,-1.64E-04,0.79461,,0.30921,1.64E-04,-1.94E-04,0.86805
0.30811,1.63E-04,-1.64E-04,0.78845,,0.30827,1.65E-04,-1.94E-04,0.86533
0.30845,1.66E-04,-1.63E-04,0.77446,,0.30829,1.67E-04,-1.93E-04,0.85791
0.30673,1.71E-04,-1.62E-04,0.75861,,0.30892,1.68E-04,-1.92E-04,0.85163
0.30599,1.72E-04,-1.61E-04,0.7518,,0.30553,1.67E-04,-1.93E-04,0.85554
0.30751,1.71E-04,-1.62E-04,0.7583,,0.30623,1.66E-04,-1.94E-04,0.86276
0.30837,1.67E-04,-1.63E-04,0.77449,,0.30581,1.64E-04,-1.94E-04,0.86976
0.30702,1.64E-04,-1.64E-04,0.78814,,0.30519,1.65E-04,-1.94E-04,0.86745
0.30748,1.62E-04,-1.65E-04,0.79305,,0.30653,1.67E-04,-1.93E-04,0.85843
0.30572,1.63E-04,-1.65E-04,0.79151,,0.30623,1.70E-04,-1.91E-04,0.8438
0.30713,1.64E-04,-1.64E-04,0.78388,,0.30611,1.72E-04,-1.90E-04,0.8356
0.308,1.67E-04,-1.63E-04,0.77479,,0.30607,1.72E-04,-1.90E-04,0.83595
0.30635,1.67E-04,-1.63E-04,0.77177,,0.30452,1.71E-04,-1.91E-04,0.83975
0.30745,1.66E-04,-1.63E-04,0.7775,,0.30416,1.69E-04,-1.92E-04,0.8487
0.30648,1.63E-04,-1.64E-04,0.78723,,0.30762,1.69E-04,-1.92E-04,0.85123
0.3049,1.61E-04,-1.64E-04,0.7943,,0.30618,1.69E-04,-1.92E-04,0.84976
0.30601,1.61E-04,-1.65E-04,0.79892,,0.30499,1.68E-04,-1.93E-04,0.85237
0.30467,1.62E-04,-1.64E-04,0.79214,,0.30512,1.69E-04,-1.93E-04,0.85178
0.30454,1.66E-04,-1.63E-04,0.77719,,0.30325,1.68E-04,-1.92E-04,0.85241
0.30592,1.70E-04,-1.62E-04,0.76012,,0.3053,1.69E-04,-1.92E-04,0.84961
0.30532,1.74E-04,-1.61E-04,0.74743,,0.30649,1.71E-04,-1.91E-04,0.84146
0.30421,1.74E-04,-1.61E-04,0.74657,,0.30531,1.72E-04,-1.91E-04,0.83752
0.30486,1.72E-04,-1.62E-04,0.75452,,0.3059,1.71E-04,-1.91E-04,0.83949
0.30299,1.69E-04,-1.63E-04,0.767,,0.3051,1.71E-04,-1.92E-04,0.8436
0.30473,1.66E-04,-1.64E-04,0.77933,,0.30317,1.69E-04,-1.92E-04,0.84708
0.30608,1.63E-04,-1.65E-04,0.78998,,0.30363,1.68E-04,-1.92E-04,0.85359
0.30519,1.63E-04,-1.64E-04,0.78937,,0.30313,1.67E-04,-1.93E-04,0.85864
0.30568,1.66E-04,-1.64E-04,0.77993,,0.30194,1.68E-04,-1.92E-04,0.85252
0.30517,1.69E-04,-1.62E-04,0.76517,,0.3046,1.71E-04,-1.91E-04,0.83946
0.30349,1.73E-04,-1.61E-04,0.74913,,0.30427,1.73E-04,-1.90E-04,0.83254
0.30267,1.75E-04,-1.60E-04,0.74179,,0.3025,1.74E-04,-1.90E-04,0.82916
0.30351,1.74E-04,-1.61E-04,0.74681,,0.30465,1.73E-04,-1.90E-04,0.83081
0.30289,1.70E-04,-1.62E-04,0.7628,,0.30289,1.73E-04,-1.90E-04,0.83028
0.30422,1.66E-04,-1.63E-04,0.77781,,0.30228,1.71E-04,-1.91E-04,0.83978
0.30213,1.64E-04,-1.64E-04,0.78662,,0.304,1.69E-04,-1.91E-04,0.84581
0.30048,1.64E-04,-1.64E-04,0.78479,,0.30196,1.69E-04,-1.91E-04,0.84692
0.30166,1.66E-04,-1.63E-04,0.77538,,0.30318,1.69E-04,-1.92E-04,0.84998
0.30059,1.69E-04,-1.62E-04,0.76425,,0.30187,1.69E-04,-1.92E-04,0.8477
0.30123,1.71E-04,-1.62E-04,0.75861,,0.30001,1.71E-04,-1.92E-04,0.84157
0.30246,1.69E-04,-1.62E-04,0.76365,,0.30009,1.72E-04,-1.91E-04,0.8363
0.30137,1.66E-04,-1.63E-04,0.77689,,0.30147,1.71E-04,-1.92E-04,0.84209
0.30199,1.63E-04,-1.64E-04,0.78999,,0.29965,1.69E-04,-1.93E-04,0.85178
0.30159,1.62E-04,-1.64E-04,0.79368,,0.30122,1.67E-04,-1.93E-04,0.8577
0.30005,1.63E-04,-1.64E-04,0.78907,,0.30035,1.66E-04,-1.93E-04,0.85961
0.30145,1.65E-04,-1.63E-04,0.78113,,0.30015,1.67E-04,-1.92E-04,0.85692
0.30171,1.67E-04,-1.63E-04,0.77234,,0.30075,1.70E-04,-1.91E-04,0.84191
0.3002,1.67E-04,-1.62E-04,0.77053,,0.29897,1.74E-04,-1.89E-04,0.82586
0.30161,1.67E-04,-1.63E-04,0.77296,,0.29873,1.76E-04,-1.89E-04,0.82023
0.30051,1.67E-04,-1.63E-04,0.77417,,0.3014,1.74E-04,-1.90E-04,0.82742
0.29919,1.66E-04,-1.63E-04,0.7781,,0.30016,1.72E-04,-1.91E-04,0.83836
0.30042,1.64E-04,-1.64E-04,0.78418,,0.30002,1.71E-04,-1.91E-04,0.84172
0.30026,1.63E-04,-1.64E-04,0.78845,,0.3001,1.70E-04,-1.91E-04,0.84338
0.29991,1.65E-04,-1.63E-04,0.78204,,0.29843,1.70E-04,-1.91E-04,0.84523
0.30026,1.66E-04,-1.63E-04,0.77567,,0.29908,1.70E-04,-1.91E-04,0.84295
0.2984,1.67E-04,-1.62E-04,0.77173,,0.30008,1.71E-04,-1.91E-04,0.83958
0.2994,1.67E-04,-1.62E-04,0.77083,,0.29805,1.73E-04,-1.90E-04,0.83233
0.29825,1.67E-04,-1.63E-04,0.77204,,0.29941,1.74E-04,-1.90E-04,0.82823
0.29747,1.66E-04,-1.63E-04,0.77871,,0.29855,1.74E-04,-1.89E-04,0.8289
0.29861,1.64E-04,-1.64E-04,0.78357,,0.29668,1.73E-04,-1.91E-04,0.83293
0.29974,1.64E-04,-1.64E-04,0.7857,,0.29853,1.72E-04,-1.91E-04,0.83781
0.29812,1.63E-04,-1.64E-04,0.78754,,0.29672,1.73E-04,-1.90E-04,0.83285
0.29999,1.65E-04,-1.64E-04,0.78205,,0.29603,1.74E-04,-1.89E-04,0.82591
0.29839,1.68E-04,-1.63E-04,0.77148,,0.29952,1.76E-04,-1.88E-04,0.81809
0.29817,1.71E-04,-1.62E-04,0.75861,,0.29864,1.77E-04,-1.88E-04,0.81773
0.29946,1.72E-04,-1.61E-04,0.75083,,0.29717,1.76E-04,-1.88E-04,0.81828
0.29848,1.71E-04,-1.61E-04,0.75647,,0.2975,1.75E-04,-1.90E-04,0.82457
0.2991,1.67E-04,-1.63E-04,0.77296,,0.2971,1.73E-04,-1.90E-04,0.83196
0.29857,1.63E-04,-1.64E-04,0.78876,,0.29715,1.74E-04,-1.90E-04,0.82935
0.29691,1.61E-04,-1.65E-04,0.79552,,0.29842,1.74E-04,-1.90E-04,0.82687
0.29642,1.61E-04,-1.65E-04,0.79553,,0.29626,1.75E-04,-1.89E-04,0.82518
0.29681,1.64E-04,-1.63E-04,0.78265,,0.29742,1.73E-04,-1.90E-04,0.83275
0.2969,1.68E-04,-1.62E-04,0.76541,,0.29777,1.72E-04,-1.90E-04,0.83395
0.29842,1.71E-04,-1.61E-04,0.75474,,0.29482,1.72E-04,-1.90E-04,0.83563
0.29556,1.71E-04,-1.62E-04,0.75802,,0.29545,1.71E-04,-1.90E-04,0.8363
0.29438,1.68E-04,-1.63E-04,0.76996,,0.2961,1.71E-04,-1.91E-04,0.83839
0.29566,1.65E-04,-1.64E-04,0.78296,,0.29446,1.70E-04,-1.91E-04,0.84182
0.29606,1.63E-04,-1.64E-04,0.78998,,0.29626,1.72E-04,-1.91E-04,0.83836
0.29502,1.64E-04,-1.64E-04,0.78662,,0.29628,1.72E-04,-1.90E-04,0.83758
0.29581,1.67E-04,-1.63E-04,0.77417,,0.29457,1.73E-04,-1.90E-04,0.83031
0.29404,1.70E-04,-1.62E-04,0.76248,,0.29483,1.75E-04,-1.88E-04,0.82226
0.29555,1.72E-04,-1.61E-04,0.75356,,0.29501,1.76E-04,-1.87E-04,0.81591
0.29397,1.72E-04,-1.61E-04,0.75447,,0.29444,1.77E-04,-1.88E-04,0.8142
0.2931,1.68E-04,-1.62E-04,0.76814,,0.29586,1.76E-04,-1.88E-04,0.81858
0.29618,1.65E-04,-1.63E-04,0.78113,,0.2957,1.75E-04,-1.89E-04,0.82327
0.29571,1.63E-04,-1.64E-04,0.78937,,0.29523,1.73E-04,-1.90E-04,0.83217
0.29394,1.63E-04,-1.64E-04,0.79121,,0.29598,1.71E-04,-1.91E-04,0.83952
0.29559,1.66E-04,-1.64E-04,0.77902,,0.29436,1.69E-04,-1.92E-04,0.84789
0.29384,1.69E-04,-1.62E-04,0.76605,,0.29233,1.68E-04,-1.92E-04,0.85341
0.29366,1.70E-04,-1.62E-04,0.75982,,0.29352,1.69E-04,-1.92E-04,0.84928
0.29496,1.70E-04,-1.62E-04,0.76129,,0.29322,1.70E-04,-1.91E-04,0.84208
0.29326,1.68E-04,-1.62E-04,0.76815,,0.29306,1.74E-04,-1.90E-04,0.82971
0.29464,1.65E-04,-1.63E-04,0.77931,,0.29328,1.75E-04,-1.89E-04,0.82219
0.29305,1.64E-04,-1.64E-04,0.78753,,0.29154,1.78E-04,-1.87E-04,0.81226
0.29204,1.65E-04,-1.64E-04,0.78266,,0.29148,1.79E-04,-1.87E-04,0.80944
0.29319,1.68E-04,-1.63E-04,0.76937,,0.29173,1.78E-04,-1.87E-04,0.80974
0.29237,1.71E-04,-1.62E-04,0.75654,,0.29098,1.79E-04,-1.87E-04,0.80916
0.29256,1.72E-04,-1.61E-04,0.7506,,0.29223,1.78E-04,-1.87E-04,0.8103
0.29359,1.70E-04,-1.62E-04,0.75888,,0.29301,1.79E-04,-1.88E-04,0.8097
0.29219,1.66E-04,-1.63E-04,0.77779,,0.29174,1.77E-04,-1.88E-04,0.8136
0.29159,1.62E-04,-1.64E-04,0.79244,,0.29276,1.77E-04,-1.88E-04,0.81443
0.2922,1.61E-04,-1.65E-04,0.7983,,0.29127,1.76E-04,-1.89E-04,0.82077
0.29113,1.63E-04,-1.64E-04,0.79121,,0.29133,1.75E-04,-1.89E-04,0.82474
0.29248,1.67E-04,-1.62E-04,0.77114,,0.29248,1.75E-04,-1.89E-04,0.82301
0.29274,1.72E-04,-1.60E-04,0.74993,,0.29174,1.76E-04,-1.88E-04,0.81697
0.29177,1.74E-04,-1.60E-04,0.74293,,0.29137,1.78E-04,-1.87E-04,0.80976
0.2927,1.73E-04,-1.61E-04,0.74911,,0.2917,1.77E-04,-1.88E-04,0.81362
0.29149,1.69E-04,-1.62E-04,0.76547,,0.28992,1.76E-04,-1.88E-04,0.82055
0.29074,1.66E-04,-1.63E-04,0.7784,,0.2891,1.74E-04,-1.89E-04,0.82863
0.29137,1.64E-04,-1.64E-04,0.78357,,0.29041,1.72E-04,-1.90E-04,0.83317
0.29073,1.65E-04,-1.63E-04,0.78113,,0.2886,1.71E-04,-1.90E-04,0.83882
0.29154,1.67E-04,-1.63E-04,0.77294,,0.28948,1.71E-04,-1.90E-04,0.83906
0.29088,1.68E-04,-1.62E-04,0.76783,,0.29057,1.72E-04,-1.90E-04,0.83592
0.28903,1.69E-04,-1.62E-04,0.76303,,0.29054,1.73E-04,-1.90E-04,0.83175
0.28949,1.69E-04,-1.62E-04,0.76573,,0.2899,1.75E-04,-1.88E-04,0.82254
0.29045,1.66E-04,-1.63E-04,0.77538,,0.28981,1.76E-04,-1.88E-04,0.81867
0.28863,1.65E-04,-1.64E-04,0.78053,,0.28921,1.76E-04,-1.88E-04,0.81642
0.29007,1.66E-04,-1.63E-04,0.7784,,0.28986,1.76E-04,-1.88E-04,0.82057
0.28964,1.68E-04,-1.63E-04,0.77056,,0.29075,1.75E-04,-1.89E-04,0.82413
0.28954,1.72E-04,-1.61E-04,0.75234,,0.28921,1.75E-04,-1.89E-04,0.82354
0.2896,1.75E-04,-1.60E-04,0.73909,,0.29037,1.74E-04,-1.89E-04,0.82661
0.28786,1.75E-04,-1.60E-04,0.73938,,0.28934,1.74E-04,-1.90E-04,0.8294
0.2898,1.73E-04,-1.61E-04,0.74738,,0.28829,1.73E-04,-1.90E-04,0.83
0.29097,1.70E-04,-1.62E-04,0.76279,,0.28891,1.74E-04,-1.89E-04,0.82722
0.28959,1.67E-04,-1.63E-04,0.77269,,0.28794,1.75E-04,-1.89E-04,0.82419
0.29069,1.66E-04,-1.64E-04,0.77842,,0.28845,1.75E-04,-1.89E-04,0.82195
0.28957,1.66E-04,-1.64E-04,0.77751,,0.28923,1.76E-04,-1.88E-04,0.81975
0.28838,1.65E-04,-1.64E-04,0.78114,,0.28752,1.77E-04,-1.88E-04,0.81476
0.2892,1.64E-04,-1.64E-04,0.78631,,0.28727,1.78E-04,-1.88E-04,0.81137
0.29016,1.63E-04,-1.64E-04,0.78968,,0.28809,1.78E-04,-1.88E-04,0.81246
0.28794,1.62E-04,-1.65E-04,0.79521,,0.28609,1.78E-04,-1.89E-04,0.81432
0.28922,1.61E-04,-1.65E-04,0.79859,,0.28832,1.77E-04,-1.89E-04,0.81847
0.28878,1.61E-04,-1.65E-04,0.79829,,0.28902,1.76E-04,-1.89E-04,0.81938
0.28647,1.63E-04,-1.64E-04,0.78906,,0.28773,1.75E-04,-1.89E-04,0.82349
0.28765,1.65E-04,-1.63E-04,0.7784,,0.28688,1.74E-04,-1.89E-04,0.82775
0.28686,1.67E-04,-1.62E-04,0.77203,,0.2881,1.74E-04,-1.90E-04,0.83102
0.28615,1.67E-04,-1.62E-04,0.77024,,0.28665,1.72E-04,-1.90E-04,0.83421
0.28839,1.68E-04,-1.63E-04,0.76846,,0.28729,1.73E-04,-1.90E-04,0.83031
0.28797,1.68E-04,-1.62E-04,0.76665,,0.28691,1.75E-04,-1.89E-04,0.82309
0.28653,1.68E-04,-1.63E-04,0.77025,,0.28615,1.77E-04,-1.88E-04,0.81418
0.28819,1.66E-04,-1.63E-04,0.77538,,0.28767,1.78E-04,-1.87E-04,0.80948
0.28653,1.67E-04,-1.63E-04,0.77114,,0.28767,1.80E-04,-1.87E-04,0.8045
0.28634,1.69E-04,-1.62E-04,0.76274,,0.28467,1.80E-04,-1.86E-04,0.80342
0.2864,1.71E-04,-1.61E-04,0.75678,,0.28541,1.80E-04,-1.86E-04,0.80232
0.2861,1.70E-04,-1.61E-04,0.75857,,0.28543,1.79E-04,-1.87E-04,0.80753
0.287,1.67E-04,-1.62E-04,0.77054,,0.28427,1.76E-04,-1.89E-04,0.81938
0.28599,1.64E-04,-1.64E-04,0.78631,,0.28581,1.75E-04,-1.89E-04,0.82408
0.28427,1.63E-04,-1.64E-04,0.78999,,0.28627,1.73E-04,-1.90E-04,0.83052
0.28416,1.65E-04,-1.63E-04,0.78021,,0.28438,1.73E-04,-1.90E-04,0.83277
0.2857,1.69E-04,-1.62E-04,0.76545,,0.28515,1.74E-04,-1.90E-04,0.82945
0.28387,1.71E-04,-1.61E-04,0.755,,0.28423,1.75E-04,-1.89E-04,0.82413
0.28516,1.71E-04,-1.61E-04,0.75768,,0.28455,1.76E-04,-1.89E-04,0.82077
0.28583,1.67E-04,-1.63E-04,0.77205,,0.28596,1.76E-04,-1.89E-04,0.82187
0.28459,1.64E-04,-1.64E-04,0.78448,,0.28555,1.75E-04,-1.89E-04,0.82404
0.28593,1.63E-04,-1.64E-04,0.78723,,0.28399,1.75E-04,-1.89E-04,0.82297
0.28485,1.66E-04,-1.63E-04,0.77779,,0.28562,1.76E-04,-1.89E-04,0.8224
0.28373,1.69E-04,-1.62E-04,0.76517,,0.28386,1.76E-04,-1.88E-04,0.81947
0.28459,1.72E-04,-1.61E-04,0.75085,,0.28432,1.78E-04,-1.87E-04,0.80896
0.28437,1.74E-04,-1.60E-04,0.74525,,0.28538,1.80E-04,-1.86E-04,0.80126
0.28433,1.72E-04,-1.60E-04,0.74936,,0.28372,1.81E-04,-1.85E-04,0.79825
0.28429,1.70E-04,-1.61E-04,0.75914,,0.28518,1.80E-04,-1.87E-04,0.80257
0.28279,1.67E-04,-1.63E-04,0.77296,,0.28458,1.78E-04,-1.87E-04,0.80948
0.28179,1.64E-04,-1.64E-04,0.78296,,0.28131,1.78E-04,-1.89E-04,0.81404
0.28296,1.65E-04,-1.63E-04,0.7799,,0.28258,1.76E-04,-1.89E-04,0.82053
0.2817,1.67E-04,-1.62E-04,0.76901,,0.28303,1.76E-04,-1.88E-04,0.81697
0.2825,1.69E-04,-1.61E-04,0.76119,,0.28159,1.77E-04,-1.87E-04,0.81421
0.28315,1.69E-04,-1.62E-04,0.76303,,0.28299,1.79E-04,-1.86E-04,0.80459
0.28304,1.66E-04,-1.63E-04,0.77354,,0.28167,1.81E-04,-1.85E-04,0.79851
0.28289,1.64E-04,-1.64E-04,0.7854,,0.28075,1.82E-04,-1.85E-04,0.79441
0.28187,1.63E-04,-1.64E-04,0.78876,,0.28183,1.82E-04,-1.86E-04,0.79575
0.28261,1.65E-04,-1.63E-04,0.77931,,0.28059,1.79E-04,-1.87E-04,0.80642
0.28398,1.69E-04,-1.62E-04,0.76575,,0.28146,1.78E-04,-1.88E-04,0.81166
0.28372,1.71E-04,-1.61E-04,0.75467,,0.2835,1.76E-04,-1.89E-04,0.82205
0.28212,1.72E-04,-1.61E-04,0.74996,,0.28171,1.74E-04,-1.89E-04,0.82746
0.28241,1.71E-04,-1.61E-04,0.75408,,0.28202,1.73E-04,-1.91E-04,0.8335
0.28201,1.69E-04,-1.62E-04,0.76484,,0.28083,1.72E-04,-1.90E-04,0.83456
0.28163,1.65E-04,-1.63E-04,0.78022,,0.28111,1.75E-04,-1.88E-04,0.82089
0.28212,1.62E-04,-1.64E-04,0.79091,,0.28229,1.78E-04,-1.87E-04,0.80868
0.28091,1.62E-04,-1.65E-04,0.79367,,0.28215,1.82E-04,-1.85E-04,0.79387
0.28214,1.64E-04,-1.63E-04,0.78265,,0.28144,1.83E-04,-1.84E-04,0.78839
0.28248,1.69E-04,-1.62E-04,0.76514,,0.2818,1.84E-04,-1.84E-04,0.78649
0.27972,1.72E-04,-1.61E-04,0.75085,,0.28038,1.83E-04,-1.85E-04,0.79139
0.28048,1.73E-04,-1.60E-04,0.74554,,0.28,1.80E-04,-1.86E-04,0.80209
0.28071,1.71E-04,-1.61E-04,0.75503,,0.2805,1.78E-04,-1.87E-04,0.80842
0.27989,1.68E-04,-1.62E-04,0.76756,,0.27931,1.77E-04,-1.87E-04,0.812
0.28121,1.66E-04,-1.64E-04,0.77993,,0.28065,1.78E-04,-1.87E-04,0.80897
0.28056,1.64E-04,-1.64E-04,0.7854,,0.28045,1.78E-04,-1.87E-04,0.81087
0.27907,1.65E-04,-1.64E-04,0.78266,,0.27913,1.78E-04,-1.87E-04,0.80894
0.28055,1.69E-04,-1.62E-04,0.76667,,0.27984,1.78E-04,-1.87E-04,0.81117
0.27897,1.73E-04,-1.60E-04,0.74643,,0.27869,1.76E-04,-1.88E-04,0.81837
0.2796,1.76E-04,-1.59E-04,0.7356,,0.27926,1.75E-04,-1.88E-04,0.82034
0.28081,1.77E-04,-1.58E-04,0.72944,,0.27998,1.75E-04,-1.89E-04,0.82301
0.27931,1.76E-04,-1.59E-04,0.73416,,0.27877,1.76E-04,-1.88E-04,0.82
0.28053,1.72E-04,-1.61E-04,0.74998,,0.27959,1.78E-04,-1.87E-04,0.81113
0.27981,1.68E-04,-1.63E-04,0.77056,,0.27822,1.81E-04,-1.86E-04,0.79849
0.27788,1.63E-04,-1.64E-04,0.79029,,0.27777,1.85E-04,-1.83E-04,0.78186
0.27903,1.60E-04,-1.65E-04,0.79984,,0.27904,1.87E-04,-1.82E-04,0.77131
0.27933,1.61E-04,-1.65E-04,0.79736,,0.27871,1.88E-04,-1.82E-04,0.76834
0.27807,1.64E-04,-1.64E-04,0.78479,,0.27858,1.87E-04,-1.82E-04,0.77348
0.27899,1.68E-04,-1.62E-04,0.76782,,0.27808,1.85E-04,-1.84E-04,0.78323
0.27774,1.71E-04,-1.61E-04,0.75799,,0.27789,1.83E-04,-1.85E-04,0.78839
0.27704,1.70E-04,-1.62E-04,0.76097,,0.27902,1.84E-04,-1.84E-04,0.78648
0.27773,1.67E-04,-1.63E-04,0.77387,,0.2776,1.85E-04,-1.83E-04,0.78106
0.27664,1.64E-04,-1.64E-04,0.78662,,0.27869,1.85E-04,-1.84E-04,0.78214
0.2775,1.63E-04,-1.64E-04,0.78815,,0.27889,1.83E-04,-1.84E-04,0.78703
0.27921,1.65E-04,-1.64E-04,0.78083,,0.27737,1.83E-04,-1.85E-04,0.79084
0.27761,1.67E-04,-1.63E-04,0.77175,,0.27706,1.82E-04,-1.85E-04,0.79194
0.2779,1.70E-04,-1.62E-04,0.76035,,0.27735,1.83E-04,-1.84E-04,0.78785
0.27781,1.72E-04,-1.60E-04,0.74933,,0.27715,1.83E-04,-1.85E-04,0.79084
0.27763,1.75E-04,-1.59E-04,0.73878,,0.27842,1.83E-04,-1.85E-04,0.78975
0.27872,1.75E-04,-1.60E-04,0.73938,,0.27633,1.82E-04,-1.86E-04,0.79436
0.27709,1.72E-04,-1.61E-04,0.75143,,0.27543,1.81E-04,-1.86E-04,0.80121
0.27849,1.66E-04,-1.63E-04,0.77506,,0.27652,1.81E-04,-1.86E-04,0.79985
0.2781,1.62E-04,-1.64E-04,0.7943,,0.27504,1.80E-04,-1.86E-04,0.80204
0.27667,1.60E-04,-1.65E-04,0.79924,,0.27613,1.81E-04,-1.85E-04,0.7977
0.27613,1.62E-04,-1.64E-04,0.79214,,0.27627,1.84E-04,-1.84E-04,0.78485
0.27639,1.66E-04,-1.63E-04,0.77535,,0.2747,1.87E-04,-1.82E-04,0.77183
0.27672,1.71E-04,-1.61E-04,0.75492,,0.27615,1.88E-04,-1.81E-04,0.76564
0.27645,1.74E-04,-1.59E-04,0.73955,,0.27467,1.86E-04,-1.83E-04,0.77781
0.27502,1.75E-04,-1.59E-04,0.73935,,0.27453,1.83E-04,-1.85E-04,0.79111
0.2746,1.72E-04,-1.61E-04,0.75083,,0.27592,1.81E-04,-1.86E-04,0.80012
0.2758,1.67E-04,-1.63E-04,0.77144,,0.27596,1.79E-04,-1.86E-04,0.80427
0.27407,1.63E-04,-1.64E-04,0.7906,,0.27551,1.80E-04,-1.86E-04,0.80208
0.27514,1.62E-04,-1.65E-04,0.79429,,0.27508,1.81E-04,-1.85E-04,0.79633
0.27537,1.63E-04,-1.64E-04,0.78723,,0.2735,1.83E-04,-1.84E-04,0.78894
0.27397,1.67E-04,-1.62E-04,0.77143,,0.27607,1.83E-04,-1.84E-04,0.78758
0.27544,1.71E-04,-1.61E-04,0.75317,,0.2761,1.85E-04,-1.83E-04,0.78024
0.27413,1.74E-04,-1.59E-04,0.74132,,0.27469,1.85E-04,-1.83E-04,0.7797
0.27347,1.74E-04,-1.60E-04,0.74138,,0.27595,1.86E-04,-1.83E-04,0.7778
0.2748,1.72E-04,-1.61E-04,0.75172,,0.27445,1.86E-04,-1.83E-04,0.77862
0.27455,1.68E-04,-1.62E-04,0.76785,,0.27457,1.85E-04,-1.83E-04,0.77996
0.27424,1.63E-04,-1.64E-04,0.78632,,0.2758,1.85E-04,-1.83E-04,0.78024
0.27472,1.61E-04,-1.65E-04,0.79676,,0.27412,1.84E-04,-1.84E-04,0.78676
0.27337,1.62E-04,-1.64E-04,0.79308,,0.27544,1.82E-04,-1.85E-04,0.79275
0.27398,1.65E-04,-1.63E-04,0.77899,,0.27459,1.81E-04,-1.86E-04,0.79821
0.27499,1.68E-04,-1.62E-04,0.7663,,0.2736,1.82E-04,-1.85E-04,0.79387
0.27434,1.70E-04,-1.61E-04,0.7567,,0.27367,1.84E-04,-1.84E-04,0.78295
0.27419,1.71E-04,-1.61E-04,0.75403,,0.27328,1.86E-04,-1.83E-04,0.77672
0.27424,1.70E-04,-1.61E-04,0.75763,,0.27354,1.88E-04,-1.82E-04,0.77107
0.27269,1.69E-04,-1.62E-04,0.763,,0.27469,1.86E-04,-1.84E-04,0.77756
0.27287,1.68E-04,-1.63E-04,0.76996,,0.27207,1.84E-04,-1.84E-04,0.7854
0.27267,1.66E-04,-1.63E-04,0.7781,,0.27163,1.82E-04,-1.85E-04,0.79275
0.27219,1.65E-04,-1.64E-04,0.78053,,0.27286,1.82E-04,-1.85E-04,0.79275
0.27329,1.66E-04,-1.63E-04,0.7784,,0.27126,1.84E-04,-1.84E-04,0.78594
0.27311,1.68E-04,-1.62E-04,0.76754,,0.27254,1.85E-04,-1.84E-04,0.78323
0.27239,1.71E-04,-1.61E-04,0.75412,,0.27191,1.86E-04,-1.83E-04,0.77699
0.27298,1.72E-04,-1.60E-04,0.74871,,0.27072,1.88E-04,-1.83E-04,0.77243
0.27154,1.71E-04,-1.61E-04,0.75467,,0.27194,1.86E-04,-1.83E-04,0.77835
0.27239,1.69E-04,-1.62E-04,0.76333,,0.27046,1.84E-04,-1.84E-04,0.78594
0.27384,1.68E-04,-1.62E-04,0.76754,,0.27126,1.81E-04,-1.85E-04,0.79713
0.27352,1.67E-04,-1.63E-04,0.77237,,0.27298,1.81E-04,-1.86E-04,0.79931
0.27313,1.67E-04,-1.63E-04,0.77449,,0.27163,1.82E-04,-1.85E-04,0.79548
0.27355,1.68E-04,-1.63E-04,0.76787,,0.27156,1.83E-04,-1.85E-04,0.79166
0.27232,1.70E-04,-1.62E-04,0.75978,,0.27131,1.83E-04,-1.85E-04,0.78948
0.27156,1.71E-04,-1.61E-04,0.75675,,0.26985,1.83E-04,-1.84E-04,0.78948
0.27179,1.69E-04,-1.62E-04,0.76272,,0.27256,1.82E-04,-1.85E-04,0.79328
0.2708,1.68E-04,-1.62E-04,0.7672,,0.27165,1.81E-04,-1.86E-04,0.80014
0.27159,1.68E-04,-1.62E-04,0.76782,,0.27054,1.81E-04,-1.86E-04,0.79847
0.2719,1.68E-04,-1.62E-04,0.76692,,0.27133,1.81E-04,-1.86E-04,0.80094
0.27062,1.68E-04,-1.62E-04,0.76633,,0.27019,1.81E-04,-1.86E-04,0.79877
0.27021,1.67E-04,-1.63E-04,0.77295,,0.27146,1.81E-04,-1.86E-04,0.79873
0.27146,1.66E-04,-1.63E-04,0.77688,,0.2703,1.81E-04,-1.86E-04,0.79904
0.27017,1.66E-04,-1.63E-04,0.77627,,0.27099,1.83E-04,-1.85E-04,0.79002
0.271,1.67E-04,-1.62E-04,0.77173,,0.27005,1.84E-04,-1.84E-04,0.7873
0.27203,1.69E-04,-1.62E-04,0.76393,,0.26831,1.86E-04,-1.84E-04,0.77998
0.27034,1.72E-04,-1.60E-04,0.75105,,0.26874,1.85E-04,-1.85E-04,0.78459
0.27165,1.75E-04,-1.59E-04,0.73904,,0.2699,1.83E-04,-1.84E-04,0.78812
0.27107,1.75E-04,-1.59E-04,0.73816,,0.26813,1.83E-04,-1.84E-04,0.7903
0.26805,1.74E-04,-1.60E-04,0.74166,,0.26934,1.82E-04,-1.84E-04,0.79005
0.26912,1.72E-04,-1.61E-04,0.75261,,0.26852,1.83E-04,-1.84E-04,0.78594
0.26977,1.69E-04,-1.62E-04,0.76451,,0.26742,1.83E-04,-1.83E-04,0.78758
0.26935,1.67E-04,-1.63E-04,0.77386,,0.26835,1.84E-04,-1.83E-04,0.78322
0.26953,1.64E-04,-1.63E-04,0.78235,,0.26732,1.84E-04,-1.84E-04,0.78458
0.26881,1.65E-04,-1.63E-04,0.7787,,0.26817,1.85E-04,-1.83E-04,0.77942
0.26758,1.69E-04,-1.61E-04,0.76268,,0.26862,1.86E-04,-1.83E-04,0.77916
0.26891,1.73E-04,-1.59E-04,0.74422,,0.26832,1.84E-04,-1.83E-04,0.7824
0.26748,1.77E-04,-1.58E-04,0.73053,,0.26836,1.84E-04,-1.84E-04,0.78621
0.26798,1.79E-04,-1.57E-04,0.72211,,0.26836,1.82E-04,-1.84E-04,0.7895
0.2691,1.78E-04,-1.58E-04,0.72772,,0.26844,1.84E-04,-1.83E-04,0.78267
0.26794,1.74E-04,-1.60E-04,0.74405,,0.26935,1.85E-04,-1.83E-04,0.77969
0.26874,1.70E-04,-1.62E-04,0.76125,,0.26786,1.86E-04,-1.82E-04,0.77346
0.26824,1.66E-04,-1.63E-04,0.77445,,0.26919,1.88E-04,-1.82E-04,0.77054
0.2669,1.65E-04,-1.63E-04,0.77869,,0.26813,1.89E-04,-1.82E-04,0.76703
0.2677,1.66E-04,-1.63E-04,0.77657,,0.26609,1.89E-04,-1.82E-04,0.76569
0.2689,1.68E-04,-1.62E-04,0.76478,,0.26742,1.87E-04,-1.83E-04,0.77376
0.26707,1.71E-04,-1.60E-04,0.75193,,0.26681,1.84E-04,-1.84E-04,0.78295
0.26822,1.75E-04,-1.59E-04,0.73631,,0.26776,1.82E-04,-1.84E-04,0.79058
0.26795,1.77E-04,-1.59E-04,0.73172,,0.26666,1.81E-04,-1.85E-04,0.79658
0.26584,1.73E-04,-1.60E-04,0.74611,,0.26526,1.81E-04,-1.85E-04,0.79658
0.26706,1.69E-04,-1.62E-04,0.76513,,0.26635,1.83E-04,-1.86E-04,0.79409
0.26731,1.65E-04,-1.63E-04,0.7784,,0.26516,1.81E-04,-1.86E-04,0.79739
0.26687,1.64E-04,-1.64E-04,0.78509,,0.26595,1.81E-04,-1.86E-04,0.79931
0.26694,1.63E-04,-1.64E-04,0.78876,,0.26663,1.81E-04,-1.85E-04,0.79824
0.26591,1.65E-04,-1.63E-04,0.7793,,0.26561,1.82E-04,-1.84E-04,0.79059
0.26467,1.70E-04,-1.61E-04,0.75969,,0.266,1.85E-04,-1.83E-04,0.78159
0.26605,1.75E-04,-1.59E-04,0.73753,,0.26496,1.86E-04,-1.82E-04,0.77426
0.2646,1.79E-04,-1.58E-04,0.72215,,0.26565,1.88E-04,-1.81E-04,0.7659
0.2649,1.80E-04,-1.57E-04,0.71576,,0.26658,1.89E-04,-1.80E-04,0.76158
0.26774,1.79E-04,-1.58E-04,0.72215,,0.26553,1.88E-04,-1.82E-04,0.76728
0.26623,1.76E-04,-1.59E-04,0.73495,,0.26629,1.85E-04,-1.83E-04,0.78077
0.2656,1.72E-04,-1.61E-04,0.75054,,0.26557,1.84E-04,-1.83E-04,0.78159
0.26629,1.68E-04,-1.63E-04,0.77025,,0.26428,1.85E-04,-1.83E-04,0.77914
0.26506,1.63E-04,-1.64E-04,0.78784,,0.26503,1.87E-04,-1.81E-04,0.76801
0.26556,1.61E-04,-1.65E-04,0.79676,,0.26485,1.89E-04,-1.81E-04,0.76348
0.26635,1.61E-04,-1.65E-04,0.79677,,0.26471,1.89E-04,-1.80E-04,0.76344
0.26463,1.64E-04,-1.63E-04,0.78082,,0.26527,1.88E-04,-1.81E-04,0.76725
0.26583,1.70E-04,-1.61E-04,0.75549,,0.26353,1.85E-04,-1.83E-04,0.77887
0.26514,1.76E-04,-1.58E-04,0.73304,,0.26403,1.85E-04,-1.83E-04,0.78023
0.26371,1.78E-04,-1.58E-04,0.72469,,0.26341,1.85E-04,-1.83E-04,0.7805
0.26475,1.77E-04,-1.58E-04,0.72997,,0.26397,1.85E-04,-1.83E-04,0.7786
0.26355,1.73E-04,-1.60E-04,0.74607,,0.2651,1.84E-04,-1.84E-04,0.78322
0.2633,1.68E-04,-1.62E-04,0.76963,,0.26372,1.84E-04,-1.83E-04,0.78268
0.26526,1.63E-04,-1.64E-04,0.78815,,0.26292,1.85E-04,-1.82E-04,0.77832
0.26397,1.61E-04,-1.65E-04,0.79522,,0.26348,1.85E-04,-1.82E-04,0.77668
0.2631,1.63E-04,-1.64E-04,0.78662,,0.26267,1.85E-04,-1.83E-04,0.77806
0.26386,1.68E-04,-1.62E-04,0.76632,,0.26376,1.85E-04,-1.83E-04,0.78078
0.2629,1.73E-04,-1.60E-04,0.74602,,0.26309,1.86E-04,-1.83E-04,0.77889
0.2639,1.76E-04,-1.59E-04,0.73426,,0.26129,1.86E-04,-1.83E-04,0.77889
0.26489,1.77E-04,-1.58E-04,0.72902,,0.26281,1.85E-04,-1.83E-04,0.77806
0.26394,1.75E-04,-1.59E-04,0.73631,,0.26229,1.86E-04,-1.82E-04,0.77536
0.26474,1.72E-04,-1.60E-04,0.75105,,0.26235,1.86E-04,-1.82E-04,0.77426
0.26413,1.68E-04,-1.62E-04,0.7651,,0.2626,1.87E-04,-1.82E-04,0.77021
0.26274,1.66E-04,-1.63E-04,0.77445,,0.26118,1.87E-04,-1.82E-04,0.7721
0.26289,1.64E-04,-1.64E-04,0.7857,,0.26226,1.87E-04,-1.82E-04,0.76994
0.26263,1.62E-04,-1.64E-04,0.79368,,0.26136,1.88E-04,-1.81E-04,0.76697
0.26231,1.62E-04,-1.65E-04,0.79398,,0.26088,1.88E-04,-1.81E-04,0.76452
0.26347,1.63E-04,-1.64E-04,0.78601,,0.26301,1.88E-04,-1.81E-04,0.76778
0.26152,1.67E-04,-1.62E-04,0.77232,,0.26194,1.86E-04,-1.82E-04,0.7737
0.2604,1.71E-04,-1.60E-04,0.75459,,0.26151,1.85E-04,-1.82E-04,0.77696
0.26159,1.75E-04,-1.59E-04,0.73682,,0.26178,1.85E-04,-1.82E-04,0.77913
0.26178,1.78E-04,-1.57E-04,0.72514,,0.26063,1.86E-04,-1.82E-04,0.77397
0.26088,1.80E-04,-1.57E-04,0.71595,,0.26153,1.86E-04,-1.82E-04,0.77399
0.26198,1.80E-04,-1.57E-04,0.71567,,0.26191,1.87E-04,-1.82E-04,0.77264
0.26116,1.77E-04,-1.58E-04,0.72906,,0.26125,1.87E-04,-1.83E-04,0.77456
0.26019,1.73E-04,-1.60E-04,0.74787,,0.26224,1.84E-04,-1.84E-04,0.7835
0.26158,1.69E-04,-1.62E-04,0.76362,,0.26061,1.82E-04,-1.85E-04,0.7914
0.26017,1.66E-04,-1.63E-04,0.77719,,0.25983,1.81E-04,-1.85E-04,0.79659
0.26074,1.65E-04,-1.63E-04,0.78082,,0.26048,1.82E-04,-1.84E-04,0.79059
0.26131,1.66E-04,-1.63E-04,0.77476,,0.25977,1.85E-04,-1.83E-04,0.7805
0.26024,1.68E-04,-1.62E-04,0.76692,,0.26106,1.86E-04,-1.82E-04,0.77345
0.26148,1.69E-04,-1.62E-04,0.76184,,0.25961,1.87E-04,-1.82E-04,0.77265
0.26,1.71E-04,-1.61E-04,0.75348,,0.25846,1.86E-04,-1.83E-04,0.77752
0.25874,1.72E-04,-1.60E-04,0.7478,,0.25958,1.86E-04,-1.82E-04,0.7748
0.25949,1.73E-04,-1.60E-04,0.74609,,0.25845,1.87E-04,-1.81E-04,0.76775
0.25855,1.72E-04,-1.60E-04,0.74989,,0.25913,1.90E-04,-1.79E-04,0.75535
0.25855,1.70E-04,-1.61E-04,0.7573,,0.25955,1.93E-04,-1.78E-04,0.746
0.2597,1.68E-04,-1.62E-04,0.76572,,0.25806,1.93E-04,-1.78E-04,0.74495
0.25928,1.67E-04,-1.63E-04,0.77386,,0.25944,1.92E-04,-1.79E-04,0.7498
0.25932,1.66E-04,-1.63E-04,0.7778,,0.25824,1.90E-04,-1.80E-04,0.75866
0.25938,1.66E-04,-1.63E-04,0.77658,,0.25757,1.88E-04,-1.81E-04,0.76752
0.25816,1.68E-04,-1.62E-04,0.76722,,0.25875,1.87E-04,-1.82E-04,0.77022
0.25903,1.70E-04,-1.61E-04,0.76003,,0.25896,1.88E-04,-1.81E-04,0.76532
0.25999,1.71E-04,-1.60E-04,0.75282,,0.25837,1.87E-04,-1.81E-04,0.76857
0.25937,1.74E-04,-1.59E-04,0.7419,,0.25828,1.86E-04,-1.82E-04,0.77588
0.25842,1.77E-04,-1.58E-04,0.72927,,0.25672,1.85E-04,-1.83E-04,0.77779
0.25927,1.78E-04,-1.57E-04,0.72433,,0.25883,1.86E-04,-1.83E-04,0.77698
0.25804,1.77E-04,-1.58E-04,0.72605,,0.25911,1.86E-04,-1.82E-04,0.77345
0.25762,1.76E-04,-1.59E-04,0.73398,,0.25773,1.86E-04,-1.82E-04,0.77399
0.25787,1.72E-04,-1.60E-04,0.74896,,0.25902,1.86E-04,-1.82E-04,0.77505
0.25814,1.69E-04,-1.61E-04,0.7615,,0.25758,1.85E-04,-1.82E-04,0.7764
0.25821,1.66E-04,-1.62E-04,0.77352,,0.25724,1.84E-04,-1.82E-04,0.7794
0.25812,1.64E-04,-1.63E-04,0.78265,,0.25733,1.85E-04,-1.82E-04,0.77587
0.25671,1.63E-04,-1.64E-04,0.7857,,0.25682,1.87E-04,-1.81E-04,0.76992
0.25794,1.65E-04,-1.63E-04,0.77808,,0.25799,1.88E-04,-1.81E-04,0.76479
0.25651,1.68E-04,-1.62E-04,0.7672,,0.25824,1.89E-04,-1.80E-04,0.76128
0.25631,1.71E-04,-1.60E-04,0.75193,,0.25519,1.89E-04,-1.79E-04,0.75882
0.25735,1.76E-04,-1.59E-04,0.73426,,0.25625,1.90E-04,-1.79E-04,0.75666
0.25769,1.78E-04,-1.57E-04,0.72486,,0.25637,1.90E-04,-1.79E-04,0.75394
0.25646,1.78E-04,-1.58E-04,0.7264,,0.25578,1.90E-04,-1.79E-04,0.75481
0.25685,1.75E-04,-1.59E-04,0.7375,,0.25629,1.90E-04,-1.80E-04,0.75622
0.25648,1.72E-04,-1.60E-04,0.75105,,0.25502,1.91E-04,-1.80E-04,0.75599
0.25678,1.68E-04,-1.61E-04,0.76418,,0.25626,1.90E-04,-1.81E-04,0.76003
0.25791,1.67E-04,-1.62E-04,0.77019,,0.25484,1.89E-04,-1.80E-04,0.76291
0.25607,1.69E-04,-1.61E-04,0.76329,,0.25435,1.87E-04,-1.81E-04,0.76913
0.25722,1.71E-04,-1.60E-04,0.75222,,0.25677,1.85E-04,-1.83E-04,0.78022
0.25758,1.74E-04,-1.60E-04,0.74226,,0.25591,1.83E-04,-1.83E-04,0.78594
0.2559,1.75E-04,-1.59E-04,0.73867,,0.2554,1.85E-04,-1.82E-04,0.77778
0.25482,1.74E-04,-1.59E-04,0.73893,,0.25581,1.88E-04,-1.81E-04,0.76586
0.25584,1.73E-04,-1.59E-04,0.74304,,0.25475,1.90E-04,-1.79E-04,0.75645
0.25481,1.71E-04,-1.60E-04,0.75128,,0.25584,1.92E-04,-1.78E-04,0.74844
0.25569,1.68E-04,-1.62E-04,0.76627,,0.25601,1.93E-04,-1.78E-04,0.7463
0.25609,1.64E-04,-1.63E-04,0.78479,,0.25532,1.92E-04,-1.78E-04,0.74922
0.25439,1.61E-04,-1.64E-04,0.79585,,0.25582,1.90E-04,-1.80E-04,0.7586
0.25453,1.61E-04,-1.65E-04,0.79862,,0.25294,1.87E-04,-1.81E-04,0.76883
0.25481,1.61E-04,-1.65E-04,0.79676,,0.25356,1.86E-04,-1.82E-04,0.77318
0.25419,1.63E-04,-1.63E-04,0.78724,,0.25419,1.87E-04,-1.82E-04,0.7721
0.2553,1.66E-04,-1.62E-04,0.7732,,0.25413,1.87E-04,-1.82E-04,0.76994
0.25577,1.70E-04,-1.60E-04,0.7569,,0.25399,1.88E-04,-1.82E-04,0.76728
0.25482,1.73E-04,-1.60E-04,0.7454,,0.25278,1.89E-04,-1.80E-04,0.76105
0.25569,1.74E-04,-1.59E-04,0.74067,,0.25226,1.90E-04,-1.80E-04,0.75761
0.25467,1.73E-04,-1.60E-04,0.74729,,0.25331,1.91E-04,-1.80E-04,0.75596
0.25367,1.70E-04,-1.61E-04,0.75945,,0.25183,1.91E-04,-1.79E-04,0.75299
0.25372,1.70E-04,-1.62E-04,0.76156,,0.25285,1.93E-04,-1.78E-04,0.746
0.25345,1.71E-04,-1.61E-04,0.75647,,0.25294,1.95E-04,-1.77E-04,0.73643
0.25416,1.73E-04,-1.60E-04,0.74693,,0.25259,1.95E-04,-1.77E-04,0.73643
0.25473,1.74E-04,-1.60E-04,0.74283,,0.25268,1.94E-04,-1.77E-04,0.74097
0.25189,1.74E-04,-1.59E-04,0.74041,,0.25144,1.91E-04,-1.79E-04,0.75512
0.25218,1.75E-04,-1.59E-04,0.73935,,0.25279,1.88E-04,-1.81E-04,0.76585
0.25306,1.73E-04,-1.59E-04,0.74362,,0.25387,1.88E-04,-1.80E-04,0.76527
0.25282,1.71E-04,-1.60E-04,0.75395,,0.25303,1.88E-04,-1.80E-04,0.76149
0.25268,1.67E-04,-1.61E-04,0.76805,,0.25189,1.89E-04,-1.79E-04,0.75716
0.25196,1.66E-04,-1.62E-04,0.77319,,0.25282,1.90E-04,-1.79E-04,0.75776
0.25084,1.67E-04,-1.62E-04,0.769,,0.25135,1.91E-04,-1.79E-04,0.75296
0.25194,1.70E-04,-1.61E-04,0.75969,,0.25227,1.92E-04,-1.78E-04,0.74756
0.25061,1.73E-04,-1.60E-04,0.74604,,0.25147,1.92E-04,-1.78E-04,0.74678
0.25148,1.76E-04,-1.58E-04,0.73187,,0.25168,1.93E-04,-1.77E-04,0.74434
0.25205,1.79E-04,-1.57E-04,0.71875,,0.25261,1.93E-04,-1.78E-04,0.74385
0.2517,1.80E-04,-1.57E-04,0.71623,,0.25013,1.93E-04,-1.78E-04,0.74523
0.25177,1.79E-04,-1.57E-04,0.71847,,0.24974,1.91E-04,-1.79E-04,0.75162
0.25052,1.76E-04,-1.58E-04,0.73219,,0.25083,1.92E-04,-1.78E-04,0.74918
0.24985,1.72E-04,-1.60E-04,0.74718,,0.25042,1.91E-04,-1.78E-04,0.75048
0.2527,1.70E-04,-1.61E-04,0.75611,,0.25053,1.91E-04,-1.79E-04,0.75268
0.25212,1.69E-04,-1.61E-04,0.76118,,0.25038,1.90E-04,-1.79E-04,0.75583
0.2507,1.68E-04,-1.62E-04,0.76509,,0.25005,1.91E-04,-1.78E-04,0.75076
0.25104,1.69E-04,-1.61E-04,0.76267,,0.25034,1.92E-04,-1.78E-04,0.74752
0.25075,1.71E-04,-1.60E-04,0.75245,,0.24878,1.93E-04,-1.77E-04,0.74265
0.2503,1.72E-04,-1.59E-04,0.74593,,0.25063,1.93E-04,-1.78E-04,0.74337
0.25145,1.74E-04,-1.59E-04,0.73976,,0.25121,1.94E-04,-1.77E-04,0.74094
0.24962,1.74E-04,-1.59E-04,0.7401,,0.24999,1.96E-04,-1.77E-04,0.73557
0.25053,1.73E-04,-1.60E-04,0.74782,,0.24947,1.94E-04,-1.78E-04,0.74269
0.25101,1.71E-04,-1.61E-04,0.75527,,0.24982,1.93E-04,-1.77E-04,0.74223
0.24924,1.70E-04,-1.61E-04,0.76063,,0.24908,1.93E-04,-1.78E-04,0.74284
0.24925,1.69E-04,-1.62E-04,0.76303,,0.25007,1.95E-04,-1.76E-04,0.73579
0.24959,1.69E-04,-1.62E-04,0.76361,,0.24884,1.97E-04,-1.75E-04,0.72734
0.24828,1.70E-04,-1.61E-04,0.75607,,0.24931,1.96E-04,-1.76E-04,0.73188
0.24999,1.72E-04,-1.60E-04,0.74773,,0.24991,1.96E-04,-1.76E-04,0.73225
0.25005,1.72E-04,-1.60E-04,0.74956,,0.24846,1.95E-04,-1.78E-04,0.73899
0.24862,1.71E-04,-1.60E-04,0.7522,,0.24806,1.93E-04,-1.79E-04,0.74742
0.24996,1.70E-04,-1.61E-04,0.75908,,0.24854,1.90E-04,-1.80E-04,0.75594
0.24852,1.69E-04,-1.61E-04,0.76388,,0.24851,1.90E-04,-1.80E-04,0.75969
0.24849,1.69E-04,-1.61E-04,0.76116,,0.24818,1.91E-04,-1.79E-04,0.75266
0.24909,1.71E-04,-1.60E-04,0.7513,,0.24698,1.93E-04,-1.78E-04,0.7474
0.24809,1.72E-04,-1.60E-04,0.74831,,0.24682,1.93E-04,-1.78E-04,0.74335
0.24914,1.73E-04,-1.59E-04,0.74532,,0.24672,1.93E-04,-1.78E-04,0.74686
0.2489,1.73E-04,-1.59E-04,0.74208,,0.24636,1.92E-04,-1.79E-04,0.75113
0.24677,1.74E-04,-1.59E-04,0.7391,,0.24741,1.92E-04,-1.78E-04,0.74784
0.24761,1.74E-04,-1.59E-04,0.74036,,0.24702,1.93E-04,-1.78E-04,0.74471
0.24801,1.73E-04,-1.60E-04,0.74626,,0.24723,1.93E-04,-1.77E-04,0.74115
0.24701,1.69E-04,-1.61E-04,0.76178,,0.24687,1.95E-04,-1.77E-04,0.73694
0.24767,1.66E-04,-1.62E-04,0.77564,,0.24559,1.95E-04,-1.77E-04,0.73748
0.24682,1.65E-04,-1.62E-04,0.77776,,0.2462,1.93E-04,-1.77E-04,0.74087
0.24726,1.66E-04,-1.62E-04,0.77292,,0.24793,1.93E-04,-1.78E-04,0.74469
0.24685,1.71E-04,-1.60E-04,0.75274,,0.2466,1.94E-04,-1.77E-04,0.73871
0.24553,1.75E-04,-1.58E-04,0.73647,,0.24657,1.96E-04,-1.75E-04,0.72835
0.24594,1.76E-04,-1.58E-04,0.73115,,0.24565,1.98E-04,-1.74E-04,0.72261
0.24825,1.75E-04,-1.58E-04,0.73322,,0.24629,1.99E-04,-1.73E-04,0.71751
0.24698,1.72E-04,-1.60E-04,0.7492,,0.24719,1.98E-04,-1.75E-04,0.72488
0.24644,1.68E-04,-1.61E-04,0.76535,,0.24682,1.95E-04,-1.76E-04,0.73431
0.24709,1.64E-04,-1.63E-04,0.78082,,0.24684,1.94E-04,-1.78E-04,0.74206
0.24588,1.64E-04,-1.63E-04,0.78265,,0.24672,1.92E-04,-1.79E-04,0.75059
0.24648,1.67E-04,-1.62E-04,0.77046,,0.24553,1.91E-04,-1.79E-04,0.75184
0.24708,1.71E-04,-1.60E-04,0.74945,,0.24577,1.91E-04,-1.79E-04,0.75273
0.24582,1.78E-04,-1.56E-04,0.72006,,0.24537,1.92E-04,-1.77E-04,0.74693
0.24676,1.82E-04,-1.55E-04,0.70622,,0.24534,1.95E-04,-1.76E-04,0.73358
0.24584,1.81E-04,-1.55E-04,0.70999,,0.24634,1.97E-04,-1.74E-04,0.72244
0.24506,1.76E-04,-1.58E-04,0.73121,,0.24567,1.99E-04,-1.73E-04,0.71434
0.24561,1.70E-04,-1.60E-04,0.75479,,0.24334,1.99E-04,-1.74E-04,0.71794
0.2447,1.65E-04,-1.62E-04,0.77655,,0.24445,1.98E-04,-1.75E-04,0.72507
0.24561,1.63E-04,-1.63E-04,0.78478,,0.24472,1.96E-04,-1.76E-04,0.73332
0.24602,1.66E-04,-1.62E-04,0.77197,,0.2439,1.94E-04,-1.77E-04,0.73856
0.24405,1.71E-04,-1.60E-04,0.75095,,0.24442,1.93E-04,-1.77E-04,0.74087
0.24425,1.76E-04,-1.58E-04,0.73269,,0.2429,1.94E-04,-1.77E-04,0.73905
0.24476,1.77E-04,-1.57E-04,0.72734,,0.24431,1.94E-04,-1.77E-04,0.73874
0.2439,1.76E-04,-1.58E-04,0.73115,,0.24308,1.93E-04,-1.77E-04,0.743
0.24489,1.74E-04,-1.59E-04,0.74007,,0.2424,1.92E-04,-1.78E-04,0.7454
0.24404,1.73E-04,-1.60E-04,0.746,,0.24362,1.92E-04,-1.77E-04,0.74611
0.24306,1.72E-04,-1.60E-04,0.74954,,0.24389,1.93E-04,-1.76E-04,0.73861
0.24422,1.72E-04,-1.60E-04,0.74983,,0.24295,1.96E-04,-1.75E-04,0.731
0.24307,1.75E-04,-1.59E-04,0.7371,,0.24366,1.97E-04,-1.75E-04,0.72415
0.24344,1.79E-04,-1.57E-04,0.71986,,0.24297,1.99E-04,-1.74E-04,0.72036
0.24458,1.82E-04,-1.55E-04,0.70604,,0.24276,1.98E-04,-1.74E-04,0.72226
0.24298,1.84E-04,-1.54E-04,0.69661,,0.24385,1.98E-04,-1.74E-04,0.72122
0.24427,1.83E-04,-1.55E-04,0.70093,,0.24297,1.97E-04,-1.74E-04,0.72377
0.24432,1.80E-04,-1.56E-04,0.71437,,0.24336,1.97E-04,-1.74E-04,0.7232
0.24311,1.76E-04,-1.58E-04,0.73278,,0.24295,1.98E-04,-1.74E-04,0.7214
0.24196,1.72E-04,-1.60E-04,0.74979,,0.24158,1.99E-04,-1.73E-04,0.71751
0.24299,1.69E-04,-1.61E-04,0.76236,,0.24207,1.99E-04,-1.73E-04,0.71602
0.24252,1.67E-04,-1.62E-04,0.76988,,0.24158,1.99E-04,-1.73E-04,0.71545
0.24238,1.67E-04,-1.62E-04,0.76987,,0.24157,2.00E-04,-1.73E-04,0.71224
0.24226,1.69E-04,-1.61E-04,0.76234,,0.24257,2.01E-04,-1.72E-04,0.70715
0.24098,1.71E-04,-1.60E-04,0.75003,,0.24128,2.02E-04,-1.72E-04,0.706
0.24227,1.73E-04,-1.59E-04,0.74443,,0.2408,2.00E-04,-1.72E-04,0.70842
0.24111,1.73E-04,-1.59E-04,0.74318,,0.24166,2.01E-04,-1.72E-04,0.70801
0.24075,1.72E-04,-1.59E-04,0.74593,,0.24045,1.99E-04,-1.73E-04,0.71694
0.24178,1.71E-04,-1.60E-04,0.75189,,0.24152,1.97E-04,-1.74E-04,0.7238
0.24226,1.71E-04,-1.60E-04,0.75488,,0.24146,1.97E-04,-1.75E-04,0.72595
0.24128,1.71E-04,-1.61E-04,0.7549,,0.2402,1.97E-04,-1.74E-04,0.72478
0.24178,1.73E-04,-1.59E-04,0.7421,,0.24146,1.99E-04,-1.74E-04,0.7189
0.24084,1.76E-04,-1.58E-04,0.73149,,0.24002,1.99E-04,-1.73E-04,0.71701
0.24085,1.76E-04,-1.58E-04,0.72885,,0.23996,2.00E-04,-1.73E-04,0.71421
0.24174,1.75E-04,-1.58E-04,0.73294,,0.24098,1.99E-04,-1.74E-04,0.71708
0.24101,1.72E-04,-1.59E-04,0.74499,,0.23986,1.98E-04,-1.74E-04,0.72076
0.24119,1.68E-04,-1.61E-04,0.7623,,0.24068,1.97E-04,-1.75E-04,0.72847
0.24108,1.65E-04,-1.62E-04,0.7747,,0.24009,1.95E-04,-1.76E-04,0.73431
0.23952,1.65E-04,-1.62E-04,0.77867,,0.2389,1.95E-04,-1.77E-04,0.73751
0.24048,1.66E-04,-1.62E-04,0.77289,,0.2396,1.94E-04,-1.76E-04,0.7392
0.23944,1.69E-04,-1.61E-04,0.75992,,0.24,1.95E-04,-1.75E-04,0.7325
0.23875,1.73E-04,-1.59E-04,0.74407,,0.23924,1.96E-04,-1.74E-04,0.72576
0.24107,1.77E-04,-1.57E-04,0.72671,,0.23997,1.98E-04,-1.73E-04,0.71833
0.24077,1.78E-04,-1.57E-04,0.72296,,0.23853,1.98E-04,-1.73E-04,0.72026
0.23954,1.77E-04,-1.57E-04,0.72678,,0.23837,1.97E-04,-1.74E-04,0.72481
0.23959,1.73E-04,-1.59E-04,0.74362,,0.23945,1.97E-04,-1.76E-04,0.72724
0.23976,1.69E-04,-1.61E-04,0.76079,,0.23873,1.97E-04,-1.76E-04,0.72957
0.23913,1.67E-04,-1.61E-04,0.76653,,0.23901,1.96E-04,-1.76E-04,0.7309
0.24,1.68E-04,-1.60E-04,0.76104,,0.23873,1.95E-04,-1.76E-04,0.73494
0.24021,1.70E-04,-1.60E-04,0.75266,,0.23741,1.95E-04,-1.75E-04,0.73029
0.23884,1.71E-04,-1.59E-04,0.74847,,0.23807,1.95E-04,-1.75E-04,0.73114
0.2396,1.72E-04,-1.59E-04,0.74373,,0.23728,1.95E-04,-1.75E-04,0.73219
0.23874,1.73E-04,-1.59E-04,0.74176,,0.23735,1.95E-04,-1.75E-04,0.73009
0.23775,1.73E-04,-1.59E-04,0.74142,,0.2383,1.97E-04,-1.74E-04,0.72162
0.23875,1.72E-04,-1.60E-04,0.74684,,0.23779,2.00E-04,-1.72E-04,0.71077
0.23745,1.70E-04,-1.60E-04,0.75576,,0.23701,2.01E-04,-1.71E-04,0.70448
0.23751,1.71E-04,-1.61E-04,0.75551,,0.23749,2.02E-04,-1.70E-04,0.70017
0.23902,1.71E-04,-1.60E-04,0.75008,,0.23609,2.01E-04,-1.71E-04,0.70308
0.23786,1.74E-04,-1.59E-04,0.73767,,0.23747,1.99E-04,-1.72E-04,0.71185
0.23723,1.76E-04,-1.58E-04,0.73061,,0.2382,1.96E-04,-1.73E-04,0.72264
0.23758,1.77E-04,-1.57E-04,0.72552,,0.23675,1.94E-04,-1.74E-04,0.72948
0.23697,1.77E-04,-1.57E-04,0.72432,,0.23641,1.95E-04,-1.74E-04,0.72982
0.23778,1.78E-04,-1.56E-04,0.72165,,0.23666,1.94E-04,-1.75E-04,0.7323
0.23841,1.77E-04,-1.57E-04,0.72352,,0.23617,1.95E-04,-1.74E-04,0.7288
0.23725,1.75E-04,-1.58E-04,0.73408,,0.23713,1.94E-04,-1.74E-04,0.73193
0.23814,1.73E-04,-1.59E-04,0.74535,,0.236,1.93E-04,-1.74E-04,0.73399
0.23753,1.71E-04,-1.60E-04,0.75274,,0.23663,1.94E-04,-1.73E-04,0.73067
0.23646,1.71E-04,-1.59E-04,0.74883,,0.23721,1.94E-04,-1.73E-04,0.72798
0.2372,1.72E-04,-1.59E-04,0.74585,,0.2363,1.95E-04,-1.72E-04,0.72415
0.23775,1.73E-04,-1.58E-04,0.74077,,0.23452,1.96E-04,-1.72E-04,0.72039
0.2367,1.74E-04,-1.58E-04,0.73724,,0.23551,1.97E-04,-1.71E-04,0.715
0.23746,1.74E-04,-1.58E-04,0.73844,,0.23514,1.98E-04,-1.70E-04,0.70921
0.23649,1.73E-04,-1.59E-04,0.74145,,0.23616,1.99E-04,-1.69E-04,0.70435
0.23559,1.72E-04,-1.60E-04,0.7492,,0.23459,2.00E-04,-1.69E-04,0.69963
0.23557,1.70E-04,-1.61E-04,0.75668,,0.23366,2.00E-04,-1.69E-04,0.70111
0.23532,1.70E-04,-1.60E-04,0.75516,,0.23427,1.99E-04,-1.68E-04,0.70163
0.23533,1.73E-04,-1.59E-04,0.7447,,0.2348,1.98E-04,-1.68E-04,0.70416
0.23574,1.75E-04,-1.58E-04,0.73285,,0.23386,1.96E-04,-1.68E-04,0.70871
0.2348,1.76E-04,-1.57E-04,0.72816,,0.23455,1.95E-04,-1.69E-04,0.71278
0.23407,1.77E-04,-1.57E-04,0.72548,,0.23442,1.94E-04,-1.69E-04,0.71799
0.23495,1.76E-04,-1.57E-04,0.73051,,0.23418,1.95E-04,-1.69E-04,0.71507
0.23397,1.74E-04,-1.59E-04,0.73942,,0.23349,1.94E-04,-1.69E-04,0.71491
0.23454,1.72E-04,-1.60E-04,0.74746,,0.23402,1.95E-04,-1.68E-04,0.71107
0.23527,1.71E-04,-1.60E-04,0.75276,,0.235,1.95E-04,-1.67E-04,0.7093
0.23437,1.71E-04,-1.60E-04,0.75155,,0.23476,1.95E-04,-1.67E-04,0.70706
0.23512,1.72E-04,-1.59E-04,0.74578,,0.23338,1.96E-04,-1.66E-04,0.70267
0.23444,1.76E-04,-1.57E-04,0.7289,,0.23439,1.97E-04,-1.65E-04,0.69798
0.23342,1.78E-04,-1.56E-04,0.72042,,0.23311,1.99E-04,-1.64E-04,0.68873
0.23416,1.78E-04,-1.56E-04,0.7199,,0.23359,2.01E-04,-1.63E-04,0.6823
0.23378,1.75E-04,-1.58E-04,0.73398,,0.23306,2.02E-04,-1.62E-04,0.67546
0.23376,1.70E-04,-1.59E-04,0.75174,,0.23316,2.02E-04,-1.61E-04,0.67317
0.23433,1.68E-04,-1.61E-04,0.76263,,0.23405,2.03E-04,-1.61E-04,0.67172
0.23249,1.69E-04,-1.61E-04,0.76172,,0.23162,2.01E-04,-1.61E-04,0.67395
0.23278,1.72E-04,-1.60E-04,0.7486,,0.23142,1.99E-04,-1.61E-04,0.68036
0.23358,1.76E-04,-1.57E-04,0.72932,,0.23237,1.97E-04,-1.61E-04,0.68559
0.23257,1.80E-04,-1.55E-04,0.71178,,0.23198,1.96E-04,-1.61E-04,0.68959
0.23299,1.80E-04,-1.55E-04,0.71063,,0.23186,1.96E-04,-1.61E-04,0.68817
0.2325,1.79E-04,-1.56E-04,0.71502,,0.23175,1.96E-04,-1.60E-04,0.68609
0.23137,1.76E-04,-1.57E-04,0.72992,,0.2306,1.97E-04,-1.60E-04,0.68134
0.23167,1.72E-04,-1.59E-04,0.74585,,0.23085,1.98E-04,-1.59E-04,0.67603
0.23241,1.70E-04,-1.60E-04,0.75633,,0.23061,1.98E-04,-1.58E-04,0.67412
0.23096,1.69E-04,-1.60E-04,0.75748,,0.23028,1.99E-04,-1.58E-04,0.67062
0.2319,1.72E-04,-1.59E-04,0.74733,,0.2313,2.00E-04,-1.57E-04,0.66491
0.23177,1.74E-04,-1.58E-04,0.73696,,0.23114,2.01E-04,-1.56E-04,0.65828
0.23054,1.77E-04,-1.57E-04,0.72376,,0.23081,2.02E-04,-1.55E-04,0.65553
0.2318,1.77E-04,-1.57E-04,0.72436,,0.23119,2.02E-04,-1.55E-04,0.65366
0.23076,1.75E-04,-1.58E-04,0.73225,,0.23021,2.02E-04,-1.54E-04,0.65194
0.2302,1.73E-04,-1.59E-04,0.74381,,0.23039,2.01E-04,-1.54E-04,0.65275
0.2311,1.70E-04,-1.60E-04,0.75659,,0.2313,2.01E-04,-1.53E-04,0.65085
0.23192,1.68E-04,-1.61E-04,0.76352,,0.23078,2.02E-04,-1.53E-04,0.64919
0.23059,1.69E-04,-1.61E-04,0.76174,,0.23049,2.02E-04,-1.53E-04,0.64785
0.23154,1.73E-04,-1.58E-04,0.74224,,0.23075,2.02E-04,-1.52E-04,0.64596
0.23052,1.76E-04,-1.57E-04,0.72661,,0.22935,2.02E-04,-1.51E-04,0.64224
0.22994,1.78E-04,-1.55E-04,0.71712,,0.23002,2.02E-04,-1.51E-04,0.64057
0.23077,1.80E-04,-1.55E-04,0.71201,,0.22928,2.03E-04,-1.50E-04,0.63882
0.22931,1.80E-04,-1.55E-04,0.70885,,0.22882,2.04E-04,-1.50E-04,0.63432
0.22987,1.82E-04,-1.54E-04,0.70322,,0.23042,2.04E-04,-1.49E-04,0.63188
0.23036,1.81E-04,-1.55E-04,0.70608,,0.22979,2.04E-04,-1.49E-04,0.62941
0.22934,1.80E-04,-1.55E-04,0.71136,,0.22888,2.04E-04,-1.48E-04,0.62883
0.22973,1.78E-04,-1.57E-04,0.72419,,0.22985,2.04E-04,-1.48E-04,0.62597
0.22954,1.76E-04,-1.57E-04,0.72904,,0.22871,2.05E-04,-1.47E-04,0.62108
0.22831,1.76E-04,-1.57E-04,0.72851,,0.2291,2.08E-04,-1.47E-04,0.61408
0.22854,1.77E-04,-1.57E-04,0.72345,,0.22906,2.09E-04,-1.46E-04,0.60999
0.23064,1.79E-04,-1.56E-04,0.71649,,0.22865,2.10E-04,-1.45E-04,0.60493
0.2297,1.78E-04,-1.56E-04,0.71962,,0.22947,2.09E-04,-1.46E-04,0.6086
0.22881,1.78E-04,-1.56E-04,0.71879,,0.22856,2.06E-04,-1.45E-04,0.61411
0.2292,1.78E-04,-1.56E-04,0.71974,,0.22725,2.03E-04,-1.45E-04,0.61997
0.22835,1.77E-04,-1.56E-04,0.72365,,0.22819,2.02E-04,-1.45E-04,0.62273
0.22829,1.75E-04,-1.58E-04,0.73401,,0.22788,2.03E-04,-1.45E-04,0.61792
0.22908,1.72E-04,-1.59E-04,0.74583,,0.22772,2.06E-04,-1.44E-04,0.60991
0.2274,1.72E-04,-1.59E-04,0.7473,,0.22766,2.10E-04,-1.42E-04,0.59621
0.22819,1.72E-04,-1.59E-04,0.74556,,0.22653,2.12E-04,-1.41E-04,0.58779
0.22839,1.74E-04,-1.58E-04,0.73899,,0.22669,2.14E-04,-1.41E-04,0.5813
0.22724,1.75E-04,-1.58E-04,0.73455,,0.22744,2.15E-04,-1.40E-04,0.57765
0.22786,1.76E-04,-1.56E-04,0.72474,,0.22608,2.14E-04,-1.41E-04,0.58096
0.22723,1.79E-04,-1.55E-04,0.7143,,0.22701,2.12E-04,-1.40E-04,0.58484
0.22639,1.80E-04,-1.55E-04,0.71201,,0.22755,2.11E-04,-1.40E-04,0.5857
0.22846,1.79E-04,-1.55E-04,0.7149,,0.22655,2.12E-04,-1.40E-04,0.58287
0.22801,1.76E-04,-1.57E-04,0.72777,,0.22664,2.11E-04,-1.39E-04,0.58405
0.22702,1.73E-04,-1.58E-04,0.73896,,0.22547,2.10E-04,-1.39E-04,0.58492
0.22808,1.71E-04,-1.59E-04,0.75176,,0.22665,2.09E-04,-1.39E-04,0.58668
0.22692,1.70E-04,-1.60E-04,0.75356,,0.22749,2.09E-04,-1.39E-04,0.58546
0.22703,1.71E-04,-1.59E-04,0.74939,,0.2268,2.09E-04,-1.38E-04,0.58336
0.22802,1.72E-04,-1.59E-04,0.74457,,0.22561,2.11E-04,-1.37E-04,0.57829
0.22637,1.75E-04,-1.58E-04,0.73398,,0.22672,2.13E-04,-1.37E-04,0.57165
0.22746,1.77E-04,-1.56E-04,0.72386,,0.22554,2.13E-04,-1.36E-04,0.56794
0.22743,1.79E-04,-1.55E-04,0.71541,,0.22529,2.13E-04,-1.36E-04,0.56791
0.22613,1.78E-04,-1.56E-04,0.7178,,0.22601,2.13E-04,-1.36E-04,0.56728
0.22534,1.77E-04,-1.56E-04,0.72449,,0.22431,2.14E-04,-1.36E-04,0.56588
0.22609,1.73E-04,-1.58E-04,0.73802,,0.22494,2.14E-04,-1.36E-04,0.56609
0.22554,1.72E-04,-1.58E-04,0.74452,,0.22534,2.13E-04,-1.35E-04,0.56512
0.22574,1.72E-04,-1.58E-04,0.74392,,0.22472,2.11E-04,-1.35E-04,0.56719
0.22545,1.74E-04,-1.57E-04,0.73555,,0.22463,2.09E-04,-1.34E-04,0.56948
0.22441,1.77E-04,-1.56E-04,0.72262,,0.22432,2.09E-04,-1.33E-04,0.56874
0.22578,1.79E-04,-1.55E-04,0.71362,,0.22303,2.09E-04,-1.33E-04,0.56664
0.22461,1.80E-04,-1.55E-04,0.71073,,0.22517,2.12E-04,-1.33E-04,0.55924
0.22437,1.77E-04,-1.56E-04,0.72178,,0.2254,2.14E-04,-1.32E-04,0.55186
0.22531,1.73E-04,-1.58E-04,0.73825,,0.22436,2.16E-04,-1.31E-04,0.54611
0.22464,1.70E-04,-1.59E-04,0.75411,,0.22399,2.17E-04,-1.31E-04,0.54394
0.22493,1.67E-04,-1.61E-04,0.76586,,0.22433,2.16E-04,-1.31E-04,0.54388
0.22453,1.68E-04,-1.61E-04,0.76346,,0.22344,2.16E-04,-1.30E-04,0.54205
0.22322,1.71E-04,-1.59E-04,0.74784,,0.22437,2.15E-04,-1.30E-04,0.54315
0.22337,1.75E-04,-1.57E-04,0.73003,,0.2232,2.15E-04,-1.29E-04,0.54042
0.22434,1.78E-04,-1.56E-04,0.71951,,0.2234,2.15E-04,-1.29E-04,0.53864
0.22271,1.79E-04,-1.55E-04,0.71252,,0.22416,2.15E-04,-1.28E-04,0.53624
0.2236,1.79E-04,-1.55E-04,0.71224,,0.22339,2.16E-04,-1.28E-04,0.53427
0.22354,1.77E-04,-1.57E-04,0.72524,,0.22182,2.17E-04,-1.28E-04,0.53116
0.22333,1.73E-04,-1.58E-04,0.73896,,0.22277,2.19E-04,-1.27E-04,0.52586
0.22334,1.70E-04,-1.60E-04,0.75512,,0.22199,2.20E-04,-1.27E-04,0.52203
0.22245,1.66E-04,-1.62E-04,0.77226,,0.22169,2.20E-04,-1.26E-04,0.51998
0.22159,1.64E-04,-1.63E-04,0.78325,,0.22325,2.20E-04,-1.25E-04,0.51905
0.22401,1.64E-04,-1.62E-04,0.7808,,0.22273,2.20E-04,-1.25E-04,0.51605
0.22358,1.66E-04,-1.61E-04,0.76827,,0.22173,2.20E-04,-1.24E-04,0.51336
0.22245,1.71E-04,-1.59E-04,0.7502,,0.22204,2.21E-04,-1.24E-04,0.50998
0.22357,1.75E-04,-1.57E-04,0.7294,,0.22171,2.21E-04,-1.23E-04,0.50836
0.22231,1.77E-04,-1.56E-04,0.72146,,0.22164,2.22E-04,-1.22E-04,0.50369
0.2222,1.77E-04,-1.56E-04,0.72298,,0.22264,2.23E-04,-1.23E-04,0.50289
0.22216,1.74E-04,-1.57E-04,0.73475,,0.2212,2.23E-04,-1.22E-04,0.50023
0.22161,1.72E-04,-1.58E-04,0.74455,,0.22195,2.24E-04,-1.21E-04,0.49684
0.22252,1.71E-04,-1.59E-04,0.74842,,0.22234,2.25E-04,-1.21E-04,0.49397
0.22248,1.71E-04,-1.58E-04,0.74629,,0.21994,2.26E-04,-1.20E-04,0.48867
0.22117,1.74E-04,-1.57E-04,0.73408,,0.21993,2.25E-04,-1.20E-04,0.48802
0.22122,1.77E-04,-1.56E-04,0.72146,,0.22094,2.25E-04,-1.19E-04,0.48776
0.22094,1.80E-04,-1.54E-04,0.70684,,0.21964,2.24E-04,-1.19E-04,0.4871
0.22108,1.81E-04,-1.53E-04,0.70245,,0.22047,2.23E-04,-1.18E-04,0.48849
0.2212,1.80E-04,-1.54E-04,0.70808,,0.22073,2.22E-04,-1.17E-04,0.48738
0.22023,1.78E-04,-1.56E-04,0.71915,,0.21997,2.21E-04,-1.17E-04,0.48588
0.21996,1.75E-04,-1.57E-04,0.73152,,0.22077,2.20E-04,-1.16E-04,0.48452
0.22077,1.71E-04,-1.59E-04,0.74663,,0.22006,2.21E-04,-1.15E-04,0.48036
0.21948,1.69E-04,-1.59E-04,0.75558,,0.21923,2.22E-04,-1.15E-04,0.4769
0.22046,1.69E-04,-1.60E-04,0.758,,0.22001,2.23E-04,-1.14E-04,0.47363
0.22036,1.70E-04,-1.59E-04,0.75168,,0.21952,2.24E-04,-1.14E-04,0.47291
0.22006,1.73E-04,-1.58E-04,0.73974,,0.21954,2.24E-04,-1.14E-04,0.47201
0.22034,1.76E-04,-1.56E-04,0.72636,,0.22029,2.24E-04,-1.14E-04,0.46935
0.21939,1.78E-04,-1.55E-04,0.71791,,0.2184,2.23E-04,-1.13E-04,0.4683
0.21942,1.78E-04,-1.55E-04,0.71791,,0.21787,2.23E-04,-1.12E-04,0.46706
0.2201,1.77E-04,-1.56E-04,0.72322,,0.21872,2.23E-04,-1.12E-04,0.46401
0.21952,1.75E-04,-1.57E-04,0.73053,,0.21761,2.24E-04,-1.12E-04,0.46276
0.21964,1.72E-04,-1.58E-04,0.74245,,0.21841,2.25E-04,-1.12E-04,0.45991
0.21947,1.70E-04,-1.59E-04,0.75229,,0.21834,2.27E-04,-1.12E-04,0.45745
0.21823,1.70E-04,-1.59E-04,0.75292,,0.21828,2.26E-04,-1.11E-04,0.45655
0.21795,1.71E-04,-1.59E-04,0.74753,,0.21835,2.25E-04,-1.10E-04,0.45491
0.21831,1.75E-04,-1.57E-04,0.73234,,0.21726,2.24E-04,-1.10E-04,0.45505
0.21742,1.77E-04,-1.56E-04,0.72206,,0.21724,2.23E-04,-1.09E-04,0.4532
0.218,1.77E-04,-1.55E-04,0.71899,,0.21893,2.23E-04,-1.08E-04,0.45102
0.21854,1.77E-04,-1.55E-04,0.71871,,0.21793,2.24E-04,-1.08E-04,0.44978
0.21836,1.76E-04,-1.56E-04,0.72636,,0.2174,2.25E-04,-1.08E-04,0.44785
0.21824,1.74E-04,-1.57E-04,0.73615,,0.2181,2.25E-04,-1.08E-04,0.44732
0.21752,1.74E-04,-1.58E-04,0.73744,,0.21721,2.24E-04,-1.07E-04,0.44674
0.2179,1.76E-04,-1.56E-04,0.72534,,0.21761,2.24E-04,-1.07E-04,0.44614
0.21878,1.80E-04,-1.55E-04,0.71073,,0.21706,2.23E-04,-1.06E-04,0.44262
0.21847,1.80E-04,-1.54E-04,0.70895,,0.2169,2.23E-04,-1.06E-04,0.44155
0.21827,1.79E-04,-1.55E-04,0.71326,,0.21772,2.24E-04,-1.06E-04,0.44124
0.21853,1.76E-04,-1.56E-04,0.72639,,0.21738,2.25E-04,-1.06E-04,0.44008
0.21736,1.72E-04,-1.58E-04,0.74382,,0.21566,2.25E-04,-1.06E-04,0.43937
0.21679,1.69E-04,-1.59E-04,0.75614,,0.21613,2.25E-04,-1.05E-04,0.43804
0.21732,1.66E-04,-1.60E-04,0.76703,,0.21556,2.24E-04,-1.05E-04,0.43849
0.21637,1.67E-04,-1.61E-04,0.76798,,0.21564,2.22E-04,-1.04E-04,0.43904
0.21688,1.69E-04,-1.60E-04,0.75742,,0.21673,2.22E-04,-1.04E-04,0.43826
0.21708,1.73E-04,-1.58E-04,0.74008,,0.21573,2.23E-04,-1.04E-04,0.4365
0.21594,1.77E-04,-1.56E-04,0.71971,,0.21633,2.25E-04,-1.04E-04,0.43382
0.21623,1.81E-04,-1.54E-04,0.70315,,0.21652,2.26E-04,-1.04E-04,0.43207
0.21603,1.83E-04,-1.53E-04,0.69581,,0.21448,2.27E-04,-1.05E-04,0.43196
0.21582,1.81E-04,-1.53E-04,0.70164,,0.21442,2.26E-04,-1.04E-04,0.43241
0.21652,1.80E-04,-1.55E-04,0.71105,,0.21518,2.25E-04,-1.04E-04,0.43331
0.21596,1.77E-04,-1.56E-04,0.72059,,0.21501,2.24E-04,-1.03E-04,0.43314
0.21622,1.75E-04,-1.57E-04,0.72972,,0.21467,2.23E-04,-1.03E-04,0.43232
0.21596,1.74E-04,-1.57E-04,0.73262,,0.21481,2.23E-04,-1.03E-04,0.43161
0.215,1.76E-04,-1.56E-04,0.72347,,0.2138,2.24E-04,-1.03E-04,0.43002
0.2153,1.77E-04,-1.55E-04,0.71907,,0.21474,2.24E-04,-1.02E-04,0.42895
0.21558,1.79E-04,-1.54E-04,0.71226,,0.21386,2.23E-04,-1.02E-04,0.42942
0.21483,1.80E-04,-1.54E-04,0.70625,,0.2132,2.23E-04,-1.02E-04,0.42879
0.21586,1.79E-04,-1.54E-04,0.71111,,0.21502,2.23E-04,-1.02E-04,0.42835
0.21584,1.77E-04,-1.56E-04,0.72178,,0.21475,2.22E-04,-1.01E-04,0.42778
0.21351,1.72E-04,-1.58E-04,0.74087,,0.21351,2.23E-04,-1.01E-04,0.42676
0.21387,1.69E-04,-1.59E-04,0.75402,,0.21469,2.23E-04,-1.01E-04,0.42626
0.21451,1.68E-04,-1.60E-04,0.76069,,0.21345,2.24E-04,-1.01E-04,0.42592
0.2132,1.70E-04,-1.59E-04,0.75252,,0.21286,2.24E-04,-1.02E-04,0.42666
0.21413,1.72E-04,-1.58E-04,0.74239,,0.2136,2.24E-04,-1.02E-04,0.42599
0.21397,1.74E-04,-1.57E-04,0.73259,,0.21227,2.25E-04,-1.02E-04,0.42435
0.21302,1.77E-04,-1.55E-04,0.72051,,0.21266,2.26E-04,-1.02E-04,0.42499
0.2141,1.77E-04,-1.56E-04,0.72171,,0.21316,2.25E-04,-1.02E-04,0.42472
0.21325,1.77E-04,-1.56E-04,0.72227,,0.21301,2.25E-04,-1.02E-04,0.42498
0.21258,1.76E-04,-1.56E-04,0.72707,,0.21255,2.24E-04,-1.01E-04,0.424
0.21401,1.73E-04,-1.57E-04,0.73908,,0.21242,2.24E-04,-1.01E-04,0.42521
0.21368,1.71E-04,-1.58E-04,0.746,,0.21128,2.24E-04,-1.01E-04,0.42427
0.213,1.71E-04,-1.58E-04,0.74833,,0.21285,2.23E-04,-1.01E-04,0.42457
0.21349,1.72E-04,-1.58E-04,0.74118,,0.21344,2.23E-04,-1.01E-04,0.42416
0.21234,1.75E-04,-1.56E-04,0.72756,,0.21244,2.24E-04,-1.01E-04,0.42232
0.21186,1.79E-04,-1.54E-04,0.71074,,0.21298,2.25E-04,-1.01E-04,0.42169
0.21269,1.80E-04,-1.54E-04,0.70693,,0.21238,2.25E-04,-1.01E-04,0.42115
0.21249,1.78E-04,-1.55E-04,0.71691,,0.21133,2.24E-04,-1.01E-04,0.42295
0.21216,1.74E-04,-1.57E-04,0.73288,,0.21131,2.22E-04,-1.00E-04,0.42323
0.21239,1.72E-04,-1.58E-04,0.74176,,0.21125,2.21E-04,-9.97E-05,0.42447
0.21131,1.73E-04,-1.57E-04,0.7358,,0.21138,2.20E-04,-9.89E-05,0.42282
0.2121,1.76E-04,-1.56E-04,0.72608,,0.21214,2.20E-04,-9.88E-05,0.42159
0.21107,1.79E-04,-1.55E-04,0.71345,,0.21038,2.21E-04,-9.88E-05,0.42125
0.21043,1.79E-04,-1.54E-04,0.71138,,0.20993,2.21E-04,-9.90E-05,0.42082
0.21117,1.78E-04,-1.55E-04,0.71516,,0.21075,2.21E-04,-9.92E-05,0.42208
0.21242,1.76E-04,-1.55E-04,0.72272,,0.21006,2.21E-04,-9.88E-05,0.42125
0.21127,1.73E-04,-1.57E-04,0.73652,,0.2103,2.20E-04,-9.87E-05,0.42121
0.21127,1.70E-04,-1.58E-04,0.75063,,0.21101,2.19E-04,-9.83E-05,0.42139
0.21131,1.67E-04,-1.60E-04,0.76153,,0.21017,2.19E-04,-9.79E-05,0.42055
0.21052,1.67E-04,-1.60E-04,0.76243,,0.21074,2.19E-04,-9.80E-05,0.42008
0.21131,1.69E-04,-1.59E-04,0.75734,,0.21029,2.22E-04,-9.84E-05,0.41806
0.2101,1.72E-04,-1.58E-04,0.74413,,0.20935,2.24E-04,-9.92E-05,0.41773
0.2105,1.76E-04,-1.56E-04,0.7254,,0.20939,2.24E-04,-9.96E-05,0.41773
0.21099,1.78E-04,-1.55E-04,0.71631,,0.20971,2.24E-04,-9.96E-05,0.41822
0.21019,1.79E-04,-1.54E-04,0.71106,,0.20931,2.23E-04,-9.91E-05,0.41818
0.20951,1.78E-04,-1.55E-04,0.7158,,0.21022,2.22E-04,-9.88E-05,0.41873
0.21017,1.76E-04,-1.56E-04,0.72696,,0.2085,2.21E-04,-9.83E-05,0.41818
0.20894,1.72E-04,-1.58E-04,0.74297,,0.20761,2.21E-04,-9.83E-05,0.41801
0.20992,1.69E-04,-1.59E-04,0.75522,,0.20857,2.23E-04,-9.84E-05,0.41639
0.2105,1.70E-04,-1.58E-04,0.75063,,0.20749,2.24E-04,-9.89E-05,0.41561
0.20941,1.74E-04,-1.56E-04,0.73234,,0.20778,2.25E-04,-9.92E-05,0.41591
0.20906,1.79E-04,-1.54E-04,0.70945,,0.20844,2.24E-04,-9.92E-05,0.41624
0.20918,1.83E-04,-1.52E-04,0.69043,,0.20862,2.24E-04,-9.90E-05,0.41566
0.20864,1.84E-04,-1.51E-04,0.68871,,0.20804,2.24E-04,-9.88E-05,0.4154
0.20946,1.83E-04,-1.52E-04,0.69452,,0.20792,2.24E-04,-9.84E-05,0.41457
0.20959,1.79E-04,-1.54E-04,0.71019,,0.20699,2.24E-04,-9.83E-05,0.41353
0.20898,1.76E-04,-1.55E-04,0.72187,,0.20804,2.25E-04,-9.85E-05,0.41297
0.20962,1.76E-04,-1.56E-04,0.72576,,0.20854,2.26E-04,-9.89E-05,0.41234
0.20856,1.76E-04,-1.55E-04,0.72384,,0.2075,2.27E-04,-9.91E-05,0.41195
0.20801,1.77E-04,-1.55E-04,0.71835,,0.20806,2.27E-04,-9.92E-05,0.41232
0.20793,1.79E-04,-1.54E-04,0.71129,,0.20739,2.26E-04,-9.89E-05,0.41234
0.20775,1.80E-04,-1.53E-04,0.70335,,0.20634,2.25E-04,-9.84E-05,0.41243
0.20818,1.80E-04,-1.54E-04,0.70588,,0.20673,2.25E-04,-9.83E-05,0.41271
0.20767,1.79E-04,-1.54E-04,0.71102,,0.20625,2.25E-04,-9.83E-05,0.41271
0.2067,1.76E-04,-1.56E-04,0.72639,,0.20608,2.25E-04,-9.84E-05,0.41309
0.20649,1.73E-04,-1.57E-04,0.73727,,0.2068,2.24E-04,-9.85E-05,0.41412
0.20669,1.73E-04,-1.57E-04,0.73609,,0.20633,2.23E-04,-9.84E-05,0.41523
0.20604,1.75E-04,-1.56E-04,0.72593,,0.20597,2.23E-04,-9.82E-05,0.41514
0.20692,1.80E-04,-1.53E-04,0.70619,,0.20616,2.22E-04,-9.81E-05,0.41592
0.20743,1.82E-04,-1.52E-04,0.69474,,0.20527,2.22E-04,-9.76E-05,0.41487
0.20645,1.82E-04,-1.52E-04,0.69576,,0.20639,2.21E-04,-9.76E-05,0.41554
0.20694,1.78E-04,-1.54E-04,0.71148,,0.20648,2.21E-04,-9.75E-05,0.41482
0.20631,1.73E-04,-1.56E-04,0.73617,,0.2055,2.22E-04,-9.76E-05,0.4142
0.2061,1.69E-04,-1.58E-04,0.75059,,0.20641,2.23E-04,-9.80E-05,0.41373
0.20679,1.68E-04,-1.59E-04,0.75697,,0.20531,2.23E-04,-9.79E-05,0.41302
0.20639,1.69E-04,-1.59E-04,0.75462,,0.20511,2.23E-04,-9.78E-05,0.41297
0.20626,1.71E-04,-1.58E-04,0.74624,,0.20595,2.22E-04,-9.75E-05,0.41333
0.20632,1.74E-04,-1.57E-04,0.73164,,0.2057,2.22E-04,-9.72E-05,0.41253
0.20511,1.77E-04,-1.55E-04,0.71979,,0.20544,2.23E-04,-9.70E-05,0.41062
0.20535,1.78E-04,-1.55E-04,0.71595,,0.20555,2.23E-04,-9.72E-05,0.41072
0.20513,1.77E-04,-1.54E-04,0.71619,,0.20457,2.24E-04,-9.70E-05,0.40931
0.20458,1.76E-04,-1.55E-04,0.72023,,0.20461,2.24E-04,-9.72E-05,0.41006
0.20526,1.74E-04,-1.56E-04,0.72877,,0.20461,2.24E-04,-9.71E-05,0.40985
0.2052,1.72E-04,-1.57E-04,0.73958,,0.20424,2.24E-04,-9.74E-05,0.40983
0.20476,1.72E-04,-1.58E-04,0.74321,,0.205,2.24E-04,-9.74E-05,0.41016
0.20502,1.73E-04,-1.57E-04,0.73574,,0.20474,2.23E-04,-9.70E-05,0.40996
0.20413,1.75E-04,-1.56E-04,0.72629,,0.20376,2.23E-04,-9.71E-05,0.41034
0.2034,1.78E-04,-1.54E-04,0.71435,,0.20339,2.23E-04,-9.69E-05,0.40975
0.20541,1.80E-04,-1.53E-04,0.70357,,0.20371,2.23E-04,-9.69E-05,0.41008
0.20514,1.81E-04,-1.52E-04,0.70092,,0.20359,2.24E-04,-9.70E-05,0.40947
0.20413,1.80E-04,-1.53E-04,0.70601,,0.2035,2.24E-04,-9.71E-05,0.40936
0.20419,1.77E-04,-1.55E-04,0.72095,,0.20262,2.24E-04,-9.71E-05,0.40952
0.20404,1.74E-04,-1.56E-04,0.73361,,0.202,2.23E-04,-9.69E-05,0.40942
0.2037,1.72E-04,-1.57E-04,0.73986,,0.20267,2.24E-04,-9.66E-05,0.40797
0.20454,1.72E-04,-1.57E-04,0.73981,,0.20178,2.23E-04,-9.64E-05,0.40786
0.20431,1.74E-04,-1.56E-04,0.73065,,0.20225,2.22E-04,-9.60E-05,0.40782
0.20373,1.77E-04,-1.54E-04,0.71615,,0.20271,2.22E-04,-9.63E-05,0.40879
0.20415,1.80E-04,-1.53E-04,0.70427,,0.20243,2.22E-04,-9.62E-05,0.40874
0.20304,1.81E-04,-1.53E-04,0.70047,,0.20248,2.22E-04,-9.63E-05,0.40879
0.20261,1.80E-04,-1.53E-04,0.70504,,0.2019,2.23E-04,-9.66E-05,0.4096
0.20302,1.77E-04,-1.55E-04,0.71771,,0.2011,2.23E-04,-9.64E-05,0.4077
0.20217,1.75E-04,-1.56E-04,0.72796,,0.20246,2.24E-04,-9.64E-05,0.40705
0.20301,1.75E-04,-1.56E-04,0.72707,,0.20255,2.23E-04,-9.60E-05,0.407
0.20281,1.77E-04,-1.55E-04,0.71911,,0.20155,2.22E-04,-9.60E-05,0.40831
0.20192,1.80E-04,-1.53E-04,0.70661,,0.20178,2.22E-04,-9.59E-05,0.40793
0.20222,1.81E-04,-1.52E-04,0.69874,,0.20121,2.23E-04,-9.61E-05,0.40771
0.20172,1.82E-04,-1.52E-04,0.69479,,0.2008,2.22E-04,-9.63E-05,0.40896
0.20183,1.82E-04,-1.52E-04,0.69814,,0.2013,2.22E-04,-9.60E-05,0.40831
0.20245,1.81E-04,-1.53E-04,0.70345,,0.20023,2.22E-04,-9.62E-05,0.40874
0.20149,1.79E-04,-1.54E-04,0.71055,,0.2006,2.22E-04,-9.62E-05,0.40907
0.2021,1.76E-04,-1.55E-04,0.72243,,0.20103,2.22E-04,-9.61E-05,0.40869
0.2017,1.76E-04,-1.56E-04,0.72488,,0.20062,2.22E-04,-9.60E-05,0.40864
0.20072,1.76E-04,-1.56E-04,0.72516,,0.20031,2.22E-04,-9.59E-05,0.40744
0.20137,1.77E-04,-1.55E-04,0.71859,,0.20016,2.23E-04,-9.61E-05,0.40771
0.20138,1.79E-04,-1.54E-04,0.70931,,0.19926,2.23E-04,-9.66E-05,0.40862
0.201,1.82E-04,-1.52E-04,0.69695,,0.20079,2.24E-04,-9.67E-05,0.40802
0.20151,1.84E-04,-1.51E-04,0.68656,,0.20094,2.24E-04,-9.67E-05,0.4072
0.20017,1.85E-04,-1.50E-04,0.68234,,0.19997,2.25E-04,-9.67E-05,0.40672
0.19982,1.84E-04,-1.51E-04,0.68591,,0.19973,2.24E-04,-9.64E-05,0.40575
0.2005,1.80E-04,-1.53E-04,0.70454,,0.19917,2.25E-04,-9.64E-05,0.40527
0.20032,1.76E-04,-1.55E-04,0.72381,,0.19931,2.25E-04,-9.63E-05,0.40457
0.19977,1.73E-04,-1.57E-04,0.73623,,0.20005,2.25E-04,-9.64E-05,0.40511
0.2002,1.72E-04,-1.57E-04,0.73973,,0.20015,2.24E-04,-9.64E-05,0.40608
0.19926,1.74E-04,-1.56E-04,0.73138,,0.19942,2.24E-04,-9.62E-05,0.40646
0.1997,1.78E-04,-1.54E-04,0.71112,,0.20003,2.23E-04,-9.61E-05,0.40657
0.19941,1.83E-04,-1.51E-04,0.69042,,0.19904,2.23E-04,-9.64E-05,0.40737
0.19833,1.84E-04,-1.51E-04,0.68671,,0.19834,2.23E-04,-9.62E-05,0.40694
0.1987,1.84E-04,-1.50E-04,0.68401,,0.19852,2.23E-04,-9.59E-05,0.4063
0.2003,1.83E-04,-1.51E-04,0.68896,,0.19802,2.22E-04,-9.55E-05,0.40576
0.19925,1.80E-04,-1.53E-04,0.70261,,0.19842,2.22E-04,-9.54E-05,0.40538
0.19908,1.78E-04,-1.54E-04,0.71351,,0.1989,2.23E-04,-9.55E-05,0.40462
0.19902,1.74E-04,-1.56E-04,0.73154,,0.19737,2.24E-04,-9.60E-05,0.40489
0.19819,1.70E-04,-1.57E-04,0.74632,,0.19725,2.25E-04,-9.63E-05,0.40473
0.19848,1.69E-04,-1.58E-04,0.75091,,0.19786,2.25E-04,-9.64E-05,0.40543
0.19895,1.72E-04,-1.57E-04,0.74002,,0.19688,2.24E-04,-9.59E-05,0.40451
0.1977,1.75E-04,-1.55E-04,0.72277,,0.19759,2.23E-04,-9.54E-05,0.40424
0.19837,1.78E-04,-1.54E-04,0.71218,,0.19795,2.22E-04,-9.51E-05,0.40457
0.19813,1.80E-04,-1.52E-04,0.70278,,0.19726,2.22E-04,-9.51E-05,0.40473
0.19765,1.81E-04,-1.52E-04,0.69967,,0.19779,2.22E-04,-9.54E-05,0.40538
0.19798,1.81E-04,-1.53E-04,0.6996,,0.19677,2.23E-04,-9.55E-05,0.40478
0.19692,1.81E-04,-1.53E-04,0.70193,,0.19638,2.24E-04,-9.58E-05,0.40478
0.19648,1.78E-04,-1.54E-04,0.71296,,0.19716,2.24E-04,-9.60E-05,0.40457
0.19837,1.76E-04,-1.55E-04,0.72023,,0.1963,2.24E-04,-9.59E-05,0.405
0.19787,1.78E-04,-1.54E-04,0.71463,,0.19674,2.23E-04,-9.56E-05,0.405
0.19696,1.80E-04,-1.53E-04,0.70407,,0.19711,2.22E-04,-9.54E-05,0.40571
0.19701,1.81E-04,-1.52E-04,0.69869,,0.19617,2.22E-04,-9.52E-05,0.4056
0.19688,1.82E-04,-1.52E-04,0.69398,,0.1951,2.22E-04,-9.52E-05,0.40495
0.19705,1.83E-04,-1.51E-04,0.69047,,0.1958,2.23E-04,-9.51E-05,0.40392
0.19767,1.80E-04,-1.52E-04,0.70081,,0.19548,2.23E-04,-9.53E-05,0.40338
0.197,1.77E-04,-1.54E-04,0.71358,,0.19614,2.24E-04,-9.55E-05,0.40333
0.19723,1.74E-04,-1.55E-04,0.72775,,0.19523,2.25E-04,-9.58E-05,0.40269
0.19701,1.72E-04,-1.56E-04,0.73816,,0.19423,2.25E-04,-9.61E-05,0.4035
0.19586,1.72E-04,-1.56E-04,0.7388,,0.1945,2.24E-04,-9.57E-05,0.40376
0.19549,1.74E-04,-1.56E-04,0.73017,,0.19496,2.23E-04,-9.53E-05,0.40419
0.1958,1.77E-04,-1.54E-04,0.71566,,0.19396,2.22E-04,-9.51E-05,0.40489
0.19548,1.80E-04,-1.52E-04,0.70333,,0.19469,2.23E-04,-9.48E-05,0.40277
0.19626,1.83E-04,-1.51E-04,0.69069,,0.19437,2.24E-04,-9.52E-05,0.40235
0.19515,1.84E-04,-1.51E-04,0.68697,,0.1935,2.25E-04,-9.56E-05,0.4021
0.19442,1.83E-04,-1.51E-04,0.6881,,0.19441,2.25E-04,-9.57E-05,0.40231
0.19504,1.82E-04,-1.52E-04,0.69512,,0.19356,2.25E-04,-9.59E-05,0.40323
0.19466,1.78E-04,-1.54E-04,0.71107,,0.19336,2.25E-04,-9.56E-05,0.40242
0.19466,1.75E-04,-1.55E-04,0.72643,,0.19483,2.25E-04,-9.57E-05,0.40295
0.19539,1.73E-04,-1.56E-04,0.73553,,0.194,2.23E-04,-9.54E-05,0.40376
0.19483,1.71E-04,-1.57E-04,0.74089,,0.19369,2.22E-04,-9.49E-05,0.40397
0.19499,1.71E-04,-1.57E-04,0.74425,,0.19399,2.22E-04,-9.51E-05,0.40489
0.19516,1.72E-04,-1.57E-04,0.73857,,0.19318,2.22E-04,-9.51E-05,0.40457
0.19416,1.75E-04,-1.55E-04,0.72661,,0.1936,2.22E-04,-9.50E-05,0.40467
0.19343,1.78E-04,-1.54E-04,0.71343,,0.19387,2.22E-04,-9.48E-05,0.40424
0.19397,1.80E-04,-1.53E-04,0.70385,,0.19306,2.22E-04,-9.48E-05,0.40391
0.1936,1.81E-04,-1.53E-04,0.70079,,0.1936,2.22E-04,-9.49E-05,0.40478
0.19414,1.79E-04,-1.54E-04,0.7107,,0.19289,2.21E-04,-9.48E-05,0.40489
0.19362,1.75E-04,-1.56E-04,0.72533,,0.1922,2.22E-04,-9.49E-05,0.4038
0.19268,1.71E-04,-1.57E-04,0.74311,,0.19281,2.23E-04,-9.51E-05,0.40343
0.19354,1.68E-04,-1.58E-04,0.75654,,0.19202,2.23E-04,-9.48E-05,0.40261
0.1929,1.67E-04,-1.59E-04,0.76086,,0.19248,2.22E-04,-9.48E-05,0.40294
0.19221,1.69E-04,-1.58E-04,0.75262,,0.19277,2.22E-04,-9.46E-05,0.40282
0.19285,1.72E-04,-1.57E-04,0.73941,,0.19152,2.22E-04,-9.45E-05,0.40293
0.19331,1.74E-04,-1.55E-04,0.72782,,0.19165,2.21E-04,-9.44E-05,0.40369
0.19242,1.78E-04,-1.53E-04,0.71015,,0.1917,2.22E-04,-9.45E-05,0.40326
0.19286,1.82E-04,-1.52E-04,0.69593,,0.19131,2.23E-04,-9.51E-05,0.40343
0.19185,1.83E-04,-1.51E-04,0.69063,,0.19205,2.24E-04,-9.53E-05,0.40305
0.19241,1.84E-04,-1.51E-04,0.68665,,0.19173,2.24E-04,-9.53E-05,0.40305
0.19304,1.83E-04,-1.50E-04,0.6868,,0.19161,2.23E-04,-9.55E-05,0.40446
0.19203,1.81E-04,-1.52E-04,0.69734,,0.19171,2.24E-04,-9.56E-05,0.40403
0.19272,1.78E-04,-1.53E-04,0.7107,,0.19067,2.24E-04,-9.55E-05,0.40268
0.19208,1.75E-04,-1.55E-04,0.72366,,0.19083,2.23E-04,-9.52E-05,0.403
0.19113,1.71E-04,-1.56E-04,0.73901,,0.19104,2.23E-04,-9.49E-05,0.40251
0.19176,1.68E-04,-1.57E-04,0.75222,,0.19043,2.22E-04,-9.47E-05,0.40288
0.19103,1.67E-04,-1.58E-04,0.75615,,0.19117,2.22E-04,-9.45E-05,0.40228
0.19117,1.68E-04,-1.57E-04,0.75283,,0.19015,2.22E-04,-9.43E-05,0.40168
0.19173,1.72E-04,-1.56E-04,0.73666,,0.1893,2.21E-04,-9.40E-05,0.40183
0.19083,1.75E-04,-1.54E-04,0.72145,,0.18969,2.21E-04,-9.39E-05,0.40194
0.19049,1.78E-04,-1.53E-04,0.71177,,0.18913,2.21E-04,-9.40E-05,0.40167
0.19095,1.79E-04,-1.53E-04,0.70678,,0.18916,2.22E-04,-9.45E-05,0.40196
0.18988,1.79E-04,-1.52E-04,0.70383,,0.18988,2.23E-04,-9.47E-05,0.40207
0.19077,1.78E-04,-1.53E-04,0.70876,,0.18912,2.23E-04,-9.49E-05,0.40218
0.19133,1.75E-04,-1.54E-04,0.71988,,0.18937,2.23E-04,-9.46E-05,0.40104
0.1905,1.75E-04,-1.54E-04,0.72226,,0.18935,2.23E-04,-9.45E-05,0.40147
0.1911,1.74E-04,-1.54E-04,0.72493,,0.18843,2.22E-04,-9.44E-05,0.4019
0.19081,1.73E-04,-1.55E-04,0.73154,,0.18845,2.22E-04,-9.41E-05,0.40124
0.18982,1.71E-04,-1.56E-04,0.73901,,0.18995,2.21E-04,-9.41E-05,0.40254
0.18944,1.70E-04,-1.57E-04,0.74532,,0.18912,2.21E-04,-9.38E-05,0.40221
0.18975,1.69E-04,-1.57E-04,0.75076,,0.18871,2.21E-04,-9.35E-05,0.40057
0.18948,1.68E-04,-1.57E-04,0.75131,,0.18911,2.21E-04,-9.35E-05,0.40105
0.19019,1.70E-04,-1.57E-04,0.74525,,0.18818,2.21E-04,-9.35E-05,0.40073
0.18907,1.73E-04,-1.55E-04,0.7324,,0.18861,2.21E-04,-9.38E-05,0.40139
0.18821,1.77E-04,-1.53E-04,0.7134,,0.18791,2.21E-04,-9.40E-05,0.40183
0.18874,1.81E-04,-1.52E-04,0.69859,,0.18791,2.22E-04,-9.43E-05,0.40119
0.18815,1.83E-04,-1.51E-04,0.68879,,0.18853,2.23E-04,-9.46E-05,0.40072
0.18827,1.83E-04,-1.50E-04,0.68766,,0.18794,2.24E-04,-9.49E-05,0.4001
0.18899,1.82E-04,-1.51E-04,0.69073,,0.18722,2.25E-04,-9.50E-05,0.39983
0.18852,1.81E-04,-1.51E-04,0.6974,,0.18789,2.25E-04,-9.51E-05,0.40005
0.18869,1.79E-04,-1.53E-04,0.70623,,0.18696,2.25E-04,-9.48E-05,0.39956
0.18845,1.76E-04,-1.54E-04,0.71766,,0.18751,2.24E-04,-9.49E-05,0.4001
0.18757,1.73E-04,-1.56E-04,0.73345,,0.18788,2.25E-04,-9.50E-05,0.39967
0.18814,1.70E-04,-1.57E-04,0.74498,,0.18713,2.25E-04,-9.49E-05,0.3993
0.18834,1.70E-04,-1.57E-04,0.74469,,0.18777,2.25E-04,-9.49E-05,0.39898
0.18744,1.72E-04,-1.56E-04,0.73608,,0.18729,2.24E-04,-9.48E-05,0.39972
0.18788,1.76E-04,-1.54E-04,0.71943,,0.18649,2.24E-04,-9.44E-05,0.399
0.1874,1.81E-04,-1.51E-04,0.6955,,0.18681,2.25E-04,-9.47E-05,0.39886
0.18643,1.85E-04,-1.49E-04,0.67796,,0.18648,2.25E-04,-9.48E-05,0.39892
0.18665,1.87E-04,-1.49E-04,0.6701,,0.18631,2.25E-04,-9.49E-05,0.39946
0.18631,1.87E-04,-1.48E-04,0.67049,,0.18705,2.24E-04,-9.45E-05,0.39858
0.1862,1.85E-04,-1.49E-04,0.67968,,0.18554,2.25E-04,-9.44E-05,0.39773
0.18684,1.81E-04,-1.51E-04,0.69707,,0.18475,2.25E-04,-9.45E-05,0.39826
0.18694,1.77E-04,-1.53E-04,0.71353,,0.18517,2.25E-04,-9.45E-05,0.39779
0.1865,1.74E-04,-1.55E-04,0.72842,,0.18469,2.25E-04,-9.45E-05,0.39795
0.18629,1.71E-04,-1.56E-04,0.73967,,0.1849,2.24E-04,-9.42E-05,0.39872
0.18614,1.70E-04,-1.57E-04,0.74476,,0.18558,2.23E-04,-9.40E-05,0.3986
0.1867,1.70E-04,-1.57E-04,0.74469,,0.18519,2.23E-04,-9.40E-05,0.39973
0.18708,1.72E-04,-1.56E-04,0.73625,,0.18519,2.22E-04,-9.36E-05,0.39965
0.18617,1.75E-04,-1.54E-04,0.72262,,0.18533,2.21E-04,-9.37E-05,0.40036
0.18676,1.80E-04,-1.52E-04,0.70001,,0.18447,2.22E-04,-9.39E-05,0.40015
0.1862,1.84E-04,-1.50E-04,0.68244,,0.18426,2.24E-04,-9.40E-05,0.39732
0.18531,1.86E-04,-1.49E-04,0.67461,,0.18485,2.26E-04,-9.44E-05,0.39646
0.18525,1.86E-04,-1.49E-04,0.67572,,0.18429,2.26E-04,-9.45E-05,0.39542
0.18505,1.84E-04,-1.50E-04,0.68552,,0.18415,2.26E-04,-9.45E-05,0.39542
0.18495,1.81E-04,-1.52E-04,0.69843,,0.18419,2.25E-04,-9.42E-05,0.39649
0.18553,1.77E-04,-1.54E-04,0.71446,,0.18324,2.24E-04,-9.42E-05,0.3984
0.18476,1.72E-04,-1.56E-04,0.73477,,0.18393,2.23E-04,-9.40E-05,0.39941
0.18418,1.68E-04,-1.57E-04,0.75277,,0.18337,2.23E-04,-9.38E-05,0.398
0.18473,1.65E-04,-1.58E-04,0.76406,,0.18259,2.24E-04,-9.40E-05,0.39701
0.18404,1.66E-04,-1.58E-04,0.76008,,0.184,2.26E-04,-9.44E-05,0.3963
0.18429,1.70E-04,-1.56E-04,0.74251,,0.18419,2.27E-04,-9.47E-05,0.39601
0.18503,1.76E-04,-1.53E-04,0.71605,,0.18327,2.26E-04,-9.48E-05,0.39655
0.18388,1.81E-04,-1.51E-04,0.69403,,0.18378,2.26E-04,-9.48E-05,0.39686
0.18457,1.84E-04,-1.50E-04,0.68205,,0.1832,2.25E-04,-9.45E-05,0.39826
0.1848,1.85E-04,-1.49E-04,0.6798,,0.18239,2.23E-04,-9.38E-05,0.39816
0.18272,1.86E-04,-1.48E-04,0.67395,,0.18293,2.22E-04,-9.34E-05,0.39776
0.18284,1.86E-04,-1.49E-04,0.67559,,0.18208,2.22E-04,-9.31E-05,0.39645
0.18344,1.84E-04,-1.50E-04,0.68338,,0.18204,2.23E-04,-9.32E-05,0.39667
0.18244,1.81E-04,-1.51E-04,0.69571,,0.18308,2.23E-04,-9.35E-05,0.39782
0.18309,1.76E-04,-1.53E-04,0.71601,,0.18239,2.23E-04,-9.38E-05,0.39864
0.18299,1.71E-04,-1.56E-04,0.73744,,0.18185,2.23E-04,-9.38E-05,0.39896
0.18215,1.68E-04,-1.58E-04,0.75466,,0.18206,2.23E-04,-9.40E-05,0.39973
0.18306,1.67E-04,-1.57E-04,0.75639,,0.18185,2.23E-04,-9.41E-05,0.39979
0.18233,1.69E-04,-1.57E-04,0.74833,,0.18172,2.23E-04,-9.40E-05,0.39828
0.18187,1.74E-04,-1.55E-04,0.72825,,0.18244,2.24E-04,-9.40E-05,0.39796
0.18281,1.80E-04,-1.52E-04,0.70203,,0.18139,2.24E-04,-9.37E-05,0.39698
0.18251,1.84E-04,-1.50E-04,0.68309,,0.18196,2.24E-04,-9.36E-05,0.39596
0.1821,1.87E-04,-1.49E-04,0.6731,,0.18212,2.24E-04,-9.36E-05,0.39533
0.18266,1.86E-04,-1.50E-04,0.67677,,0.18048,2.25E-04,-9.38E-05,0.39577
0.18148,1.83E-04,-1.51E-04,0.68858,,0.1805,2.24E-04,-9.39E-05,0.39663
0.18122,1.80E-04,-1.52E-04,0.70049,,0.18115,2.24E-04,-9.36E-05,0.3966
0.18177,1.77E-04,-1.53E-04,0.71345,,0.18029,2.22E-04,-9.32E-05,0.39683
0.18157,1.74E-04,-1.55E-04,0.72582,,0.18079,2.22E-04,-9.30E-05,0.39655
0.18118,1.72E-04,-1.56E-04,0.73718,,0.18108,2.22E-04,-9.29E-05,0.39649
0.18144,1.71E-04,-1.56E-04,0.7395,,0.18031,2.23E-04,-9.35E-05,0.39734
0.18061,1.70E-04,-1.56E-04,0.74163,,0.18101,2.24E-04,-9.38E-05,0.39625
0.18006,1.70E-04,-1.57E-04,0.7432,,0.18048,2.25E-04,-9.39E-05,0.39583
0.18071,1.70E-04,-1.57E-04,0.74351,,0.1798,2.25E-04,-9.40E-05,0.39574
0.17989,1.71E-04,-1.56E-04,0.74139,,0.18021,2.26E-04,-9.41E-05,0.39533
0.18015,1.72E-04,-1.55E-04,0.73384,,0.17984,2.25E-04,-9.42E-05,0.39634
0.18073,1.74E-04,-1.54E-04,0.724,,0.17966,2.24E-04,-9.40E-05,0.39669
0.18,1.78E-04,-1.53E-04,0.70979,,0.18033,2.24E-04,-9.38E-05,0.39625
0.18039,1.80E-04,-1.51E-04,0.69839,,0.18005,2.25E-04,-9.38E-05,0.39577
0.18006,1.83E-04,-1.50E-04,0.68802,,0.17837,2.25E-04,-9.35E-05,0.39432
0.17929,1.82E-04,-1.50E-04,0.69008,,0.17879,2.25E-04,-9.35E-05,0.39416
0.18032,1.80E-04,-1.52E-04,0.70268,,0.17903,2.25E-04,-9.39E-05,0.39552
0.18049,1.77E-04,-1.54E-04,0.71581,,0.17899,2.25E-04,-9.40E-05,0.39558
0.17955,1.73E-04,-1.55E-04,0.72814,,0.17888,2.26E-04,-9.43E-05,0.39561
0.18008,1.71E-04,-1.56E-04,0.7377,,0.17811,2.26E-04,-9.42E-05,0.39445
0.17945,1.70E-04,-1.57E-04,0.7429,,0.17764,2.27E-04,-9.42E-05,0.39413
0.17861,1.72E-04,-1.56E-04,0.73811,,0.1782,2.27E-04,-9.43E-05,0.39404
0.17903,1.73E-04,-1.56E-04,0.73333,,0.17743,2.27E-04,-9.44E-05,0.39457
0.1785,1.74E-04,-1.55E-04,0.72621,,0.17786,2.26E-04,-9.44E-05,0.39536
0.17849,1.77E-04,-1.54E-04,0.71502,,0.17841,2.26E-04,-9.40E-05,0.39432
0.17908,1.80E-04,-1.52E-04,0.70148,,0.17771,2.26E-04,-9.39E-05,0.39441
0.17873,1.82E-04,-1.51E-04,0.69311,,0.17815,2.26E-04,-9.38E-05,0.39419
0.17841,1.83E-04,-1.51E-04,0.68879,,0.17783,2.26E-04,-9.39E-05,0.39441
0.17835,1.85E-04,-1.50E-04,0.68138,,0.1771,2.25E-04,-9.36E-05,0.39391
0.17752,1.85E-04,-1.49E-04,0.67934,,0.17738,2.25E-04,-9.35E-05,0.39369
0.17863,1.84E-04,-1.49E-04,0.68086,,0.17752,2.25E-04,-9.37E-05,0.3946
0.17876,1.84E-04,-1.50E-04,0.6843,,0.177,2.26E-04,-9.39E-05,0.39426
0.17801,1.83E-04,-1.50E-04,0.68597,,0.17755,2.26E-04,-9.38E-05,0.39309
0.17867,1.83E-04,-1.50E-04,0.68927,,0.17652,2.26E-04,-9.38E-05,0.39278
0.17794,1.80E-04,-1.52E-04,0.69941,,0.17625,2.27E-04,-9.40E-05,0.39244
0.17756,1.77E-04,-1.53E-04,0.71345,,0.17689,2.27E-04,-9.41E-05,0.39282
0.17746,1.75E-04,-1.54E-04,0.72262,,0.17594,2.27E-04,-9.42E-05,0.39335
0.17717,1.74E-04,-1.54E-04,0.72575,,0.17662,2.26E-04,-9.39E-05,0.39347
0.17769,1.74E-04,-1.54E-04,0.72657,,0.17635,2.25E-04,-9.35E-05,0.39321
0.17703,1.74E-04,-1.54E-04,0.72661,,0.17558,2.25E-04,-9.35E-05,0.394
0.17608,1.75E-04,-1.53E-04,0.71972,,0.17617,2.24E-04,-9.33E-05,0.39466
0.17606,1.78E-04,-1.52E-04,0.70807,,0.1754,2.25E-04,-9.33E-05,0.39387
0.17683,1.80E-04,-1.51E-04,0.69692,,0.17568,2.25E-04,-9.35E-05,0.39384
0.17581,1.83E-04,-1.50E-04,0.68478,,0.17609,2.26E-04,-9.37E-05,0.39381
0.17633,1.85E-04,-1.48E-04,0.67494,,0.17526,2.25E-04,-9.37E-05,0.39397
0.17647,1.86E-04,-1.48E-04,0.66968,,0.17503,2.26E-04,-9.39E-05,0.39316
0.17597,1.86E-04,-1.48E-04,0.67217,,0.17515,2.27E-04,-9.43E-05,0.39326
0.17636,1.84E-04,-1.48E-04,0.67838,,0.1746,2.27E-04,-9.41E-05,0.39344
0.1756,1.81E-04,-1.50E-04,0.69213,,0.17502,2.26E-04,-9.38E-05,0.39325
0.17559,1.77E-04,-1.52E-04,0.71049,,0.17496,2.25E-04,-9.34E-05,0.39378
0.17627,1.74E-04,-1.54E-04,0.72628,,0.17417,2.25E-04,-9.31E-05,0.39296
0.1752,1.72E-04,-1.55E-04,0.73558,,0.17451,2.24E-04,-9.31E-05,0.39375
0.17576,1.70E-04,-1.56E-04,0.74211,,0.17409,2.24E-04,-9.30E-05,0.39416
0.17563,1.69E-04,-1.56E-04,0.74417,,0.17412,2.23E-04,-9.30E-05,0.39447
0.17475,1.70E-04,-1.55E-04,0.74013,,0.17463,2.23E-04,-9.30E-05,0.39479
0.17503,1.72E-04,-1.54E-04,0.72959,,0.17399,2.24E-04,-9.31E-05,0.39438
0.1746,1.77E-04,-1.52E-04,0.70914,,0.17351,2.23E-04,-9.30E-05,0.39479
0.17402,1.81E-04,-1.50E-04,0.68962,,0.17401,2.23E-04,-9.30E-05,0.39559
0.17526,1.84E-04,-1.48E-04,0.67712,,0.17334,2.22E-04,-9.28E-05,0.3953
0.175,1.87E-04,-1.47E-04,0.66613,,0.17368,2.23E-04,-9.29E-05,0.39552
0.17425,1.88E-04,-1.47E-04,0.66307,,0.17422,2.23E-04,-9.28E-05,0.39482
0.175,1.88E-04,-1.47E-04,0.66491,,0.17321,2.24E-04,-9.30E-05,0.39416
0.17415,1.87E-04,-1.47E-04,0.66751,,0.17382,2.25E-04,-9.33E-05,0.39356
0.17411,1.85E-04,-1.48E-04,0.67303,,0.17363,2.25E-04,-9.35E-05,0.39432
0.17466,1.81E-04,-1.50E-04,0.6913,,0.1728,2.25E-04,-9.36E-05,0.39454
0.17367,1.76E-04,-1.52E-04,0.71143,,0.17241,2.25E-04,-9.34E-05,0.39331
0.17429,1.73E-04,-1.53E-04,0.72542,,0.17262,2.25E-04,-9.34E-05,0.39362
0.17424,1.71E-04,-1.54E-04,0.73401,,0.17249,2.25E-04,-9.34E-05,0.39346
0.17249,1.72E-04,-1.54E-04,0.73075,,0.1732,2.25E-04,-9.35E-05,0.39337
0.17286,1.76E-04,-1.52E-04,0.71227,,0.17179,2.26E-04,-9.38E-05,0.39372
0.17318,1.81E-04,-1.49E-04,0.68792,,0.17123,2.27E-04,-9.37E-05,0.39225
0.1731,1.85E-04,-1.47E-04,0.67197,,0.17158,2.27E-04,-9.37E-05,0.39116
0.17294,1.87E-04,-1.47E-04,0.66481,,0.17187,2.27E-04,-9.37E-05,0.39116
0.17226,1.87E-04,-1.46E-04,0.66448,,0.17127,2.27E-04,-9.39E-05,0.39238
0.17176,1.85E-04,-1.47E-04,0.67005,,0.17175,2.28E-04,-9.39E-05,0.39145
0.17213,1.83E-04,-1.48E-04,0.67959,,0.17129,2.28E-04,-9.38E-05,0.39061
0.17141,1.79E-04,-1.49E-04,0.69589,,0.1715,2.28E-04,-9.38E-05,0.39076
0.17196,1.75E-04,-1.51E-04,0.71027,,0.17122,2.27E-04,-9.37E-05,0.39101
0.17215,1.73E-04,-1.52E-04,0.72075,,0.17053,2.26E-04,-9.33E-05,0.3909
0.17195,1.71E-04,-1.52E-04,0.72878,,0.17077,2.25E-04,-9.29E-05,0.39125
0.1719,1.70E-04,-1.52E-04,0.73174,,0.17134,2.25E-04,-9.29E-05,0.39188
0.1714,1.71E-04,-1.52E-04,0.72679,,0.17053,2.24E-04,-9.29E-05,0.39298
0.1715,1.73E-04,-1.50E-04,0.71501,,0.17097,2.24E-04,-9.31E-05,0.3939
0.17194,1.76E-04,-1.49E-04,0.70373,,0.17068,2.24E-04,-9.31E-05,0.3939
0.17189,1.79E-04,-1.48E-04,0.69055,,0.16991,2.24E-04,-9.33E-05,0.39435
0.17099,1.82E-04,-1.47E-04,0.67982,,0.17045,2.25E-04,-9.30E-05,0.39258
0.17161,1.84E-04,-1.46E-04,0.67128,,0.17039,2.25E-04,-9.31E-05,0.39233
0.1709,1.85E-04,-1.45E-04,0.66466,,0.16999,2.26E-04,-9.32E-05,0.39192
0.17031,1.85E-04,-1.45E-04,0.66444,,0.17024,2.25E-04,-9.33E-05,0.39261
0.17073,1.85E-04,-1.45E-04,0.66324,,0.16944,2.26E-04,-9.34E-05,0.39252
0.1709,1.85E-04,-1.45E-04,0.66205,,0.16911,2.26E-04,-9.33E-05,0.39136
0.17017,1.86E-04,-1.44E-04,0.66011,,0.16932,2.27E-04,-9.35E-05,0.39118
0.17055,1.85E-04,-1.44E-04,0.66123,,0.16874,2.27E-04,-9.36E-05,0.39125
0.16998,1.85E-04,-1.44E-04,0.66056,,0.16908,2.27E-04,-9.34E-05,0.39112
0.1701,1.85E-04,-1.44E-04,0.65996,,0.16932,2.26E-04,-9.36E-05,0.39297
0.16999,1.85E-04,-1.44E-04,0.6603,,0.16902,2.26E-04,-9.34E-05,0.39252
0.16917,1.86E-04,-1.44E-04,0.65985,,0.16902,2.25E-04,-9.30E-05,0.39163
0.17006,1.87E-04,-1.43E-04,0.65241,,0.16844,2.25E-04,-9.28E-05,0.39166
0.1705,1.88E-04,-1.42E-04,0.64723,,0.16794,2.25E-04,-9.28E-05,0.3915
0.17001,1.90E-04,-1.42E-04,0.64215,,0.16837,2.25E-04,-9.30E-05,0.39163
0.16923,1.90E-04,-1.41E-04,0.63979,,0.16897,2.26E-04,-9.30E-05,0.39101
0.1699,1.90E-04,-1.42E-04,0.64046,,0.16828,2.26E-04,-9.31E-05,0.39076
0.16905,1.88E-04,-1.42E-04,0.64647,,0.16824,2.27E-04,-9.32E-05,0.3899
0.16893,1.87E-04,-1.43E-04,0.65175,,0.16807,2.27E-04,-9.35E-05,0.39103
0.16892,1.86E-04,-1.43E-04,0.65775,,0.1682,2.26E-04,-9.35E-05,0.39181
0.16853,1.84E-04,-1.44E-04,0.66289,,0.1687,2.26E-04,-9.33E-05,0.39121
0.16906,1.84E-04,-1.43E-04,0.66149,,0.1678,2.25E-04,-9.29E-05,0.3911
0.16893,1.86E-04,-1.43E-04,0.65572,,0.16834,2.25E-04,-9.27E-05,0.39065
0.1681,1.89E-04,-1.41E-04,0.64138,,0.16811,2.25E-04,-9.27E-05,0.39018
0.16837,1.95E-04,-1.39E-04,0.61976,,0.16724,2.26E-04,-9.31E-05,0.39107
0.168,2.00E-04,-1.37E-04,0.60048,,0.16706,2.26E-04,-9.30E-05,0.39023
0.1681,2.03E-04,-1.36E-04,0.59016,,0.16714,2.26E-04,-9.29E-05,0.39032
0.16862,2.04E-04,-1.35E-04,0.58404,,0.16717,2.25E-04,-9.29E-05,0.3911
0.16845,2.05E-04,-1.35E-04,0.58156,,0.16687,2.25E-04,-9.28E-05,0.39072
0.16825,2.03E-04,-1.35E-04,0.58721,,0.1662,2.26E-04,-9.30E-05,0.39038
0.16834,2.01E-04,-1.36E-04,0.5944,,0.16591,2.26E-04,-9.31E-05,0.39092
0.16758,2.00E-04,-1.36E-04,0.5989,,0.1661,2.25E-04,-9.28E-05,0.39119
0.16699,2.00E-04,-1.36E-04,0.59867,,0.16565,2.24E-04,-9.27E-05,0.39175
0.16736,2.00E-04,-1.36E-04,0.59937,,0.16614,2.25E-04,-9.29E-05,0.39204
0.16713,2.00E-04,-1.36E-04,0.59718,,0.16661,2.26E-04,-9.32E-05,0.39145
0.1677,2.01E-04,-1.36E-04,0.5951,,0.1659,2.26E-04,-9.31E-05,0.3903
0.16667,2.01E-04,-1.35E-04,0.59178,,0.16593,2.27E-04,-9.29E-05,0.38877
0.16597,2.03E-04,-1.34E-04,0.58413,,0.16517,2.27E-04,-9.30E-05,0.38961
0.16614,2.06E-04,-1.33E-04,0.57261,,0.16598,2.26E-04,-9.27E-05,0.38972
0.1667,2.09E-04,-1.32E-04,0.56303,,0.16629,2.25E-04,-9.26E-05,0.39074
0.16574,2.10E-04,-1.31E-04,0.55607,,0.16552,2.25E-04,-9.28E-05,0.39103
0.16638,2.11E-04,-1.30E-04,0.5521,,0.16602,2.25E-04,-9.27E-05,0.39018
0.16647,2.10E-04,-1.30E-04,0.55526,,0.16538,2.26E-04,-9.29E-05,0.39063
0.16572,2.10E-04,-1.30E-04,0.55654,,0.16489,2.26E-04,-9.29E-05,0.38938
0.16647,2.10E-04,-1.30E-04,0.55521,,0.16539,2.26E-04,-9.33E-05,0.3909
0.16593,2.10E-04,-1.30E-04,0.55285,,0.16463,2.27E-04,-9.32E-05,0.39036
0.16538,2.11E-04,-1.29E-04,0.54901,,0.16507,2.26E-04,-9.28E-05,0.38947
0.16581,2.12E-04,-1.29E-04,0.54526,,0.16519,2.24E-04,-9.24E-05,0.39061
0.16553,2.12E-04,-1.28E-04,0.54256,,0.16441,2.24E-04,-9.21E-05,0.39088
0.16537,2.13E-04,-1.28E-04,0.53918,,0.16388,2.24E-04,-9.21E-05,0.39056
0.16602,2.15E-04,-1.26E-04,0.53148,,0.16421,2.25E-04,-9.22E-05,0.38953
0.16474,2.17E-04,-1.25E-04,0.52345,,0.16402,2.25E-04,-9.21E-05,0.38884
0.16403,2.18E-04,-1.25E-04,0.5185,,0.16398,2.25E-04,-9.25E-05,0.3902
0.16439,2.18E-04,-1.24E-04,0.51747,,0.16331,2.25E-04,-9.24E-05,0.38967
0.16485,2.18E-04,-1.25E-04,0.51949,,0.1629,2.25E-04,-9.27E-05,0.3905
0.16394,2.16E-04,-1.25E-04,0.52312,,0.1633,2.25E-04,-9.27E-05,0.39018
0.16462,2.15E-04,-1.25E-04,0.52834,,0.16263,2.25E-04,-9.24E-05,0.38951
0.16441,2.14E-04,-1.25E-04,0.52956,,0.16302,2.25E-04,-9.24E-05,0.3892
0.16425,2.14E-04,-1.25E-04,0.5272,,0.16317,2.25E-04,-9.23E-05,0.38866
0.16443,2.16E-04,-1.24E-04,0.52159,,0.16297,2.26E-04,-9.24E-05,0.38873
0.16375,2.18E-04,-1.23E-04,0.51269,,0.16302,2.26E-04,-9.26E-05,0.38856
0.16347,2.21E-04,-1.21E-04,0.50239,,0.16231,2.27E-04,-9.29E-05,0.38892
0.16395,2.23E-04,-1.20E-04,0.49314,,0.16196,2.27E-04,-9.29E-05,0.38907
0.16359,2.24E-04,-1.19E-04,0.48813,,0.16324,2.26E-04,-9.30E-05,0.38992
0.16371,2.24E-04,-1.19E-04,0.48778,,0.16273,2.26E-04,-9.30E-05,0.38976
0.16342,2.24E-04,-1.19E-04,0.48622,,0.16215,2.27E-04,-9.29E-05,0.3883
0.16259,2.24E-04,-1.19E-04,0.48622,,0.16261,2.28E-04,-9.29E-05,0.38738
0.1624,2.24E-04,-1.19E-04,0.48768,,0.16185,2.28E-04,-9.28E-05,0.387
0.16292,2.24E-04,-1.18E-04,0.48682,,0.16224,2.27E-04,-9.29E-05,0.38784
0.16207,2.24E-04,-1.18E-04,0.4836,,0.16246,2.27E-04,-9.29E-05,0.38877
0.16256,2.25E-04,-1.17E-04,0.48058,,0.1617,2.26E-04,-9.25E-05,0.38865
0.16256,2.25E-04,-1.17E-04,0.47722,,0.16218,2.25E-04,-9.26E-05,0.38996
0.16171,2.26E-04,-1.16E-04,0.47386,,0.16148,2.25E-04,-9.25E-05,0.38958
0.1624,2.27E-04,-1.15E-04,0.46944,,0.16124,2.26E-04,-9.23E-05,0.38835
0.1616,2.29E-04,-1.14E-04,0.46382,,0.16177,2.26E-04,-9.24E-05,0.38796
0.16132,2.30E-04,-1.13E-04,0.45772,,0.16136,2.27E-04,-9.27E-05,0.38755
0.1628,2.31E-04,-1.13E-04,0.45616,,0.16153,2.27E-04,-9.26E-05,0.38702
0.1623,2.30E-04,-1.13E-04,0.45702,,0.16124,2.26E-04,-9.26E-05,0.38856
0.16157,2.29E-04,-1.13E-04,0.4584,,0.16058,2.25E-04,-9.23E-05,0.38913
0.16167,2.29E-04,-1.13E-04,0.45962,,0.16082,2.24E-04,-9.21E-05,0.38962
0.16138,2.28E-04,-1.13E-04,0.46049,,0.1603,2.24E-04,-9.22E-05,0.39063
0.16102,2.28E-04,-1.13E-04,0.45961,,0.16049,2.24E-04,-9.22E-05,0.38984
0.16173,2.29E-04,-1.13E-04,0.45751,,0.16087,2.26E-04,-9.25E-05,0.38787
0.16144,2.29E-04,-1.12E-04,0.45557,,0.1603,2.27E-04,-9.28E-05,0.38762
0.16094,2.29E-04,-1.12E-04,0.45436,,0.15984,2.28E-04,-9.31E-05,0.38752
0.16117,2.30E-04,-1.12E-04,0.45175,,0.15981,2.29E-04,-9.34E-05,0.38665
0.16048,2.31E-04,-1.11E-04,0.44776,,0.15963,2.30E-04,-9.35E-05,0.38642
0.15995,2.32E-04,-1.10E-04,0.44412,,0.16007,2.30E-04,-9.33E-05,0.38567
0.16035,2.32E-04,-1.10E-04,0.44291,,0.15934,2.29E-04,-9.30E-05,0.38531
0.15972,2.32E-04,-1.10E-04,0.44221,,0.15868,2.28E-04,-9.30E-05,0.38668
0.15994,2.32E-04,-1.10E-04,0.44167,,0.15894,2.28E-04,-9.30E-05,0.3876
0.16086,2.32E-04,-1.10E-04,0.442,,0.15847,2.27E-04,-9.25E-05,0.38695
0.16016,2.32E-04,-1.10E-04,0.44182,,0.15861,2.27E-04,-9.24E-05,0.38672
0.15989,2.31E-04,-1.10E-04,0.44284,,0.15895,2.27E-04,-9.25E-05,0.38679
0.15969,2.31E-04,-1.09E-04,0.44197,,0.15839,2.28E-04,-9.26E-05,0.38655
0.1596,2.31E-04,-1.09E-04,0.44057,,0.15874,2.27E-04,-9.28E-05,0.38746
0.15986,2.32E-04,-1.09E-04,0.43835,,0.1583,2.27E-04,-9.25E-05,0.38741
0.16014,2.33E-04,-1.08E-04,0.43439,,0.1577,2.27E-04,-9.24E-05,0.38718
0.15955,2.34E-04,-1.08E-04,0.43032,,0.15801,2.27E-04,-9.28E-05,0.38808
0.15981,2.35E-04,-1.07E-04,0.42592,,0.1589,2.27E-04,-9.30E-05,0.38822
0.15945,2.36E-04,-1.07E-04,0.42442,,0.15807,2.27E-04,-9.31E-05,0.38952
0.15879,2.36E-04,-1.06E-04,0.42404,,0.15812,2.27E-04,-9.31E-05,0.38999
0.15894,2.35E-04,-1.06E-04,0.42377,,0.15794,2.26E-04,-9.31E-05,0.39045
0.15858,2.35E-04,-1.06E-04,0.42473,,0.15735,2.26E-04,-9.27E-05,0.38909
0.15869,2.34E-04,-1.06E-04,0.42521,,0.15765,2.27E-04,-9.24E-05,0.38718
0.15912,2.34E-04,-1.06E-04,0.42434,,0.15786,2.27E-04,-9.26E-05,0.38686
0.15803,2.35E-04,-1.06E-04,0.42402,,0.15719,2.27E-04,-9.26E-05,0.38686
0.15788,2.35E-04,-1.06E-04,0.4237,,0.15757,2.26E-04,-9.24E-05,0.38749
0.15837,2.35E-04,-1.05E-04,0.42098,,0.15701,2.26E-04,-9.25E-05,0.38803
0.15766,2.36E-04,-1.05E-04,0.4174,,0.15685,2.27E-04,-9.27E-05,0.38739
0.15808,2.37E-04,-1.04E-04,0.41336,,0.1569,2.27E-04,-9.25E-05,0.38695
0.15815,2.39E-04,-1.03E-04,0.40823,,0.15623,2.27E-04,-9.24E-05,0.38718
0.15778,2.40E-04,-1.03E-04,0.40419,,0.15704,2.26E-04,-9.24E-05,0.3878
0.15811,2.41E-04,-1.02E-04,0.40223,,0.15716,2.26E-04,-9.24E-05,0.38873
0.15747,2.40E-04,-1.02E-04,0.40233,,0.15645,2.26E-04,-9.23E-05,0.38851
0.15697,2.39E-04,-1.02E-04,0.40419,,0.15631,2.26E-04,-9.22E-05,0.38782
0.15748,2.38E-04,-1.03E-04,0.40758,,0.15632,2.26E-04,-9.21E-05,0.38636
0.15713,2.37E-04,-1.03E-04,0.41013,,0.15602,2.27E-04,-9.22E-05,0.38581
0.15724,2.36E-04,-1.03E-04,0.4107,,0.15649,2.27E-04,-9.26E-05,0.38686
0.15704,2.36E-04,-1.03E-04,0.41152,,0.15571,2.27E-04,-9.24E-05,0.38611
0.15629,2.36E-04,-1.03E-04,0.4107,,0.15618,2.28E-04,-9.25E-05,0.38618
0.15596,2.37E-04,-1.03E-04,0.40835,,0.15606,2.28E-04,-9.21E-05,0.38467
0.15627,2.38E-04,-1.02E-04,0.40474,,0.15534,2.27E-04,-9.20E-05,0.38552
0.15565,2.40E-04,-1.01E-04,0.4,,0.1553,2.26E-04,-9.21E-05,0.38697
0.15606,2.41E-04,-1.01E-04,0.39579,,0.15541,2.25E-04,-9.20E-05,0.38752
0.15691,2.42E-04,-1.00E-04,0.39314,,0.15521,2.25E-04,-9.21E-05,0.38837
0.15611,2.42E-04,-9.99E-05,0.39194,,0.15525,2.25E-04,-9.22E-05,0.38844
0.15608,2.42E-04,-9.98E-05,0.39173,,0.15458,2.25E-04,-9.21E-05,0.38821
0.15569,2.41E-04,-9.98E-05,0.39246,,0.15433,2.25E-04,-9.21E-05,0.38821
0.1556,2.41E-04,-9.98E-05,0.39276,,0.15474,2.25E-04,-9.21E-05,0.3879
0.15606,2.40E-04,-9.98E-05,0.39364,,0.15392,2.25E-04,-9.20E-05,0.38846
0.15604,2.40E-04,-1.00E-04,0.39553,,0.15437,2.24E-04,-9.22E-05,0.39
0.15531,2.39E-04,-1.00E-04,0.39729,,0.15437,2.24E-04,-9.19E-05,0.38901
0.15579,2.39E-04,-1.00E-04,0.39809,,0.15413,2.24E-04,-9.20E-05,0.38955
0.15512,2.39E-04,-1.00E-04,0.39693,,0.15414,2.25E-04,-9.22E-05,0.38953
0.15469,2.40E-04,-9.95E-05,0.39361,,0.15352,2.25E-04,-9.22E-05,0.38922
0.155,2.41E-04,-9.90E-05,0.3905,,0.15393,2.25E-04,-9.21E-05,0.38853
0.15439,2.41E-04,-9.86E-05,0.38821,,0.15434,2.25E-04,-9.20E-05,0.38799
0.1547,2.42E-04,-9.83E-05,0.38642,,0.15402,2.25E-04,-9.18E-05,0.38707
0.15494,2.42E-04,-9.83E-05,0.38613,,0.15401,2.26E-04,-9.21E-05,0.38697
0.15425,2.42E-04,-9.81E-05,0.38542,,0.15386,2.27E-04,-9.22E-05,0.38627
0.15424,2.41E-04,-9.79E-05,0.38543,,0.1532,2.28E-04,-9.26E-05,0.38594
0.15403,2.41E-04,-9.79E-05,0.38629,,0.15303,2.29E-04,-9.26E-05,0.38457
0.15394,2.41E-04,-9.78E-05,0.38579,,0.15298,2.29E-04,-9.28E-05,0.38471
0.15443,2.40E-04,-9.78E-05,0.38637,,0.15307,2.29E-04,-9.27E-05,0.38479
0.15375,2.41E-04,-9.78E-05,0.38594,,0.15352,2.28E-04,-9.25E-05,0.38526
0.15412,2.41E-04,-9.76E-05,0.38436,,0.15209,2.28E-04,-9.25E-05,0.38618
0.15421,2.42E-04,-9.74E-05,0.38264,,0.1518,2.27E-04,-9.21E-05,0.3862
0.15347,2.43E-04,-9.68E-05,0.37937,,0.15235,2.26E-04,-9.17E-05,0.38607
0.15339,2.44E-04,-9.63E-05,0.37633,,0.15217,2.26E-04,-9.16E-05,0.38569
0.15338,2.44E-04,-9.61E-05,0.37506,,0.15192,2.26E-04,-9.17E-05,0.38499
0.15311,2.44E-04,-9.61E-05,0.3752,,0.15207,2.27E-04,-9.20E-05,0.3846
0.15354,2.44E-04,-9.60E-05,0.37484,,0.15141,2.28E-04,-9.21E-05,0.3839
0.15343,2.44E-04,-9.59E-05,0.37449,,0.15189,2.28E-04,-9.23E-05,0.38405
0.15207,2.44E-04,-9.57E-05,0.37405,,0.15124,2.29E-04,-9.23E-05,0.38329
0.15249,2.44E-04,-9.55E-05,0.37334,,0.15091,2.28E-04,-9.21E-05,0.3833
0.1519,2.44E-04,-9.54E-05,0.37313,,0.15209,2.28E-04,-9.21E-05,0.38375
0.15213,2.44E-04,-9.54E-05,0.37299,,0.15168,2.28E-04,-9.22E-05,0.38413
0.15242,2.44E-04,-9.55E-05,0.37348,,0.15108,2.28E-04,-9.24E-05,0.38504
0.15176,2.44E-04,-9.54E-05,0.37299,,0.15158,2.27E-04,-9.21E-05,0.38482
0.15217,2.44E-04,-9.53E-05,0.37291,,0.15079,2.26E-04,-9.16E-05,0.38477
0.15164,2.44E-04,-9.53E-05,0.37291,,0.15076,2.26E-04,-9.14E-05,0.38493
0.15109,2.44E-04,-9.50E-05,0.37129,,0.15115,2.26E-04,-9.14E-05,0.38509
0.15229,2.45E-04,-9.48E-05,0.36961,,0.15041,2.26E-04,-9.15E-05,0.38547
0.15211,2.45E-04,-9.43E-05,0.36701,,0.15088,2.26E-04,-9.19E-05,0.38606
0.15139,2.46E-04,-9.39E-05,0.36477,,0.15058,2.26E-04,-9.18E-05,0.38537
0.15146,2.46E-04,-9.39E-05,0.36491,,0.14991,2.26E-04,-9.20E-05,0.38598
0.15075,2.45E-04,-9.39E-05,0.36572,,0.15024,2.26E-04,-9.18E-05,0.38553
0.15118,2.45E-04,-9.38E-05,0.36591,,0.14976,2.26E-04,-9.17E-05,0.38484
0.15161,2.45E-04,-9.40E-05,0.36704,,0.14992,2.27E-04,-9.17E-05,0.38407
0.15124,2.44E-04,-9.40E-05,0.36772,,0.15021,2.27E-04,-9.17E-05,0.38331
0.15134,2.44E-04,-9.37E-05,0.36638,,0.14937,2.28E-04,-9.17E-05,0.3827
0.15107,2.45E-04,-9.32E-05,0.3635,,0.14928,2.28E-04,-9.17E-05,0.38179
0.15042,2.46E-04,-9.29E-05,0.36122,,0.14949,2.28E-04,-9.20E-05,0.38292
0.15022,2.47E-04,-9.27E-05,0.35944,,0.14897,2.28E-04,-9.20E-05,0.38322
0.15022,2.47E-04,-9.24E-05,0.35864,,0.14935,2.28E-04,-9.21E-05,0.38375
0.15037,2.46E-04,-9.25E-05,0.3598,,0.14899,2.28E-04,-9.22E-05,0.38505
0.15073,2.46E-04,-9.26E-05,0.36055,,0.14911,2.27E-04,-9.19E-05,0.38544
0.14947,2.45E-04,-9.24E-05,0.36024,,0.14883,2.26E-04,-9.17E-05,0.38592
0.14921,2.45E-04,-9.22E-05,0.3598,,0.14835,2.26E-04,-9.16E-05,0.38569
0.14964,2.45E-04,-9.23E-05,0.36016,,0.14851,2.26E-04,-9.14E-05,0.38462
0.14899,2.45E-04,-9.21E-05,0.35904,,0.14896,2.26E-04,-9.12E-05,0.38355
0.14937,2.46E-04,-9.19E-05,0.35819,,0.14844,2.27E-04,-9.17E-05,0.38407
0.14928,2.46E-04,-9.18E-05,0.3573,,0.14843,2.27E-04,-9.20E-05,0.3849
0.14871,2.47E-04,-9.16E-05,0.35539,,0.14818,2.27E-04,-9.18E-05,0.38476
0.14917,2.47E-04,-9.14E-05,0.35415,,0.14815,2.26E-04,-9.16E-05,0.38554
0.14857,2.47E-04,-9.10E-05,0.3526,,0.14856,2.26E-04,-9.15E-05,0.38531
0.14843,2.47E-04,-9.09E-05,0.35277,,0.14807,2.26E-04,-9.16E-05,0.38508
0.14887,2.47E-04,-9.10E-05,0.35352,,0.14831,2.26E-04,-9.16E-05,0.38492
0.14888,2.46E-04,-9.11E-05,0.35453,,0.14792,2.26E-04,-9.15E-05,0.3847
0.14859,2.46E-04,-9.11E-05,0.3544,,0.14747,2.26E-04,-9.14E-05,0.38432
0.14856,2.47E-04,-9.08E-05,0.35254,,0.14747,2.26E-04,-9.15E-05,0.38423
0.14792,2.47E-04,-9.05E-05,0.35068,,0.14724,2.26E-04,-9.14E-05,0.38447
0.14834,2.48E-04,-9.00E-05,0.34812,,0.14749,2.25E-04,-9.13E-05,0.38501
0.14859,2.48E-04,-8.97E-05,0.34705,,0.14769,2.25E-04,-9.14E-05,0.38524
0.14801,2.48E-04,-8.96E-05,0.34683,,0.14648,2.25E-04,-9.13E-05,0.38548
0.14808,2.48E-04,-8.95E-05,0.34699,,0.14656,2.25E-04,-9.13E-05,0.38517
0.14791,2.47E-04,-8.96E-05,0.34799,,0.14688,2.25E-04,-9.12E-05,0.38463
0.14738,2.47E-04,-8.98E-05,0.34936,,0.1466,2.26E-04,-9.10E-05,0.38356
0.14764,2.46E-04,-9.00E-05,0.35112,,0.14665,2.26E-04,-9.11E-05,0.38394
0.14709,2.46E-04,-9.02E-05,0.35171,,0.14621,2.25E-04,-9.09E-05,0.38426
0.14719,2.46E-04,-9.00E-05,0.35047,,0.14573,2.25E-04,-9.11E-05,0.38518
0.14752,2.47E-04,-8.96E-05,0.34786,,0.14609,2.25E-04,-9.11E-05,0.38533
0.14711,2.48E-04,-8.91E-05,0.34466,,0.14555,2.25E-04,-9.13E-05,0.38486
0.14687,2.49E-04,-8.89E-05,0.34305,,0.14578,2.27E-04,-9.16E-05,0.38385
0.14702,2.49E-04,-8.88E-05,0.34206,,0.14603,2.27E-04,-9.17E-05,0.38331
0.14631,2.50E-04,-8.85E-05,0.34086,,0.14573,2.28E-04,-9.20E-05,0.38322
0.14647,2.49E-04,-8.85E-05,0.34137,,0.1458,2.28E-04,-9.19E-05,0.38285
0.14707,2.49E-04,-8.87E-05,0.34259,,0.14531,2.28E-04,-9.15E-05,0.3824
0.14642,2.48E-04,-8.89E-05,0.34381,,0.14486,2.27E-04,-9.11E-05,0.38195
0.14638,2.48E-04,-8.86E-05,0.34325,,0.14574,2.26E-04,-9.08E-05,0.38218
0.1463,2.47E-04,-8.85E-05,0.34354,,0.14558,2.25E-04,-9.08E-05,0.38295
0.14605,2.47E-04,-8.85E-05,0.34392,,0.14498,2.25E-04,-9.06E-05,0.38265
0.14649,2.47E-04,-8.81E-05,0.3421,,0.14525,2.25E-04,-9.07E-05,0.38349
0.1464,2.48E-04,-8.81E-05,0.34197,,0.14468,2.25E-04,-9.08E-05,0.38403
0.14618,2.48E-04,-8.78E-05,0.34026,,0.14434,2.25E-04,-9.10E-05,0.38387
0.14632,2.49E-04,-8.73E-05,0.33734,,0.14474,2.26E-04,-9.12E-05,0.38371
0.14569,2.49E-04,-8.71E-05,0.33625,,0.14466,2.27E-04,-9.12E-05,0.38279
0.14552,2.50E-04,-8.68E-05,0.33467,,0.14424,2.26E-04,-9.09E-05,0.38318
0.14543,2.50E-04,-8.69E-05,0.33516,,0.14445,2.25E-04,-9.05E-05,0.38257
0.14525,2.49E-04,-8.72E-05,0.33698,,0.14387,2.25E-04,-9.04E-05,0.38265
0.14566,2.48E-04,-8.73E-05,0.33797,,0.1441,2.24E-04,-9.05E-05,0.3835
0.14565,2.48E-04,-8.71E-05,0.33788,,0.14376,2.25E-04,-9.06E-05,0.38342
0.14426,2.48E-04,-8.67E-05,0.33632,,0.14328,2.26E-04,-9.09E-05,0.38303
0.14439,2.49E-04,-8.65E-05,0.33485,,0.14352,2.26E-04,-9.11E-05,0.38256
0.14478,2.49E-04,-8.61E-05,0.33242,,0.1442,2.27E-04,-9.12E-05,0.38218
0.14405,2.50E-04,-8.58E-05,0.3306,,0.14349,2.27E-04,-9.11E-05,0.38165
0.14449,2.50E-04,-8.56E-05,0.3294,,0.14338,2.27E-04,-9.12E-05,0.38202
0.14457,2.51E-04,-8.53E-05,0.32772,,0.143,2.27E-04,-9.11E-05,0.38241
0.14417,2.51E-04,-8.52E-05,0.32736,,0.14315,2.26E-04,-9.11E-05,0.38256
0.14448,2.50E-04,-8.54E-05,0.32881,,0.14352,2.27E-04,-9.12E-05,0.38233
0.14395,2.50E-04,-8.55E-05,0.32953,,0.14338,2.27E-04,-9.12E-05,0.38279
0.1436,2.50E-04,-8.55E-05,0.32929,,0.1433,2.26E-04,-9.11E-05,0.38302
0.14398,2.50E-04,-8.53E-05,0.32881,,0.14324,2.26E-04,-9.10E-05,0.38295
0.14378,2.50E-04,-8.51E-05,0.32773,,0.14259,2.26E-04,-9.11E-05,0.38287
0.14368,2.50E-04,-8.52E-05,0.32821,,0.14267,2.26E-04,-9.11E-05,0.38256
0.1436,2.50E-04,-8.54E-05,0.32917,,0.14245,2.26E-04,-9.10E-05,0.3831
0.14295,2.50E-04,-8.51E-05,0.32822,,0.14235,2.25E-04,-9.09E-05,0.3838
0.1426,2.50E-04,-8.47E-05,0.32642,,0.14274,2.24E-04,-9.06E-05,0.38419
0.1429,2.51E-04,-8.46E-05,0.32558,,0.14163,2.23E-04,-9.05E-05,0.38505
0.14239,2.51E-04,-8.45E-05,0.32498,,0.14131,2.24E-04,-9.07E-05,0.3852
0.14265,2.51E-04,-8.43E-05,0.3239,,0.14167,2.24E-04,-9.08E-05,0.38543
0.14287,2.52E-04,-8.41E-05,0.32247,,0.14104,2.24E-04,-9.06E-05,0.3845
0.14272,2.52E-04,-8.39E-05,0.32175,,0.14137,2.24E-04,-9.04E-05,0.38436
0.1426,2.52E-04,-8.38E-05,0.32151,,0.14151,2.23E-04,-9.04E-05,0.38498
0.14217,2.51E-04,-8.40E-05,0.32283,,0.14086,2.23E-04,-9.03E-05,0.38444
0.14226,2.51E-04,-8.40E-05,0.32307,,0.14133,2.23E-04,-9.04E-05,0.38482
0.14268,2.51E-04,-8.36E-05,0.32127,,0.14073,2.23E-04,-9.06E-05,0.38528
0.14264,2.51E-04,-8.34E-05,0.32139,,0.14044,2.23E-04,-9.06E-05,0.38559
0.14194,2.50E-04,-8.34E-05,0.32175,,0.14085,2.23E-04,-9.06E-05,0.38575
0.14242,2.50E-04,-8.33E-05,0.32115,,0.14105,2.23E-04,-9.06E-05,0.38606
0.14182,2.52E-04,-8.29E-05,0.31841,,0.14053,2.22E-04,-9.03E-05,0.38679
0.1413,2.52E-04,-8.27E-05,0.31675,,0.14063,2.21E-04,-9.02E-05,0.38688
0.14159,2.52E-04,-8.26E-05,0.31627,,0.13998,2.22E-04,-9.03E-05,0.38695
0.14102,2.52E-04,-8.25E-05,0.31603,,0.14039,2.22E-04,-9.05E-05,0.38772
0.14113,2.52E-04,-8.25E-05,0.31662,,0.14069,2.22E-04,-9.08E-05,0.38778
0.14141,2.51E-04,-8.26E-05,0.31804,,0.14014,2.23E-04,-9.10E-05,0.38823
0.14095,2.50E-04,-8.27E-05,0.31923,,0.13998,2.22E-04,-9.07E-05,0.38818
0.14082,2.50E-04,-8.25E-05,0.31851,,0.14003,2.21E-04,-9.04E-05,0.38765
0.14079,2.51E-04,-8.19E-05,0.31552,,0.13952,2.21E-04,-8.98E-05,0.38596
0.14019,2.51E-04,-8.17E-05,0.31445,,0.13986,2.20E-04,-8.99E-05,0.38745
0.1409,2.51E-04,-8.16E-05,0.31397,,0.1399,2.21E-04,-9.00E-05,0.38737
0.14118,2.52E-04,-8.14E-05,0.31244,,0.13945,2.20E-04,-8.98E-05,0.38722
0.14059,2.53E-04,-8.10E-05,0.31008,,0.13968,2.19E-04,-8.97E-05,0.38811
0.14017,2.53E-04,-8.07E-05,0.30854,,0.13921,2.19E-04,-8.98E-05,0.38866
0.14052,2.53E-04,-8.07E-05,0.30877,,0.13882,2.20E-04,-8.97E-05,0.38779
0.13996,2.52E-04,-8.09E-05,0.31018,,0.13911,2.19E-04,-8.96E-05,0.38787
0.14019,2.52E-04,-8.09E-05,0.31099,,0.13862,2.19E-04,-8.98E-05,0.3885
0.14046,2.51E-04,-8.05E-05,0.31024,,0.13888,2.20E-04,-8.96E-05,0.38692
0.13983,2.51E-04,-8.05E-05,0.31035,,0.13899,2.20E-04,-8.98E-05,0.38706
0.14017,2.51E-04,-8.03E-05,0.30963,,0.13831,2.20E-04,-8.98E-05,0.3869
0.13982,2.51E-04,-8.06E-05,0.3113,,0.13838,2.21E-04,-8.99E-05,0.38619
0.13923,2.51E-04,-8.03E-05,0.31009,,0.13827,2.22E-04,-9.01E-05,0.38617
0.13918,2.51E-04,-7.99E-05,0.30784,,0.13811,2.22E-04,-9.02E-05,0.38625
0.13906,2.52E-04,-7.96E-05,0.30573,,0.13847,2.22E-04,-9.04E-05,0.38702
0.13903,2.52E-04,-7.97E-05,0.30597,,0.13845,2.23E-04,-9.05E-05,0.3863
0.13922,2.52E-04,-7.97E-05,0.3062,,0.13792,2.23E-04,-9.04E-05,0.38592
0.13873,2.52E-04,-7.98E-05,0.30645,,0.13785,2.22E-04,-8.98E-05,0.38501
0.13839,2.53E-04,-7.95E-05,0.30491,,0.13779,2.20E-04,-8.95E-05,0.38605
0.13878,2.53E-04,-7.93E-05,0.30419,,0.1376,2.19E-04,-8.94E-05,0.38741
0.13818,2.52E-04,-7.94E-05,0.30478,,0.1376,2.18E-04,-8.89E-05,0.38705
0.13848,2.52E-04,-7.94E-05,0.30523,,0.13735,2.18E-04,-8.91E-05,0.38784
0.13875,2.52E-04,-7.92E-05,0.30474,,0.13772,2.19E-04,-8.90E-05,0.38664
0.13828,2.52E-04,-7.90E-05,0.30402,,0.13766,2.19E-04,-8.90E-05,0.38648
0.13859,2.52E-04,-7.90E-05,0.30402,,0.13653,2.19E-04,-8.95E-05,0.38764
0.13828,2.52E-04,-7.89E-05,0.30354,,0.13681,2.20E-04,-8.96E-05,0.38708
0.13778,2.52E-04,-7.86E-05,0.30223,,0.13694,2.20E-04,-8.95E-05,0.38637
0.1378,2.52E-04,-7.84E-05,0.30117,,0.13682,2.20E-04,-8.97E-05,0.38715
0.13781,2.53E-04,-7.83E-05,0.30025,,0.13674,2.19E-04,-8.95E-05,0.38732
0.13778,2.53E-04,-7.81E-05,0.29908,,0.13626,2.20E-04,-8.96E-05,0.38756
0.13802,2.53E-04,-7.79E-05,0.29847,,0.13592,2.20E-04,-8.97E-05,0.38731
0.13705,2.53E-04,-7.80E-05,0.29917,,0.13613,2.20E-04,-9.00E-05,0.388
0.13686,2.53E-04,-7.80E-05,0.29928,,0.13569,2.20E-04,-9.01E-05,0.38855
0.13721,2.53E-04,-7.79E-05,0.29914,,0.136,2.21E-04,-8.99E-05,0.38698
0.13702,2.52E-04,-7.80E-05,0.29984,,0.13641,2.21E-04,-8.98E-05,0.38643
0.13685,2.52E-04,-7.81E-05,0.30087,,0.13589,2.20E-04,-8.97E-05,0.38667
0.13688,2.52E-04,-7.81E-05,0.3011,,0.13589,2.21E-04,-8.97E-05,0.38604
0.13627,2.51E-04,-7.79E-05,0.30059,,0.13533,2.21E-04,-8.96E-05,0.38565
0.13676,2.52E-04,-7.77E-05,0.29942,,0.13568,2.21E-04,-8.97E-05,0.38588
0.13622,2.52E-04,-7.74E-05,0.29777,,0.13604,2.20E-04,-8.94E-05,0.38535
0.13586,2.53E-04,-7.75E-05,0.2978,,0.13571,2.20E-04,-8.91E-05,0.38528
0.13688,2.53E-04,-7.74E-05,0.29689,,0.13574,2.19E-04,-8.92E-05,0.38631
0.13661,2.53E-04,-7.74E-05,0.29656,,0.13561,2.19E-04,-8.91E-05,0.38592
0.13605,2.53E-04,-7.76E-05,0.29761,,0.13502,2.19E-04,-8.89E-05,0.38577
0.13651,2.53E-04,-7.76E-05,0.29794,,0.1352,2.18E-04,-8.89E-05,0.38721
0.13591,2.52E-04,-7.75E-05,0.29791,,0.13485,2.18E-04,-8.89E-05,0.38705
0.13587,2.52E-04,-7.73E-05,0.29719,,0.13482,2.19E-04,-8.93E-05,0.38734
0.13619,2.52E-04,-7.71E-05,0.29658,,0.1352,2.20E-04,-8.95E-05,0.38574
0.13546,2.52E-04,-7.69E-05,0.29574,,0.13428,2.21E-04,-8.96E-05,0.38565
0.13581,2.53E-04,-7.67E-05,0.29468,,0.13384,2.20E-04,-8.97E-05,0.38715
0.13575,2.53E-04,-7.66E-05,0.29377,,0.13426,2.20E-04,-8.96E-05,0.38708
0.1349,2.54E-04,-7.65E-05,0.29308,,0.13415,2.20E-04,-8.94E-05,0.38598
0.13505,2.54E-04,-7.62E-05,0.29178,,0.13399,2.21E-04,-8.95E-05,0.38542
0.13499,2.54E-04,-7.61E-05,0.29131,,0.13407,2.21E-04,-8.94E-05,0.38472
0.13457,2.54E-04,-7.63E-05,0.29182,,0.13353,2.21E-04,-8.94E-05,0.38487
0.13489,2.55E-04,-7.62E-05,0.29092,,0.13391,2.20E-04,-8.95E-05,0.38589
0.135,2.55E-04,-7.61E-05,0.29045,,0.1334,2.20E-04,-8.93E-05,0.38622
0.13451,2.55E-04,-7.62E-05,0.2907,,0.13309,2.19E-04,-8.92E-05,0.38647
0.13456,2.55E-04,-7.59E-05,0.28973,,0.13348,2.20E-04,-8.90E-05,0.38521
0.1342,2.54E-04,-7.56E-05,0.28907,,0.13346,2.20E-04,-8.88E-05,0.38316
0.13373,2.54E-04,-7.56E-05,0.28983,,0.13317,2.21E-04,-8.94E-05,0.38409
0.13464,2.53E-04,-7.57E-05,0.29073,,0.13333,2.22E-04,-8.97E-05,0.38353
0.13458,2.53E-04,-7.56E-05,0.29004,,0.13279,2.23E-04,-8.99E-05,0.3829
0.13398,2.54E-04,-7.55E-05,0.28914,,0.13261,2.23E-04,-8.95E-05,0.38213
0.13446,2.54E-04,-7.53E-05,0.28831,,0.13322,2.22E-04,-8.90E-05,0.38144
0.13391,2.54E-04,-7.53E-05,0.2881,,0.13273,2.21E-04,-8.88E-05,0.38269
0.13354,2.54E-04,-7.52E-05,0.28752,,0.13267,2.20E-04,-8.90E-05,0.38395
0.13403,2.54E-04,-7.54E-05,0.28856,,0.1326,2.21E-04,-8.93E-05,0.38401
0.13336,2.54E-04,-7.54E-05,0.28889,,0.13209,2.21E-04,-8.92E-05,0.38347
0.13359,2.53E-04,-7.52E-05,0.28859,,0.13231,2.22E-04,-8.94E-05,0.38362
0.13333,2.53E-04,-7.51E-05,0.28866,,0.13252,2.22E-04,-8.96E-05,0.38377
0.13279,2.53E-04,-7.49E-05,0.28772,,0.13176,2.22E-04,-8.94E-05,0.38237
0.13259,2.54E-04,-7.47E-05,0.28635,,0.13216,2.23E-04,-8.94E-05,0.38128
0.13306,2.54E-04,-7.44E-05,0.28473,,0.13179,2.22E-04,-8.92E-05,0.38206
0.13243,2.55E-04,-7.46E-05,0.28503,,0.13121,2.21E-04,-8.94E-05,0.38472
0.13274,2.55E-04,-7.45E-05,0.28435,,0.13162,2.20E-04,-8.92E-05,0.38488
0.13296,2.55E-04,-7.44E-05,0.2841,,0.13116,2.20E-04,-8.89E-05,0.38482
0.13246,2.55E-04,-7.44E-05,0.28441,,0.13103,2.19E-04,-8.88E-05,0.38538
0.13284,2.54E-04,-7.45E-05,0.2852,,0.13131,2.19E-04,-8.90E-05,0.38648
0.13263,2.54E-04,-7.44E-05,0.28526,,0.13138,2.19E-04,-8.91E-05,0.38624
0.13154,2.54E-04,-7.41E-05,0.28438,,0.13099,2.20E-04,-8.92E-05,0.38504
0.1318,2.54E-04,-7.37E-05,0.2824,,0.13135,2.21E-04,-8.92E-05,0.38409
0.13201,2.54E-04,-7.33E-05,0.28064,,0.13077,2.21E-04,-8.93E-05,0.3848
0.13181,2.55E-04,-7.31E-05,0.27918,,0.13095,2.20E-04,-8.92E-05,0.38488
0.13178,2.55E-04,-7.29E-05,0.27814,,0.1312,2.20E-04,-8.90E-05,0.38379
0.13143,2.56E-04,-7.32E-05,0.27892,,0.13054,2.21E-04,-8.91E-05,0.38308
0.13098,2.55E-04,-7.36E-05,0.28078,,0.1309,2.22E-04,-8.91E-05,0.38245
0.13111,2.55E-04,-7.35E-05,0.28073,,0.13071,2.21E-04,-8.91E-05,0.38323
0.13088,2.55E-04,-7.33E-05,0.2798,,0.12964,2.21E-04,-8.92E-05,0.38409
0.13075,2.55E-04,-7.33E-05,0.28022,,0.12985,2.20E-04,-8.92E-05,0.38457
0.13117,2.54E-04,-7.32E-05,0.28017,,0.12996,2.20E-04,-8.92E-05,0.38552
0.13108,2.54E-04,-7.32E-05,0.28038,,0.12977,2.20E-04,-8.91E-05,0.38528
0.13088,2.54E-04,-7.29E-05,0.2796,,0.12995,2.20E-04,-8.94E-05,0.38535
0.13095,2.54E-04,-7.29E-05,0.27929,,0.12958,2.21E-04,-8.95E-05,0.38558
0.13031,2.55E-04,-7.28E-05,0.2784,,0.12924,2.21E-04,-8.95E-05,0.38463
0.13057,2.55E-04,-7.27E-05,0.27732,,0.12956,2.21E-04,-8.92E-05,0.38425
0.13071,2.56E-04,-7.25E-05,0.27628,,0.12911,2.20E-04,-8.88E-05,0.3838
0.1303,2.56E-04,-7.23E-05,0.27536,,0.12926,2.21E-04,-8.90E-05,0.38363
0.13047,2.56E-04,-7.22E-05,0.2754,,0.12939,2.21E-04,-8.91E-05,0.38386
0.13011,2.56E-04,-7.19E-05,0.27431,,0.129,2.20E-04,-8.91E-05,0.38465
0.12968,2.56E-04,-7.19E-05,0.27431,,0.12935,2.20E-04,-8.89E-05,0.3845
0.12999,2.55E-04,-7.19E-05,0.27503,,0.12914,2.20E-04,-8.89E-05,0.3845
0.12944,2.55E-04,-7.21E-05,0.27607,,0.12834,2.20E-04,-8.89E-05,0.38434
0.12955,2.55E-04,-7.21E-05,0.27576,,0.12856,2.20E-04,-8.92E-05,0.38488
0.12974,2.55E-04,-7.19E-05,0.27462,,0.12865,2.20E-04,-8.90E-05,0.3841
0.12952,2.56E-04,-7.17E-05,0.27359,,0.12848,2.21E-04,-8.93E-05,0.38354
0.1293,2.55E-04,-7.19E-05,0.27452,,0.12846,2.22E-04,-8.92E-05,0.3819
0.12929,2.55E-04,-7.18E-05,0.27416,,0.12805,2.22E-04,-8.92E-05,0.38206
0.12873,2.55E-04,-7.16E-05,0.27343,,0.12762,2.22E-04,-8.91E-05,0.38229
0.12873,2.55E-04,-7.16E-05,0.27353,,0.12801,2.21E-04,-8.91E-05,0.38323
0.12952,2.55E-04,-7.15E-05,0.27337,,0.12748,2.21E-04,-8.92E-05,0.38425
0.12908,2.55E-04,-7.14E-05,0.27321,,0.12755,2.21E-04,-8.91E-05,0.38386
0.12873,2.55E-04,-7.12E-05,0.27269,,0.12782,2.20E-04,-8.90E-05,0.38426
0.12866,2.55E-04,-7.10E-05,0.27165,,0.12782,2.20E-04,-8.90E-05,0.38442
0.1286,2.55E-04,-7.10E-05,0.27145,,0.12758,2.20E-04,-8.88E-05,0.38348
0.12874,2.55E-04,-7.09E-05,0.27099,,0.12733,2.19E-04,-8.86E-05,0.38396
0.12893,2.56E-04,-7.07E-05,0.26956,,0.12734,2.19E-04,-8.86E-05,0.38412
0.12843,2.56E-04,-7.03E-05,0.2677,,0.12765,2.19E-04,-8.85E-05,0.38373
0.12868,2.56E-04,-7.02E-05,0.26754,,0.12761,2.20E-04,-8.88E-05,0.38443
0.12833,2.56E-04,-7.04E-05,0.26837,,0.12735,2.21E-04,-8.90E-05,0.38363
0.12786,2.56E-04,-7.04E-05,0.26847,,0.12748,2.20E-04,-8.91E-05,0.38418
0.1279,2.55E-04,-7.05E-05,0.26933,,0.12694,2.20E-04,-8.89E-05,0.38419
0.12768,2.55E-04,-7.05E-05,0.26963,,0.12665,2.20E-04,-8.87E-05,0.38372
0.12772,2.55E-04,-7.04E-05,0.26917,,0.1268,2.19E-04,-8.86E-05,0.38444
0.1278,2.56E-04,-7.03E-05,0.2682,,0.1264,2.20E-04,-8.86E-05,0.38364
0.12729,2.56E-04,-7.02E-05,0.26764,,0.12668,2.21E-04,-8.86E-05,0.38191
0.12712,2.56E-04,-7.01E-05,0.26718,,0.12639,2.20E-04,-8.88E-05,0.38301
0.12728,2.57E-04,-7.00E-05,0.26642,,0.12591,2.20E-04,-8.88E-05,0.38332
0.12684,2.57E-04,-6.99E-05,0.26586,,0.12602,2.20E-04,-8.87E-05,0.38356
0.12718,2.57E-04,-6.97E-05,0.26533,,0.12607,2.19E-04,-8.84E-05,0.38333
0.12718,2.56E-04,-6.96E-05,0.26516,,0.12576,2.19E-04,-8.84E-05,0.38397
0.12692,2.56E-04,-6.96E-05,0.26536,,0.12608,2.19E-04,-8.85E-05,0.38389
0.12716,2.56E-04,-6.96E-05,0.26556,,0.12575,2.20E-04,-8.89E-05,0.38403
0.12675,2.56E-04,-6.94E-05,0.26493,,0.12536,2.21E-04,-8.92E-05,0.38315
0.12629,2.56E-04,-6.94E-05,0.26463,,0.12565,2.21E-04,-8.94E-05,0.38424
0.12676,2.56E-04,-6.93E-05,0.26397,,0.12516,2.21E-04,-8.92E-05,0.38425
0.12644,2.56E-04,-6.92E-05,0.26371,,0.12533,2.20E-04,-8.90E-05,0.38426
0.1265,2.57E-04,-6.93E-05,0.26388,,0.12551,2.19E-04,-8.87E-05,0.38467
0.12629,2.56E-04,-6.93E-05,0.26407,,0.12505,2.20E-04,-8.88E-05,0.38427
0.12574,2.56E-04,-6.90E-05,0.26288,,0.12533,2.20E-04,-8.84E-05,0.38255
0.1257,2.56E-04,-6.89E-05,0.26281,,0.12499,2.19E-04,-8.81E-05,0.38216
0.12561,2.56E-04,-6.87E-05,0.26238,,0.12458,2.19E-04,-8.82E-05,0.38255
0.12538,2.56E-04,-6.87E-05,0.26248,,0.12487,2.20E-04,-8.84E-05,0.3827
0.12573,2.56E-04,-6.86E-05,0.26192,,0.12477,2.20E-04,-8.85E-05,0.38262
0.12553,2.56E-04,-6.87E-05,0.26189,,0.12455,2.20E-04,-8.86E-05,0.3827
0.12544,2.57E-04,-6.86E-05,0.26114,,0.12461,2.20E-04,-8.84E-05,0.38223
0.12539,2.57E-04,-6.86E-05,0.26104,,0.12406,2.20E-04,-8.82E-05,0.3816
0.12487,2.57E-04,-6.87E-05,0.26082,,0.12393,2.20E-04,-8.85E-05,0.38199
0.12546,2.57E-04,-6.85E-05,0.26009,,0.12396,2.21E-04,-8.87E-05,0.38246
0.12561,2.57E-04,-6.84E-05,0.26002,,0.12362,2.21E-04,-8.89E-05,0.38277
0.12512,2.57E-04,-6.84E-05,0.26051,,0.12396,2.21E-04,-8.90E-05,0.38284
0.12488,2.56E-04,-6.83E-05,0.26043,,0.12407,2.20E-04,-8.86E-05,0.38223
0.1247,2.56E-04,-6.80E-05,0.25982,,0.12363,2.20E-04,-8.87E-05,0.38277
0.12463,2.56E-04,-6.80E-05,0.25992,,0.12374,2.20E-04,-8.86E-05,0.38349
0.12493,2.56E-04,-6.79E-05,0.25946,,0.12342,2.20E-04,-8.84E-05,0.38255
0.12496,2.56E-04,-6.80E-05,0.25973,,0.12359,2.20E-04,-8.86E-05,0.38223
0.12462,2.56E-04,-6.80E-05,0.25934,,0.12377,2.21E-04,-8.86E-05,0.38207
0.12481,2.57E-04,-6.79E-05,0.25849,,0.12333,2.20E-04,-8.86E-05,0.38223
0.12436,2.57E-04,-6.78E-05,0.25794,,0.12358,2.20E-04,-8.87E-05,0.38262
0.12363,2.57E-04,-6.78E-05,0.25784,,0.12323,2.20E-04,-8.87E-05,0.38293
0.12399,2.57E-04,-6.77E-05,0.25729,,0.12281,2.20E-04,-8.87E-05,0.38277
0.12379,2.57E-04,-6.75E-05,0.25646,,0.12282,2.21E-04,-8.86E-05,0.38176
0.12367,2.57E-04,-6.77E-05,0.25748,,0.12269,2.21E-04,-8.85E-05,0.38105
0.12387,2.57E-04,-6.76E-05,0.2575,,0.12282,2.21E-04,-8.85E-05,0.38058
0.12339,2.56E-04,-6.75E-05,0.25742,,0.12304,2.21E-04,-8.85E-05,0.38137
0.12314,2.56E-04,-6.76E-05,0.25807,,0.12202,2.20E-04,-8.84E-05,0.38192
0.12342,2.56E-04,-6.75E-05,0.25752,,0.12194,2.20E-04,-8.83E-05,0.38215
0.12303,2.57E-04,-6.73E-05,0.25631,,0.1222,2.19E-04,-8.79E-05,0.38153
0.12325,2.57E-04,-6.71E-05,0.25501,,0.12204,2.19E-04,-8.79E-05,0.38169
0.12347,2.57E-04,-6.69E-05,0.25428,,0.12198,2.20E-04,-8.81E-05,0.38168
0.12291,2.57E-04,-6.68E-05,0.25392,,0.12181,2.21E-04,-8.82E-05,0.38051
0.12324,2.57E-04,-6.71E-05,0.2551,,0.12132,2.21E-04,-8.81E-05,0.3798
0.1231,2.57E-04,-6.69E-05,0.25428,,0.12148,2.21E-04,-8.85E-05,0.38074
0.12216,2.58E-04,-6.68E-05,0.25373,,0.12113,2.21E-04,-8.85E-05,0.38058
0.12238,2.58E-04,-6.68E-05,0.25354,,0.12114,2.22E-04,-8.87E-05,0.3809
0.12259,2.58E-04,-6.68E-05,0.25354,,0.12142,2.21E-04,-8.86E-05,0.3816
0.122,2.58E-04,-6.70E-05,0.25417,,0.12143,2.20E-04,-8.85E-05,0.38199
0.12234,2.58E-04,-6.68E-05,0.25354,,0.12115,2.21E-04,-8.86E-05,0.3816
0.12191,2.57E-04,-6.68E-05,0.25401,,0.12098,2.21E-04,-8.86E-05,0.38082
0.12156,2.57E-04,-6.66E-05,0.25376,,0.12049,2.22E-04,-8.86E-05,0.37957
0.12179,2.57E-04,-6.64E-05,0.25303,,0.12122,2.23E-04,-8.90E-05,0.37973
0.12136,2.57E-04,-6.63E-05,0.25257,,0.12122,2.23E-04,-8.93E-05,0.38027
0.1216,2.57E-04,-6.62E-05,0.25192,,0.12067,2.23E-04,-8.92E-05,0.38004
0.12206,2.58E-04,-6.61E-05,0.25109,,0.12062,2.23E-04,-8.89E-05,0.37888
0.12152,2.58E-04,-6.61E-05,0.25109,,0.12014,2.23E-04,-8.88E-05,0.3785
0.12148,2.58E-04,-6.61E-05,0.2509,,0.12045,2.23E-04,-8.86E-05,0.37896
0.12141,2.58E-04,-6.61E-05,0.25071,,0.12073,2.22E-04,-8.85E-05,0.37934
0.12125,2.58E-04,-6.58E-05,0.24934,,0.1204,2.21E-04,-8.83E-05,0.37965
0.12158,2.58E-04,-6.60E-05,0.25016,,0.12047,2.22E-04,-8.85E-05,0.37981
0.12093,2.58E-04,-6.59E-05,0.25008,,0.12029,2.23E-04,-8.90E-05,0.37958
0.12122,2.58E-04,-6.57E-05,0.24944,,0.1198,2.24E-04,-8.91E-05,0.37904
0.12126,2.58E-04,-6.55E-05,0.2489,,0.11996,2.24E-04,-8.91E-05,0.37919
0.12071,2.57E-04,-6.55E-05,0.24918,,0.11963,2.23E-04,-8.89E-05,0.37888
0.1204,2.58E-04,-6.55E-05,0.2489,,0.11975,2.23E-04,-8.88E-05,0.37911
0.12059,2.58E-04,-6.53E-05,0.2478,,0.1199,2.22E-04,-8.87E-05,0.37996
0.12033,2.58E-04,-6.51E-05,0.24689,,0.11901,2.21E-04,-8.87E-05,0.38121
0.12038,2.58E-04,-6.52E-05,0.24716,,0.11905,2.21E-04,-8.83E-05,0.38043
0.12024,2.58E-04,-6.52E-05,0.24725,,0.11925,2.21E-04,-8.81E-05,0.3798
0.11978,2.58E-04,-6.52E-05,0.24725,,0.11907,2.21E-04,-8.79E-05,0.37902
0.1202,2.58E-04,-6.55E-05,0.24844,,0.11906,2.21E-04,-8.78E-05,0.37863
0.11974,2.58E-04,-6.54E-05,0.24826,,0.1187,2.21E-04,-8.82E-05,0.37941
0.11969,2.58E-04,-6.54E-05,0.24844,,0.11845,2.21E-04,-8.81E-05,0.37871
0.12,2.58E-04,-6.51E-05,0.24763,,0.11867,2.21E-04,-8.82E-05,0.37941
0.11958,2.57E-04,-6.50E-05,0.24745,,0.11861,2.22E-04,-8.83E-05,0.37856
0.11976,2.57E-04,-6.49E-05,0.24717,,0.11846,2.23E-04,-8.84E-05,0.37803
0.11981,2.57E-04,-6.46E-05,0.24598,,0.11848,2.22E-04,-8.83E-05,0.3781
0.119,2.58E-04,-6.44E-05,0.24507,,0.118,2.23E-04,-8.86E-05,0.37865
0.119,2.58E-04,-6.43E-05,0.24416,,0.11833,2.23E-04,-8.87E-05,0.37873
0.11925,2.58E-04,-6.45E-05,0.24471,,0.11785,2.23E-04,-8.88E-05,0.37942
0.11899,2.59E-04,-6.46E-05,0.24489,,0.11782,2.22E-04,-8.84E-05,0.3788
0.11897,2.59E-04,-6.45E-05,0.24425,,0.1184,2.22E-04,-8.81E-05,0.37825
0.11885,2.59E-04,-6.44E-05,0.24398,,0.11794,2.22E-04,-8.81E-05,0.37748
0.11838,2.59E-04,-6.46E-05,0.24471,,0.11774,2.23E-04,-8.83E-05,0.37702
0.11838,2.58E-04,-6.46E-05,0.24498,,0.11761,2.23E-04,-8.85E-05,0.37734
0.11829,2.58E-04,-6.43E-05,0.24416,,0.11753,2.24E-04,-8.86E-05,0.3765
0.11816,2.58E-04,-6.42E-05,0.24397,,0.11777,2.23E-04,-8.82E-05,0.37648
0.11842,2.58E-04,-6.40E-05,0.24361,,0.11765,2.22E-04,-8.80E-05,0.3777
0.11859,2.57E-04,-6.41E-05,0.24406,,0.11719,2.22E-04,-8.79E-05,0.37747
0.11819,2.58E-04,-6.40E-05,0.24352,,0.11747,2.22E-04,-8.84E-05,0.37849
0.11821,2.57E-04,-6.38E-05,0.24315,,0.11701,2.23E-04,-8.83E-05,0.37748
0.11777,2.57E-04,-6.39E-05,0.24342,,0.11709,2.23E-04,-8.85E-05,0.37734
0.11797,2.58E-04,-6.37E-05,0.24242,,0.11709,2.24E-04,-8.86E-05,0.3768
0.11822,2.58E-04,-6.36E-05,0.24187,,0.11685,2.24E-04,-8.87E-05,0.3775
0.1179,2.58E-04,-6.39E-05,0.2427,,0.11701,2.23E-04,-8.82E-05,0.37725
0.11782,2.58E-04,-6.39E-05,0.24243,,0.11663,2.22E-04,-8.80E-05,0.37786
0.11779,2.59E-04,-6.38E-05,0.24179,,0.11639,2.22E-04,-8.79E-05,0.37762
0.11729,2.59E-04,-6.39E-05,0.24225,,0.11667,2.22E-04,-8.77E-05,0.37623
0.11718,2.59E-04,-6.39E-05,0.24234,,0.11634,2.22E-04,-8.75E-05,0.37576
0.11716,2.58E-04,-6.36E-05,0.24142,,0.11649,2.22E-04,-8.78E-05,0.376
0.11688,2.58E-04,-6.35E-05,0.24124,,0.11624,2.22E-04,-8.80E-05,0.37693
0.11709,2.58E-04,-6.32E-05,0.24014,,0.11589,2.22E-04,-8.81E-05,0.37856
0.11736,2.58E-04,-6.33E-05,0.24033,,0.11613,2.21E-04,-8.79E-05,0.37824
0.11692,2.59E-04,-6.32E-05,0.23978,,0.11576,2.22E-04,-8.80E-05,0.37786
0.11688,2.59E-04,-6.31E-05,0.23906,,0.11598,2.23E-04,-8.83E-05,0.37779
0.11686,2.59E-04,-6.32E-05,0.23943,,0.11598,2.23E-04,-8.81E-05,0.37671
0.11664,2.59E-04,-6.32E-05,0.23952,,0.11528,2.22E-04,-8.79E-05,0.37654
0.11691,2.59E-04,-6.32E-05,0.23934,,0.11546,2.22E-04,-8.81E-05,0.37732
0.11688,2.59E-04,-6.33E-05,0.23988,,0.11537,2.22E-04,-8.81E-05,0.37748
0.11655,2.58E-04,-6.33E-05,0.24024,,0.11536,2.22E-04,-8.80E-05,0.37786
0.11673,2.58E-04,-6.34E-05,0.2406,,0.1153,2.21E-04,-8.77E-05,0.37715
0.11632,2.59E-04,-6.30E-05,0.23905,,0.11484,2.21E-04,-8.78E-05,0.37832
0.11571,2.58E-04,-6.25E-05,0.23732,,0.11474,2.21E-04,-8.80E-05,0.37848
0.11605,2.58E-04,-6.22E-05,0.23622,,0.1147,2.22E-04,-8.81E-05,0.37794
0.1157,2.59E-04,-6.20E-05,0.2354,,0.11449,2.22E-04,-8.81E-05,0.37732
0.11574,2.59E-04,-6.20E-05,0.23522,,0.11479,2.23E-04,-8.80E-05,0.37632
0.11595,2.59E-04,-6.22E-05,0.23578,,0.11482,2.23E-04,-8.83E-05,0.37672
0.11559,2.59E-04,-6.22E-05,0.23595,,0.11457,2.23E-04,-8.84E-05,0.37772
0.11533,2.59E-04,-6.23E-05,0.23641,,0.11441,2.23E-04,-8.82E-05,0.3774
0.11558,2.59E-04,-6.21E-05,0.23559,,0.11396,2.22E-04,-8.83E-05,0.37795
0.11515,2.59E-04,-6.21E-05,0.23576,,0.11459,2.22E-04,-8.83E-05,0.3781
0.11532,2.58E-04,-6.22E-05,0.23631,,0.11455,2.22E-04,-8.79E-05,0.37701
0.11543,2.58E-04,-6.22E-05,0.23657,,0.11408,2.22E-04,-8.78E-05,0.37723
0.11509,2.58E-04,-6.19E-05,0.23565,,0.11436,2.21E-04,-8.75E-05,0.37668
0.11537,2.58E-04,-6.19E-05,0.23556,,0.11388,2.21E-04,-8.76E-05,0.378
0.1151,2.58E-04,-6.19E-05,0.23565,,0.114,2.21E-04,-8.76E-05,0.378
0.11468,2.58E-04,-6.19E-05,0.23565,,0.11371,2.21E-04,-8.75E-05,0.37746
0.11456,2.58E-04,-6.21E-05,0.23612,,0.11378,2.21E-04,-8.78E-05,0.37832
0.11466,2.58E-04,-6.21E-05,0.23594,,0.1139,2.21E-04,-8.78E-05,0.37816
0.11458,2.59E-04,-6.20E-05,0.23531,,0.11341,2.21E-04,-8.77E-05,0.37793
0.11443,2.59E-04,-6.19E-05,0.23451,,0.11318,2.21E-04,-8.79E-05,0.37824
0.11393,2.59E-04,-6.19E-05,0.2346,,0.11335,2.22E-04,-8.78E-05,0.37708
0.11379,2.59E-04,-6.19E-05,0.23468,,0.11308,2.23E-04,-8.80E-05,0.37663
0.11408,2.59E-04,-6.19E-05,0.23477,,0.11333,2.24E-04,-8.83E-05,0.3761
0.11359,2.59E-04,-6.18E-05,0.23449,,0.11279,2.23E-04,-8.83E-05,0.37687
0.11385,2.59E-04,-6.17E-05,0.23421,,0.11267,2.22E-04,-8.81E-05,0.37825
0.11381,2.59E-04,-6.16E-05,0.23393,,0.11293,2.21E-04,-8.79E-05,0.37871
0.11368,2.58E-04,-6.16E-05,0.23411,,0.11246,2.20E-04,-8.76E-05,0.37831
0.11368,2.59E-04,-6.14E-05,0.2332,,0.11273,2.20E-04,-8.76E-05,0.37831
0.11318,2.59E-04,-6.14E-05,0.2332,,0.11255,2.21E-04,-8.78E-05,0.37847
0.11304,2.59E-04,-6.14E-05,0.23286,,0.11213,2.21E-04,-8.79E-05,0.37824
0.11382,2.59E-04,-6.16E-05,0.23333,,0.11241,2.21E-04,-8.75E-05,0.37668
0.11347,2.59E-04,-6.15E-05,0.23279,,0.11197,2.21E-04,-8.73E-05,0.37698
0.11325,2.59E-04,-6.17E-05,0.23369,,0.11216,2.21E-04,-8.75E-05,0.37699
0.11315,2.59E-04,-6.19E-05,0.23425,,0.11212,2.22E-04,-8.75E-05,0.37606
0.11292,2.59E-04,-6.16E-05,0.23315,,0.11163,2.22E-04,-8.77E-05,0.377
0.11293,2.59E-04,-6.13E-05,0.23214,,0.11167,2.22E-04,-8.77E-05,0.377
0.11312,2.59E-04,-6.10E-05,0.23122,,0.11144,2.21E-04,-8.77E-05,0.37731
0.11254,2.59E-04,-6.12E-05,0.23221,,0.11142,2.21E-04,-8.77E-05,0.37731
0.11277,2.59E-04,-6.11E-05,0.23202,,0.11169,2.21E-04,-8.75E-05,0.37637
0.11271,2.58E-04,-6.08E-05,0.23118,,0.11125,2.22E-04,-8.74E-05,0.37552
0.11217,2.58E-04,-6.07E-05,0.2309,,0.1114,2.22E-04,-8.76E-05,0.37568
0.11234,2.58E-04,-6.08E-05,0.23126,,0.11114,2.22E-04,-8.75E-05,0.37622
0.11205,2.58E-04,-6.09E-05,0.23198,,0.11079,2.21E-04,-8.71E-05,0.37573
0.11172,2.58E-04,-6.09E-05,0.23189,,0.11101,2.21E-04,-8.71E-05,0.37604
0.11235,2.58E-04,-6.09E-05,0.23146,,0.11113,2.21E-04,-8.72E-05,0.37644
0.11216,2.59E-04,-6.08E-05,0.23066,,0.11078,2.20E-04,-8.73E-05,0.37714
0.11172,2.59E-04,-6.08E-05,0.23057,,0.11082,2.21E-04,-8.73E-05,0.37683
0.11178,2.60E-04,-6.07E-05,0.22978,,0.11036,2.22E-04,-8.76E-05,0.37661
0.11158,2.60E-04,-6.06E-05,0.22916,,0.11068,2.22E-04,-8.75E-05,0.37529
0.11157,2.60E-04,-6.05E-05,0.22905,,0.11084,2.22E-04,-8.76E-05,0.37584
0.11186,2.59E-04,-6.05E-05,0.22948,,0.1104,2.23E-04,-8.79E-05,0.37624
0.1113,2.59E-04,-6.06E-05,0.22993,,0.11071,2.23E-04,-8.80E-05,0.37601
0.11161,2.59E-04,-6.02E-05,0.22872,,0.11028,2.23E-04,-8.79E-05,0.37517
0.11153,2.58E-04,-6.02E-05,0.22897,,0.10999,2.23E-04,-8.77E-05,0.37408
0.11107,2.58E-04,-6.00E-05,0.22841,,0.11006,2.24E-04,-8.77E-05,0.37332
0.11072,2.58E-04,-6.00E-05,0.22841,,0.1098,2.24E-04,-8.74E-05,0.37262
0.11091,2.58E-04,-6.00E-05,0.22833,,0.10999,2.23E-04,-8.73E-05,0.3739
0.11069,2.58E-04,-5.99E-05,0.22796,,0.11003,2.22E-04,-8.70E-05,0.37304
0.11097,2.58E-04,-5.99E-05,0.22787,,0.10941,2.23E-04,-8.72E-05,0.37336
0.11052,2.59E-04,-5.99E-05,0.22762,,0.10941,2.23E-04,-8.77E-05,0.37439
0.11004,2.59E-04,-5.98E-05,0.22708,,0.10941,2.24E-04,-8.78E-05,0.37432
0.11014,2.59E-04,-5.95E-05,0.2259,,0.10867,2.24E-04,-8.81E-05,0.37533
0.1103,2.59E-04,-5.97E-05,0.22663,,0.10965,2.23E-04,-8.78E-05,0.37524
0.10991,2.59E-04,-5.97E-05,0.22655,,0.10891,2.21E-04,-8.72E-05,0.37535
0.1103,2.59E-04,-5.96E-05,0.22618,,0.1081,2.21E-04,-8.70E-05,0.3755
0.11011,2.59E-04,-5.95E-05,0.22564,,0.10888,2.21E-04,-8.72E-05,0.37566
0.10999,2.59E-04,-5.92E-05,0.22454,,0.10793,2.22E-04,-8.74E-05,0.37567
0.11024,2.59E-04,-5.90E-05,0.22373,,0.10867,2.22E-04,-8.75E-05,0.37576
0.10989,2.59E-04,-5.89E-05,0.22353,,0.10909,2.22E-04,-8.75E-05,0.3756
0.10942,2.59E-04,-5.91E-05,0.22476,,0.10789,2.22E-04,-8.72E-05,0.37412
0.10942,2.59E-04,-5.90E-05,0.2244,,0.10883,2.22E-04,-8.74E-05,0.37537
0.10942,2.59E-04,-5.89E-05,0.22403,,0.10781,2.22E-04,-8.72E-05,0.37505
0.10954,2.59E-04,-5.90E-05,0.22423,,0.10748,2.21E-04,-8.70E-05,0.37534
0.10959,2.59E-04,-5.90E-05,0.22414,,0.10943,2.21E-04,-8.67E-05,0.37447
0.10861,2.59E-04,-5.91E-05,0.22418,,0.10857,2.21E-04,-8.69E-05,0.37495
0.10791,2.60E-04,-5.92E-05,0.22421,,0.10819,2.21E-04,-8.71E-05,0.37558
0.10872,2.60E-04,-5.92E-05,0.22429,,0.10796,2.21E-04,-8.70E-05,0.37565
0.1081,2.59E-04,-5.91E-05,0.22401,,0.10688,2.20E-04,-8.70E-05,0.37643
0.10845,2.59E-04,-5.90E-05,0.22398,,0.10858,2.20E-04,-8.72E-05,0.37706
0.1094,2.59E-04,-5.89E-05,0.22378,,0.10881,2.20E-04,-8.72E-05,0.37675
0.109,2.59E-04,-5.88E-05,0.22349,,0.10766,2.20E-04,-8.71E-05,0.37635
0.10903,2.59E-04,-5.87E-05,0.22304,,0.10885,2.21E-04,-8.72E-05,0.37659
0.10926,2.59E-04,-5.87E-05,0.22321,,0.10761,2.21E-04,-8.72E-05,0.37582
0.10823,2.58E-04,-5.86E-05,0.22301,,0.10737,2.21E-04,-8.69E-05,0.37464
0.10808,2.59E-04,-5.86E-05,0.22292,,0.10835,2.21E-04,-8.67E-05,0.3737
0.10871,2.59E-04,-5.88E-05,0.22349,,0.10797,2.22E-04,-8.68E-05,0.37302
0.10787,2.59E-04,-5.89E-05,0.22369,,0.10787,2.22E-04,-8.67E-05,0.37294
0.10885,2.59E-04,-5.88E-05,0.22299,,0.10805,2.22E-04,-8.69E-05,0.37372
0.10799,2.59E-04,-5.88E-05,0.22299,,0.10675,2.23E-04,-8.71E-05,0.37312
0.10678,2.59E-04,-5.87E-05,0.22254,,0.10664,2.24E-04,-8.74E-05,0.37262
0.10691,2.59E-04,-5.87E-05,0.22271,,0.10673,2.24E-04,-8.77E-05,0.37363
0.10777,2.59E-04,-5.85E-05,0.22222,,0.10657,2.23E-04,-8.76E-05,0.374
0.10635,2.59E-04,-5.83E-05,0.22182,,0.10749,2.23E-04,-8.75E-05,0.37422
0.1073,2.58E-04,-5.82E-05,0.22178,,0.10623,2.23E-04,-8.75E-05,0.37422
0.10771,2.58E-04,-5.84E-05,0.22261,,0.10562,2.22E-04,-8.71E-05,0.37328
0.10724,2.58E-04,-5.85E-05,0.22297,,0.10665,2.22E-04,-8.70E-05,0.37365
0.10768,2.58E-04,-5.82E-05,0.2217,,0.10599,2.22E-04,-8.68E-05,0.37317
0.1071,2.59E-04,-5.82E-05,0.22145,,0.10662,2.23E-04,-8.72E-05,0.37351
0.10627,2.59E-04,-5.82E-05,0.22096,,0.1063,2.23E-04,-8.75E-05,0.37346
0.10695,2.59E-04,-5.82E-05,0.22087,,0.10519,2.24E-04,-8.79E-05,0.37395
0.10751,2.59E-04,-5.81E-05,0.22051,,0.10547,2.25E-04,-8.79E-05,0.37259
0.10661,2.59E-04,-5.80E-05,0.22022,,0.10507,2.25E-04,-8.77E-05,0.37242
0.1077,2.59E-04,-5.78E-05,0.21981,,0.10512,2.24E-04,-8.75E-05,0.373
0.10637,2.59E-04,-5.78E-05,0.21998,,0.10599,2.23E-04,-8.73E-05,0.3739
0.10541,2.58E-04,-5.77E-05,0.21969,,0.10519,2.21E-04,-8.72E-05,0.3752
0.10613,2.58E-04,-5.77E-05,0.21978,,0.10576,2.21E-04,-8.69E-05,0.37464
0.10529,2.59E-04,-5.78E-05,0.21998,,0.10522,2.21E-04,-8.67E-05,0.37447
0.10537,2.58E-04,-5.77E-05,0.21978,,0.10434,2.21E-04,-8.68E-05,0.37487
0.1063,2.59E-04,-5.77E-05,0.21961,,0.105,2.20E-04,-8.68E-05,0.37549
0.10678,2.59E-04,-5.78E-05,0.2199,,0.10567,2.20E-04,-8.68E-05,0.3758
0.10583,2.59E-04,-5.76E-05,0.21867,,0.10489,2.20E-04,-8.67E-05,0.37478
0.10616,2.60E-04,-5.77E-05,0.21847,,0.10554,2.21E-04,-8.68E-05,0.3741
0.10505,2.60E-04,-5.78E-05,0.21883,,0.10477,2.21E-04,-8.70E-05,0.37457
0.10601,2.60E-04,-5.79E-05,0.21904,,0.10401,2.21E-04,-8.73E-05,0.37559
0.10684,2.60E-04,-5.78E-05,0.21875,,0.10538,2.21E-04,-8.70E-05,0.37457
0.10617,2.60E-04,-5.77E-05,0.21847,,0.10522,2.21E-04,-8.69E-05,0.37433
0.10606,2.60E-04,-5.76E-05,0.21834,,0.10444,2.22E-04,-8.73E-05,0.37498
0.10615,2.59E-04,-5.73E-05,0.21765,,0.10513,2.22E-04,-8.70E-05,0.37411
0.1049,2.59E-04,-5.72E-05,0.21728,,0.10389,2.22E-04,-8.70E-05,0.37426
0.10458,2.59E-04,-5.71E-05,0.21691,,0.10401,2.22E-04,-8.70E-05,0.37411
0.10495,2.59E-04,-5.72E-05,0.21728,,0.10386,2.22E-04,-8.70E-05,0.37426
0.10402,2.59E-04,-5.72E-05,0.21728,,0.10336,2.21E-04,-8.70E-05,0.37457
0.1048,2.59E-04,-5.74E-05,0.21793,,0.10426,2.22E-04,-8.70E-05,0.37304
0.10517,2.60E-04,-5.72E-05,0.21695,,0.10426,2.23E-04,-8.72E-05,0.3729
0.10486,2.60E-04,-5.71E-05,0.21643,,0.10355,2.23E-04,-8.72E-05,0.3729
0.10479,2.60E-04,-5.72E-05,0.21679,,0.10412,2.22E-04,-8.69E-05,0.3725
0.10413,2.60E-04,-5.71E-05,0.21643,,0.10359,2.23E-04,-8.70E-05,0.37258
0.10444,2.60E-04,-5.71E-05,0.21634,,0.10378,2.23E-04,-8.73E-05,0.37268
0.10538,2.60E-04,-5.70E-05,0.21606,,0.10448,2.23E-04,-8.74E-05,0.37322
0.1055,2.59E-04,-5.70E-05,0.2163,,0.10339,2.23E-04,-8.74E-05,0.37338
0.10519,2.59E-04,-5.68E-05,0.21581,,0.10423,2.23E-04,-8.71E-05,0.37251
0.1056,2.59E-04,-5.67E-05,0.21576,,0.10326,2.23E-04,-8.69E-05,0.37113
0.10442,2.58E-04,-5.69E-05,0.21674,,0.10272,2.24E-04,-8.70E-05,0.37031
0.10325,2.59E-04,-5.70E-05,0.21703,,0.10356,2.24E-04,-8.70E-05,0.37061
0.10409,2.59E-04,-5.70E-05,0.21703,,0.10293,2.23E-04,-8.69E-05,0.37098
0.10382,2.59E-04,-5.70E-05,0.21687,,0.10334,2.23E-04,-8.70E-05,0.37212
0.1048,2.59E-04,-5.71E-05,0.21691,,0.103,2.23E-04,-8.70E-05,0.37212
0.10337,2.60E-04,-5.71E-05,0.21643,,0.10188,2.23E-04,-8.70E-05,0.37182
0.1024,2.60E-04,-5.70E-05,0.21574,,0.10221,2.22E-04,-8.70E-05,0.37289
0.10315,2.60E-04,-5.71E-05,0.2161,,0.10296,2.22E-04,-8.70E-05,0.3735
0.10239,2.60E-04,-5.72E-05,0.21647,,0.10181,2.22E-04,-8.68E-05,0.37302
0.10263,2.60E-04,-5.70E-05,0.21598,,0.10278,2.22E-04,-8.67E-05,0.37294
0.10359,2.60E-04,-5.69E-05,0.21577,,0.10208,2.21E-04,-8.65E-05,0.37261
0.10345,2.60E-04,-5.67E-05,0.21504,,0.10126,2.21E-04,-8.65E-05,0.37261
0.10327,2.60E-04,-5.65E-05,0.2143,,0.10203,2.23E-04,-8.68E-05,0.37195
0.10316,2.59E-04,-5.65E-05,0.21478,,0.1009,2.24E-04,-8.70E-05,0.37106
0.10202,2.59E-04,-5.65E-05,0.2151,,0.10146,2.24E-04,-8.73E-05,0.37102
0.10325,2.59E-04,-5.64E-05,0.21473,,0.10211,2.25E-04,-8.73E-05,0.37087
0.10372,2.59E-04,-5.64E-05,0.21449,,0.10183,2.24E-04,-8.71E-05,0.371
0.10249,2.59E-04,-5.62E-05,0.21352,,0.1017,2.23E-04,-8.70E-05,0.37182
0.10309,2.59E-04,-5.64E-05,0.21417,,0.10116,2.23E-04,-8.69E-05,0.37234
0.10235,2.60E-04,-5.67E-05,0.21512,,0.10137,2.22E-04,-8.66E-05,0.37178
0.10178,2.60E-04,-5.67E-05,0.21504,,0.10245,2.23E-04,-8.69E-05,0.37189
0.10254,2.60E-04,-5.67E-05,0.21512,,0.10222,2.23E-04,-8.71E-05,0.37236
0.1029,2.60E-04,-5.65E-05,0.2143,,0.10119,2.23E-04,-8.71E-05,0.37251
0.10167,2.60E-04,-5.63E-05,0.21364,,0.10135,2.23E-04,-8.73E-05,0.37268
0.10252,2.60E-04,-5.60E-05,0.2123,,0.10114,2.24E-04,-8.74E-05,0.37277
0.10166,2.60E-04,-5.58E-05,0.21165,,0.10111,2.23E-04,-8.71E-05,0.37282
0.10173,2.59E-04,-5.59E-05,0.21225,,0.10213,2.22E-04,-8.72E-05,0.37397
0.10185,2.59E-04,-5.60E-05,0.21278,,0.10084,2.22E-04,-8.68E-05,0.37317
0.10069,2.59E-04,-5.59E-05,0.21241,,0.10178,2.22E-04,-8.66E-05,0.37224
0.10205,2.59E-04,-5.57E-05,0.21175,,0.10145,2.22E-04,-8.66E-05,0.37209
0.10289,2.59E-04,-5.56E-05,0.21146,,0.10041,2.22E-04,-8.66E-05,0.37163
0.10202,2.59E-04,-5.58E-05,0.2122,,0.10034,2.22E-04,-8.66E-05,0.37193
0.10125,2.59E-04,-5.58E-05,0.21204,,0.10026,2.22E-04,-8.68E-05,0.37272
0.10214,2.59E-04,-5.58E-05,0.21196,,0.10086,2.22E-04,-8.71E-05,0.37343
0.10107,2.60E-04,-5.58E-05,0.21172,,0.10022,2.23E-04,-8.72E-05,0.37245
0.10161,2.60E-04,-5.55E-05,0.21038,,0.09898,2.24E-04,-8.72E-05,0.37169
0.10101,2.60E-04,-5.57E-05,0.21096,,0.09926,2.24E-04,-8.70E-05,0.37046
0.10109,2.60E-04,-5.58E-05,0.21125,,0.09998,2.25E-04,-8.71E-05,0.36995
0.10202,2.60E-04,-5.56E-05,0.21059,,0.09866,2.25E-04,-8.73E-05,0.37027
0.10001,2.60E-04,-5.56E-05,0.21075,,0.09957,2.24E-04,-8.72E-05,0.37109
0.09966,2.60E-04,-5.54E-05,0.20986,,0.09961,2.23E-04,-8.70E-05,0.37197
0.10061,2.60E-04,-5.52E-05,0.2092,,0.0985,2.22E-04,-8.67E-05,0.37217
0.10026,2.60E-04,-5.52E-05,0.20936,,0.09884,2.22E-04,-8.66E-05,0.37209
0.1003,2.60E-04,-5.51E-05,0.20915,,0.09848,2.23E-04,-8.68E-05,0.37195
0.10057,2.59E-04,-5.50E-05,0.20893,,0.09844,2.24E-04,-8.71E-05,0.3716
0.09942,2.59E-04,-5.50E-05,0.20925,,0.09923,2.25E-04,-8.71E-05,0.3701
0.09935,2.59E-04,-5.51E-05,0.20962,,0.09958,2.24E-04,-8.69E-05,0.36947
0.09959,2.59E-04,-5.52E-05,0.20999,,0.09887,2.24E-04,-8.66E-05,0.36951
0.09911,2.59E-04,-5.54E-05,0.21096,,0.099,2.22E-04,-8.64E-05,0.3707
0.09996,2.59E-04,-5.54E-05,0.2108,,0.09807,2.22E-04,-8.64E-05,0.371
0.10068,2.59E-04,-5.53E-05,0.21028,,0.09809,2.22E-04,-8.63E-05,0.37015
0.09974,2.59E-04,-5.54E-05,0.21049,,0.09978,2.23E-04,-8.66E-05,0.36996
0.10054,2.59E-04,-5.52E-05,0.20967,,0.09885,2.24E-04,-8.69E-05,0.36992
0.09975,2.60E-04,-5.53E-05,0.20965,,0.09867,2.24E-04,-8.69E-05,0.37007
0.099,2.60E-04,-5.54E-05,0.2097,,0.09885,2.24E-04,-8.68E-05,0.36968
0.09999,2.60E-04,-5.54E-05,0.20978,,0.09815,2.24E-04,-8.66E-05,0.36891
0.09928,2.60E-04,-5.54E-05,0.21002,,0.09883,2.24E-04,-8.66E-05,0.36831
0.09946,2.60E-04,-5.52E-05,0.20951,,0.09802,2.25E-04,-8.68E-05,0.36848
0.10045,2.60E-04,-5.51E-05,0.20907,,0.0985,2.25E-04,-8.69E-05,0.36902
0.09845,2.60E-04,-5.51E-05,0.20876,,0.09899,2.24E-04,-8.65E-05,0.36867
0.09779,2.60E-04,-5.49E-05,0.20833,,0.09803,2.24E-04,-8.65E-05,0.36927
0.09852,2.59E-04,-5.49E-05,0.2088,,0.09748,2.23E-04,-8.66E-05,0.36996
0.09889,2.59E-04,-5.49E-05,0.20896,,0.09811,2.23E-04,-8.63E-05,0.37
0.09813,2.59E-04,-5.49E-05,0.20896,,0.09736,2.21E-04,-8.62E-05,0.37159
0.09889,2.59E-04,-5.47E-05,0.20822,,0.0981,2.21E-04,-8.62E-05,0.37174
0.09851,2.59E-04,-5.48E-05,0.20835,,0.09804,2.21E-04,-8.59E-05,0.37072
0.09772,2.59E-04,-5.50E-05,0.20901,,0.09711,2.21E-04,-8.62E-05,0.37159
0.09888,2.59E-04,-5.50E-05,0.20909,,0.09813,2.22E-04,-8.64E-05,0.37161
0.09797,2.59E-04,-5.50E-05,0.20893,,0.09721,2.21E-04,-8.61E-05,0.3712
0.09793,2.60E-04,-5.49E-05,0.20825,,0.0971,2.21E-04,-8.63E-05,0.37213
0.09887,2.60E-04,-5.50E-05,0.20839,,0.09796,2.21E-04,-8.62E-05,0.37128
0.098,2.60E-04,-5.51E-05,0.20876,,0.09709,2.22E-04,-8.62E-05,0.37037
0.0985,2.60E-04,-5.50E-05,0.20831,,0.09773,2.23E-04,-8.64E-05,0.37024
0.09921,2.60E-04,-5.50E-05,0.20854,,0.09713,2.23E-04,-8.61E-05,0.36907
0.09832,2.60E-04,-5.50E-05,0.20862,,0.0963,2.23E-04,-8.61E-05,0.36907
0.09687,2.60E-04,-5.49E-05,0.20825,,0.09694,2.23E-04,-8.61E-05,0.36877
0.09769,2.60E-04,-5.48E-05,0.20812,,0.09728,2.23E-04,-8.62E-05,0.36931
0.09758,2.59E-04,-5.49E-05,0.20864,,0.09669,2.23E-04,-8.61E-05,0.36862
0.098,2.59E-04,-5.48E-05,0.20835,,0.09715,2.24E-04,-8.62E-05,0.36795
0.09762,2.59E-04,-5.45E-05,0.2074,,0.0963,2.24E-04,-8.63E-05,0.36774
0.09678,2.59E-04,-5.45E-05,0.2074,,0.09587,2.24E-04,-8.64E-05,0.36843
0.09639,2.59E-04,-5.45E-05,0.20732,,0.0967,2.23E-04,-8.64E-05,0.36948
0.09724,2.59E-04,-5.46E-05,0.20754,,0.09566,2.22E-04,-8.64E-05,0.3707
0.09654,2.60E-04,-5.46E-05,0.20722,,0.09638,2.23E-04,-8.65E-05,0.37048
0.09692,2.60E-04,-5.45E-05,0.20655,,0.09653,2.24E-04,-8.70E-05,0.37061
0.09772,2.61E-04,-5.45E-05,0.20616,,0.09561,2.24E-04,-8.71E-05,0.3707
0.09671,2.61E-04,-5.47E-05,0.20682,,0.09642,2.24E-04,-8.69E-05,0.37083
0.09759,2.60E-04,-5.45E-05,0.20632,,0.09553,2.23E-04,-8.66E-05,0.37072
0.09767,2.60E-04,-5.45E-05,0.20632,,0.09538,2.22E-04,-8.62E-05,0.37052
0.09581,2.60E-04,-5.43E-05,0.20581,,0.09615,2.22E-04,-8.62E-05,0.37083
0.09611,2.60E-04,-5.43E-05,0.20573,,0.09576,2.22E-04,-8.62E-05,0.37052
0.09667,2.60E-04,-5.43E-05,0.20573,,0.09552,2.22E-04,-8.62E-05,0.37022
0.09555,2.60E-04,-5.43E-05,0.20596,,0.09574,2.23E-04,-8.64E-05,0.36933
0.09635,2.59E-04,-5.42E-05,0.20598,,0.09491,2.24E-04,-8.64E-05,0.36768
0.0964,2.59E-04,-5.41E-05,0.20569,,0.09614,2.25E-04,-8.65E-05,0.36762
0.09541,2.59E-04,-5.40E-05,0.20547,,0.09621,2.24E-04,-8.67E-05,0.3687
0.09647,2.59E-04,-5.39E-05,0.20518,,0.09527,2.24E-04,-8.66E-05,0.36936
0.09565,2.59E-04,-5.38E-05,0.20481,,0.0962,2.23E-04,-8.63E-05,0.3694
0.09521,2.59E-04,-5.37E-05,0.20452,,0.09529,2.22E-04,-8.61E-05,0.36952
0.09686,2.59E-04,-5.36E-05,0.20415,,0.09506,2.22E-04,-8.61E-05,0.36952
0.0966,2.59E-04,-5.38E-05,0.20473,,0.09544,2.23E-04,-8.59E-05,0.36814
0.09568,2.59E-04,-5.40E-05,0.20524,,0.09483,2.23E-04,-8.57E-05,0.36735
0.0963,2.60E-04,-5.41E-05,0.20538,,0.09566,2.23E-04,-8.56E-05,0.36711
0.0955,2.60E-04,-5.41E-05,0.2053,,0.09552,2.23E-04,-8.57E-05,0.36735
0.09503,2.60E-04,-5.40E-05,0.20486,,0.094,2.23E-04,-8.59E-05,0.36784
0.09597,2.60E-04,-5.40E-05,0.20463,,0.09477,2.24E-04,-8.62E-05,0.36795
0.09581,2.60E-04,-5.40E-05,0.20455,,0.09498,2.24E-04,-8.60E-05,0.36732
0.09526,2.60E-04,-5.41E-05,0.20492,,0.09471,2.23E-04,-8.59E-05,0.36814
0.09577,2.60E-04,-5.40E-05,0.20463,,0.09485,2.23E-04,-8.57E-05,0.3675
0.09519,2.60E-04,-5.39E-05,0.20418,,0.09398,2.22E-04,-8.55E-05,0.36763
0.09529,2.61E-04,-5.37E-05,0.20322,,0.09356,2.22E-04,-8.55E-05,0.36793
0.09477,2.61E-04,-5.34E-05,0.20219,,0.09396,2.22E-04,-8.56E-05,0.36832
0.09425,2.60E-04,-5.34E-05,0.20226,,0.09333,2.22E-04,-8.56E-05,0.36817
0.09587,2.60E-04,-5.33E-05,0.20235,,0.09408,2.22E-04,-8.59E-05,0.36874
0.09575,2.59E-04,-5.33E-05,0.20273,,0.09466,2.23E-04,-8.62E-05,0.36886
0.09484,2.59E-04,-5.33E-05,0.20296,,0.09384,2.23E-04,-8.62E-05,0.36825
0.09587,2.59E-04,-5.31E-05,0.20237,,0.09415,2.24E-04,-8.60E-05,0.36717
0.09499,2.59E-04,-5.30E-05,0.20215,,0.09319,2.23E-04,-8.61E-05,0.36786
0.09469,2.58E-04,-5.30E-05,0.20238,,0.09403,2.23E-04,-8.59E-05,0.36753
0.09471,2.58E-04,-5.33E-05,0.20357,,0.09475,2.23E-04,-8.58E-05,0.36775
0.09442,2.59E-04,-5.34E-05,0.20371,,0.09419,2.23E-04,-8.59E-05,0.36768
0.09507,2.59E-04,-5.34E-05,0.20356,,0.09349,2.23E-04,-8.59E-05,0.36723
0.0945,2.59E-04,-5.34E-05,0.2034,,0.09424,2.23E-04,-8.58E-05,0.36759
0.09353,2.59E-04,-5.34E-05,0.20333,,0.09335,2.23E-04,-8.56E-05,0.36711
0.09346,2.59E-04,-5.34E-05,0.20333,,0.09386,2.23E-04,-8.53E-05,0.36609
0.09442,2.59E-04,-5.36E-05,0.20384,,0.09437,2.23E-04,-8.56E-05,0.36666
0.0933,2.60E-04,-5.39E-05,0.2048,,0.09354,2.23E-04,-8.58E-05,0.36759
0.09409,2.60E-04,-5.39E-05,0.2048,,0.09421,2.22E-04,-8.58E-05,0.3688
0.09463,2.60E-04,-5.36E-05,0.20361,,0.09357,2.21E-04,-8.56E-05,0.36938
0.09383,2.60E-04,-5.35E-05,0.20324,,0.09204,2.21E-04,-8.57E-05,0.37024
0.09473,2.60E-04,-5.35E-05,0.20332,,0.09284,2.21E-04,-8.55E-05,0.3696
0.0943,2.60E-04,-5.34E-05,0.20295,,0.09279,2.21E-04,-8.57E-05,0.37039
0.09355,2.60E-04,-5.34E-05,0.20295,,0.09325,2.20E-04,-8.54E-05,0.36982
0.09329,2.60E-04,-5.34E-05,0.2028,,0.09281,2.20E-04,-8.56E-05,0.37061
0.09358,2.60E-04,-5.33E-05,0.2025,,0.09181,2.21E-04,-8.57E-05,0.36978
0.09357,2.60E-04,-5.32E-05,0.20213,,0.09185,2.21E-04,-8.59E-05,0.37011
0.09353,2.59E-04,-5.33E-05,0.20273,,0.09262,2.22E-04,-8.59E-05,0.36995
0.09277,2.59E-04,-5.33E-05,0.20288,,0.09162,2.22E-04,-8.60E-05,0.36974
0.09211,2.59E-04,-5.30E-05,0.20192,,0.09246,2.22E-04,-8.57E-05,0.36856
0.09306,2.59E-04,-5.29E-05,0.20148,,0.09263,2.22E-04,-8.56E-05,0.36878
0.09212,2.59E-04,-5.28E-05,0.20133,,0.09219,2.21E-04,-8.55E-05,0.36884
0.0922,2.59E-04,-5.28E-05,0.20141,,0.09197,2.21E-04,-8.54E-05,0.36829
0.09313,2.59E-04,-5.29E-05,0.2017,,0.09109,2.22E-04,-8.53E-05,0.36639
0.09318,2.59E-04,-5.28E-05,0.20103,,0.09264,2.23E-04,-8.57E-05,0.36645
0.09287,2.59E-04,-5.29E-05,0.2014,,0.09296,2.24E-04,-8.58E-05,0.3661
0.09317,2.60E-04,-5.28E-05,0.20073,,0.09197,2.24E-04,-8.60E-05,0.36717
0.09212,2.60E-04,-5.32E-05,0.20206,,0.09281,2.23E-04,-8.59E-05,0.36738
0.09212,2.60E-04,-5.30E-05,0.20124,,0.09199,2.23E-04,-8.56E-05,0.36681
0.09296,2.60E-04,-5.28E-05,0.20035,,0.09148,2.23E-04,-8.56E-05,0.36711
0.09166,2.60E-04,-5.26E-05,0.19946,,0.09227,2.23E-04,-8.56E-05,0.36726
0.09246,2.61E-04,-5.26E-05,0.19924,,0.09235,2.22E-04,-8.58E-05,0.3688
0.09243,2.60E-04,-5.28E-05,0.20013,,0.09185,2.21E-04,-8.56E-05,0.36893
0.09138,2.60E-04,-5.26E-05,0.19954,,0.09226,2.22E-04,-8.56E-05,0.36832
0.0923,2.60E-04,-5.26E-05,0.19969,,0.09128,2.22E-04,-8.57E-05,0.36781
0.09148,2.60E-04,-5.22E-05,0.19851,,0.09068,2.24E-04,-8.59E-05,0.36693
0.09092,2.59E-04,-5.23E-05,0.19918,,0.09135,2.24E-04,-8.58E-05,0.3661
0.09164,2.59E-04,-5.21E-05,0.19858,,0.0905,2.25E-04,-8.61E-05,0.36622
0.09267,2.59E-04,-5.21E-05,0.19881,,0.09126,2.25E-04,-8.62E-05,0.36616
0.09173,2.59E-04,-5.21E-05,0.19873,,0.09129,2.24E-04,-8.59E-05,0.36574
0.09183,2.59E-04,-5.21E-05,0.19873,,0.09035,2.24E-04,-8.59E-05,0.36604
0.09094,2.59E-04,-5.22E-05,0.1991,,0.09061,2.24E-04,-8.58E-05,0.36639
0.09152,2.59E-04,-5.23E-05,0.19925,,0.09028,2.22E-04,-8.52E-05,0.366
0.0923,2.59E-04,-5.21E-05,0.19843,,0.09035,2.22E-04,-8.51E-05,0.36666
0.09225,2.59E-04,-5.22E-05,0.19858,,0.09103,2.22E-04,-8.49E-05,0.36572
0.09149,2.60E-04,-5.23E-05,0.1988,,0.09039,2.21E-04,-8.48E-05,0.36623
0.09203,2.60E-04,-5.23E-05,0.19888,,0.09081,2.21E-04,-8.49E-05,0.36708
0.09115,2.60E-04,-5.25E-05,0.19962,,0.0903,2.21E-04,-8.52E-05,0.36766
0.09061,2.60E-04,-5.26E-05,0.19984,,0.08959,2.22E-04,-8.54E-05,0.36723
0.09113,2.60E-04,-5.25E-05,0.19947,,0.09079,2.22E-04,-8.53E-05,0.36624
0.09021,2.60E-04,-5.24E-05,0.1988,,0.09051,2.22E-04,-8.52E-05,0.366
0.09034,2.61E-04,-5.23E-05,0.19813,,0.08994,2.23E-04,-8.55E-05,0.36687
0.0918,2.61E-04,-5.22E-05,0.19762,,0.09035,2.23E-04,-8.56E-05,0.36621
0.09088,2.60E-04,-5.22E-05,0.19784,,0.08955,2.23E-04,-8.51E-05,0.36471
0.0905,2.60E-04,-5.21E-05,0.19791,,0.08992,2.23E-04,-8.53E-05,0.36609
0.09108,2.59E-04,-5.21E-05,0.19821,,0.09053,2.22E-04,-8.53E-05,0.36745
0.09036,2.59E-04,-5.19E-05,0.19769,,0.08973,2.21E-04,-8.53E-05,0.36851
0.09102,2.59E-04,-5.18E-05,0.19754,,0.09028,2.21E-04,-8.53E-05,0.3682
0.0904,2.59E-04,-5.17E-05,0.1974,,0.08975,2.21E-04,-8.52E-05,0.36781
0.09055,2.58E-04,-5.20E-05,0.19866,,0.08897,2.20E-04,-8.51E-05,0.36863
0.09128,2.59E-04,-5.21E-05,0.19888,,0.08969,2.20E-04,-8.51E-05,0.36848
0.09086,2.59E-04,-5.19E-05,0.19806,,0.0889,2.21E-04,-8.50E-05,0.36733
0.08903,2.59E-04,-5.19E-05,0.19769,,0.08934,2.22E-04,-8.54E-05,0.36784
0.08978,2.60E-04,-5.19E-05,0.1974,,0.08961,2.23E-04,-8.56E-05,0.36696
0.08996,2.60E-04,-5.21E-05,0.19791,,0.08862,2.23E-04,-8.57E-05,0.36675
0.08979,2.60E-04,-5.23E-05,0.1985,,0.08872,2.23E-04,-8.57E-05,0.36705
0.09054,2.60E-04,-5.25E-05,0.19895,,0.08856,2.23E-04,-8.57E-05,0.3675
0.08987,2.60E-04,-5.25E-05,0.19902,,0.08846,2.23E-04,-8.56E-05,0.36711
0.08912,2.60E-04,-5.22E-05,0.19821,,0.08924,2.23E-04,-8.58E-05,0.36684
0.08958,2.60E-04,-5.21E-05,0.19799,,0.08872,2.25E-04,-8.59E-05,0.36544
0.08938,2.60E-04,-5.20E-05,0.19769,,0.08909,2.25E-04,-8.59E-05,0.36411
0.08929,2.59E-04,-5.20E-05,0.19791,,0.08924,2.26E-04,-8.58E-05,0.36343
0.09015,2.59E-04,-5.21E-05,0.19836,,0.08787,2.25E-04,-8.58E-05,0.36431
0.09006,2.59E-04,-5.20E-05,0.19799,,0.08821,2.24E-04,-8.58E-05,0.36535
0.08985,2.59E-04,-5.17E-05,0.19695,,0.08874,2.24E-04,-8.60E-05,0.36672
0.09023,2.59E-04,-5.17E-05,0.1971,,0.08779,2.24E-04,-8.60E-05,0.36732
0.08932,2.59E-04,-5.19E-05,0.19769,,0.08854,2.23E-04,-8.57E-05,0.3663
0.08901,2.59E-04,-5.19E-05,0.19747,,0.08805,2.24E-04,-8.59E-05,0.36559
0.08899,2.60E-04,-5.21E-05,0.19806,,0.0879,2.24E-04,-8.57E-05,0.36541
0.0888,2.60E-04,-5.21E-05,0.19777,,0.08805,2.25E-04,-8.60E-05,0.36583
0.0893,2.60E-04,-5.21E-05,0.19747,,0.08716,2.25E-04,-8.60E-05,0.36494
0.08892,2.60E-04,-5.18E-05,0.19651,,0.08847,2.25E-04,-8.58E-05,0.36372
0.08798,2.60E-04,-5.17E-05,0.19614,,0.08886,2.26E-04,-8.58E-05,0.36357
0.08778,2.60E-04,-5.15E-05,0.19547,,0.08786,2.25E-04,-8.57E-05,0.36378
0.08824,2.60E-04,-5.14E-05,0.19532,,0.0877,2.24E-04,-8.56E-05,0.36487
0.08768,2.59E-04,-5.14E-05,0.19562,,0.08796,2.23E-04,-8.55E-05,0.36582
0.08837,2.59E-04,-5.13E-05,0.19569,,0.08751,2.23E-04,-8.52E-05,0.36555
0.08893,2.59E-04,-5.11E-05,0.19516,,0.08831,2.23E-04,-8.52E-05,0.3654
0.08807,2.59E-04,-5.10E-05,0.19472,,0.08735,2.23E-04,-8.51E-05,0.36531
0.08892,2.59E-04,-5.10E-05,0.19472,,0.088,2.23E-04,-8.52E-05,0.36555
0.08846,2.59E-04,-5.10E-05,0.19464,,0.08839,2.23E-04,-8.51E-05,0.36441
0.08773,2.59E-04,-5.10E-05,0.19464,,0.08746,2.24E-04,-8.55E-05,0.36537
0.08787,2.59E-04,-5.12E-05,0.19517,,0.08635,2.23E-04,-8.55E-05,0.36612
0.08811,2.59E-04,-5.11E-05,0.1945,,0.08714,2.23E-04,-8.54E-05,0.36648
0.08789,2.60E-04,-5.12E-05,0.19444,,0.0869,2.22E-04,-8.52E-05,0.36585
0.08792,2.60E-04,-5.15E-05,0.19547,,0.08677,2.22E-04,-8.48E-05,0.36473
0.08721,2.60E-04,-5.15E-05,0.19525,,0.0871,2.22E-04,-8.51E-05,0.36666
0.08663,2.60E-04,-5.14E-05,0.19496,,0.08618,2.22E-04,-8.50E-05,0.36642
0.08723,2.60E-04,-5.12E-05,0.19458,,0.08603,2.22E-04,-8.48E-05,0.36503
0.08651,2.60E-04,-5.13E-05,0.19502,,0.08641,2.22E-04,-8.48E-05,0.36488
0.08724,2.60E-04,-5.12E-05,0.19458,,0.08586,2.23E-04,-8.50E-05,0.36446
0.08742,2.60E-04,-5.12E-05,0.19465,,0.08672,2.23E-04,-8.51E-05,0.36411
0.08723,2.60E-04,-5.14E-05,0.19547,,0.08669,2.23E-04,-8.53E-05,0.36504
0.08736,2.59E-04,-5.14E-05,0.19584,,0.08641,2.23E-04,-8.54E-05,0.36558
0.08652,2.59E-04,-5.12E-05,0.19531,,0.08671,2.23E-04,-8.55E-05,0.36582
0.08717,2.59E-04,-5.08E-05,0.19405,,0.08579,2.23E-04,-8.54E-05,0.36603
0.08799,2.58E-04,-5.07E-05,0.19382,,0.08563,2.22E-04,-8.50E-05,0.36551
0.08757,2.58E-04,-5.08E-05,0.19434,,0.08686,2.22E-04,-8.49E-05,0.36572
0.08677,2.58E-04,-5.09E-05,0.19501,,0.08611,2.22E-04,-8.48E-05,0.36503
0.0875,2.58E-04,-5.09E-05,0.19501,,0.08629,2.22E-04,-8.46E-05,0.36439
0.08666,2.58E-04,-5.11E-05,0.19568,,0.08646,2.21E-04,-8.49E-05,0.36617
0.08718,2.58E-04,-5.12E-05,0.19598,,0.08552,2.21E-04,-8.51E-05,0.36772
0.0865,2.58E-04,-5.09E-05,0.19464,,0.08552,2.21E-04,-8.50E-05,0.36763
0.08694,2.59E-04,-5.11E-05,0.19502,,0.08609,2.20E-04,-8.50E-05,0.36839
0.08738,2.59E-04,-5.11E-05,0.1948,,0.08534,2.20E-04,-8.48E-05,0.3676
0.08559,2.59E-04,-5.13E-05,0.19524,,0.08582,2.21E-04,-8.52E-05,0.36857
0.08539,2.60E-04,-5.13E-05,0.19495,,0.0854,2.22E-04,-8.51E-05,0.36681
0.08623,2.60E-04,-5.14E-05,0.19518,,0.08454,2.22E-04,-8.48E-05,0.36503
0.08515,2.60E-04,-5.12E-05,0.19429,,0.08541,2.22E-04,-8.46E-05,0.36454
0.08594,2.60E-04,-5.11E-05,0.19377,,0.08454,2.22E-04,-8.45E-05,0.36385
0.08603,2.61E-04,-5.11E-05,0.1937,,0.08484,2.22E-04,-8.45E-05,0.36415
0.08506,2.60E-04,-5.11E-05,0.19377,,0.08546,2.22E-04,-8.47E-05,0.36478
0.08522,2.60E-04,-5.10E-05,0.19348,,0.08512,2.22E-04,-8.48E-05,0.36503
0.08505,2.60E-04,-5.08E-05,0.19281,,0.08502,2.22E-04,-8.49E-05,0.36572
0.0849,2.60E-04,-5.07E-05,0.19273,,0.08463,2.21E-04,-8.47E-05,0.36539
0.08572,2.60E-04,-5.04E-05,0.19183,,0.08478,2.22E-04,-8.49E-05,0.36572
0.08611,2.59E-04,-5.05E-05,0.19264,,0.08557,2.21E-04,-8.46E-05,0.36529
0.08543,2.59E-04,-5.08E-05,0.19397,,0.08545,2.21E-04,-8.45E-05,0.36475
0.08566,2.59E-04,-5.10E-05,0.19457,,0.08537,2.21E-04,-8.46E-05,0.36529
0.08478,2.59E-04,-5.09E-05,0.19391,,0.08549,2.21E-04,-8.50E-05,0.36657
0.08538,2.59E-04,-5.08E-05,0.19353,,0.08449,2.22E-04,-8.50E-05,0.36536
0.08606,2.59E-04,-5.05E-05,0.19249,,0.08465,2.22E-04,-8.48E-05,0.36428
0.0854,2.59E-04,-5.04E-05,0.19241,,0.08455,2.22E-04,-8.47E-05,0.36404
0.08568,2.59E-04,-5.04E-05,0.19241,,0.08437,2.22E-04,-8.49E-05,0.36482
0.08544,2.59E-04,-5.04E-05,0.19248,,0.08523,2.22E-04,-8.48E-05,0.36428
0.08447,2.59E-04,-5.05E-05,0.19286,,0.08361,2.23E-04,-8.52E-05,0.36555
0.08482,2.59E-04,-5.06E-05,0.19301,,0.08344,2.23E-04,-8.51E-05,0.36471
0.08546,2.59E-04,-5.06E-05,0.19272,,0.08423,2.23E-04,-8.49E-05,0.36407
0.08441,2.60E-04,-5.07E-05,0.19295,,0.08393,2.23E-04,-8.49E-05,0.36422
0.08509,2.60E-04,-5.08E-05,0.19324,,0.08385,2.23E-04,-8.48E-05,0.36413
0.08469,2.60E-04,-5.08E-05,0.19324,,0.08398,2.22E-04,-8.45E-05,0.36325
0.08416,2.60E-04,-5.08E-05,0.1931,,0.08299,2.23E-04,-8.48E-05,0.36398
0.08472,2.60E-04,-5.07E-05,0.19258,,0.08392,2.23E-04,-8.48E-05,0.36353
0.0836,2.60E-04,-5.08E-05,0.19281,,0.08298,2.23E-04,-8.49E-05,0.36348
0.08452,2.60E-04,-5.09E-05,0.19303,,0.08272,2.24E-04,-8.50E-05,0.36312
0.0854,2.60E-04,-5.08E-05,0.19266,,0.08355,2.24E-04,-8.51E-05,0.36337
0.08484,2.60E-04,-5.06E-05,0.19221,,0.08327,2.24E-04,-8.52E-05,0.36405
0.08408,2.60E-04,-5.04E-05,0.19183,,0.08326,2.24E-04,-8.53E-05,0.36459
0.08512,2.59E-04,-5.03E-05,0.19189,,0.08324,2.23E-04,-8.52E-05,0.3648
0.08414,2.59E-04,-5.01E-05,0.19144,,0.08233,2.23E-04,-8.52E-05,0.36495
0.08408,2.58E-04,-5.00E-05,0.19128,,0.0837,2.23E-04,-8.54E-05,0.36528
0.08404,2.58E-04,-5.02E-05,0.19232,,0.08424,2.23E-04,-8.52E-05,0.3651
0.08364,2.58E-04,-5.02E-05,0.19225,,0.0834,2.23E-04,-8.49E-05,0.36377
0.08441,2.58E-04,-5.03E-05,0.19233,,0.0829,2.23E-04,-8.49E-05,0.36407
0.08453,2.58E-04,-5.04E-05,0.1927,,0.08356,2.23E-04,-8.49E-05,0.36422
0.08284,2.58E-04,-5.06E-05,0.19345,,0.08271,2.23E-04,-8.49E-05,0.36362
0.08325,2.59E-04,-5.05E-05,0.19293,,0.08319,2.23E-04,-8.49E-05,0.36362
0.08353,2.58E-04,-5.05E-05,0.193,,0.0837,2.23E-04,-8.50E-05,0.36357
0.08302,2.59E-04,-5.03E-05,0.19211,,0.08275,2.24E-04,-8.52E-05,0.36376
0.08383,2.59E-04,-5.03E-05,0.19182,,0.08351,2.24E-04,-8.49E-05,0.36303
0.08347,2.59E-04,-5.03E-05,0.19168,,0.08289,2.24E-04,-8.49E-05,0.36288
0.08271,2.60E-04,-5.02E-05,0.19109,,0.08154,2.24E-04,-8.51E-05,0.36292
0.08379,2.60E-04,-5.02E-05,0.1908,,0.08242,2.24E-04,-8.52E-05,0.36316
0.08288,2.60E-04,-5.05E-05,0.19177,,0.08198,2.24E-04,-8.51E-05,0.36262
0.08287,2.61E-04,-5.08E-05,0.19259,,0.08208,2.24E-04,-8.49E-05,0.36229
0.08357,2.61E-04,-5.07E-05,0.19186,,0.08275,2.23E-04,-8.49E-05,0.36318
0.08267,2.61E-04,-5.06E-05,0.19142,,0.08207,2.23E-04,-8.47E-05,0.36269
0.08347,2.61E-04,-5.04E-05,0.19097,,0.08155,2.23E-04,-8.45E-05,0.36235
0.08362,2.60E-04,-5.04E-05,0.19133,,0.08225,2.23E-04,-8.45E-05,0.36235
0.08171,2.60E-04,-5.03E-05,0.19124,,0.08144,2.23E-04,-8.48E-05,0.36279
0.08216,2.60E-04,-5.02E-05,0.19102,,0.08198,2.24E-04,-8.49E-05,0.36303
0.08278,2.59E-04,-5.01E-05,0.19079,,0.08245,2.25E-04,-8.53E-05,0.36296
0.08243,2.59E-04,-5.01E-05,0.19086,,0.08174,2.26E-04,-8.53E-05,0.36163
0.08243,2.59E-04,-5.01E-05,0.19108,,0.08233,2.25E-04,-8.51E-05,0.36159
0.08222,2.59E-04,-5.00E-05,0.19099,,0.08151,2.24E-04,-8.50E-05,0.36253
0.08126,2.59E-04,-4.97E-05,0.18987,,0.08109,2.24E-04,-8.49E-05,0.36273
0.08153,2.58E-04,-4.97E-05,0.19009,,0.08181,2.23E-04,-8.48E-05,0.36308
0.08143,2.58E-04,-4.97E-05,0.1903,,0.08131,2.23E-04,-8.49E-05,0.36333
0.08123,2.58E-04,-4.96E-05,0.18993,,0.08172,2.24E-04,-8.49E-05,0.36273
0.08205,2.58E-04,-4.96E-05,0.18979,,0.08182,2.24E-04,-8.48E-05,0.3616
0.08237,2.59E-04,-4.94E-05,0.18883,,0.08059,2.25E-04,-8.50E-05,0.36106
0.08182,2.59E-04,-4.93E-05,0.18838,,0.08105,2.25E-04,-8.49E-05,0.36111
0.08193,2.59E-04,-4.97E-05,0.1898,,0.08146,2.24E-04,-8.49E-05,0.36214
0.08155,2.59E-04,-4.97E-05,0.18995,,0.08083,2.24E-04,-8.47E-05,0.3621
0.08182,2.59E-04,-4.97E-05,0.18987,,0.08129,2.23E-04,-8.47E-05,0.36299
0.08256,2.59E-04,-4.97E-05,0.18973,,0.08065,2.23E-04,-8.45E-05,0.36191
0.0817,2.59E-04,-4.98E-05,0.18967,,0.08016,2.23E-04,-8.46E-05,0.36215
0.08217,2.60E-04,-4.98E-05,0.18953,,0.08066,2.23E-04,-8.47E-05,0.36254
0.08171,2.60E-04,-5.00E-05,0.18992,,0.08002,2.23E-04,-8.46E-05,0.3623
0.08094,2.60E-04,-5.00E-05,0.18985,,0.08031,2.23E-04,-8.46E-05,0.36319
0.0815,2.60E-04,-5.00E-05,0.18999,,0.08074,2.22E-04,-8.45E-05,0.36355
0.08082,2.60E-04,-4.98E-05,0.18932,,0.0802,2.22E-04,-8.46E-05,0.36409
0.08126,2.60E-04,-4.94E-05,0.18804,,0.08055,2.23E-04,-8.46E-05,0.36334
0.0818,2.59E-04,-4.93E-05,0.18788,,0.08021,2.23E-04,-8.44E-05,0.36181
0.0807,2.59E-04,-4.93E-05,0.18817,,0.07969,2.23E-04,-8.46E-05,0.36215
0.08065,2.59E-04,-4.93E-05,0.18824,,0.08102,2.24E-04,-8.46E-05,0.36171
0.08102,2.59E-04,-4.93E-05,0.18838,,0.08085,2.24E-04,-8.46E-05,0.36141
0.08049,2.58E-04,-4.92E-05,0.18829,,0.08019,2.24E-04,-8.46E-05,0.36171
0.0812,2.58E-04,-4.93E-05,0.18867,,0.08035,2.24E-04,-8.44E-05,0.36048
0.08128,2.59E-04,-4.92E-05,0.18808,,0.08022,2.24E-04,-8.44E-05,0.36004
0.08094,2.59E-04,-4.92E-05,0.18808,,,,,
0.08135,2.59E-04,-4.91E-05,0.18756,,,,,
0.08064,2.59E-04,-4.92E-05,0.18801,,,,,
0.08039,2.59E-04,-4.93E-05,0.18831,,,,,
0.08063,2.59E-04,-4.94E-05,0.18833,,,,,
0.08035,2.60E-04,-4.95E-05,0.18827,,,,,
0.08074,2.60E-04,-4.97E-05,0.18888,,,,,
0.0813,2.60E-04,-4.98E-05,0.18918,,,,,
