0,0.1,1,7.91E-30,1.23E-39,2.68E-29
1,0.1,0.99993,6.93E-05,1.33E-17,2.35E-04
2,0.1,0.99986,1.38E-04,4.20E-17,4.69E-04
3,0.10001,0.99979,2.07E-04,8.61E-17,7.01E-04
4,0.10001,0.99973,2.75E-04,1.43E-16,9.32E-04
5,0.10001,0.99966,3.42E-04,2.14E-16,0.00116
6,0.10001,0.99959,4.10E-04,3.00E-16,0.00139
7,0.10001,0.99952,4.77E-04,4.01E-16,0.00162
8,0.10002,0.99946,5.43E-04,5.16E-16,0.00184
9,0.10002,0.99939,6.09E-04,6.46E-16,0.00207
10,0.10002,0.99933,6.75E-04,7.91E-16,0.00229
11,0.10002,0.99926,7.40E-04,9.48E-16,0.00251
12,0.10002,0.99919,8.05E-04,1.12E-15,0.00273
13,0.10002,0.99913,8.70E-04,1.31E-15,0.00295
14,0.10003,0.99907,9.34E-04,1.50E-15,0.00317
15,0.10003,0.999,9.97E-04,1.72E-15,0.00338
16,0.10003,0.99894,0.00106,1.95E-15,0.0036
17,0.10003,0.99888,0.00112,2.19E-15,0.00381
18,0.10003,0.99881,0.00119,2.44E-15,0.00403
19,0.10004,0.99875,0.00125,2.71E-15,0.00424
20,0.10004,0.99869,0.00131,2.99E-15,0.00445
21,0.10004,0.99863,0.00137,3.28E-15,0.00465
22,0.10004,0.99857,0.00143,3.59E-15,0.00486
23,0.10004,0.99851,0.00149,3.91E-15,0.00507
24,0.10004,0.99845,0.00155,4.24E-15,0.00527
25,0.10005,0.99839,0.00161,4.58E-15,0.00547
26,0.10005,0.99833,0.00167,4.94E-15,0.00568
27,0.10005,0.99827,0.00173,5.30E-15,0.00588
28,0.10005,0.99821,0.00179,5.68E-15,0.00608
29,0.10005,0.99815,0.00185,6.07E-15,0.00628
30,0.10006,0.99809,0.00191,6.48E-15,0.00647
31,0.10006,0.99803,0.00197,6.90E-15,0.00667
32,0.10006,0.99798,0.00202,7.32E-15,0.00686
33,0.10006,0.99792,0.00208,7.76E-15,0.00706
34,0.10006,0.99786,0.00214,8.21E-15,0.00725
35,0.10006,0.99781,0.00219,8.67E-15,0.00744
36,0.10007,0.99775,0.00225,9.14E-15,0.00763
37,0.10007,0.9977,0.0023,9.63E-15,0.00782
38,0.10007,0.99764,0.00236,1.01E-14,0.00801
39,0.10007,0.99759,0.00241,1.06E-14,0.00819
40,0.10007,0.99753,0.00247,1.11E-14,0.00838
41,0.10008,0.99748,0.00252,1.17E-14,0.00856
42,0.10008,0.99742,0.00258,1.22E-14,0.00874
43,0.10008,0.99737,0.00263,1.27E-14,0.00893
44,0.10008,0.99732,0.00268,1.33E-14,0.00911
45,0.10008,0.99726,0.00274,1.39E-14,0.00929
46,0.10008,0.99721,0.00279,1.44E-14,0.00947
47,0.10009,0.99716,0.00284,1.50E-14,0.00964
48,0.10009,0.99711,0.00289,1.56E-14,0.00982
49,0.10009,0.99705,0.00295,1.62E-14,0.00999
50,0.10009,0.997,0.003,1.68E-14,0.01017
51,0.10009,0.99695,0.00305,1.75E-14,0.01034
52,0.10009,0.9969,0.0031,1.81E-14,0.01051
53,0.1001,0.99685,0.00315,1.87E-14,0.01068
54,0.1001,0.9968,0.0032,1.94E-14,0.01085
55,0.1001,0.99675,0.00325,2.00E-14,0.01102
56,0.1001,0.9967,0.0033,2.07E-14,0.01119
57,0.1001,0.99665,0.00335,2.14E-14,0.01136
58,0.1001,0.9966,0.0034,2.21E-14,0.01152
59,0.10011,0.99656,0.00344,2.28E-14,0.01169
60,0.10011,0.99651,0.00349,2.35E-14,0.01185
61,0.10011,0.99646,0.00354,2.42E-14,0.01201
62,0.10011,0.99641,0.00359,2.49E-14,0.01218
63,0.10011,0.99636,0.00364,2.56E-14,0.01234
64,0.10012,0.99632,0.00368,2.63E-14,0.0125
65,0.10012,0.99627,0.00373,2.71E-14,0.01265
66,0.10012,0.99622,0.00378,2.78E-14,0.01281
67,0.10012,0.99618,0.00382,2.86E-14,0.01297
68,0.10012,0.99613,0.00387,2.94E-14,0.01312
69,0.10012,0.99609,0.00391,3.01E-14,0.01328
70,0.10013,0.99604,0.00396,3.09E-14,0.01343
71,0.10013,0.996,0.004,3.17E-14,0.01359
72,0.10013,0.99595,0.00405,3.25E-14,0.01374
73,0.10013,0.99591,0.00409,3.33E-14,0.01389
74,0.10013,0.99586,0.00414,3.41E-14,0.01404
75,0.10013,0.99582,0.00418,3.49E-14,0.01419
76,0.10014,0.99577,0.00423,3.57E-14,0.01434
77,0.10014,0.99573,0.00427,3.65E-14,0.01448
78,0.10014,0.99569,0.00431,3.74E-14,0.01463
79,0.10014,0.99565,0.00435,3.82E-14,0.01478
80,0.10014,0.9956,0.0044,3.91E-14,0.01492
81,0.10014,0.99556,0.00444,3.99E-14,0.01506
82,0.10015,0.99552,0.00448,4.08E-14,0.01521
83,0.10015,0.99548,0.00452,4.16E-14,0.01535
84,0.10015,0.99543,0.00457,4.25E-14,0.01549
85,0.10015,0.99539,0.00461,4.34E-14,0.01563
86,0.10015,0.99535,0.00465,4.43E-14,0.01577
87,0.10015,0.99531,0.00469,4.51E-14,0.01591
88,0.10016,0.99527,0.00473,4.60E-14,0.01605
89,0.10016,0.99523,0.00477,4.69E-14,0.01618
90,0.10016,0.99519,0.00481,4.78E-14,0.01632
91,0.10016,0.99515,0.00485,4.88E-14,0.01645
92,0.10016,0.99511,0.00489,4.97E-14,0.01659
93,0.10016,0.99507,0.00493,5.06E-14,0.01672
94,0.10017,0.99503,0.00497,5.15E-14,0.01686
95,0.10017,0.99499,0.00501,5.24E-14,0.01699
96,0.10017,0.99495,0.00505,5.34E-14,0.01712
97,0.10017,0.99492,0.00508,5.43E-14,0.01725
98,0.10017,0.99488,0.00512,5.53E-14,0.01738
99,0.10017,0.99484,0.00516,5.62E-14,0.01751
100,0.10017,0.9948,0.0052,5.72E-14,0.01763
101,0.10018,0.99477,0.00523,5.81E-14,0.01776
102,0.10018,0.99473,0.00527,5.91E-14,0.01789
103,0.10018,0.99469,0.00531,6.01E-14,0.01801
104,0.10018,0.99465,0.00535,6.10E-14,0.01814
105,0.10018,0.99462,0.00538,6.20E-14,0.01826
106,0.10018,0.99458,0.00542,6.30E-14,0.01839
107,0.10019,0.99455,0.00545,6.40E-14,0.01851
108,0.10019,0.99451,0.00549,6.50E-14,0.01863
109,0.10019,0.99447,0.00553,6.60E-14,0.01875
110,0.10019,0.99444,0.00556,6.70E-14,0.01887
111,0.10019,0.9944,0.0056,6.80E-14,0.01899
112,0.10019,0.99437,0.00563,6.90E-14,0.01911
113,0.1002,0.99433,0.00567,7.00E-14,0.01923
114,0.1002,0.9943,0.0057,7.10E-14,0.01934
115,0.1002,0.99426,0.00574,7.20E-14,0.01946
116,0.1002,0.99423,0.00577,7.30E-14,0.01958
117,0.1002,0.9942,0.0058,7.41E-14,0.01969
118,0.1002,0.99416,0.00584,7.51E-14,0.01981
119,0.1002,0.99413,0.00587,7.61E-14,0.01992
120,0.10021,0.9941,0.0059,7.72E-14,0.02003
121,0.10021,0.99406,0.00594,7.82E-14,0.02015
122,0.10021,0.99403,0.00597,7.92E-14,0.02026
123,0.10021,0.994,0.006,8.03E-14,0.02037
124,0.10021,0.99396,0.00604,8.13E-14,0.02048
125,0.10021,0.99393,0.00607,8.24E-14,0.02059
126,0.10022,0.9939,0.0061,8.34E-14,0.0207
127,0.10022,0.99387,0.00613,8.45E-14,0.02081
128,0.10022,0.99384,0.00616,8.56E-14,0.02091
129,0.10022,0.9938,0.0062,8.66E-14,0.02102
130,0.10022,0.99377,0.00623,8.77E-14,0.02113
131,0.10022,0.99374,0.00626,8.88E-14,0.02123
132,0.10022,0.99371,0.00629,8.98E-14,0.02134
133,0.10023,0.99368,0.00632,9.09E-14,0.02144
134,0.10023,0.99365,0.00635,9.20E-14,0.02155
135,0.10023,0.99362,0.00638,9.30E-14,0.02165
136,0.10023,0.99359,0.00641,9.41E-14,0.02175
137,0.10023,0.99356,0.00644,9.52E-14,0.02185
138,0.10023,0.99353,0.00647,9.63E-14,0.02195
139,0.10024,0.9935,0.0065,9.74E-14,0.02205
140,0.10024,0.99347,0.00653,9.85E-14,0.02215
141,0.10024,0.99344,0.00656,9.96E-14,0.02225
142,0.10024,0.99341,0.00659,1.01E-13,0.02235
143,0.10024,0.99338,0.00662,1.02E-13,0.02245
144,0.10024,0.99335,0.00665,1.03E-13,0.02255
145,0.10024,0.99333,0.00667,1.04E-13,0.02264
146,0.10025,0.9933,0.0067,1.05E-13,0.02274
147,0.10025,0.99327,0.00673,1.06E-13,0.02284
148,0.10025,0.99324,0.00676,1.07E-13,0.02293
149,0.10025,0.99321,0.00679,1.08E-13,0.02303
150,0.10025,0.99319,0.00681,1.10E-13,0.02312
151,0.10025,0.99316,0.00684,1.11E-13,0.02321
152,0.10026,0.99313,0.00687,1.12E-13,0.02331
153,0.10026,0.9931,0.0069,1.13E-13,0.0234
154,0.10026,0.99308,0.00692,1.14E-13,0.02349
155,0.10026,0.99305,0.00695,1.15E-13,0.02358
156,0.10026,0.99302,0.00698,1.16E-13,0.02367
157,0.10026,0.993,0.007,1.17E-13,0.02376
158,0.10026,0.99297,0.00703,1.18E-13,0.02385
159,0.10027,0.99294,0.00706,1.20E-13,0.02394
160,0.10027,0.99292,0.00708,1.21E-13,0.02403
161,0.10027,0.99289,0.00711,1.22E-13,0.02412
162,0.10027,0.99287,0.00713,1.23E-13,0.0242
163,0.10027,0.99284,0.00716,1.24E-13,0.02429
164,0.10027,0.99282,0.00718,1.25E-13,0.02438
165,0.10027,0.99279,0.00721,1.26E-13,0.02446
166,0.10028,0.99277,0.00723,1.27E-13,0.02455
167,0.10028,0.99274,0.00726,1.29E-13,0.02463
168,0.10028,0.99272,0.00728,1.30E-13,0.02472
169,0.10028,0.99269,0.00731,1.31E-13,0.0248
170,0.10028,0.99267,0.00733,1.32E-13,0.02488
171,0.10028,0.99264,0.00736,1.33E-13,0.02497
172,0.10028,0.99262,0.00738,1.34E-13,0.02505
173,0.10029,0.99259,0.00741,1.35E-13,0.02513
174,0.10029,0.99257,0.00743,1.37E-13,0.02521
175,0.10029,0.99255,0.00745,1.38E-13,0.02529
176,0.10029,0.99252,0.00748,1.39E-13,0.02537
177,0.10029,0.9925,0.0075,1.40E-13,0.02545
178,0.10029,0.99248,0.00752,1.41E-13,0.02553
179,0.10029,0.99245,0.00755,1.42E-13,0.02561
180,0.1003,0.99243,0.00757,1.43E-13,0.02569
181,0.1003,0.99241,0.00759,1.45E-13,0.02576
182,0.1003,0.99238,0.00762,1.46E-13,0.02584
183,0.1003,0.99236,0.00764,1.47E-13,0.02592
184,0.1003,0.99234,0.00766,1.48E-13,0.02599
185,0.1003,0.99232,0.00768,1.49E-13,0.02607
186,0.1003,0.99229,0.00771,1.50E-13,0.02615
187,0.10031,0.99227,0.00773,1.51E-13,0.02622
188,0.10031,0.99225,0.00775,1.53E-13,0.02629
189,0.10031,0.99223,0.00777,1.54E-13,0.02637
190,0.10031,0.99221,0.00779,1.55E-13,0.02644
191,0.10031,0.99219,0.00781,1.56E-13,0.02651
192,0.10031,0.99216,0.00784,1.57E-13,0.02659
193,0.10031,0.99214,0.00786,1.58E-13,0.02666
194,0.10032,0.99212,0.00788,1.60E-13,0.02673
195,0.10032,0.9921,0.0079,1.61E-13,0.0268
196,0.10032,0.99208,0.00792,1.62E-13,0.02687
197,0.10032,0.99206,0.00794,1.63E-13,0.02694
198,0.10032,0.99204,0.00796,1.64E-13,0.02701
199,0.10032,0.99202,0.00798,1.65E-13,0.02708
200,0.10032,0.992,0.008,1.66E-13,0.02715
201,0.10032,0.99198,0.00802,1.68E-13,0.02722
202,0.10033,0.99196,0.00804,1.69E-13,0.02729
203,0.10033,0.99194,0.00806,1.70E-13,0.02735
204,0.10033,0.99192,0.00808,1.71E-13,0.02742
205,0.10033,0.9919,0.0081,1.72E-13,0.02749
206,0.10033,0.99188,0.00812,1.73E-13,0.02756
207,0.10033,0.99186,0.00814,1.75E-13,0.02762
208,0.10033,0.99184,0.00816,1.76E-13,0.02769
209,0.10034,0.99182,0.00818,1.77E-13,0.02775
210,0.10034,0.9918,0.0082,1.78E-13,0.02782
211,0.10034,0.99178,0.00822,1.79E-13,0.02788
212,0.10034,0.99176,0.00824,1.80E-13,0.02795
213,0.10034,0.99174,0.00826,1.81E-13,0.02801
214,0.10034,0.99173,0.00827,1.83E-13,0.02807
215,0.10034,0.99171,0.00829,1.84E-13,0.02814
216,0.10035,0.99169,0.00831,1.85E-13,0.0282
217,0.10035,0.99167,0.00833,1.86E-13,0.02826
218,0.10035,0.99165,0.00835,1.87E-13,0.02832
219,0.10035,0.99163,0.00837,1.88E-13,0.02838
220,0.10035,0.99162,0.00838,1.89E-13,0.02845
221,0.10035,0.9916,0.0084,1.91E-13,0.02851
222,0.10035,0.99158,0.00842,1.92E-13,0.02857
223,0.10035,0.99156,0.00844,1.93E-13,0.02863
224,0.10036,0.99155,0.00845,1.94E-13,0.02869
225,0.10036,0.99153,0.00847,1.95E-13,0.02874
226,0.10036,0.99151,0.00849,1.96E-13,0.0288
227,0.10036,0.99149,0.00851,1.97E-13,0.02886
228,0.10036,0.99148,0.00852,1.99E-13,0.02892
229,0.10036,0.99146,0.00854,2.00E-13,0.02898
230,0.10036,0.99144,0.00856,2.01E-13,0.02904
231,0.10037,0.99143,0.00857,2.02E-13,0.02909
232,0.10037,0.99141,0.00859,2.03E-13,0.02915
233,0.10037,0.99139,0.00861,2.04E-13,0.0292
234,0.10037,0.99138,0.00862,2.05E-13,0.02926
235,0.10037,0.99136,0.00864,2.07E-13,0.02932
236,0.10037,0.99134,0.00866,2.08E-13,0.02937
237,0.10037,0.99133,0.00867,2.09E-13,0.02943
238,0.10037,0.99131,0.00869,2.10E-13,0.02948
239,0.10038,0.9913,0.0087,2.11E-13,0.02954
240,0.10038,0.99128,0.00872,2.12E-13,0.02959
241,0.10038,0.99126,0.00874,2.13E-13,0.02964
242,0.10038,0.99125,0.00875,2.14E-13,0.0297
243,0.10038,0.99123,0.00877,2.16E-13,0.02975
244,0.10038,0.99122,0.00878,2.17E-13,0.0298
245,0.10038,0.9912,0.0088,2.18E-13,0.02985
246,0.10038,0.99119,0.00881,2.19E-13,0.0299
247,0.10039,0.99117,0.00883,2.20E-13,0.02996
248,0.10039,0.99116,0.00884,2.21E-13,0.03001
249,0.10039,0.99114,0.00886,2.22E-13,0.03006
250,0.10039,0.99113,0.00887,2.23E-13,0.03011
251,0.10039,0.99111,0.00889,2.25E-13,0.03016
252,0.10039,0.9911,0.0089,2.26E-13,0.03021
253,0.10039,0.99108,0.00892,2.27E-13,0.03026
254,0.10039,0.99107,0.00893,2.28E-13,0.03031
255,0.1004,0.99105,0.00895,2.29E-13,0.03036
256,0.1004,0.99104,0.00896,2.30E-13,0.03041
257,0.1004,0.99102,0.00898,2.31E-13,0.03046
258,0.1004,0.99101,0.00899,2.32E-13,0.0305
259,0.1004,0.991,0.009,2.33E-13,0.03055
260,0.1004,0.99098,0.00902,2.35E-13,0.0306
261,0.1004,0.99097,0.00903,2.36E-13,0.03065
262,0.1004,0.99095,0.00905,2.37E-13,0.03069
263,0.10041,0.99094,0.00906,2.38E-13,0.03074
264,0.10041,0.99093,0.00907,2.39E-13,0.03079
265,0.10041,0.99091,0.00909,2.40E-13,0.03083
266,0.10041,0.9909,0.0091,2.41E-13,0.03088
267,0.10041,0.99089,0.00911,2.42E-13,0.03092
268,0.10041,0.99087,0.00913,2.43E-13,0.03097
269,0.10041,0.99086,0.00914,2.44E-13,0.03101
270,0.10041,0.99085,0.00915,2.46E-13,0.03106
271,0.10042,0.99083,0.00917,2.47E-13,0.0311
272,0.10042,0.99082,0.00918,2.48E-13,0.03115
273,0.10042,0.99081,0.00919,2.49E-13,0.03119
274,0.10042,0.99079,0.00921,2.50E-13,0.03124
275,0.10042,0.99078,0.00922,2.51E-13,0.03128
276,0.10042,0.99077,0.00923,2.52E-13,0.03132
277,0.10042,0.99076,0.00924,2.53E-13,0.03137
278,0.10042,0.99074,0.00926,2.54E-13,0.03141
279,0.10043,0.99073,0.00927,2.55E-13,0.03145
280,0.10043,0.99072,0.00928,2.56E-13,0.03149
281,0.10043,0.99071,0.00929,2.57E-13,0.03153
282,0.10043,0.99069,0.00931,2.59E-13,0.03158
283,0.10043,0.99068,0.00932,2.60E-13,0.03162
284,0.10043,0.99067,0.00933,2.61E-13,0.03166
285,0.10043,0.99066,0.00934,2.62E-13,0.0317
286,0.10043,0.99065,0.00935,2.63E-13,0.03174
287,0.10044,0.99063,0.00937,2.64E-13,0.03178
288,0.10044,0.99062,0.00938,2.65E-13,0.03182
289,0.10044,0.99061,0.00939,2.66E-13,0.03186
290,0.10044,0.9906,0.0094,2.67E-13,0.0319
291,0.10044,0.99059,0.00941,2.68E-13,0.03194
292,0.10044,0.99058,0.00942,2.69E-13,0.03198
293,0.10044,0.99056,0.00944,2.70E-13,0.03202
294,0.10044,0.99055,0.00945,2.71E-13,0.03205
295,0.10044,0.99054,0.00946,2.72E-13,0.03209
296,0.10045,0.99053,0.00947,2.73E-13,0.03213
297,0.10045,0.99052,0.00948,2.75E-13,0.03217
298,0.10045,0.99051,0.00949,2.76E-13,0.03221
299,0.10045,0.9905,0.0095,2.77E-13,0.03224
300,0.10045,0.99049,0.00951,2.78E-13,0.03228
301,0.10045,0.99048,0.00952,2.79E-13,0.03232
302,0.10045,0.99046,0.00954,2.80E-13,0.03235
303,0.10045,0.99045,0.00955,2.81E-13,0.03239
304,0.10046,0.99044,0.00956,2.82E-13,0.03243
305,0.10046,0.99043,0.00957,2.83E-13,0.03246
306,0.10046,0.99042,0.00958,2.84E-13,0.0325
307,0.10046,0.99041,0.00959,2.85E-13,0.03253
308,0.10046,0.9904,0.0096,2.86E-13,0.03257
309,0.10046,0.99039,0.00961,2.87E-13,0.03261
310,0.10046,0.99038,0.00962,2.88E-13,0.03264
311,0.10046,0.99037,0.00963,2.89E-13,0.03268
312,0.10046,0.99036,0.00964,2.90E-13,0.03271
313,0.10047,0.99035,0.00965,2.91E-13,0.03274
314,0.10047,0.99034,0.00966,2.92E-13,0.03278
315,0.10047,0.99033,0.00967,2.93E-13,0.03281
316,0.10047,0.99032,0.00968,2.94E-13,0.03285
317,0.10047,0.99031,0.00969,2.95E-13,0.03288
318,0.10047,0.9903,0.0097,2.96E-13,0.03291
319,0.10047,0.99029,0.00971,2.97E-13,0.03295
320,0.10047,0.99028,0.00972,2.98E-13,0.03298
321,0.10047,0.99027,0.00973,2.99E-13,0.03301
322,0.10048,0.99026,0.00974,3.00E-13,0.03304
323,0.10048,0.99025,0.00975,3.01E-13,0.03308
324,0.10048,0.99024,0.00976,3.02E-13,0.03311
325,0.10048,0.99023,0.00977,3.03E-13,0.03314
326,0.10048,0.99022,0.00978,3.04E-13,0.03317
327,0.10048,0.99021,0.00979,3.05E-13,0.0332
328,0.10048,0.99021,0.00979,3.06E-13,0.03323
329,0.10048,0.9902,0.0098,3.07E-13,0.03326
330,0.10049,0.99019,0.00981,3.08E-13,0.0333
331,0.10049,0.99018,0.00982,3.09E-13,0.03333
332,0.10049,0.99017,0.00983,3.10E-13,0.03336
333,0.10049,0.99016,0.00984,3.11E-13,0.03339
334,0.10049,0.99015,0.00985,3.12E-13,0.03342
335,0.10049,0.99014,0.00986,3.13E-13,0.03345
336,0.10049,0.99013,0.00987,3.14E-13,0.03348
337,0.10049,0.99012,0.00988,3.15E-13,0.03351
338,0.10049,0.99012,0.00988,3.16E-13,0.03354
339,0.1005,0.99011,0.00989,3.17E-13,0.03357
340,0.1005,0.9901,0.0099,3.18E-13,0.03359
341,0.1005,0.99009,0.00991,3.19E-13,0.03362
342,0.1005,0.99008,0.00992,3.20E-13,0.03365
343,0.1005,0.99007,0.00993,3.21E-13,0.03368
344,0.1005,0.99007,0.00993,3.22E-13,0.03371
345,0.1005,0.99006,0.00994,3.23E-13,0.03374
346,0.1005,0.99005,0.00995,3.24E-13,0.03376
347,0.1005,0.99004,0.00996,3.25E-13,0.03379
348,0.1005,0.99003,0.00997,3.26E-13,0.03382
349,0.10051,0.99002,0.00998,3.27E-13,0.03385
350,0.10051,0.99002,0.00998,3.28E-13,0.03388
351,0.10051,0.99001,0.00999,3.29E-13,0.0339
352,0.10051,0.99,0.01,3.30E-13,0.03393
353,0.10051,0.98999,0.01001,3.30E-13,0.03396
354,0.10051,0.98998,0.01002,3.31E-13,0.03398
355,0.10051,0.98998,0.01002,3.32E-13,0.03401
356,0.10051,0.98997,0.01003,3.33E-13,0.03404
357,0.10051,0.98996,0.01004,3.34E-13,0.03406
358,0.10052,0.98995,0.01005,3.35E-13,0.03409
359,0.10052,0.98995,0.01005,3.36E-13,0.03411
360,0.10052,0.98994,0.01006,3.37E-13,0.03414
361,0.10052,0.98993,0.01007,3.38E-13,0.03416
362,0.10052,0.98992,0.01008,3.39E-13,0.03419
363,0.10052,0.98992,0.01008,3.40E-13,0.03422
364,0.10052,0.98991,0.01009,3.41E-13,0.03424
365,0.10052,0.9899,0.0101,3.42E-13,0.03426
366,0.10052,0.98989,0.01011,3.43E-13,0.03429
367,0.10053,0.98989,0.01011,3.44E-13,0.03431
368,0.10053,0.98988,0.01012,3.44E-13,0.03434
369,0.10053,0.98987,0.01013,3.45E-13,0.03436
370,0.10053,0.98987,0.01013,3.46E-13,0.03439
371,0.10053,0.98986,0.01014,3.47E-13,0.03441
372,0.10053,0.98985,0.01015,3.48E-13,0.03443
373,0.10053,0.98984,0.01016,3.49E-13,0.03446
374,0.10053,0.98984,0.01016,3.50E-13,0.03448
375,0.10053,0.98983,0.01017,3.51E-13,0.03451
376,0.10053,0.98982,0.01018,3.52E-13,0.03453
377,0.10054,0.98982,0.01018,3.53E-13,0.03455
378,0.10054,0.98981,0.01019,3.53E-13,0.03457
379,0.10054,0.9898,0.0102,3.54E-13,0.0346
380,0.10054,0.9898,0.0102,3.55E-13,0.03462
381,0.10054,0.98979,0.01021,3.56E-13,0.03464
382,0.10054,0.98978,0.01022,3.57E-13,0.03466
383,0.10054,0.98978,0.01022,3.58E-13,0.03469
384,0.10054,0.98977,0.01023,3.59E-13,0.03471
385,0.10054,0.98976,0.01024,3.60E-13,0.03473
386,0.10055,0.98976,0.01024,3.61E-13,0.03475
387,0.10055,0.98975,0.01025,3.61E-13,0.03477
388,0.10055,0.98974,0.01026,3.62E-13,0.0348
389,0.10055,0.98974,0.01026,3.63E-13,0.03482
390,0.10055,0.98973,0.01027,3.64E-13,0.03484
391,0.10055,0.98973,0.01027,3.65E-13,0.03486
392,0.10055,0.98972,0.01028,3.66E-13,0.03488
393,0.10055,0.98971,0.01029,3.67E-13,0.0349
394,0.10055,0.98971,0.01029,3.68E-13,0.03492
395,0.10055,0.9897,0.0103,3.68E-13,0.03494
396,0.10056,0.9897,0.0103,3.69E-13,0.03496
397,0.10056,0.98969,0.01031,3.70E-13,0.03498
398,0.10056,0.98968,0.01032,3.71E-13,0.035
399,0.10056,0.98968,0.01032,3.72E-13,0.03502
400,0.10056,0.9897,0.0103,3.73E-13,0.03496
401,0.10056,0.98974,0.01026,3.74E-13,0.0348
402,0.10056,0.9898,0.0102,3.74E-13,0.03459
403,0.10056,0.98987,0.01013,3.75E-13,0.03437
404,0.10056,0.98993,0.01007,3.76E-13,0.03416
405,0.10055,0.99,0.01,3.77E-13,0.03395
406,0.10055,0.99006,0.00994,3.77E-13,0.03374
407,0.10055,0.99011,0.00989,3.78E-13,0.03354
408,0.10055,0.99017,0.00983,3.79E-13,0.03334
409,0.10055,0.99023,0.00977,3.79E-13,0.03314
410,0.10055,0.99029,0.00971,3.80E-13,0.03294
411,0.10055,0.99035,0.00965,3.81E-13,0.03274
412,0.10055,0.99041,0.00959,3.81E-13,0.03255
413,0.10055,0.99047,0.00953,3.82E-13,0.03235
414,0.10055,0.99052,0.00948,3.83E-13,0.03216
415,0.10055,0.99058,0.00942,3.83E-13,0.03196
416,0.10055,0.99064,0.00936,3.84E-13,0.03177
417,0.10054,0.99069,0.00931,3.84E-13,0.03158
418,0.10054,0.99075,0.00925,3.85E-13,0.03139
419,0.10054,0.9908,0.0092,3.85E-13,0.0312
420,0.10054,0.99086,0.00914,3.86E-13,0.03101
421,0.10054,0.99091,0.00909,3.86E-13,0.03083
422,0.10054,0.99097,0.00903,3.87E-13,0.03064
423,0.10054,0.99102,0.00898,3.87E-13,0.03046
424,0.10054,0.99108,0.00892,3.88E-13,0.03027
425,0.10054,0.99113,0.00887,3.88E-13,0.03009
426,0.10054,0.99119,0.00881,3.88E-13,0.02991
427,0.10054,0.99124,0.00876,3.89E-13,0.02972
428,0.10054,0.99129,0.00871,3.89E-13,0.02954
429,0.10054,0.99135,0.00865,3.90E-13,0.02937
430,0.10053,0.9914,0.0086,3.90E-13,0.02919
431,0.10053,0.99145,0.00855,3.90E-13,0.02901
432,0.10053,0.9915,0.0085,3.91E-13,0.02883
433,0.10053,0.99155,0.00845,3.91E-13,0.02866
434,0.10053,0.9916,0.0084,3.91E-13,0.02849
435,0.10053,0.99166,0.00834,3.91E-13,0.02831
436,0.10053,0.99171,0.00829,3.92E-13,0.02814
437,0.10053,0.99176,0.00824,3.92E-13,0.02797
438,0.10053,0.99181,0.00819,3.92E-13,0.0278
439,0.10053,0.99186,0.00814,3.92E-13,0.02763
440,0.10053,0.99191,0.00809,3.93E-13,0.02746
441,0.10053,0.99195,0.00805,3.93E-13,0.0273
442,0.10052,0.992,0.008,3.93E-13,0.02713
443,0.10052,0.99205,0.00795,3.93E-13,0.02697
444,0.10052,0.9921,0.0079,3.93E-13,0.0268
445,0.10052,0.99215,0.00785,3.93E-13,0.02664
446,0.10052,0.9922,0.0078,3.93E-13,0.02648
447,0.10052,0.99224,0.00776,3.93E-13,0.02632
448,0.10052,0.99229,0.00771,3.94E-13,0.02616
449,0.10052,0.99234,0.00766,3.94E-13,0.026
450,0.10052,0.99238,0.00762,3.94E-13,0.02585
451,0.10052,0.99243,0.00757,3.94E-13,0.02569
452,0.10052,0.99247,0.00753,3.94E-13,0.02554
453,0.10052,0.99252,0.00748,3.94E-13,0.02538
454,0.10052,0.99256,0.00744,3.94E-13,0.02523
455,0.10051,0.99261,0.00739,3.94E-13,0.02508
456,0.10051,0.99265,0.00735,3.94E-13,0.02493
457,0.10051,0.9927,0.0073,3.94E-13,0.02478
458,0.10051,0.99274,0.00726,3.94E-13,0.02463
459,0.10051,0.99279,0.00721,3.94E-13,0.02448
460,0.10051,0.99283,0.00717,3.93E-13,0.02433
461,0.10051,0.99287,0.00713,3.93E-13,0.02418
462,0.10051,0.99292,0.00708,3.93E-13,0.02403
463,0.10051,0.99296,0.00704,3.93E-13,0.02389
464,0.10051,0.993,0.007,3.93E-13,0.02374
465,0.10051,0.99305,0.00695,3.93E-13,0.0236
466,0.10051,0.99309,0.00691,3.93E-13,0.02345
467,0.10051,0.99313,0.00687,3.93E-13,0.02331
468,0.1005,0.99317,0.00683,3.93E-13,0.02317
469,0.1005,0.99321,0.00679,3.92E-13,0.02303
470,0.1005,0.99325,0.00675,3.92E-13,0.02289
471,0.1005,0.99329,0.00671,3.92E-13,0.02275
472,0.1005,0.99334,0.00667,3.92E-13,0.02261
473,0.1005,0.99338,0.00662,3.92E-13,0.02248
474,0.1005,0.99342,0.00658,3.92E-13,0.02234
475,0.1005,0.99346,0.00654,3.91E-13,0.02221
476,0.1005,0.99349,0.00651,3.91E-13,0.02207
477,0.1005,0.99353,0.00647,3.91E-13,0.02194
478,0.1005,0.99357,0.00643,3.91E-13,0.02181
479,0.1005,0.99361,0.00639,3.90E-13,0.02168
480,0.1005,0.99365,0.00635,3.90E-13,0.02155
481,0.10049,0.99369,0.00631,3.90E-13,0.02142
482,0.10049,0.99373,0.00627,3.89E-13,0.02129
483,0.10049,0.99376,0.00624,3.89E-13,0.02116
484,0.10049,0.9938,0.0062,3.89E-13,0.02103
485,0.10049,0.99384,0.00616,3.88E-13,0.0209
486,0.10049,0.99388,0.00612,3.88E-13,0.02078
487,0.10049,0.99391,0.00609,3.88E-13,0.02065
488,0.10049,0.99395,0.00605,3.87E-13,0.02053
489,0.10049,0.99399,0.00601,3.87E-13,0.0204
490,0.10049,0.99402,0.00598,3.87E-13,0.02028
491,0.10049,0.99406,0.00594,3.86E-13,0.02015
492,0.10049,0.9941,0.0059,3.86E-13,0.02003
493,0.10049,0.99413,0.00587,3.86E-13,0.01991
494,0.10048,0.99417,0.00583,3.85E-13,0.01979
495,0.10048,0.9942,0.0058,3.85E-13,0.01967
496,0.10048,0.99424,0.00576,3.85E-13,0.01955
497,0.10048,0.99427,0.00573,3.84E-13,0.01943
498,0.10048,0.99431,0.00569,3.84E-13,0.01931
499,0.10048,0.99434,0.00566,3.83E-13,0.0192
500,0.10048,0.99438,0.00562,3.83E-13,0.01908
501,0.10048,0.99441,0.00559,3.82E-13,0.01897
502,0.10048,0.99444,0.00556,3.82E-13,0.01885
503,0.10048,0.99448,0.00552,3.81E-13,0.01874
504,0.10048,0.99451,0.00549,3.81E-13,0.01863
505,0.10048,0.99454,0.00546,3.81E-13,0.01851
506,0.10048,0.99458,0.00542,3.80E-13,0.0184
507,0.10048,0.99461,0.00539,3.80E-13,0.01829
508,0.10047,0.99464,0.00536,3.79E-13,0.01818
509,0.10047,0.99467,0.00533,3.79E-13,0.01807
510,0.10047,0.99471,0.00529,3.78E-13,0.01796
511,0.10047,0.99474,0.00526,3.78E-13,0.01786
512,0.10047,0.99477,0.00523,3.77E-13,0.01775
513,0.10047,0.9948,0.0052,3.77E-13,0.01764
514,0.10047,0.99483,0.00517,3.76E-13,0.01753
515,0.10047,0.99486,0.00514,3.76E-13,0.01743
516,0.10047,0.9949,0.0051,3.75E-13,0.01732
517,0.10047,0.99493,0.00507,3.74E-13,0.01722
518,0.10047,0.99496,0.00504,3.74E-13,0.01711
519,0.10047,0.99499,0.00501,3.73E-13,0.01701
520,0.10047,0.99502,0.00498,3.73E-13,0.0169
521,0.10047,0.99505,0.00495,3.72E-13,0.0168
522,0.10046,0.99508,0.00492,3.72E-13,0.0167
523,0.10046,0.99511,0.00489,3.71E-13,0.0166
524,0.10046,0.99514,0.00486,3.71E-13,0.0165
525,0.10046,0.99517,0.00483,3.70E-13,0.0164
526,0.10046,0.9952,0.0048,3.69E-13,0.0163
527,0.10046,0.99523,0.00477,3.69E-13,0.0162
528,0.10046,0.99525,0.00475,3.68E-13,0.0161
529,0.10046,0.99528,0.00472,3.68E-13,0.01601
530,0.10046,0.99531,0.00469,3.67E-13,0.01591
531,0.10046,0.99534,0.00466,3.66E-13,0.01581
532,0.10046,0.99537,0.00463,3.66E-13,0.01572
533,0.10046,0.9954,0.0046,3.65E-13,0.01562
534,0.10046,0.99542,0.00458,3.65E-13,0.01553
535,0.10046,0.99545,0.00455,3.64E-13,0.01544
536,0.10045,0.99548,0.00452,3.63E-13,0.01534
537,0.10045,0.99551,0.00449,3.63E-13,0.01525
538,0.10045,0.99553,0.00447,3.62E-13,0.01516
539,0.10045,0.99556,0.00444,3.61E-13,0.01507
540,0.10045,0.99559,0.00441,3.61E-13,0.01498
541,0.10045,0.99561,0.00439,3.60E-13,0.01489
542,0.10045,0.99564,0.00436,3.59E-13,0.0148
543,0.10045,0.99567,0.00433,3.59E-13,0.01471
544,0.10045,0.99569,0.00431,3.58E-13,0.01462
545,0.10045,0.99572,0.00428,3.57E-13,0.01453
546,0.10045,0.99574,0.00426,3.57E-13,0.01444
547,0.10045,0.99577,0.00423,3.56E-13,0.01435
548,0.10045,0.9958,0.0042,3.55E-13,0.01426
549,0.10045,0.99582,0.00418,3.55E-13,0.01418
550,0.10045,0.99585,0.00415,3.54E-13,0.01409
551,0.10044,0.99587,0.00413,3.53E-13,0.01401
552,0.10044,0.9959,0.0041,3.53E-13,0.01392
553,0.10044,0.99592,0.00408,3.52E-13,0.01384
554,0.10044,0.99595,0.00405,3.51E-13,0.01375
555,0.10044,0.99597,0.00403,3.51E-13,0.01367
556,0.10044,0.996,0.004,3.50E-13,0.01359
557,0.10044,0.99602,0.00398,3.49E-13,0.01351
558,0.10044,0.99604,0.00396,3.49E-13,0.01343
559,0.10044,0.99607,0.00393,3.48E-13,0.01334
560,0.10044,0.99609,0.00391,3.47E-13,0.01326
561,0.10044,0.99611,0.00389,3.46E-13,0.01318
562,0.10044,0.99614,0.00386,3.46E-13,0.01311
563,0.10044,0.99616,0.00384,3.45E-13,0.01303
564,0.10044,0.99618,0.00382,3.44E-13,0.01295
565,0.10044,0.99621,0.00379,3.44E-13,0.01287
566,0.10043,0.99623,0.00377,3.43E-13,0.01279
567,0.10043,0.99625,0.00375,3.42E-13,0.01272
568,0.10043,0.99627,0.00373,3.41E-13,0.01264
569,0.10043,0.9963,0.0037,3.41E-13,0.01256
570,0.10043,0.99632,0.00368,3.40E-13,0.01249
571,0.10043,0.99634,0.00366,3.39E-13,0.01241
572,0.10043,0.99636,0.00364,3.38E-13,0.01234
573,0.10043,0.99639,0.00361,3.38E-13,0.01226
574,0.10043,0.99641,0.00359,3.37E-13,0.01219
575,0.10043,0.99643,0.00357,3.36E-13,0.01212
576,0.10043,0.99645,0.00355,3.35E-13,0.01204
577,0.10043,0.99647,0.00353,3.35E-13,0.01197
578,0.10043,0.99649,0.00351,3.34E-13,0.0119
579,0.10043,0.99651,0.00349,3.33E-13,0.01183
580,0.10043,0.99654,0.00346,3.32E-13,0.01176
581,0.10042,0.99656,0.00344,3.32E-13,0.01168
582,0.10042,0.99658,0.00342,3.31E-13,0.01161
583,0.10042,0.9966,0.0034,3.30E-13,0.01154
584,0.10042,0.99662,0.00338,3.29E-13,0.01147
585,0.10042,0.99664,0.00336,3.29E-13,0.01141
586,0.10042,0.99666,0.00334,3.28E-13,0.01134
587,0.10042,0.99668,0.00332,3.27E-13,0.01127
588,0.10042,0.9967,0.0033,3.26E-13,0.0112
589,0.10042,0.99672,0.00328,3.25E-13,0.01113
590,0.10042,0.99674,0.00326,3.25E-13,0.01107
591,0.10042,0.99676,0.00324,3.24E-13,0.011
592,0.10042,0.99678,0.00322,3.23E-13,0.01093
593,0.10042,0.9968,0.0032,3.22E-13,0.01087
594,0.10042,0.99682,0.00318,3.22E-13,0.0108
595,0.10042,0.99684,0.00316,3.21E-13,0.01074
596,0.10042,0.99685,0.00315,3.20E-13,0.01067
597,0.10041,0.99687,0.00313,3.19E-13,0.01061
598,0.10041,0.99689,0.00311,3.18E-13,0.01054
599,0.10041,0.99691,0.00309,3.18E-13,0.01048
600,0.10041,0.99693,0.00307,3.17E-13,0.01042
601,0.10041,0.99695,0.00305,3.16E-13,0.01035
602,0.10041,0.99697,0.00303,3.15E-13,0.01029
603,0.10041,0.99698,0.00302,3.15E-13,0.01023
604,0.10041,0.997,0.003,3.14E-13,0.01017
605,0.10041,0.99702,0.00298,3.13E-13,0.01011
606,0.10041,0.99704,0.00296,3.12E-13,0.01005
607,0.10041,0.99706,0.00294,3.11E-13,0.00999
608,0.10041,0.99707,0.00293,3.11E-13,0.00993
609,0.10041,0.99709,0.00291,3.10E-13,0.00987
610,0.10041,0.99711,0.00289,3.09E-13,0.00981
611,0.10041,0.99713,0.00287,3.08E-13,0.00975
612,0.10041,0.99714,0.00286,3.07E-13,0.00969
613,0.1004,0.99716,0.00284,3.07E-13,0.00963
614,0.1004,0.99718,0.00282,3.06E-13,0.00957
615,0.1004,0.9972,0.0028,3.05E-13,0.00952
616,0.1004,0.99721,0.00279,3.04E-13,0.00946
617,0.1004,0.99723,0.00277,3.03E-13,0.0094
618,0.1004,0.99725,0.00275,3.03E-13,0.00935
619,0.1004,0.99726,0.00274,3.02E-13,0.00929
620,0.1004,0.99728,0.00272,3.01E-13,0.00923
621,0.1004,0.99729,0.00271,3.00E-13,0.00918
622,0.1004,0.99731,0.00269,2.99E-13,0.00912
623,0.1004,0.99733,0.00267,2.99E-13,0.00907
624,0.1004,0.99734,0.00266,2.98E-13,0.00901
625,0.1004,0.99736,0.00264,2.97E-13,0.00896
626,0.1004,0.99738,0.00263,2.96E-13,0.00891
627,0.1004,0.99739,0.00261,2.95E-13,0.00885
628,0.1004,0.99741,0.00259,2.95E-13,0.0088
629,0.10039,0.99742,0.00258,2.94E-13,0.00875
630,0.10039,0.99744,0.00256,2.93E-13,0.00869
631,0.10039,0.99745,0.00255,2.92E-13,0.00864
632,0.10039,0.99747,0.00253,2.91E-13,0.00859
633,0.10039,0.99748,0.00252,2.91E-13,0.00854
634,0.10039,0.9975,0.0025,2.90E-13,0.00849
635,0.10039,0.99751,0.00249,2.89E-13,0.00844
636,0.10039,0.99753,0.00247,2.88E-13,0.00839
637,0.10039,0.99754,0.00246,2.87E-13,0.00833
638,0.10039,0.99756,0.00244,2.87E-13,0.00828
639,0.10039,0.99757,0.00243,2.86E-13,0.00823
640,0.10039,0.99759,0.00241,2.85E-13,0.00819
641,0.10039,0.9976,0.0024,2.84E-13,0.00814
642,0.10039,0.99762,0.00238,2.83E-13,0.00809
643,0.10039,0.99763,0.00237,2.83E-13,0.00804
644,0.10039,0.99764,0.00236,2.82E-13,0.00799
645,0.10039,0.99766,0.00234,2.81E-13,0.00794
646,0.10038,0.99767,0.00233,2.80E-13,0.0079
647,0.10038,0.99769,0.00231,2.79E-13,0.00785
648,0.10038,0.9977,0.0023,2.79E-13,0.0078
649,0.10038,0.99771,0.00229,2.78E-13,0.00775
650,0.10038,0.99773,0.00227,2.77E-13,0.00771
651,0.10038,0.99774,0.00226,2.76E-13,0.00766
652,0.10038,0.99776,0.00224,2.75E-13,0.00762
653,0.10038,0.99777,0.00223,2.75E-13,0.00757
654,0.10038,0.99778,0.00222,2.74E-13,0.00752
655,0.10038,0.9978,0.0022,2.73E-13,0.00748
656,0.10038,0.99781,0.00219,2.72E-13,0.00743
657,0.10038,0.99782,0.00218,2.71E-13,0.00739
658,0.10038,0.99784,0.00216,2.71E-13,0.00735
659,0.10038,0.99785,0.00215,2.70E-13,0.0073
660,0.10038,0.99786,0.00214,2.69E-13,0.00726
661,0.10038,0.99787,0.00213,2.68E-13,0.00721
662,0.10038,0.99789,0.00211,2.67E-13,0.00717
663,0.10038,0.9979,0.0021,2.67E-13,0.00713
664,0.10037,0.99791,0.00209,2.66E-13,0.00708
665,0.10037,0.99792,0.00208,2.65E-13,0.00704
666,0.10037,0.99794,0.00206,2.64E-13,0.007
667,0.10037,0.99795,0.00205,2.64E-13,0.00696
668,0.10037,0.99796,0.00204,2.63E-13,0.00692
669,0.10037,0.99797,0.00203,2.62E-13,0.00687
670,0.10037,0.99799,0.00201,2.61E-13,0.00683
671,0.10037,0.998,0.002,2.60E-13,0.00679
672,0.10037,0.99801,0.00199,2.60E-13,0.00675
673,0.10037,0.99802,0.00198,2.59E-13,0.00671
674,0.10037,0.99803,0.00197,2.58E-13,0.00667
675,0.10037,0.99805,0.00195,2.57E-13,0.00663
676,0.10037,0.99806,0.00194,2.56E-13,0.00659
677,0.10037,0.99807,0.00193,2.56E-13,0.00655
678,0.10037,0.99808,0.00192,2.55E-13,0.00651
679,0.10037,0.99809,0.00191,2.54E-13,0.00647
680,0.10037,0.9981,0.0019,2.53E-13,0.00643
681,0.10036,0.99812,0.00188,2.53E-13,0.00639
682,0.10036,0.99813,0.00187,2.52E-13,0.00636
683,0.10036,0.99814,0.00186,2.51E-13,0.00632
684,0.10036,0.99815,0.00185,2.50E-13,0.00628
685,0.10036,0.99816,0.00184,2.50E-13,0.00624
686,0.10036,0.99817,0.00183,2.49E-13,0.0062
687,0.10036,0.99818,0.00182,2.48E-13,0.00617
688,0.10036,0.99819,0.00181,2.47E-13,0.00613
689,0.10036,0.9982,0.0018,2.46E-13,0.00609
690,0.10036,0.99821,0.00179,2.46E-13,0.00606
691,0.10036,0.99823,0.00177,2.45E-13,0.00602
692,0.10036,0.99824,0.00176,2.44E-13,0.00598
693,0.10036,0.99825,0.00175,2.43E-13,0.00595
694,0.10036,0.99826,0.00174,2.43E-13,0.00591
695,0.10036,0.99827,0.00173,2.42E-13,0.00588
696,0.10036,0.99828,0.00172,2.41E-13,0.00584
697,0.10036,0.99829,0.00171,2.40E-13,0.00581
698,0.10036,0.9983,0.0017,2.40E-13,0.00577
699,0.10036,0.99831,0.00169,2.39E-13,0.00574
700,0.10035,0.99832,0.00168,2.38E-13,0.0057
701,0.10035,0.99833,0.00167,2.37E-13,0.00567
702,0.10035,0.99834,0.00166,2.37E-13,0.00563
703,0.10035,0.99835,0.00165,2.36E-13,0.0056
704,0.10035,0.99836,0.00164,2.35E-13,0.00557
705,0.10035,0.99837,0.00163,2.34E-13,0.00553
706,0.10035,0.99838,0.00162,2.34E-13,0.0055
707,0.10035,0.99839,0.00161,2.33E-13,0.00547
708,0.10035,0.9984,0.0016,2.32E-13,0.00543
709,0.10035,0.99841,0.00159,2.31E-13,0.0054
710,0.10035,0.99842,0.00158,2.31E-13,0.00537
711,0.10035,0.99843,0.00157,2.30E-13,0.00534
712,0.10035,0.99844,0.00156,2.29E-13,0.0053
713,0.10035,0.99845,0.00155,2.28E-13,0.00527
714,0.10035,0.99846,0.00154,2.28E-13,0.00524
715,0.10035,0.99846,0.00154,2.27E-13,0.00521
716,0.10035,0.99847,0.00153,2.26E-13,0.00518
717,0.10035,0.99848,0.00152,2.25E-13,0.00515
718,0.10035,0.99849,0.00151,2.25E-13,0.00512
719,0.10034,0.9985,0.0015,2.24E-13,0.00508
720,0.10034,0.99851,0.00149,2.23E-13,0.00505
721,0.10034,0.99852,0.00148,2.22E-13,0.00502
722,0.10034,0.99853,0.00147,2.22E-13,0.00499
723,0.10034,0.99854,0.00146,2.21E-13,0.00496
724,0.10034,0.99855,0.00145,2.20E-13,0.00493
725,0.10034,0.99855,0.00145,2.20E-13,0.0049
726,0.10034,0.99856,0.00144,2.19E-13,0.00487
727,0.10034,0.99857,0.00143,2.18E-13,0.00485
728,0.10034,0.99858,0.00142,2.17E-13,0.00482
729,0.10034,0.99859,0.00141,2.17E-13,0.00479
730,0.10034,0.9986,0.0014,2.16E-13,0.00476
731,0.10034,0.99861,0.00139,2.15E-13,0.00473
732,0.10034,0.99861,0.00139,2.15E-13,0.0047
733,0.10034,0.99862,0.00138,2.14E-13,0.00467
734,0.10034,0.99863,0.00137,2.13E-13,0.00465
735,0.10034,0.99864,0.00136,2.12E-13,0.00462
736,0.10034,0.99865,0.00135,2.12E-13,0.00459
737,0.10034,0.99866,0.00134,2.11E-13,0.00456
738,0.10033,0.99866,0.00134,2.10E-13,0.00453
739,0.10033,0.99867,0.00133,2.10E-13,0.00451
740,0.10033,0.99868,0.00132,2.09E-13,0.00448
741,0.10033,0.99869,0.00131,2.08E-13,0.00445
742,0.10033,0.9987,0.0013,2.08E-13,0.00443
743,0.10033,0.9987,0.0013,2.07E-13,0.0044
744,0.10033,0.99871,0.00129,2.06E-13,0.00437
745,0.10033,0.99872,0.00128,2.05E-13,0.00435
746,0.10033,0.99873,0.00127,2.05E-13,0.00432
747,0.10033,0.99873,0.00127,2.04E-13,0.00429
748,0.10033,0.99874,0.00126,2.03E-13,0.00427
749,0.10033,0.99875,0.00125,2.03E-13,0.00424
750,0.10033,0.99876,0.00124,2.02E-13,0.00422
751,0.10033,0.99876,0.00124,2.01E-13,0.00419
752,0.10033,0.99877,0.00123,2.01E-13,0.00417
753,0.10033,0.99878,0.00122,2.00E-13,0.00414
754,0.10033,0.99879,0.00121,1.99E-13,0.00412
755,0.10033,0.99879,0.00121,1.99E-13,0.00409
756,0.10033,0.9988,0.0012,1.98E-13,0.00407
757,0.10033,0.99881,0.00119,1.97E-13,0.00404
758,0.10032,0.99882,0.00118,1.97E-13,0.00402
759,0.10032,0.99882,0.00118,1.96E-13,0.004
760,0.10032,0.99883,0.00117,1.95E-13,0.00397
761,0.10032,0.99884,0.00116,1.95E-13,0.00395
762,0.10032,0.99884,0.00116,1.94E-13,0.00392
763,0.10032,0.99885,0.00115,1.93E-13,0.0039
764,0.10032,0.99886,0.00114,1.93E-13,0.00388
765,0.10032,0.99886,0.00114,1.92E-13,0.00385
766,0.10032,0.99887,0.00113,1.91E-13,0.00383
767,0.10032,0.99888,0.00112,1.91E-13,0.00381
768,0.10032,0.99888,0.00112,1.90E-13,0.00378
769,0.10032,0.99889,0.00111,1.89E-13,0.00376
770,0.10032,0.9989,0.0011,1.89E-13,0.00374
771,0.10032,0.9989,0.0011,1.88E-13,0.00372
772,0.10032,0.99891,0.00109,1.87E-13,0.00369
773,0.10032,0.99892,0.00108,1.87E-13,0.00367
774,0.10032,0.99892,0.00108,1.86E-13,0.00365
775,0.10032,0.99893,0.00107,1.85E-13,0.00363
776,0.10032,0.99894,0.00106,1.85E-13,0.00361
777,0.10032,0.99894,0.00106,1.84E-13,0.00358
778,0.10032,0.99895,0.00105,1.83E-13,0.00356
779,0.10031,0.99896,0.00104,1.83E-13,0.00354
780,0.10031,0.99896,0.00104,1.82E-13,0.00352
781,0.10031,0.99897,0.00103,1.81E-13,0.0035
782,0.10031,0.99898,0.00103,1.81E-13,0.00348
783,0.10031,0.99898,0.00102,1.80E-13,0.00346
784,0.10031,0.99899,0.00101,1.80E-13,0.00344
785,0.10031,0.99899,0.00101,1.79E-13,0.00342
786,0.10031,0.999,0.001,1.78E-13,0.00339
787,0.10031,0.99901,9.95E-04,1.78E-13,0.00337
788,0.10031,0.99901,9.89E-04,1.77E-13,0.00335
789,0.10031,0.99902,9.83E-04,1.76E-13,0.00333
790,0.10031,0.99902,9.77E-04,1.76E-13,0.00331
791,0.10031,0.99903,9.71E-04,1.75E-13,0.00329
792,0.10031,0.99904,9.65E-04,1.75E-13,0.00327
793,0.10031,0.99904,9.59E-04,1.74E-13,0.00325
794,0.10031,0.99905,9.53E-04,1.73E-13,0.00323
795,0.10031,0.99905,9.48E-04,1.73E-13,0.00322
796,0.10031,0.99906,9.42E-04,1.72E-13,0.0032
797,0.10031,0.99906,9.36E-04,1.71E-13,0.00318
798,0.10031,0.99907,9.31E-04,1.71E-13,0.00316
799,0.10031,0.99908,9.25E-04,1.70E-13,0.00314
800,0.1003,0.99908,9.21E-04,1.70E-13,0.00313
801,0.10031,0.99902,9.84E-04,1.69E-13,0.00334
802,0.10031,0.99895,0.00105,1.68E-13,0.00355
803,0.10031,0.99889,0.00111,1.68E-13,0.00377
804,0.10031,0.99883,0.00117,1.67E-13,0.00398
805,0.10031,0.99877,0.00123,1.67E-13,0.00419
806,0.10031,0.9987,0.0013,1.66E-13,0.0044
807,0.10031,0.99864,0.00136,1.66E-13,0.00461
808,0.10032,0.99858,0.00142,1.65E-13,0.00482
809,0.10032,0.99852,0.00148,1.65E-13,0.00502
810,0.10032,0.99846,0.00154,1.64E-13,0.00523
811,0.10032,0.9984,0.0016,1.64E-13,0.00543
812,0.10032,0.99834,0.00166,1.64E-13,0.00563
813,0.10032,0.99828,0.00172,1.63E-13,0.00583
814,0.10032,0.99822,0.00178,1.63E-13,0.00603
815,0.10033,0.99816,0.00184,1.62E-13,0.00623
816,0.10033,0.99811,0.00189,1.62E-13,0.00643
817,0.10033,0.99805,0.00195,1.62E-13,0.00663
818,0.10033,0.99799,0.00201,1.61E-13,0.00682
819,0.10033,0.99793,0.00207,1.61E-13,0.00701
820,0.10033,0.99788,0.00212,1.61E-13,0.00721
821,0.10033,0.99782,0.00218,1.61E-13,0.0074
822,0.10034,0.99776,0.00224,1.60E-13,0.00759
823,0.10034,0.99771,0.00229,1.60E-13,0.00778
824,0.10034,0.99765,0.00235,1.60E-13,0.00797
825,0.10034,0.9976,0.0024,1.60E-13,0.00815
826,0.10034,0.99754,0.00246,1.60E-13,0.00834
827,0.10034,0.99749,0.00251,1.59E-13,0.00852
828,0.10034,0.99743,0.00257,1.59E-13,0.00871
829,0.10035,0.99738,0.00262,1.59E-13,0.00889
830,0.10035,0.99733,0.00267,1.59E-13,0.00907
831,0.10035,0.99727,0.00273,1.59E-13,0.00925
832,0.10035,0.99722,0.00278,1.59E-13,0.00943
833,0.10035,0.99717,0.00283,1.59E-13,0.00961
834,0.10035,0.99712,0.00288,1.59E-13,0.00978
835,0.10035,0.99706,0.00294,1.58E-13,0.00996
836,0.10035,0.99701,0.00299,1.58E-13,0.01014
837,0.10036,0.99696,0.00304,1.58E-13,0.01031
838,0.10036,0.99691,0.00309,1.58E-13,0.01048
839,0.10036,0.99686,0.00314,1.58E-13,0.01065
840,0.10036,0.99681,0.00319,1.58E-13,0.01082
841,0.10036,0.99676,0.00324,1.58E-13,0.01099
842,0.10036,0.99671,0.00329,1.58E-13,0.01116
843,0.10036,0.99666,0.00334,1.58E-13,0.01133
844,0.10037,0.99661,0.00339,1.58E-13,0.01149
845,0.10037,0.99656,0.00344,1.59E-13,0.01166
846,0.10037,0.99652,0.00348,1.59E-13,0.01182
847,0.10037,0.99647,0.00353,1.59E-13,0.01199
848,0.10037,0.99642,0.00358,1.59E-13,0.01215
849,0.10037,0.99637,0.00363,1.59E-13,0.01231
850,0.10037,0.99632,0.00368,1.59E-13,0.01247
851,0.10037,0.99628,0.00372,1.59E-13,0.01263
852,0.10038,0.99623,0.00377,1.59E-13,0.01279
853,0.10038,0.99618,0.00382,1.59E-13,0.01294
854,0.10038,0.99614,0.00386,1.60E-13,0.0131
855,0.10038,0.99609,0.00391,1.60E-13,0.01326
856,0.10038,0.99605,0.00395,1.60E-13,0.01341
857,0.10038,0.996,0.004,1.60E-13,0.01356
858,0.10038,0.99596,0.00404,1.60E-13,0.01372
859,0.10038,0.99591,0.00409,1.61E-13,0.01387
860,0.10039,0.99587,0.00413,1.61E-13,0.01402
861,0.10039,0.99582,0.00418,1.61E-13,0.01417
862,0.10039,0.99578,0.00422,1.61E-13,0.01432
863,0.10039,0.99574,0.00426,1.62E-13,0.01446
864,0.10039,0.99569,0.00431,1.62E-13,0.01461
865,0.10039,0.99565,0.00435,1.62E-13,0.01476
866,0.10039,0.99561,0.00439,1.62E-13,0.0149
867,0.1004,0.99557,0.00443,1.63E-13,0.01505
868,0.1004,0.99552,0.00448,1.63E-13,0.01519
869,0.1004,0.99548,0.00452,1.63E-13,0.01533
870,0.1004,0.99544,0.00456,1.64E-13,0.01547
871,0.1004,0.9954,0.0046,1.64E-13,0.01561
872,0.1004,0.99536,0.00464,1.64E-13,0.01575
873,0.1004,0.99532,0.00468,1.65E-13,0.01589
874,0.1004,0.99528,0.00472,1.65E-13,0.01603
875,0.10041,0.99524,0.00476,1.66E-13,0.01617
876,0.10041,0.9952,0.0048,1.66E-13,0.0163
877,0.10041,0.99516,0.00484,1.66E-13,0.01644
878,0.10041,0.99512,0.00488,1.67E-13,0.01657
879,0.10041,0.99508,0.00492,1.67E-13,0.01671
880,0.10041,0.99504,0.00496,1.68E-13,0.01684
881,0.10041,0.995,0.005,1.68E-13,0.01697
882,0.10041,0.99496,0.00504,1.68E-13,0.0171
883,0.10042,0.99492,0.00508,1.69E-13,0.01723
884,0.10042,0.99488,0.00512,1.69E-13,0.01736
885,0.10042,0.99485,0.00515,1.70E-13,0.01749
886,0.10042,0.99481,0.00519,1.70E-13,0.01762
887,0.10042,0.99477,0.00523,1.71E-13,0.01774
888,0.10042,0.99473,0.00527,1.71E-13,0.01787
889,0.10042,0.9947,0.0053,1.72E-13,0.018
890,0.10042,0.99466,0.00534,1.72E-13,0.01812
891,0.10043,0.99462,0.00538,1.73E-13,0.01825
892,0.10043,0.99459,0.00541,1.73E-13,0.01837
893,0.10043,0.99455,0.00545,1.74E-13,0.01849
894,0.10043,0.99451,0.00549,1.74E-13,0.01861
895,0.10043,0.99448,0.00552,1.75E-13,0.01873
896,0.10043,0.99444,0.00556,1.75E-13,0.01885
897,0.10043,0.99441,0.00559,1.76E-13,0.01897
898,0.10043,0.99437,0.00563,1.76E-13,0.01909
899,0.10044,0.99434,0.00566,1.77E-13,0.01921
900,0.10044,0.9943,0.0057,1.78E-13,0.01933
901,0.10044,0.99427,0.00573,1.78E-13,0.01944
902,0.10044,0.99424,0.00576,1.79E-13,0.01956
903,0.10044,0.9942,0.0058,1.79E-13,0.01967
904,0.10044,0.99417,0.00583,1.80E-13,0.01979
905,0.10044,0.99413,0.00587,1.80E-13,0.0199
906,0.10044,0.9941,0.0059,1.81E-13,0.02002
907,0.10044,0.99407,0.00593,1.82E-13,0.02013
908,0.10045,0.99403,0.00597,1.82E-13,0.02024
909,0.10045,0.994,0.006,1.83E-13,0.02035
910,0.10045,0.99397,0.00603,1.84E-13,0.02046
911,0.10045,0.99394,0.00606,1.84E-13,0.02057
912,0.10045,0.99391,0.00609,1.85E-13,0.02068
913,0.10045,0.99387,0.00613,1.85E-13,0.02079
914,0.10045,0.99384,0.00616,1.86E-13,0.0209
915,0.10045,0.99381,0.00619,1.87E-13,0.021
916,0.10046,0.99378,0.00622,1.87E-13,0.02111
917,0.10046,0.99375,0.00625,1.88E-13,0.02121
918,0.10046,0.99372,0.00628,1.89E-13,0.02132
919,0.10046,0.99369,0.00631,1.89E-13,0.02142
920,0.10046,0.99366,0.00634,1.90E-13,0.02153
921,0.10046,0.99363,0.00637,1.91E-13,0.02163
922,0.10046,0.9936,0.0064,1.91E-13,0.02173
923,0.10046,0.99357,0.00643,1.92E-13,0.02183
924,0.10046,0.99354,0.00646,1.93E-13,0.02193
925,0.10047,0.99351,0.00649,1.94E-13,0.02203
926,0.10047,0.99348,0.00652,1.94E-13,0.02213
927,0.10047,0.99345,0.00655,1.95E-13,0.02223
928,0.10047,0.99342,0.00658,1.96E-13,0.02233
929,0.10047,0.99339,0.00661,1.96E-13,0.02243
930,0.10047,0.99336,0.00664,1.97E-13,0.02253
931,0.10047,0.99333,0.00667,1.98E-13,0.02262
932,0.10047,0.9933,0.0067,1.99E-13,0.02272
933,0.10048,0.99328,0.00672,1.99E-13,0.02281
934,0.10048,0.99325,0.00675,2.00E-13,0.02291
935,0.10048,0.99322,0.00678,2.01E-13,0.023
936,0.10048,0.99319,0.00681,2.02E-13,0.0231
937,0.10048,0.99317,0.00683,2.02E-13,0.02319
938,0.10048,0.99314,0.00686,2.03E-13,0.02328
939,0.10048,0.99311,0.00689,2.04E-13,0.02338
940,0.10048,0.99308,0.00692,2.05E-13,0.02347
941,0.10048,0.99306,0.00694,2.05E-13,0.02356
942,0.10049,0.99303,0.00697,2.06E-13,0.02365
943,0.10049,0.993,0.007,2.07E-13,0.02374
944,0.10049,0.99298,0.00702,2.08E-13,0.02383
945,0.10049,0.99295,0.00705,2.09E-13,0.02392
946,0.10049,0.99293,0.00707,2.09E-13,0.02401
947,0.10049,0.9929,0.0071,2.10E-13,0.02409
948,0.10049,0.99287,0.00713,2.11E-13,0.02418
949,0.10049,0.99285,0.00715,2.12E-13,0.02427
950,0.10049,0.99282,0.00718,2.12E-13,0.02435
951,0.1005,0.9928,0.0072,2.13E-13,0.02444
952,0.1005,0.99277,0.00723,2.14E-13,0.02452
953,0.1005,0.99275,0.00725,2.15E-13,0.02461
954,0.1005,0.99272,0.00728,2.16E-13,0.02469
955,0.1005,0.9927,0.0073,2.16E-13,0.02478
956,0.1005,0.99267,0.00733,2.17E-13,0.02486
957,0.1005,0.99265,0.00735,2.18E-13,0.02494
958,0.1005,0.99263,0.00737,2.19E-13,0.02502
959,0.1005,0.9926,0.0074,2.20E-13,0.0251
960,0.10051,0.99258,0.00742,2.21E-13,0.02519
961,0.10051,0.99255,0.00745,2.21E-13,0.02527
962,0.10051,0.99253,0.00747,2.22E-13,0.02535
963,0.10051,0.99251,0.00749,2.23E-13,0.02542
964,0.10051,0.99248,0.00752,2.24E-13,0.0255
965,0.10051,0.99246,0.00754,2.25E-13,0.02558
966,0.10051,0.99244,0.00756,2.26E-13,0.02566
967,0.10051,0.99241,0.00759,2.26E-13,0.02574
968,0.10051,0.99239,0.00761,2.27E-13,0.02581
969,0.10052,0.99237,0.00763,2.28E-13,0.02589
970,0.10052,0.99235,0.00765,2.29E-13,0.02597
971,0.10052,0.99232,0.00768,2.30E-13,0.02604
972,0.10052,0.9923,0.0077,2.31E-13,0.02612
973,0.10052,0.99228,0.00772,2.32E-13,0.02619
974,0.10052,0.99226,0.00774,2.32E-13,0.02627
975,0.10052,0.99224,0.00776,2.33E-13,0.02634
976,0.10052,0.99222,0.00778,2.34E-13,0.02641
977,0.10052,0.99219,0.00781,2.35E-13,0.02649
978,0.10053,0.99217,0.00783,2.36E-13,0.02656
979,0.10053,0.99215,0.00785,2.37E-13,0.02663
980,0.10053,0.99213,0.00787,2.38E-13,0.0267
981,0.10053,0.99211,0.00789,2.38E-13,0.02677
982,0.10053,0.99209,0.00791,2.39E-13,0.02684
983,0.10053,0.99207,0.00793,2.40E-13,0.02691
984,0.10053,0.99205,0.00795,2.41E-13,0.02698
985,0.10053,0.99203,0.00797,2.42E-13,0.02705
986,0.10053,0.99201,0.00799,2.43E-13,0.02712
987,0.10053,0.99199,0.00801,2.44E-13,0.02719
988,0.10054,0.99197,0.00803,2.44E-13,0.02726
989,0.10054,0.99195,0.00805,2.45E-13,0.02733
990,0.10054,0.99193,0.00807,2.46E-13,0.02739
991,0.10054,0.99191,0.00809,2.47E-13,0.02746
992,0.10054,0.99189,0.00811,2.48E-13,0.02753
993,0.10054,0.99187,0.00813,2.49E-13,0.02759
994,0.10054,0.99185,0.00815,2.50E-13,0.02766
995,0.10054,0.99183,0.00817,2.51E-13,0.02773
996,0.10054,0.99181,0.00819,2.52E-13,0.02779
997,0.10055,0.99179,0.00821,2.52E-13,0.02785
998,0.10055,0.99177,0.00823,2.53E-13,0.02792
999,0.10055,0.99175,0.00825,2.54E-13,0.02798
1000,0.10055,0.99173,0.00827,2.55E-13,0.02805
1001,0.10055,0.99172,0.00828,2.56E-13,0.02811
1002,0.10055,0.9917,0.0083,2.57E-13,0.02817
1003,0.10055,0.99168,0.00832,2.58E-13,0.02823
1004,0.10055,0.99166,0.00834,2.59E-13,0.02829
1005,0.10055,0.99164,0.00836,2.60E-13,0.02836
1006,0.10055,0.99163,0.00838,2.60E-13,0.02842
1007,0.10056,0.99161,0.00839,2.61E-13,0.02848
1008,0.10056,0.99159,0.00841,2.62E-13,0.02854
1009,0.10056,0.99157,0.00843,2.63E-13,0.0286
1010,0.10056,0.99155,0.00845,2.64E-13,0.02866
1011,0.10056,0.99154,0.00846,2.65E-13,0.02872
1012,0.10056,0.99152,0.00848,2.66E-13,0.02877
1013,0.10056,0.9915,0.0085,2.67E-13,0.02883
1014,0.10056,0.99149,0.00851,2.68E-13,0.02889
1015,0.10056,0.99147,0.00853,2.69E-13,0.02895
1016,0.10056,0.99145,0.00855,2.69E-13,0.02901
1017,0.10057,0.99143,0.00857,2.70E-13,0.02906
1018,0.10057,0.99142,0.00858,2.71E-13,0.02912
1019,0.10057,0.9914,0.0086,2.72E-13,0.02918
1020,0.10057,0.99138,0.00862,2.73E-13,0.02923
1021,0.10057,0.99137,0.00863,2.74E-13,0.02929
1022,0.10057,0.99135,0.00865,2.75E-13,0.02934
1023,0.10057,0.99134,0.00866,2.76E-13,0.0294
1024,0.10057,0.99132,0.00868,2.77E-13,0.02945
1025,0.10057,0.9913,0.0087,2.78E-13,0.02951
1026,0.10057,0.99129,0.00871,2.78E-13,0.02956
1027,0.10058,0.99127,0.00873,2.79E-13,0.02961
1028,0.10058,0.99126,0.00874,2.80E-13,0.02967
1029,0.10058,0.99124,0.00876,2.81E-13,0.02972
1030,0.10058,0.99122,0.00878,2.82E-13,0.02977
1031,0.10058,0.99121,0.00879,2.83E-13,0.02983
1032,0.10058,0.99119,0.00881,2.84E-13,0.02988
1033,0.10058,0.99118,0.00882,2.85E-13,0.02993
1034,0.10058,0.99116,0.00884,2.86E-13,0.02998
1035,0.10058,0.99115,0.00885,2.87E-13,0.03003
1036,0.10058,0.99113,0.00887,2.87E-13,0.03008
1037,0.10059,0.99112,0.00888,2.88E-13,0.03013
1038,0.10059,0.9911,0.0089,2.89E-13,0.03018
1039,0.10059,0.99109,0.00891,2.90E-13,0.03023
1040,0.10059,0.99108,0.00892,2.91E-13,0.03028
1041,0.10059,0.99106,0.00894,2.92E-13,0.03033
1042,0.10059,0.99105,0.00895,2.93E-13,0.03038
1043,0.10059,0.99103,0.00897,2.94E-13,0.03043
1044,0.10059,0.99102,0.00898,2.95E-13,0.03048
1045,0.10059,0.991,0.009,2.96E-13,0.03052
1046,0.10059,0.99099,0.00901,2.96E-13,0.03057
1047,0.10059,0.99098,0.00902,2.97E-13,0.03062
1048,0.1006,0.99096,0.00904,2.98E-13,0.03067
1049,0.1006,0.99095,0.00905,2.99E-13,0.03071
1050,0.1006,0.99093,0.00907,3.00E-13,0.03076
1051,0.1006,0.99092,0.00908,3.01E-13,0.03081
1052,0.1006,0.99091,0.00909,3.02E-13,0.03085
1053,0.1006,0.99089,0.00911,3.03E-13,0.0309
1054,0.1006,0.99088,0.00912,3.04E-13,0.03094
1055,0.1006,0.99087,0.00913,3.05E-13,0.03099
1056,0.1006,0.99085,0.00915,3.05E-13,0.03103
1057,0.1006,0.99084,0.00916,3.06E-13,0.03108
1058,0.10061,0.99083,0.00917,3.07E-13,0.03112
1059,0.10061,0.99081,0.00919,3.08E-13,0.03117
1060,0.10061,0.9908,0.0092,3.09E-13,0.03121
1061,0.10061,0.99079,0.00921,3.10E-13,0.03125
1062,0.10061,0.99078,0.00922,3.11E-13,0.0313
1063,0.10061,0.99076,0.00924,3.12E-13,0.03134
1064,0.10061,0.99075,0.00925,3.13E-13,0.03138
1065,0.10061,0.99074,0.00926,3.14E-13,0.03142
1066,0.10061,0.99073,0.00927,3.14E-13,0.03147
1067,0.10061,0.99071,0.00929,3.15E-13,0.03151
1068,0.10061,0.9907,0.0093,3.16E-13,0.03155
1069,0.10062,0.99069,0.00931,3.17E-13,0.03159
1070,0.10062,0.99068,0.00932,3.18E-13,0.03163
1071,0.10062,0.99066,0.00934,3.19E-13,0.03167
1072,0.10062,0.99065,0.00935,3.20E-13,0.03171
1073,0.10062,0.99064,0.00936,3.21E-13,0.03175
1074,0.10062,0.99063,0.00937,3.22E-13,0.03179
1075,0.10062,0.99062,0.00938,3.22E-13,0.03183
1076,0.10062,0.99061,0.00939,3.23E-13,0.03187
1077,0.10062,0.99059,0.00941,3.24E-13,0.03191
1078,0.10062,0.99058,0.00942,3.25E-13,0.03195
1079,0.10062,0.99057,0.00943,3.26E-13,0.03199
1080,0.10063,0.99056,0.00944,3.27E-13,0.03203
1081,0.10063,0.99055,0.00945,3.28E-13,0.03207
1082,0.10063,0.99054,0.00946,3.29E-13,0.03211
1083,0.10063,0.99053,0.00947,3.30E-13,0.03214
1084,0.10063,0.99052,0.00948,3.30E-13,0.03218
1085,0.10063,0.9905,0.0095,3.31E-13,0.03222
1086,0.10063,0.99049,0.00951,3.32E-13,0.03225
1087,0.10063,0.99048,0.00952,3.33E-13,0.03229
1088,0.10063,0.99047,0.00953,3.34E-13,0.03233
1089,0.10063,0.99046,0.00954,3.35E-13,0.03236
1090,0.10063,0.99045,0.00955,3.36E-13,0.0324
1091,0.10064,0.99044,0.00956,3.37E-13,0.03244
1092,0.10064,0.99043,0.00957,3.37E-13,0.03247
1093,0.10064,0.99042,0.00958,3.38E-13,0.03251
1094,0.10064,0.99041,0.00959,3.39E-13,0.03254
1095,0.10064,0.9904,0.0096,3.40E-13,0.03258
1096,0.10064,0.99039,0.00961,3.41E-13,0.03261
1097,0.10064,0.99038,0.00962,3.42E-13,0.03265
1098,0.10064,0.99037,0.00963,3.43E-13,0.03268
1099,0.10064,0.99036,0.00964,3.44E-13,0.03272
1100,0.10064,0.99035,0.00965,3.44E-13,0.03275
1101,0.10064,0.99034,0.00966,3.45E-13,0.03278
1102,0.10065,0.99033,0.00967,3.46E-13,0.03282
1103,0.10065,0.99032,0.00968,3.47E-13,0.03285
1104,0.10065,0.99031,0.00969,3.48E-13,0.03288
1105,0.10065,0.9903,0.0097,3.49E-13,0.03292
1106,0.10065,0.99029,0.00971,3.50E-13,0.03295
1107,0.10065,0.99028,0.00972,3.50E-13,0.03298
1108,0.10065,0.99027,0.00973,3.51E-13,0.03301
1109,0.10065,0.99026,0.00974,3.52E-13,0.03305
1110,0.10065,0.99025,0.00975,3.53E-13,0.03308
1111,0.10065,0.99024,0.00976,3.54E-13,0.03311
1112,0.10065,0.99023,0.00977,3.55E-13,0.03314
1113,0.10065,0.99022,0.00978,3.56E-13,0.03317
1114,0.10066,0.99021,0.00979,3.56E-13,0.03321
1115,0.10066,0.9902,0.0098,3.57E-13,0.03324
1116,0.10066,0.9902,0.0098,3.58E-13,0.03327
1117,0.10066,0.99019,0.00981,3.59E-13,0.0333
1118,0.10066,0.99018,0.00982,3.60E-13,0.03333
1119,0.10066,0.99017,0.00983,3.61E-13,0.03336
1120,0.10066,0.99016,0.00984,3.61E-13,0.03339
1121,0.10066,0.99015,0.00985,3.62E-13,0.03342
1122,0.10066,0.99014,0.00986,3.63E-13,0.03345
1123,0.10066,0.99013,0.00987,3.64E-13,0.03348
1124,0.10066,0.99012,0.00988,3.65E-13,0.03351
1125,0.10067,0.99012,0.00988,3.66E-13,0.03354
1126,0.10067,0.99011,0.00989,3.66E-13,0.03357
1127,0.10067,0.9901,0.0099,3.67E-13,0.0336
1128,0.10067,0.99009,0.00991,3.68E-13,0.03363
1129,0.10067,0.99008,0.00992,3.69E-13,0.03365
1130,0.10067,0.99007,0.00993,3.70E-13,0.03368
1131,0.10067,0.99006,0.00994,3.71E-13,0.03371
1132,0.10067,0.99006,0.00994,3.71E-13,0.03374
1133,0.10067,0.99005,0.00995,3.72E-13,0.03377
1134,0.10067,0.99004,0.00996,3.73E-13,0.03379
1135,0.10067,0.99003,0.00997,3.74E-13,0.03382
1136,0.10067,0.99002,0.00998,3.75E-13,0.03385
1137,0.10068,0.99002,0.00998,3.76E-13,0.03387
1138,0.10068,0.99001,0.00999,3.76E-13,0.0339
1139,0.10068,0.99,0.01,3.77E-13,0.03393
1140,0.10068,0.98999,0.01001,3.78E-13,0.03395
1141,0.10068,0.98999,0.01001,3.79E-13,0.03398
1142,0.10068,0.98998,0.01002,3.80E-13,0.03401
1143,0.10068,0.98997,0.01003,3.80E-13,0.03403
1144,0.10068,0.98996,0.01004,3.81E-13,0.03406
1145,0.10068,0.98995,0.01005,3.82E-13,0.03408
1146,0.10068,0.98995,0.01005,3.83E-13,0.03411
1147,0.10068,0.98994,0.01006,3.84E-13,0.03414
1148,0.10068,0.98993,0.01007,3.84E-13,0.03416
1149,0.10069,0.98992,0.01008,3.85E-13,0.03419
1150,0.10069,0.98992,0.01008,3.86E-13,0.03421
1151,0.10069,0.98991,0.01009,3.87E-13,0.03424
1152,0.10069,0.9899,0.0101,3.88E-13,0.03426
1153,0.10069,0.9899,0.0101,3.88E-13,0.03428
1154,0.10069,0.98989,0.01011,3.89E-13,0.03431
1155,0.10069,0.98988,0.01012,3.90E-13,0.03433
1156,0.10069,0.98987,0.01013,3.91E-13,0.03436
1157,0.10069,0.98987,0.01013,3.92E-13,0.03438
1158,0.10069,0.98986,0.01014,3.92E-13,0.0344
1159,0.10069,0.98985,0.01015,3.93E-13,0.03443
1160,0.10069,0.98985,0.01015,3.94E-13,0.03445
1161,0.10069,0.98984,0.01016,3.95E-13,0.03448
1162,0.1007,0.98983,0.01017,3.96E-13,0.0345
1163,0.1007,0.98983,0.01017,3.96E-13,0.03452
1164,0.1007,0.98982,0.01018,3.97E-13,0.03454
1165,0.1007,0.98981,0.01019,3.98E-13,0.03457
1166,0.1007,0.98981,0.01019,3.99E-13,0.03459
1167,0.1007,0.9898,0.0102,3.99E-13,0.03461
1168,0.1007,0.98979,0.01021,4.00E-13,0.03464
1169,0.1007,0.98979,0.01021,4.01E-13,0.03466
1170,0.1007,0.98978,0.01022,4.02E-13,0.03468
1171,0.1007,0.98977,0.01023,4.03E-13,0.0347
1172,0.1007,0.98977,0.01023,4.03E-13,0.03472
1173,0.1007,0.98976,0.01024,4.04E-13,0.03475
1174,0.10071,0.98975,0.01025,4.05E-13,0.03477
1175,0.10071,0.98975,0.01025,4.06E-13,0.03479
1176,0.10071,0.98974,0.01026,4.06E-13,0.03481
1177,0.10071,0.98973,0.01027,4.07E-13,0.03483
1178,0.10071,0.98973,0.01027,4.08E-13,0.03485
1179,0.10071,0.98972,0.01028,4.09E-13,0.03488
1180,0.10071,0.98972,0.01028,4.09E-13,0.0349
1181,0.10071,0.98971,0.01029,4.10E-13,0.03492
1182,0.10071,0.9897,0.0103,4.11E-13,0.03494
1183,0.10071,0.9897,0.0103,4.12E-13,0.03496
1184,0.10071,0.98969,0.01031,4.12E-13,0.03498
1185,0.10071,0.98968,0.01032,4.13E-13,0.035
1186,0.10071,0.98968,0.01032,4.14E-13,0.03502
1187,0.10072,0.98967,0.01033,4.15E-13,0.03504
1188,0.10072,0.98967,0.01033,4.15E-13,0.03506
1189,0.10072,0.98966,0.01034,4.16E-13,0.03508
1190,0.10072,0.98966,0.01034,4.17E-13,0.0351
1191,0.10072,0.98965,0.01035,4.17E-13,0.03512
1192,0.10072,0.98964,0.01036,4.18E-13,0.03514
1193,0.10072,0.98964,0.01036,4.19E-13,0.03516
1194,0.10072,0.98963,0.01037,4.20E-13,0.03518
1195,0.10072,0.98963,0.01037,4.20E-13,0.0352
1196,0.10072,0.98962,0.01038,4.21E-13,0.03522
1197,0.10072,0.98962,0.01038,4.22E-13,0.03523
1198,0.10072,0.98961,0.01039,4.23E-13,0.03525
1199,0.10072,0.98961,0.01039,4.23E-13,0.03525
1200,0.10072,0.98963,0.01037,4.24E-13,0.03517
1201,0.10072,0.98968,0.01032,4.25E-13,0.03502
1202,0.10072,0.98973,0.01027,4.25E-13,0.03485
1203,0.10072,0.98979,0.01021,4.26E-13,0.03465
1204,0.10072,0.98985,0.01015,4.27E-13,0.03443
1205,0.10072,0.98992,0.01008,4.27E-13,0.0342
1206,0.10072,0.98998,0.01002,4.28E-13,0.03399
1207,0.10072,0.99005,0.00995,4.28E-13,0.03377
1208,0.10072,0.99011,0.00989,4.29E-13,0.03356
1209,0.10071,0.99017,0.00983,4.30E-13,0.03336
1210,0.10071,0.99023,0.00977,4.30E-13,0.03316
1211,0.10071,0.99028,0.00972,4.31E-13,0.03296
1212,0.10071,0.99034,0.00966,4.31E-13,0.03278
1213,0.10071,0.99039,0.00961,4.32E-13,0.03259
1214,0.10071,0.99045,0.00955,4.32E-13,0.0324
1215,0.10071,0.99051,0.00949,4.32E-13,0.03222
1216,0.10071,0.99056,0.00944,4.33E-13,0.03203
1217,0.10071,0.99061,0.00939,4.33E-13,0.03185
1218,0.10071,0.99067,0.00933,4.34E-13,0.03165
1219,0.1007,0.99073,0.00927,4.34E-13,0.03146
1220,0.1007,0.99078,0.00922,4.34E-13,0.03127
1221,0.1007,0.99084,0.00916,4.35E-13,0.03108
1222,0.1007,0.99089,0.00911,4.35E-13,0.03089
1223,0.1007,0.99095,0.00905,4.35E-13,0.03071
1224,0.1007,0.99101,0.00899,4.36E-13,0.03052
1225,0.1007,0.99106,0.00894,4.36E-13,0.03033
1226,0.1007,0.99111,0.00889,4.36E-13,0.03015
1227,0.1007,0.99117,0.00883,4.36E-13,0.02996
1228,0.10069,0.99122,0.00878,4.36E-13,0.02978
1229,0.10069,0.99128,0.00872,4.37E-13,0.0296
1230,0.10069,0.99133,0.00867,4.37E-13,0.02942
1231,0.10069,0.99138,0.00862,4.37E-13,0.02925
1232,0.10069,0.99143,0.00857,4.37E-13,0.02907
1233,0.10069,0.99148,0.00852,4.37E-13,0.0289
1234,0.10069,0.99153,0.00847,4.37E-13,0.02873
1235,0.10069,0.99158,0.00842,4.38E-13,0.02855
1236,0.10069,0.99163,0.00837,4.38E-13,0.02838
1237,0.10069,0.99169,0.00831,4.38E-13,0.02821
1238,0.10068,0.99173,0.00827,4.38E-13,0.02804
1239,0.10068,0.99178,0.00822,4.38E-13,0.02788
1240,0.10068,0.99183,0.00817,4.38E-13,0.02771
1241,0.10068,0.99188,0.00812,4.38E-13,0.02754
1242,0.10068,0.99193,0.00807,4.38E-13,0.02738
1243,0.10068,0.99198,0.00802,4.38E-13,0.02721
1244,0.10068,0.99203,0.00797,4.38E-13,0.02705
1245,0.10068,0.99208,0.00792,4.38E-13,0.02689
1246,0.10068,0.99212,0.00788,4.38E-13,0.02672
1247,0.10068,0.99217,0.00783,4.38E-13,0.02656
1248,0.10067,0.99222,0.00778,4.38E-13,0.0264
1249,0.10067,0.99226,0.00774,4.38E-13,0.02625
1250,0.10067,0.99231,0.00769,4.37E-13,0.02609
1251,0.10067,0.99236,0.00764,4.37E-13,0.02593
1252,0.10067,0.9924,0.0076,4.37E-13,0.02577
1253,0.10067,0.99245,0.00755,4.37E-13,0.02562
1254,0.10067,0.99249,0.00751,4.37E-13,0.02546
1255,0.10067,0.99254,0.00746,4.37E-13,0.02531
1256,0.10067,0.99259,0.00742,4.37E-13,0.02516
1257,0.10067,0.99263,0.00737,4.36E-13,0.02501
1258,0.10066,0.99267,0.00733,4.36E-13,0.02486
1259,0.10066,0.99272,0.00728,4.36E-13,0.02471
1260,0.10066,0.99276,0.00724,4.36E-13,0.02456
1261,0.10066,0.99281,0.00719,4.36E-13,0.02441
1262,0.10066,0.99285,0.00715,4.35E-13,0.02426
1263,0.10066,0.99289,0.00711,4.35E-13,0.02412
1264,0.10066,0.99293,0.00707,4.35E-13,0.02397
1265,0.10066,0.99298,0.00702,4.35E-13,0.02383
1266,0.10066,0.99302,0.00698,4.34E-13,0.02368
1267,0.10066,0.99306,0.00694,4.34E-13,0.02354
1268,0.10065,0.9931,0.0069,4.34E-13,0.0234
1269,0.10065,0.99315,0.00685,4.33E-13,0.02326
1270,0.10065,0.99319,0.00681,4.33E-13,0.02312
1271,0.10065,0.99323,0.00677,4.33E-13,0.02298
1272,0.10065,0.99327,0.00673,4.33E-13,0.02284
1273,0.10065,0.99331,0.00669,4.32E-13,0.0227
1274,0.10065,0.99335,0.00665,4.32E-13,0.02256
1275,0.10065,0.99339,0.00661,4.32E-13,0.02242
1276,0.10065,0.99343,0.00657,4.31E-13,0.02229
1277,0.10065,0.99347,0.00653,4.31E-13,0.02215
1278,0.10064,0.99351,0.00649,4.30E-13,0.02202
1279,0.10064,0.99355,0.00645,4.30E-13,0.02188
1280,0.10064,0.99359,0.00641,4.30E-13,0.02175
1281,0.10064,0.99363,0.00637,4.29E-13,0.02162
1282,0.10064,0.99367,0.00633,4.29E-13,0.02149
1283,0.10064,0.9937,0.0063,4.28E-13,0.02136
1284,0.10064,0.99374,0.00626,4.28E-13,0.02123
1285,0.10064,0.99378,0.00622,4.28E-13,0.0211
1286,0.10064,0.99382,0.00618,4.27E-13,0.02098
1287,0.10064,0.99386,0.00614,4.27E-13,0.02085
1288,0.10063,0.99389,0.00611,4.26E-13,0.02072
1289,0.10063,0.99393,0.00607,4.26E-13,0.0206
1290,0.10063,0.99397,0.00603,4.25E-13,0.02047
1291,0.10063,0.994,0.006,4.25E-13,0.02035
1292,0.10063,0.99404,0.00596,4.24E-13,0.02023
1293,0.10063,0.99407,0.00593,4.24E-13,0.02011
1294,0.10063,0.99411,0.00589,4.23E-13,0.01999
1295,0.10063,0.99415,0.00585,4.23E-13,0.01986
1296,0.10063,0.99418,0.00582,4.22E-13,0.01974
1297,0.10063,0.99422,0.00578,4.22E-13,0.01962
1298,0.10063,0.99425,0.00575,4.21E-13,0.0195
1299,0.10062,0.99429,0.00571,4.21E-13,0.01939
1300,0.10062,0.99432,0.00568,4.20E-13,0.01927
1301,0.10062,0.99436,0.00564,4.20E-13,0.01915
1302,0.10062,0.99439,0.00561,4.19E-13,0.01903
1303,0.10062,0.99442,0.00558,4.18E-13,0.01892
1304,0.10062,0.99446,0.00554,4.18E-13,0.0188
1305,0.10062,0.99449,0.00551,4.17E-13,0.01869
1306,0.10062,0.99453,0.00547,4.17E-13,0.01858
1307,0.10062,0.99456,0.00544,4.16E-13,0.01846
1308,0.10062,0.99459,0.00541,4.15E-13,0.01835
1309,0.10061,0.99462,0.00538,4.15E-13,0.01824
1310,0.10061,0.99466,0.00534,4.14E-13,0.01813
1311,0.10061,0.99469,0.00531,4.14E-13,0.01802
1312,0.10061,0.99472,0.00528,4.13E-13,0.01791
1313,0.10061,0.99475,0.00525,4.12E-13,0.0178
1314,0.10061,0.99478,0.00522,4.12E-13,0.01769
1315,0.10061,0.99482,0.00518,4.11E-13,0.01759
1316,0.10061,0.99485,0.00515,4.10E-13,0.01748
1317,0.10061,0.99488,0.00512,4.10E-13,0.01738
1318,0.10061,0.99491,0.00509,4.09E-13,0.01727
1319,0.10061,0.99494,0.00506,4.08E-13,0.01717
1320,0.1006,0.99497,0.00503,4.08E-13,0.01706
1321,0.1006,0.995,0.005,4.07E-13,0.01696
1322,0.1006,0.99503,0.00497,4.06E-13,0.01686
1323,0.1006,0.99506,0.00494,4.06E-13,0.01676
1324,0.1006,0.99509,0.00491,4.05E-13,0.01666
1325,0.1006,0.99512,0.00488,4.04E-13,0.01656
1326,0.1006,0.99515,0.00485,4.04E-13,0.01646
1327,0.1006,0.99518,0.00482,4.03E-13,0.01636
1328,0.1006,0.99521,0.00479,4.02E-13,0.01626
1329,0.1006,0.99524,0.00476,4.02E-13,0.01616
1330,0.1006,0.99527,0.00473,4.01E-13,0.01606
1331,0.10059,0.9953,0.0047,4.00E-13,0.01596
1332,0.10059,0.99532,0.00468,3.99E-13,0.01586
1333,0.10059,0.99535,0.00465,3.99E-13,0.01577
1334,0.10059,0.99538,0.00462,3.98E-13,0.01567
1335,0.10059,0.99541,0.00459,3.97E-13,0.01558
1336,0.10059,0.99544,0.00456,3.96E-13,0.01548
1337,0.10059,0.99546,0.00454,3.96E-13,0.01539
1338,0.10059,0.99549,0.00451,3.95E-13,0.0153
1339,0.10059,0.99552,0.00448,3.94E-13,0.0152
1340,0.10059,0.99555,0.00445,3.93E-13,0.01511
1341,0.10059,0.99557,0.00443,3.93E-13,0.01502
1342,0.10058,0.9956,0.0044,3.92E-13,0.01493
1343,0.10058,0.99563,0.00437,3.91E-13,0.01484
1344,0.10058,0.99565,0.00435,3.90E-13,0.01475
1345,0.10058,0.99568,0.00432,3.90E-13,0.01466
1346,0.10058,0.99571,0.00429,3.89E-13,0.01457
1347,0.10058,0.99573,0.00427,3.88E-13,0.01448
1348,0.10058,0.99576,0.00424,3.87E-13,0.0144
1349,0.10058,0.99578,0.00422,3.86E-13,0.01431
1350,0.10058,0.99581,0.00419,3.86E-13,0.01422
1351,0.10058,0.99583,0.00417,3.85E-13,0.01414
1352,0.10058,0.99586,0.00414,3.84E-13,0.01405
1353,0.10058,0.99588,0.00412,3.83E-13,0.01397
1354,0.10057,0.99591,0.00409,3.82E-13,0.01389
1355,0.10057,0.99593,0.00407,3.82E-13,0.0138
1356,0.10057,0.99596,0.00404,3.81E-13,0.01372
1357,0.10057,0.99598,0.00402,3.80E-13,0.01363
1358,0.10057,0.99601,0.00399,3.79E-13,0.01355
1359,0.10057,0.99603,0.00397,3.78E-13,0.01347
1360,0.10057,0.99605,0.00395,3.78E-13,0.01339
1361,0.10057,0.99608,0.00392,3.77E-13,0.01331
1362,0.10057,0.9961,0.0039,3.76E-13,0.01323
1363,0.10057,0.99613,0.00387,3.75E-13,0.01315
1364,0.10057,0.99615,0.00385,3.74E-13,0.01307
1365,0.10056,0.99617,0.00383,3.73E-13,0.01299
1366,0.10056,0.9962,0.0038,3.73E-13,0.01291
1367,0.10056,0.99622,0.00378,3.72E-13,0.01283
1368,0.10056,0.99624,0.00376,3.71E-13,0.01275
1369,0.10056,0.99626,0.00374,3.70E-13,0.01268
1370,0.10056,0.99629,0.00371,3.69E-13,0.0126
1371,0.10056,0.99631,0.00369,3.68E-13,0.01253
1372,0.10056,0.99633,0.00367,3.67E-13,0.01245
1373,0.10056,0.99635,0.00365,3.67E-13,0.01238
1374,0.10056,0.99637,0.00363,3.66E-13,0.0123
1375,0.10056,0.9964,0.0036,3.65E-13,0.01223
1376,0.10056,0.99642,0.00358,3.64E-13,0.01215
1377,0.10055,0.99644,0.00356,3.63E-13,0.01208
1378,0.10055,0.99646,0.00354,3.62E-13,0.01201
1379,0.10055,0.99648,0.00352,3.61E-13,0.01194
1380,0.10055,0.9965,0.0035,3.61E-13,0.01186
1381,0.10055,0.99652,0.00348,3.60E-13,0.01179
1382,0.10055,0.99655,0.00345,3.59E-13,0.01172
1383,0.10055,0.99657,0.00343,3.58E-13,0.01165
1384,0.10055,0.99659,0.00341,3.57E-13,0.01158
1385,0.10055,0.99661,0.00339,3.56E-13,0.01151
1386,0.10055,0.99663,0.00337,3.55E-13,0.01144
1387,0.10055,0.99665,0.00335,3.55E-13,0.01137
1388,0.10055,0.99667,0.00333,3.54E-13,0.0113
1389,0.10054,0.99669,0.00331,3.53E-13,0.01123
1390,0.10054,0.99671,0.00329,3.52E-13,0.01116
1391,0.10054,0.99673,0.00327,3.51E-13,0.0111
1392,0.10054,0.99675,0.00325,3.50E-13,0.01103
1393,0.10054,0.99677,0.00323,3.49E-13,0.01096
1394,0.10054,0.99679,0.00321,3.48E-13,0.0109
1395,0.10054,0.99681,0.00319,3.48E-13,0.01083
1396,0.10054,0.99683,0.00317,3.47E-13,0.01077
1397,0.10054,0.99685,0.00315,3.46E-13,0.0107
1398,0.10054,0.99686,0.00314,3.45E-13,0.01064
1399,0.10054,0.99688,0.00312,3.44E-13,0.01057
1400,0.10054,0.9969,0.0031,3.43E-13,0.01051
1401,0.10053,0.99692,0.00308,3.42E-13,0.01045
1402,0.10053,0.99694,0.00306,3.41E-13,0.01038
1403,0.10053,0.99696,0.00304,3.40E-13,0.01032
1404,0.10053,0.99698,0.00302,3.40E-13,0.01026
1405,0.10053,0.99699,0.00301,3.39E-13,0.0102
1406,0.10053,0.99701,0.00299,3.38E-13,0.01013
1407,0.10053,0.99703,0.00297,3.37E-13,0.01007
1408,0.10053,0.99705,0.00295,3.36E-13,0.01001
1409,0.10053,0.99707,0.00293,3.35E-13,0.00995
1410,0.10053,0.99708,0.00292,3.34E-13,0.00989
1411,0.10053,0.9971,0.0029,3.33E-13,0.00983
1412,0.10053,0.99712,0.00288,3.33E-13,0.00977
1413,0.10053,0.99714,0.00286,3.32E-13,0.00971
1414,0.10052,0.99715,0.00285,3.31E-13,0.00965
1415,0.10052,0.99717,0.00283,3.30E-13,0.0096
1416,0.10052,0.99719,0.00281,3.29E-13,0.00954
1417,0.10052,0.99721,0.00279,3.28E-13,0.00948
1418,0.10052,0.99722,0.00278,3.27E-13,0.00942
1419,0.10052,0.99724,0.00276,3.26E-13,0.00937
1420,0.10052,0.99726,0.00274,3.25E-13,0.00931
1421,0.10052,0.99727,0.00273,3.24E-13,0.00925
1422,0.10052,0.99729,0.00271,3.24E-13,0.0092
1423,0.10052,0.99731,0.00269,3.23E-13,0.00914
1424,0.10052,0.99732,0.00268,3.22E-13,0.00909
1425,0.10052,0.99734,0.00266,3.21E-13,0.00903
1426,0.10051,0.99735,0.00265,3.20E-13,0.00898
1427,0.10051,0.99737,0.00263,3.19E-13,0.00893
1428,0.10051,0.99739,0.00261,3.18E-13,0.00887
1429,0.10051,0.9974,0.0026,3.17E-13,0.00882
1430,0.10051,0.99742,0.00258,3.16E-13,0.00876
1431,0.10051,0.99743,0.00257,3.16E-13,0.00871
1432,0.10051,0.99745,0.00255,3.15E-13,0.00866
1433,0.10051,0.99746,0.00254,3.14E-13,0.00861
1434,0.10051,0.99748,0.00252,3.13E-13,0.00855
1435,0.10051,0.99749,0.00251,3.12E-13,0.0085
1436,0.10051,0.99751,0.00249,3.11E-13,0.00845
1437,0.10051,0.99752,0.00248,3.10E-13,0.0084
1438,0.10051,0.99754,0.00246,3.09E-13,0.00835
1439,0.1005,0.99755,0.00245,3.08E-13,0.0083
1440,0.1005,0.99757,0.00243,3.08E-13,0.00825
1441,0.1005,0.99758,0.00242,3.07E-13,0.0082
1442,0.1005,0.9976,0.0024,3.06E-13,0.00815
1443,0.1005,0.99761,0.00239,3.05E-13,0.0081
1444,0.1005,0.99763,0.00237,3.04E-13,0.00805
1445,0.1005,0.99764,0.00236,3.03E-13,0.008
1446,0.1005,0.99766,0.00234,3.02E-13,0.00795
1447,0.1005,0.99767,0.00233,3.01E-13,0.00791
1448,0.1005,0.99768,0.00232,3.01E-13,0.00786
1449,0.1005,0.9977,0.0023,3.00E-13,0.00781
1450,0.1005,0.99771,0.00229,2.99E-13,0.00777
1451,0.1005,0.99773,0.00227,2.98E-13,0.00772
1452,0.10049,0.99774,0.00226,2.97E-13,0.00767
1453,0.10049,0.99775,0.00225,2.96E-13,0.00763
1454,0.10049,0.99777,0.00223,2.95E-13,0.00758
1455,0.10049,0.99778,0.00222,2.94E-13,0.00753
1456,0.10049,0.99779,0.00221,2.93E-13,0.00749
1457,0.10049,0.99781,0.00219,2.93E-13,0.00744
1458,0.10049,0.99782,0.00218,2.92E-13,0.0074
1459,0.10049,0.99783,0.00217,2.91E-13,0.00735
1460,0.10049,0.99785,0.00215,2.90E-13,0.00731
1461,0.10049,0.99786,0.00214,2.89E-13,0.00727
1462,0.10049,0.99787,0.00213,2.88E-13,0.00722
1463,0.10049,0.99788,0.00212,2.87E-13,0.00718
1464,0.10049,0.9979,0.0021,2.86E-13,0.00714
1465,0.10049,0.99791,0.00209,2.86E-13,0.00709
1466,0.10048,0.99792,0.00208,2.85E-13,0.00705
1467,0.10048,0.99793,0.00207,2.84E-13,0.00701
1468,0.10048,0.99795,0.00205,2.83E-13,0.00697
1469,0.10048,0.99796,0.00204,2.82E-13,0.00692
1470,0.10048,0.99797,0.00203,2.81E-13,0.00688
1471,0.10048,0.99798,0.00202,2.80E-13,0.00684
1472,0.10048,0.998,0.002,2.80E-13,0.0068
1473,0.10048,0.99801,0.00199,2.79E-13,0.00676
1474,0.10048,0.99802,0.00198,2.78E-13,0.00672
1475,0.10048,0.99803,0.00197,2.77E-13,0.00668
1476,0.10048,0.99804,0.00196,2.76E-13,0.00664
1477,0.10048,0.99806,0.00194,2.75E-13,0.0066
1478,0.10048,0.99807,0.00193,2.74E-13,0.00656
1479,0.10048,0.99808,0.00192,2.74E-13,0.00652
1480,0.10047,0.99809,0.00191,2.73E-13,0.00648
1481,0.10047,0.9981,0.0019,2.72E-13,0.00644
1482,0.10047,0.99811,0.00189,2.71E-13,0.0064
1483,0.10047,0.99812,0.00188,2.70E-13,0.00636
1484,0.10047,0.99814,0.00186,2.69E-13,0.00632
1485,0.10047,0.99815,0.00185,2.68E-13,0.00629
1486,0.10047,0.99816,0.00184,2.68E-13,0.00625
1487,0.10047,0.99817,0.00183,2.67E-13,0.00621
1488,0.10047,0.99818,0.00182,2.66E-13,0.00617
1489,0.10047,0.99819,0.00181,2.65E-13,0.00614
1490,0.10047,0.9982,0.0018,2.64E-13,0.0061
1491,0.10047,0.99821,0.00179,2.63E-13,0.00606
1492,0.10047,0.99822,0.00178,2.62E-13,0.00603
1493,0.10047,0.99823,0.00177,2.62E-13,0.00599
1494,0.10046,0.99825,0.00175,2.61E-13,0.00595
1495,0.10046,0.99826,0.00174,2.60E-13,0.00592
1496,0.10046,0.99827,0.00173,2.59E-13,0.00588
1497,0.10046,0.99828,0.00172,2.58E-13,0.00585
1498,0.10046,0.99829,0.00171,2.57E-13,0.00581
1499,0.10046,0.9983,0.0017,2.57E-13,0.00578
1500,0.10046,0.99831,0.00169,2.56E-13,0.00574
1501,0.10046,0.99832,0.00168,2.55E-13,0.00571
1502,0.10046,0.99833,0.00167,2.54E-13,0.00567
1503,0.10046,0.99834,0.00166,2.53E-13,0.00564
1504,0.10046,0.99835,0.00165,2.53E-13,0.00561
1505,0.10046,0.99836,0.00164,2.52E-13,0.00557
1506,0.10046,0.99837,0.00163,2.51E-13,0.00554
1507,0.10046,0.99838,0.00162,2.50E-13,0.00551
1508,0.10045,0.99839,0.00161,2.49E-13,0.00547
1509,0.10045,0.9984,0.0016,2.48E-13,0.00544
1510,0.10045,0.99841,0.00159,2.48E-13,0.00541
1511,0.10045,0.99842,0.00158,2.47E-13,0.00537
1512,0.10045,0.99843,0.00157,2.46E-13,0.00534
1513,0.10045,0.99844,0.00156,2.45E-13,0.00531
1514,0.10045,0.99844,0.00156,2.44E-13,0.00528
1515,0.10045,0.99845,0.00155,2.44E-13,0.00525
1516,0.10045,0.99846,0.00154,2.43E-13,0.00521
1517,0.10045,0.99847,0.00153,2.42E-13,0.00518
1518,0.10045,0.99848,0.00152,2.41E-13,0.00515
1519,0.10045,0.99849,0.00151,2.40E-13,0.00512
1520,0.10045,0.9985,0.0015,2.40E-13,0.00509
1521,0.10045,0.99851,0.00149,2.39E-13,0.00506
1522,0.10045,0.99852,0.00148,2.38E-13,0.00503
1523,0.10044,0.99853,0.00147,2.37E-13,0.005
1524,0.10044,0.99854,0.00146,2.36E-13,0.00497
1525,0.10044,0.99854,0.00146,2.36E-13,0.00494
1526,0.10044,0.99855,0.00145,2.35E-13,0.00491
1527,0.10044,0.99856,0.00144,2.34E-13,0.00488
1528,0.10044,0.99857,0.00143,2.33E-13,0.00485
1529,0.10044,0.99858,0.00142,2.32E-13,0.00482
1530,0.10044,0.99859,0.00141,2.32E-13,0.00479
1531,0.10044,0.9986,0.0014,2.31E-13,0.00476
1532,0.10044,0.9986,0.0014,2.30E-13,0.00474
1533,0.10044,0.99861,0.00139,2.29E-13,0.00471
1534,0.10044,0.99862,0.00138,2.29E-13,0.00468
1535,0.10044,0.99863,0.00137,2.28E-13,0.00465
1536,0.10044,0.99864,0.00136,2.27E-13,0.00462
1537,0.10044,0.99865,0.00135,2.26E-13,0.0046
1538,0.10043,0.99865,0.00135,2.25E-13,0.00457
1539,0.10043,0.99866,0.00134,2.25E-13,0.00454
1540,0.10043,0.99867,0.00133,2.24E-13,0.00451
1541,0.10043,0.99868,0.00132,2.23E-13,0.00449
1542,0.10043,0.99869,0.00131,2.22E-13,0.00446
1543,0.10043,0.99869,0.00131,2.22E-13,0.00443
1544,0.10043,0.9987,0.0013,2.21E-13,0.00441
1545,0.10043,0.99871,0.00129,2.20E-13,0.00438
1546,0.10043,0.99872,0.00128,2.19E-13,0.00435
1547,0.10043,0.99872,0.00128,2.19E-13,0.00433
1548,0.10043,0.99873,0.00127,2.18E-13,0.0043
1549,0.10043,0.99874,0.00126,2.17E-13,0.00427
1550,0.10043,0.99875,0.00125,2.16E-13,0.00425
1551,0.10043,0.99876,0.00124,2.16E-13,0.00422
1552,0.10043,0.99876,0.00124,2.15E-13,0.0042
1553,0.10042,0.99877,0.00123,2.14E-13,0.00417
1554,0.10042,0.99878,0.00122,2.13E-13,0.00415
1555,0.10042,0.99879,0.00121,2.13E-13,0.00412
1556,0.10042,0.99879,0.00121,2.12E-13,0.0041
1557,0.10042,0.9988,0.0012,2.11E-13,0.00407
1558,0.10042,0.99881,0.00119,2.10E-13,0.00405
1559,0.10042,0.99881,0.00119,2.10E-13,0.00402
1560,0.10042,0.99882,0.00118,2.09E-13,0.004
1561,0.10042,0.99883,0.00117,2.08E-13,0.00398
1562,0.10042,0.99884,0.00116,2.07E-13,0.00395
1563,0.10042,0.99884,0.00116,2.07E-13,0.00393
1564,0.10042,0.99885,0.00115,2.06E-13,0.0039
1565,0.10042,0.99886,0.00114,2.05E-13,0.00388
1566,0.10042,0.99886,0.00114,2.05E-13,0.00386
1567,0.10042,0.99887,0.00113,2.04E-13,0.00383
1568,0.10042,0.99888,0.00112,2.03E-13,0.00381
1569,0.10041,0.99888,0.00112,2.02E-13,0.00379
1570,0.10041,0.99889,0.00111,2.02E-13,0.00377
1571,0.10041,0.9989,0.0011,2.01E-13,0.00374
1572,0.10041,0.9989,0.0011,2.00E-13,0.00372
1573,0.10041,0.99891,0.00109,2.00E-13,0.0037
1574,0.10041,0.99892,0.00108,1.99E-13,0.00368
1575,0.10041,0.99892,0.00108,1.98E-13,0.00365
1576,0.10041,0.99893,0.00107,1.97E-13,0.00363
1577,0.10041,0.99894,0.00106,1.97E-13,0.00361
1578,0.10041,0.99894,0.00106,1.96E-13,0.00359
1579,0.10041,0.99895,0.00105,1.95E-13,0.00357
1580,0.10041,0.99895,0.00105,1.95E-13,0.00355
1581,0.10041,0.99896,0.00104,1.94E-13,0.00352
1582,0.10041,0.99897,0.00103,1.93E-13,0.0035
1583,0.10041,0.99897,0.00103,1.93E-13,0.00348
1584,0.10041,0.99898,0.00102,1.92E-13,0.00346
1585,0.1004,0.99899,0.00101,1.91E-13,0.00344
1586,0.1004,0.99899,0.00101,1.91E-13,0.00342
1587,0.1004,0.999,0.001,1.90E-13,0.0034
1588,0.1004,0.999,9.96E-04,1.89E-13,0.00338
1589,0.1004,0.99901,9.90E-04,1.88E-13,0.00336
1590,0.1004,0.99902,9.84E-04,1.88E-13,0.00334
1591,0.1004,0.99902,9.78E-04,1.87E-13,0.00332
1592,0.1004,0.99903,9.72E-04,1.86E-13,0.0033
1593,0.1004,0.99903,9.66E-04,1.86E-13,0.00328
1594,0.1004,0.99904,9.60E-04,1.85E-13,0.00326
1595,0.1004,0.99905,9.55E-04,1.84E-13,0.00324
1596,0.1004,0.99905,9.49E-04,1.84E-13,0.00322
1597,0.1004,0.99906,9.43E-04,1.83E-13,0.0032
1598,0.1004,0.99906,9.37E-04,1.82E-13,0.00318
1599,0.1004,0.99907,9.32E-04,1.82E-13,0.00316
1600,0.1004,0.99907,9.27E-04,1.81E-13,0.00314
1601,0.1004,0.99902,9.81E-04,1.80E-13,0.00333
1602,0.1004,0.99896,0.00104,1.80E-13,0.00354
1603,0.1004,0.99889,0.00111,1.79E-13,0.00375
1604,0.1004,0.99883,0.00117,1.79E-13,0.00397
1605,0.1004,0.99877,0.00123,1.78E-13,0.00418
1606,0.1004,0.99871,0.00129,1.78E-13,0.00438
1607,0.1004,0.99865,0.00135,1.77E-13,0.00459
1608,0.10041,0.99859,0.00141,1.77E-13,0.0048
1609,0.10041,0.99853,0.00147,1.76E-13,0.005
1610,0.10041,0.99847,0.00154,1.76E-13,0.00521
1611,0.10041,0.99841,0.00159,1.75E-13,0.00541
1612,0.10041,0.99835,0.00165,1.75E-13,0.00561
1613,0.10041,0.99829,0.00171,1.74E-13,0.00581
1614,0.10041,0.99823,0.00177,1.74E-13,0.00601
1615,0.10041,0.99817,0.00183,1.73E-13,0.00621
1616,0.10042,0.99811,0.00189,1.73E-13,0.00641
1617,0.10042,0.99805,0.00195,1.73E-13,0.00661
1618,0.10042,0.998,0.002,1.72E-13,0.0068
1619,0.10042,0.99794,0.00206,1.72E-13,0.00699
1620,0.10042,0.99788,0.00212,1.72E-13,0.00719
1621,0.10042,0.99783,0.00217,1.71E-13,0.00738
1622,0.10042,0.99777,0.00223,1.71E-13,0.00757
1623,0.10042,0.99771,0.00229,1.71E-13,0.00776
1624,0.10043,0.99766,0.00234,1.71E-13,0.00794
1625,0.10043,0.9976,0.0024,1.70E-13,0.00813
1626,0.10043,0.99755,0.00245,1.70E-13,0.00832
1627,0.10043,0.99749,0.00251,1.70E-13,0.0085
1628,0.10043,0.99744,0.00256,1.70E-13,0.00868
1629,0.10043,0.99739,0.00261,1.69E-13,0.00887
1630,0.10043,0.99733,0.00267,1.69E-13,0.00905
1631,0.10043,0.99728,0.00272,1.69E-13,0.00923
1632,0.10044,0.99723,0.00277,1.69E-13,0.00941
1633,0.10044,0.99718,0.00282,1.69E-13,0.00959
1634,0.10044,0.99712,0.00288,1.69E-13,0.00976
1635,0.10044,0.99707,0.00293,1.69E-13,0.00994
1636,0.10044,0.99702,0.00298,1.69E-13,0.01011
1637,0.10044,0.99697,0.00303,1.69E-13,0.01029
1638,0.10044,0.99692,0.00308,1.68E-13,0.01046
1639,0.10044,0.99687,0.00313,1.68E-13,0.01063
1640,0.10045,0.99682,0.00318,1.68E-13,0.0108
1641,0.10045,0.99677,0.00323,1.68E-13,0.01097
1642,0.10045,0.99672,0.00328,1.68E-13,0.01114
1643,0.10045,0.99667,0.00333,1.68E-13,0.0113
1644,0.10045,0.99662,0.00338,1.68E-13,0.01147
1645,0.10045,0.99657,0.00343,1.68E-13,0.01164
1646,0.10045,0.99652,0.00348,1.68E-13,0.0118
1647,0.10045,0.99647,0.00353,1.69E-13,0.01196
1648,0.10045,0.99643,0.00357,1.69E-13,0.01212
1649,0.10046,0.99638,0.00362,1.69E-13,0.01229
1650,0.10046,0.99633,0.00367,1.69E-13,0.01245
1651,0.10046,0.99629,0.00371,1.69E-13,0.0126
1652,0.10046,0.99624,0.00376,1.69E-13,0.01276
1653,0.10046,0.99619,0.00381,1.69E-13,0.01292
1654,0.10046,0.99615,0.00385,1.69E-13,0.01308
1655,0.10046,0.9961,0.0039,1.69E-13,0.01323
1656,0.10046,0.99606,0.00394,1.70E-13,0.01339
1657,0.10047,0.99601,0.00399,1.70E-13,0.01354
1658,0.10047,0.99597,0.00404,1.70E-13,0.01369
1659,0.10047,0.99592,0.00408,1.70E-13,0.01384
1660,0.10047,0.99588,0.00412,1.70E-13,0.01399
1661,0.10047,0.99583,0.00417,1.71E-13,0.01414
1662,0.10047,0.99579,0.00421,1.71E-13,0.01429
1663,0.10047,0.99574,0.00426,1.71E-13,0.01444
1664,0.10047,0.9957,0.0043,1.71E-13,0.01459
1665,0.10047,0.99566,0.00434,1.72E-13,0.01473
1666,0.10048,0.99562,0.00438,1.72E-13,0.01488
1667,0.10048,0.99557,0.00443,1.72E-13,0.01502
1668,0.10048,0.99553,0.00447,1.72E-13,0.01516
1669,0.10048,0.99549,0.00451,1.73E-13,0.01531
1670,0.10048,0.99545,0.00455,1.73E-13,0.01545
1671,0.10048,0.99541,0.00459,1.73E-13,0.01559
1672,0.10048,0.99536,0.00464,1.74E-13,0.01573
1673,0.10048,0.99532,0.00468,1.74E-13,0.01587
1674,0.10048,0.99528,0.00472,1.74E-13,0.016
1675,0.10049,0.99524,0.00476,1.75E-13,0.01614
1676,0.10049,0.9952,0.0048,1.75E-13,0.01628
1677,0.10049,0.99516,0.00484,1.75E-13,0.01641
1678,0.10049,0.99512,0.00488,1.76E-13,0.01655
1679,0.10049,0.99508,0.00492,1.76E-13,0.01668
1680,0.10049,0.99504,0.00496,1.77E-13,0.01681
1681,0.10049,0.99501,0.00499,1.77E-13,0.01695
1682,0.10049,0.99497,0.00503,1.77E-13,0.01708
1683,0.1005,0.99493,0.00507,1.78E-13,0.01721
1684,0.1005,0.99489,0.00511,1.78E-13,0.01734
1685,0.1005,0.99485,0.00515,1.79E-13,0.01747
1686,0.1005,0.99481,0.00519,1.79E-13,0.01759
1687,0.1005,0.99478,0.00522,1.80E-13,0.01772
1688,0.1005,0.99474,0.00526,1.80E-13,0.01785
1689,0.1005,0.9947,0.0053,1.81E-13,0.01797
1690,0.1005,0.99467,0.00533,1.81E-13,0.0181
1691,0.1005,0.99463,0.00537,1.81E-13,0.01822
1692,0.10051,0.99459,0.00541,1.82E-13,0.01835
1693,0.10051,0.99456,0.00544,1.82E-13,0.01847
1694,0.10051,0.99452,0.00548,1.83E-13,0.01859
1695,0.10051,0.99449,0.00551,1.83E-13,0.01871
1696,0.10051,0.99445,0.00555,1.84E-13,0.01883
1697,0.10051,0.99441,0.00559,1.85E-13,0.01895
1698,0.10051,0.99438,0.00562,1.85E-13,0.01907
1699,0.10051,0.99434,0.00566,1.86E-13,0.01919
1700,0.10051,0.99431,0.00569,1.86E-13,0.01931
1701,0.10052,0.99428,0.00572,1.87E-13,0.01942
1702,0.10052,0.99424,0.00576,1.87E-13,0.01954
1703,0.10052,0.99421,0.00579,1.88E-13,0.01965
1704,0.10052,0.99417,0.00583,1.88E-13,0.01977
1705,0.10052,0.99414,0.00586,1.89E-13,0.01988
1706,0.10052,0.99411,0.00589,1.90E-13,0.02
1707,0.10052,0.99407,0.00593,1.90E-13,0.02011
1708,0.10052,0.99404,0.00596,1.91E-13,0.02022
1709,0.10052,0.99401,0.00599,1.91E-13,0.02033
1710,0.10052,0.99398,0.00602,1.92E-13,0.02044
1711,0.10053,0.99394,0.00606,1.93E-13,0.02055
1712,0.10053,0.99391,0.00609,1.93E-13,0.02066
1713,0.10053,0.99388,0.00612,1.94E-13,0.02077
1714,0.10053,0.99385,0.00615,1.94E-13,0.02088
1715,0.10053,0.99382,0.00618,1.95E-13,0.02098
1716,0.10053,0.99378,0.00622,1.96E-13,0.02109
1717,0.10053,0.99375,0.00625,1.96E-13,0.0212
1718,0.10053,0.99372,0.00628,1.97E-13,0.0213
1719,0.10053,0.99369,0.00631,1.98E-13,0.02141
1720,0.10054,0.99366,0.00634,1.98E-13,0.02151
1721,0.10054,0.99363,0.00637,1.99E-13,0.02161
1722,0.10054,0.9936,0.0064,2.00E-13,0.02172
1723,0.10054,0.99357,0.00643,2.00E-13,0.02182
1724,0.10054,0.99354,0.00646,2.01E-13,0.02192
1725,0.10054,0.99351,0.00649,2.02E-13,0.02202
1726,0.10054,0.99348,0.00652,2.02E-13,0.02212
1727,0.10054,0.99345,0.00655,2.03E-13,0.02222
1728,0.10054,0.99342,0.00658,2.04E-13,0.02232
1729,0.10054,0.99339,0.00661,2.04E-13,0.02242
1730,0.10055,0.99336,0.00664,2.05E-13,0.02251
1731,0.10055,0.99334,0.00666,2.06E-13,0.02261
1732,0.10055,0.99331,0.00669,2.07E-13,0.02271
1733,0.10055,0.99328,0.00672,2.07E-13,0.0228
1734,0.10055,0.99325,0.00675,2.08E-13,0.0229
1735,0.10055,0.99322,0.00678,2.09E-13,0.02299
1736,0.10055,0.9932,0.0068,2.10E-13,0.02309
1737,0.10055,0.99317,0.00683,2.10E-13,0.02318
1738,0.10055,0.99314,0.00686,2.11E-13,0.02327
1739,0.10056,0.99311,0.00689,2.12E-13,0.02337
1740,0.10056,0.99309,0.00691,2.12E-13,0.02346
1741,0.10056,0.99306,0.00694,2.13E-13,0.02355
1742,0.10056,0.99303,0.00697,2.14E-13,0.02364
1743,0.10056,0.99301,0.00699,2.15E-13,0.02373
1744,0.10056,0.99298,0.00702,2.15E-13,0.02382
1745,0.10056,0.99295,0.00705,2.16E-13,0.02391
1746,0.10056,0.99293,0.00707,2.17E-13,0.024
1747,0.10056,0.9929,0.0071,2.18E-13,0.02408
1748,0.10056,0.99288,0.00712,2.19E-13,0.02417
1749,0.10057,0.99285,0.00715,2.19E-13,0.02426
1750,0.10057,0.99283,0.00718,2.20E-13,0.02434
1751,0.10057,0.9928,0.0072,2.21E-13,0.02443
1752,0.10057,0.99277,0.00723,2.22E-13,0.02452
1753,0.10057,0.99275,0.00725,2.22E-13,0.0246
1754,0.10057,0.99272,0.00728,2.23E-13,0.02468
1755,0.10057,0.9927,0.0073,2.24E-13,0.02477
1756,0.10057,0.99268,0.00732,2.25E-13,0.02485
1757,0.10057,0.99265,0.00735,2.26E-13,0.02493
1758,0.10057,0.99263,0.00737,2.26E-13,0.02502
1759,0.10058,0.9926,0.0074,2.27E-13,0.0251
1760,0.10058,0.99258,0.00742,2.28E-13,0.02518
1761,0.10058,0.99256,0.00744,2.29E-13,0.02526
1762,0.10058,0.99253,0.00747,2.30E-13,0.02534
1763,0.10058,0.99251,0.00749,2.31E-13,0.02542
1764,0.10058,0.99248,0.00752,2.31E-13,0.0255
1765,0.10058,0.99246,0.00754,2.32E-13,0.02558
1766,0.10058,0.99244,0.00756,2.33E-13,0.02566
1767,0.10058,0.99242,0.00758,2.34E-13,0.02573
1768,0.10058,0.99239,0.00761,2.35E-13,0.02581
1769,0.10059,0.99237,0.00763,2.36E-13,0.02589
1770,0.10059,0.99235,0.00765,2.36E-13,0.02596
1771,0.10059,0.99233,0.00767,2.37E-13,0.02604
1772,0.10059,0.9923,0.0077,2.38E-13,0.02612
1773,0.10059,0.99228,0.00772,2.39E-13,0.02619
1774,0.10059,0.99226,0.00774,2.40E-13,0.02627
1775,0.10059,0.99224,0.00776,2.41E-13,0.02634
1776,0.10059,0.99222,0.00778,2.41E-13,0.02641
1777,0.10059,0.99219,0.00781,2.42E-13,0.02649
1778,0.10059,0.99217,0.00783,2.43E-13,0.02656
1779,0.1006,0.99215,0.00785,2.44E-13,0.02663
1780,0.1006,0.99213,0.00787,2.45E-13,0.0267
1781,0.1006,0.99211,0.00789,2.46E-13,0.02677
1782,0.1006,0.99209,0.00791,2.47E-13,0.02685
1783,0.1006,0.99207,0.00793,2.47E-13,0.02692
1784,0.1006,0.99205,0.00795,2.48E-13,0.02699
1785,0.1006,0.99203,0.00797,2.49E-13,0.02705
1786,0.1006,0.99201,0.00799,2.50E-13,0.02712
1787,0.1006,0.99199,0.00801,2.51E-13,0.02719
1788,0.1006,0.99197,0.00803,2.52E-13,0.02726
1789,0.1006,0.99195,0.00805,2.53E-13,0.02733
1790,0.10061,0.99193,0.00807,2.53E-13,0.0274
1791,0.10061,0.99191,0.00809,2.54E-13,0.02746
1792,0.10061,0.99189,0.00811,2.55E-13,0.02753
1793,0.10061,0.99187,0.00813,2.56E-13,0.0276
1794,0.10061,0.99185,0.00815,2.57E-13,0.02766
1795,0.10061,0.99183,0.00817,2.58E-13,0.02773
1796,0.10061,0.99181,0.00819,2.59E-13,0.02779
1797,0.10061,0.99179,0.00821,2.60E-13,0.02786
1798,0.10061,0.99177,0.00823,2.60E-13,0.02792
1799,0.10061,0.99175,0.00825,2.61E-13,0.02799
1800,0.10061,0.99173,0.00827,2.62E-13,0.02805
1801,0.10062,0.99171,0.00829,2.63E-13,0.02811
1802,0.10062,0.9917,0.0083,2.64E-13,0.02817
1803,0.10062,0.99168,0.00832,2.65E-13,0.02824
1804,0.10062,0.99166,0.00834,2.66E-13,0.0283
1805,0.10062,0.99164,0.00836,2.67E-13,0.02836
1806,0.10062,0.99162,0.00838,2.68E-13,0.02842
1807,0.10062,0.99161,0.00839,2.68E-13,0.02848
1808,0.10062,0.99159,0.00841,2.69E-13,0.02854
1809,0.10062,0.99157,0.00843,2.70E-13,0.0286
1810,0.10062,0.99155,0.00845,2.71E-13,0.02866
1811,0.10063,0.99153,0.00847,2.72E-13,0.02872
1812,0.10063,0.99152,0.00848,2.73E-13,0.02878
1813,0.10063,0.9915,0.0085,2.74E-13,0.02884
1814,0.10063,0.99148,0.00852,2.75E-13,0.0289
1815,0.10063,0.99147,0.00853,2.76E-13,0.02896
1816,0.10063,0.99145,0.00855,2.76E-13,0.02901
1817,0.10063,0.99143,0.00857,2.77E-13,0.02907
1818,0.10063,0.99142,0.00858,2.78E-13,0.02913
1819,0.10063,0.9914,0.0086,2.79E-13,0.02918
1820,0.10063,0.99138,0.00862,2.80E-13,0.02924
1821,0.10063,0.99137,0.00863,2.81E-13,0.0293
1822,0.10064,0.99135,0.00865,2.82E-13,0.02935
1823,0.10064,0.99133,0.00867,2.83E-13,0.02941
1824,0.10064,0.99132,0.00868,2.84E-13,0.02946
1825,0.10064,0.9913,0.0087,2.84E-13,0.02951
1826,0.10064,0.99129,0.00871,2.85E-13,0.02957
1827,0.10064,0.99127,0.00873,2.86E-13,0.02962
1828,0.10064,0.99125,0.00875,2.87E-13,0.02968
1829,0.10064,0.99124,0.00876,2.88E-13,0.02973
1830,0.10064,0.99122,0.00878,2.89E-13,0.02978
1831,0.10064,0.99121,0.00879,2.90E-13,0.02983
1832,0.10064,0.99119,0.00881,2.91E-13,0.02989
1833,0.10064,0.99118,0.00882,2.92E-13,0.02994
1834,0.10065,0.99116,0.00884,2.93E-13,0.02999
1835,0.10065,0.99115,0.00885,2.93E-13,0.03004
1836,0.10065,0.99113,0.00887,2.94E-13,0.03009
1837,0.10065,0.99112,0.00888,2.95E-13,0.03014
1838,0.10065,0.9911,0.0089,2.96E-13,0.03019
1839,0.10065,0.99109,0.00891,2.97E-13,0.03024
1840,0.10065,0.99107,0.00893,2.98E-13,0.03029
1841,0.10065,0.99106,0.00894,2.99E-13,0.03034
1842,0.10065,0.99104,0.00896,3.00E-13,0.03039
1843,0.10065,0.99103,0.00897,3.01E-13,0.03044
1844,0.10065,0.99102,0.00898,3.02E-13,0.03049
1845,0.10066,0.991,0.009,3.02E-13,0.03053
1846,0.10066,0.99099,0.00901,3.03E-13,0.03058
1847,0.10066,0.99097,0.00903,3.04E-13,0.03063
1848,0.10066,0.99096,0.00904,3.05E-13,0.03068
1849,0.10066,0.99095,0.00905,3.06E-13,0.03072
1850,0.10066,0.99093,0.00907,3.07E-13,0.03077
1851,0.10066,0.99092,0.00908,3.08E-13,0.03082
1852,0.10066,0.9909,0.0091,3.09E-13,0.03086
1853,0.10066,0.99089,0.00911,3.10E-13,0.03091
1854,0.10066,0.99088,0.00912,3.11E-13,0.03095
1855,0.10066,0.99086,0.00914,3.11E-13,0.031
1856,0.10066,0.99085,0.00915,3.12E-13,0.03104
1857,0.10067,0.99084,0.00916,3.13E-13,0.03109
1858,0.10067,0.99082,0.00918,3.14E-13,0.03113
1859,0.10067,0.99081,0.00919,3.15E-13,0.03118
1860,0.10067,0.9908,0.0092,3.16E-13,0.03122
1861,0.10067,0.99079,0.00921,3.17E-13,0.03126
1862,0.10067,0.99077,0.00923,3.18E-13,0.03131
1863,0.10067,0.99076,0.00924,3.19E-13,0.03135
1864,0.10067,0.99075,0.00925,3.19E-13,0.03139
1865,0.10067,0.99074,0.00926,3.20E-13,0.03144
1866,0.10067,0.99072,0.00928,3.21E-13,0.03148
1867,0.10067,0.99071,0.00929,3.22E-13,0.03152
1868,0.10067,0.9907,0.0093,3.23E-13,0.03156
1869,0.10068,0.99069,0.00931,3.24E-13,0.0316
1870,0.10068,0.99067,0.00933,3.25E-13,0.03164
1871,0.10068,0.99066,0.00934,3.26E-13,0.03168
1872,0.10068,0.99065,0.00935,3.27E-13,0.03173
1873,0.10068,0.99064,0.00936,3.27E-13,0.03177
1874,0.10068,0.99063,0.00937,3.28E-13,0.03181
1875,0.10068,0.99061,0.00939,3.29E-13,0.03185
1876,0.10068,0.9906,0.0094,3.30E-13,0.03189
1877,0.10068,0.99059,0.00941,3.31E-13,0.03192
1878,0.10068,0.99058,0.00942,3.32E-13,0.03196
1879,0.10068,0.99057,0.00943,3.33E-13,0.032
1880,0.10068,0.99056,0.00944,3.34E-13,0.03204
1881,0.10069,0.99055,0.00945,3.34E-13,0.03208
1882,0.10069,0.99053,0.00947,3.35E-13,0.03212
1883,0.10069,0.99052,0.00948,3.36E-13,0.03216
1884,0.10069,0.99051,0.00949,3.37E-13,0.03219
1885,0.10069,0.9905,0.0095,3.38E-13,0.03223
1886,0.10069,0.99049,0.00951,3.39E-13,0.03227
1887,0.10069,0.99048,0.00952,3.40E-13,0.03231
1888,0.10069,0.99047,0.00953,3.41E-13,0.03234
1889,0.10069,0.99046,0.00954,3.41E-13,0.03238
1890,0.10069,0.99045,0.00955,3.42E-13,0.03241
1891,0.10069,0.99044,0.00956,3.43E-13,0.03245
1892,0.10069,0.99043,0.00957,3.44E-13,0.03249
1893,0.1007,0.99041,0.00959,3.45E-13,0.03252
1894,0.1007,0.9904,0.0096,3.46E-13,0.03256
1895,0.1007,0.99039,0.00961,3.47E-13,0.03259
1896,0.1007,0.99038,0.00962,3.48E-13,0.03263
1897,0.1007,0.99037,0.00963,3.48E-13,0.03266
1898,0.1007,0.99036,0.00964,3.49E-13,0.0327
1899,0.1007,0.99035,0.00965,3.50E-13,0.03273
1900,0.1007,0.99034,0.00966,3.51E-13,0.03277
1901,0.1007,0.99033,0.00967,3.52E-13,0.0328
1902,0.1007,0.99032,0.00968,3.53E-13,0.03283
1903,0.1007,0.99031,0.00969,3.54E-13,0.03287
1904,0.1007,0.9903,0.0097,3.54E-13,0.0329
1905,0.1007,0.99029,0.00971,3.55E-13,0.03293
1906,0.10071,0.99028,0.00972,3.56E-13,0.03297
1907,0.10071,0.99027,0.00973,3.57E-13,0.033
1908,0.10071,0.99026,0.00974,3.58E-13,0.03303
1909,0.10071,0.99026,0.00975,3.59E-13,0.03306
1910,0.10071,0.99025,0.00975,3.60E-13,0.0331
1911,0.10071,0.99024,0.00976,3.60E-13,0.03313
1912,0.10071,0.99023,0.00977,3.61E-13,0.03316
1913,0.10071,0.99022,0.00978,3.62E-13,0.03319
1914,0.10071,0.99021,0.00979,3.63E-13,0.03322
1915,0.10071,0.9902,0.0098,3.64E-13,0.03325
1916,0.10071,0.99019,0.00981,3.65E-13,0.03329
1917,0.10071,0.99018,0.00982,3.65E-13,0.03332
1918,0.10072,0.99017,0.00983,3.66E-13,0.03335
1919,0.10072,0.99016,0.00984,3.67E-13,0.03338
1920,0.10072,0.99015,0.00985,3.68E-13,0.03341
1921,0.10072,0.99015,0.00985,3.69E-13,0.03344
1922,0.10072,0.99014,0.00986,3.70E-13,0.03347
1923,0.10072,0.99013,0.00987,3.71E-13,0.0335
1924,0.10072,0.99012,0.00988,3.71E-13,0.03353
1925,0.10072,0.99011,0.00989,3.72E-13,0.03356
1926,0.10072,0.9901,0.0099,3.73E-13,0.03358
1927,0.10072,0.99009,0.00991,3.74E-13,0.03361
1928,0.10072,0.99008,0.00992,3.75E-13,0.03364
1929,0.10072,0.99008,0.00992,3.76E-13,0.03367
1930,0.10072,0.99007,0.00993,3.76E-13,0.0337
1931,0.10073,0.99006,0.00994,3.77E-13,0.03373
1932,0.10073,0.99005,0.00995,3.78E-13,0.03376
1933,0.10073,0.99004,0.00996,3.79E-13,0.03378
1934,0.10073,0.99004,0.00996,3.80E-13,0.03381
1935,0.10073,0.99003,0.00997,3.80E-13,0.03384
1936,0.10073,0.99002,0.00998,3.81E-13,0.03387
1937,0.10073,0.99001,0.00999,3.82E-13,0.03389
1938,0.10073,0.99,0.01,3.83E-13,0.03392
1939,0.10073,0.99,0.01,3.84E-13,0.03395
1940,0.10073,0.98999,0.01001,3.85E-13,0.03397
1941,0.10073,0.98998,0.01002,3.85E-13,0.034
1942,0.10073,0.98997,0.01003,3.86E-13,0.03403
1943,0.10073,0.98996,0.01004,3.87E-13,0.03405
1944,0.10073,0.98996,0.01004,3.88E-13,0.03408
1945,0.10074,0.98995,0.01005,3.89E-13,0.0341
1946,0.10074,0.98994,0.01006,3.89E-13,0.03413
1947,0.10074,0.98993,0.01007,3.90E-13,0.03416
1948,0.10074,0.98993,0.01007,3.91E-13,0.03418
1949,0.10074,0.98992,0.01008,3.92E-13,0.03421
1950,0.10074,0.98991,0.01009,3.93E-13,0.03423
1951,0.10074,0.9899,0.0101,3.93E-13,0.03426
1952,0.10074,0.9899,0.0101,3.94E-13,0.03428
1953,0.10074,0.98989,0.01011,3.95E-13,0.03431
1954,0.10074,0.98988,0.01012,3.96E-13,0.03433
1955,0.10074,0.98988,0.01013,3.97E-13,0.03435
1956,0.10074,0.98987,0.01013,3.97E-13,0.03438
1957,0.10074,0.98986,0.01014,3.98E-13,0.0344
1958,0.10075,0.98985,0.01015,3.99E-13,0.03443
1959,0.10075,0.98985,0.01015,4.00E-13,0.03445
1960,0.10075,0.98984,0.01016,4.00E-13,0.03447
1961,0.10075,0.98983,0.01017,4.01E-13,0.0345
1962,0.10075,0.98983,0.01017,4.02E-13,0.03452
1963,0.10075,0.98982,0.01018,4.03E-13,0.03454
1964,0.10075,0.98981,0.01019,4.04E-13,0.03457
1965,0.10075,0.98981,0.01019,4.04E-13,0.03459
1966,0.10075,0.9898,0.0102,4.05E-13,0.03461
1967,0.10075,0.98979,0.01021,4.06E-13,0.03463
1968,0.10075,0.98979,0.01021,4.07E-13,0.03466
1969,0.10075,0.98978,0.01022,4.07E-13,0.03468
1970,0.10075,0.98977,0.01023,4.08E-13,0.0347
1971,0.10075,0.98977,0.01023,4.09E-13,0.03472
1972,0.10076,0.98976,0.01024,4.10E-13,0.03475
1973,0.10076,0.98975,0.01025,4.10E-13,0.03477
1974,0.10076,0.98975,0.01025,4.11E-13,0.03479
1975,0.10076,0.98974,0.01026,4.12E-13,0.03481
1976,0.10076,0.98973,0.01027,4.13E-13,0.03483
1977,0.10076,0.98973,0.01027,4.14E-13,0.03485
1978,0.10076,0.98972,0.01028,4.14E-13,0.03487
1979,0.10076,0.98972,0.01028,4.15E-13,0.03489
1980,0.10076,0.98971,0.01029,4.16E-13,0.03492
1981,0.10076,0.9897,0.0103,4.17E-13,0.03494
1982,0.10076,0.9897,0.0103,4.17E-13,0.03496
1983,0.10076,0.98969,0.01031,4.18E-13,0.03498
1984,0.10076,0.98969,0.01031,4.19E-13,0.035
1985,0.10076,0.98968,0.01032,4.20E-13,0.03502
1986,0.10077,0.98967,0.01033,4.20E-13,0.03504
1987,0.10077,0.98967,0.01033,4.21E-13,0.03506
1988,0.10077,0.98966,0.01034,4.22E-13,0.03508
1989,0.10077,0.98966,0.01034,4.22E-13,0.0351
1990,0.10077,0.98965,0.01035,4.23E-13,0.03512
1991,0.10077,0.98964,0.01036,4.24E-13,0.03514
1992,0.10077,0.98964,0.01036,4.25E-13,0.03516
1993,0.10077,0.98963,0.01037,4.25E-13,0.03517
1994,0.10077,0.98963,0.01037,4.26E-13,0.03519
1995,0.10077,0.98962,0.01038,4.27E-13,0.03521
1996,0.10077,0.98962,0.01038,4.28E-13,0.03523
1997,0.10077,0.98961,0.01039,4.28E-13,0.03525
1998,0.10077,0.98961,0.01039,4.29E-13,0.03527
1999,0.10077,0.9896,0.0104,4.30E-13,0.03529
2000,0.10077,0.9896,0.0104,4.30E-13,0.03529
2001,0.10077,0.98962,0.01038,4.31E-13,0.03523
2002,0.10077,0.98966,0.01034,4.32E-13,0.03508
2003,0.10077,0.98971,0.01029,4.33E-13,0.03492
2004,0.10077,0.98977,0.01023,4.33E-13,0.03472
2005,0.10077,0.98983,0.01017,4.34E-13,0.0345
2006,0.10077,0.9899,0.0101,4.35E-13,0.03428
2007,0.10077,0.98996,0.01004,4.35E-13,0.03407
2008,0.10077,0.99002,0.00998,4.36E-13,0.03386
2009,0.10077,0.99008,0.00992,4.36E-13,0.03365
2010,0.10076,0.99014,0.00986,4.37E-13,0.03345
2011,0.10076,0.9902,0.0098,4.37E-13,0.03325
2012,0.10076,0.99026,0.00974,4.38E-13,0.03305
2013,0.10076,0.99032,0.00968,4.38E-13,0.03285
2014,0.10076,0.99038,0.00962,4.39E-13,0.03265
2015,0.10076,0.99043,0.00957,4.39E-13,0.03246
2016,0.10076,0.99049,0.00951,4.40E-13,0.03226
2017,0.10076,0.99055,0.00945,4.40E-13,0.03207
2018,0.10076,0.99061,0.00939,4.40E-13,0.03188
2019,0.10075,0.99066,0.00934,4.41E-13,0.03168
2020,0.10075,0.99072,0.00928,4.41E-13,0.03149
2021,0.10075,0.99077,0.00923,4.42E-13,0.0313
2022,0.10075,0.99083,0.00917,4.42E-13,0.03112
2023,0.10075,0.99088,0.00912,4.42E-13,0.03093
2024,0.10075,0.99094,0.00906,4.42E-13,0.03074
2025,0.10075,0.99099,0.00901,4.43E-13,0.03056
2026,0.10075,0.99105,0.00895,4.43E-13,0.03037
2027,0.10075,0.9911,0.0089,4.43E-13,0.03019
2028,0.10074,0.99116,0.00884,4.43E-13,0.03001
2029,0.10074,0.99121,0.00879,4.44E-13,0.02983
2030,0.10074,0.99126,0.00874,4.44E-13,0.02965
2031,0.10074,0.99131,0.00869,4.44E-13,0.02947
2032,0.10074,0.99137,0.00863,4.44E-13,0.02929
2033,0.10074,0.99142,0.00858,4.44E-13,0.02912
2034,0.10074,0.99147,0.00853,4.45E-13,0.02894
2035,0.10074,0.99152,0.00848,4.45E-13,0.02876
2036,0.10074,0.99157,0.00843,4.45E-13,0.02859
2037,0.10073,0.99163,0.00837,4.45E-13,0.02841
2038,0.10073,0.99168,0.00832,4.45E-13,0.02824
2039,0.10073,0.99173,0.00827,4.45E-13,0.02807
2040,0.10073,0.99178,0.00822,4.45E-13,0.0279
2041,0.10073,0.99183,0.00817,4.45E-13,0.02773
2042,0.10073,0.99188,0.00812,4.46E-13,0.02756
2043,0.10073,0.99193,0.00807,4.46E-13,0.02739
2044,0.10073,0.99198,0.00802,4.46E-13,0.02722
2045,0.10073,0.99203,0.00797,4.46E-13,0.02706
2046,0.10072,0.99207,0.00793,4.46E-13,0.02689
2047,0.10072,0.99212,0.00788,4.46E-13,0.02673
2048,0.10072,0.99217,0.00783,4.46E-13,0.02656
2049,0.10072,0.99222,0.00778,4.46E-13,0.0264
2050,0.10072,0.99227,0.00773,4.46E-13,0.02624
2051,0.10072,0.99231,0.00769,4.45E-13,0.02608
2052,0.10072,0.99236,0.00764,4.45E-13,0.02592
2053,0.10072,0.99241,0.00759,4.45E-13,0.02576
2054,0.10072,0.99245,0.00755,4.45E-13,0.02561
2055,0.10071,0.9925,0.0075,4.45E-13,0.02545
2056,0.10071,0.99254,0.00746,4.45E-13,0.0253
2057,0.10071,0.99259,0.00741,4.45E-13,0.02514
2058,0.10071,0.99264,0.00736,4.45E-13,0.02499
2059,0.10071,0.99268,0.00732,4.45E-13,0.02484
2060,0.10071,0.99272,0.00728,4.44E-13,0.02469
2061,0.10071,0.99277,0.00723,4.44E-13,0.02454
2062,0.10071,0.99281,0.00719,4.44E-13,0.02439
2063,0.10071,0.99286,0.00714,4.44E-13,0.02424
2064,0.1007,0.9929,0.0071,4.43E-13,0.02409
2065,0.1007,0.99294,0.00706,4.43E-13,0.02395
2066,0.1007,0.99299,0.00701,4.43E-13,0.0238
2067,0.1007,0.99303,0.00697,4.43E-13,0.02366
2068,0.1007,0.99307,0.00693,4.42E-13,0.02351
2069,0.1007,0.99311,0.00689,4.42E-13,0.02337
2070,0.1007,0.99315,0.00685,4.42E-13,0.02323
2071,0.1007,0.99319,0.00681,4.41E-13,0.02309
2072,0.1007,0.99324,0.00676,4.41E-13,0.02295
2073,0.1007,0.99328,0.00672,4.41E-13,0.02281
2074,0.10069,0.99332,0.00668,4.40E-13,0.02268
2075,0.10069,0.99336,0.00664,4.40E-13,0.02254
2076,0.10069,0.9934,0.0066,4.40E-13,0.0224
2077,0.10069,0.99344,0.00656,4.39E-13,0.02227
2078,0.10069,0.99348,0.00652,4.39E-13,0.02213
2079,0.10069,0.99352,0.00648,4.38E-13,0.022
2080,0.10069,0.99356,0.00644,4.38E-13,0.02186
2081,0.10069,0.9936,0.0064,4.38E-13,0.02173
2082,0.10069,0.99363,0.00637,4.37E-13,0.0216
2083,0.10068,0.99367,0.00633,4.37E-13,0.02147
2084,0.10068,0.99371,0.00629,4.36E-13,0.02134
2085,0.10068,0.99375,0.00625,4.36E-13,0.02121
2086,0.10068,0.99379,0.00621,4.35E-13,0.02108
2087,0.10068,0.99383,0.00617,4.35E-13,0.02095
2088,0.10068,0.99386,0.00614,4.35E-13,0.02082
2089,0.10068,0.9939,0.0061,4.34E-13,0.0207
2090,0.10068,0.99394,0.00606,4.34E-13,0.02057
2091,0.10068,0.99397,0.00603,4.33E-13,0.02045
2092,0.10068,0.99401,0.00599,4.33E-13,0.02032
2093,0.10067,0.99405,0.00595,4.32E-13,0.0202
2094,0.10067,0.99408,0.00592,4.31E-13,0.02008
2095,0.10067,0.99412,0.00588,4.31E-13,0.01996
2096,0.10067,0.99415,0.00585,4.30E-13,0.01984
2097,0.10067,0.99419,0.00581,4.30E-13,0.01972
2098,0.10067,0.99422,0.00578,4.29E-13,0.0196
2099,0.10067,0.99426,0.00574,4.29E-13,0.01948
2100,0.10067,0.99429,0.00571,4.28E-13,0.01936
2101,0.10067,0.99433,0.00567,4.28E-13,0.01925
2102,0.10067,0.99436,0.00564,4.27E-13,0.01913
2103,0.10066,0.99439,0.00561,4.26E-13,0.01902
2104,0.10066,0.99443,0.00557,4.26E-13,0.0189
2105,0.10066,0.99446,0.00554,4.25E-13,0.01879
2106,0.10066,0.9945,0.0055,4.25E-13,0.01867
2107,0.10066,0.99453,0.00547,4.24E-13,0.01856
2108,0.10066,0.99456,0.00544,4.23E-13,0.01845
2109,0.10066,0.9946,0.0054,4.23E-13,0.01834
2110,0.10066,0.99463,0.00537,4.22E-13,0.01822
2111,0.10066,0.99466,0.00534,4.21E-13,0.01811
2112,0.10066,0.99469,0.00531,4.21E-13,0.018
2113,0.10065,0.99473,0.00527,4.20E-13,0.01789
2114,0.10065,0.99476,0.00524,4.19E-13,0.01779
2115,0.10065,0.99479,0.00521,4.19E-13,0.01768
2116,0.10065,0.99482,0.00518,4.18E-13,0.01757
2117,0.10065,0.99485,0.00515,4.17E-13,0.01747
2118,0.10065,0.99488,0.00512,4.17E-13,0.01736
2119,0.10065,0.99491,0.00509,4.16E-13,0.01725
2120,0.10065,0.99495,0.00505,4.15E-13,0.01715
2121,0.10065,0.99498,0.00502,4.15E-13,0.01705
2122,0.10065,0.99501,0.00499,4.14E-13,0.01694
2123,0.10064,0.99504,0.00496,4.13E-13,0.01684
2124,0.10064,0.99507,0.00493,4.13E-13,0.01674
2125,0.10064,0.9951,0.0049,4.12E-13,0.01664
2126,0.10064,0.99513,0.00487,4.11E-13,0.01654
2127,0.10064,0.99515,0.00485,4.10E-13,0.01644
2128,0.10064,0.99518,0.00482,4.10E-13,0.01634
2129,0.10064,0.99521,0.00479,4.09E-13,0.01624
2130,0.10064,0.99524,0.00476,4.08E-13,0.01615
2131,0.10064,0.99527,0.00473,4.07E-13,0.01605
2132,0.10064,0.9953,0.0047,4.07E-13,0.01595
2133,0.10063,0.99533,0.00467,4.06E-13,0.01585
2134,0.10063,0.99536,0.00464,4.05E-13,0.01576
2135,0.10063,0.99538,0.00462,4.04E-13,0.01566
2136,0.10063,0.99541,0.00459,4.04E-13,0.01557
2137,0.10063,0.99544,0.00456,4.03E-13,0.01547
2138,0.10063,0.99547,0.00453,4.02E-13,0.01538
2139,0.10063,0.99549,0.00451,4.01E-13,0.01529
2140,0.10063,0.99552,0.00448,4.01E-13,0.01519
2141,0.10063,0.99555,0.00445,4.00E-13,0.0151
2142,0.10063,0.99558,0.00442,3.99E-13,0.01501
2143,0.10063,0.9956,0.0044,3.98E-13,0.01492
2144,0.10062,0.99563,0.00437,3.97E-13,0.01483
2145,0.10062,0.99566,0.00434,3.97E-13,0.01474
2146,0.10062,0.99568,0.00432,3.96E-13,0.01465
2147,0.10062,0.99571,0.00429,3.95E-13,0.01456
2148,0.10062,0.99573,0.00427,3.94E-13,0.01447
2149,0.10062,0.99576,0.00424,3.93E-13,0.01439
2150,0.10062,0.99579,0.00421,3.93E-13,0.0143
2151,0.10062,0.99581,0.00419,3.92E-13,0.01421
2152,0.10062,0.99584,0.00416,3.91E-13,0.01413
2153,0.10062,0.99586,0.00414,3.90E-13,0.01404
2154,0.10061,0.99589,0.00411,3.89E-13,0.01396
2155,0.10061,0.99591,0.00409,3.89E-13,0.01388
2156,0.10061,0.99594,0.00407,3.88E-13,0.01379
2157,0.10061,0.99596,0.00404,3.87E-13,0.01371
2158,0.10061,0.99598,0.00402,3.86E-13,0.01363
2159,0.10061,0.99601,0.00399,3.85E-13,0.01354
2160,0.10061,0.99603,0.00397,3.84E-13,0.01346
2161,0.10061,0.99606,0.00394,3.84E-13,0.01338
2162,0.10061,0.99608,0.00392,3.83E-13,0.0133
2163,0.10061,0.9961,0.0039,3.82E-13,0.01322
2164,0.10061,0.99613,0.00387,3.81E-13,0.01314
2165,0.1006,0.99615,0.00385,3.80E-13,0.01306
2166,0.1006,0.99617,0.00383,3.79E-13,0.01298
2167,0.1006,0.9962,0.0038,3.78E-13,0.0129
2168,0.1006,0.99622,0.00378,3.78E-13,0.01282
2169,0.1006,0.99624,0.00376,3.77E-13,0.01274
2170,0.1006,0.99627,0.00373,3.76E-13,0.01267
2171,0.1006,0.99629,0.00371,3.75E-13,0.01259
2172,0.1006,0.99631,0.00369,3.74E-13,0.01251
2173,0.1006,0.99633,0.00367,3.73E-13,0.01244
2174,0.1006,0.99636,0.00364,3.72E-13,0.01236
2175,0.1006,0.99638,0.00362,3.72E-13,0.01229
2176,0.10059,0.9964,0.0036,3.71E-13,0.01222
2177,0.10059,0.99642,0.00358,3.70E-13,0.01214
2178,0.10059,0.99644,0.00356,3.69E-13,0.01207
2179,0.10059,0.99646,0.00354,3.68E-13,0.012
2180,0.10059,0.99649,0.00351,3.67E-13,0.01192
2181,0.10059,0.99651,0.00349,3.66E-13,0.01185
2182,0.10059,0.99653,0.00347,3.65E-13,0.01178
2183,0.10059,0.99655,0.00345,3.64E-13,0.01171
2184,0.10059,0.99657,0.00343,3.64E-13,0.01164
2185,0.10059,0.99659,0.00341,3.63E-13,0.01157
2186,0.10059,0.99661,0.00339,3.62E-13,0.0115
2187,0.10058,0.99663,0.00337,3.61E-13,0.01143
2188,0.10058,0.99665,0.00335,3.60E-13,0.01136
2189,0.10058,0.99667,0.00333,3.59E-13,0.01129
2190,0.10058,0.99669,0.00331,3.58E-13,0.01123
2191,0.10058,0.99671,0.00329,3.57E-13,0.01116
2192,0.10058,0.99673,0.00327,3.56E-13,0.01109
2193,0.10058,0.99675,0.00325,3.56E-13,0.01102
2194,0.10058,0.99677,0.00323,3.55E-13,0.01096
2195,0.10058,0.99679,0.00321,3.54E-13,0.01089
2196,0.10058,0.99681,0.00319,3.53E-13,0.01083
2197,0.10058,0.99683,0.00317,3.52E-13,0.01076
2198,0.10058,0.99685,0.00315,3.51E-13,0.0107
2199,0.10057,0.99687,0.00313,3.50E-13,0.01063
2200,0.10057,0.99689,0.00311,3.49E-13,0.01057
2201,0.10057,0.9969,0.0031,3.48E-13,0.0105
2202,0.10057,0.99692,0.00308,3.47E-13,0.01044
2203,0.10057,0.99694,0.00306,3.46E-13,0.01038
2204,0.10057,0.99696,0.00304,3.46E-13,0.01032
2205,0.10057,0.99698,0.00302,3.45E-13,0.01025
2206,0.10057,0.997,0.003,3.44E-13,0.01019
2207,0.10057,0.99701,0.00299,3.43E-13,0.01013
2208,0.10057,0.99703,0.00297,3.42E-13,0.01007
2209,0.10057,0.99705,0.00295,3.41E-13,0.01001
2210,0.10056,0.99707,0.00293,3.40E-13,0.00995
2211,0.10056,0.99709,0.00291,3.39E-13,0.00989
2212,0.10056,0.9971,0.0029,3.38E-13,0.00983
2213,0.10056,0.99712,0.00288,3.37E-13,0.00977
2214,0.10056,0.99714,0.00286,3.36E-13,0.00971
2215,0.10056,0.99716,0.00284,3.36E-13,0.00965
2216,0.10056,0.99717,0.00283,3.35E-13,0.00959
2217,0.10056,0.99719,0.00281,3.34E-13,0.00954
2218,0.10056,0.99721,0.00279,3.33E-13,0.00948
2219,0.10056,0.99722,0.00278,3.32E-13,0.00942
2220,0.10056,0.99724,0.00276,3.31E-13,0.00936
2221,0.10056,0.99726,0.00274,3.30E-13,0.00931
2222,0.10055,0.99727,0.00273,3.29E-13,0.00925
2223,0.10055,0.99729,0.00271,3.28E-13,0.0092
2224,0.10055,0.99731,0.00269,3.27E-13,0.00914
2225,0.10055,0.99732,0.00268,3.26E-13,0.00909
2226,0.10055,0.99734,0.00266,3.26E-13,0.00903
2227,0.10055,0.99735,0.00265,3.25E-13,0.00898
2228,0.10055,0.99737,0.00263,3.24E-13,0.00892
2229,0.10055,0.99739,0.00261,3.23E-13,0.00887
2230,0.10055,0.9974,0.0026,3.22E-13,0.00882
2231,0.10055,0.99742,0.00258,3.21E-13,0.00876
2232,0.10055,0.99743,0.00257,3.20E-13,0.00871
2233,0.10055,0.99745,0.00255,3.19E-13,0.00866
2234,0.10054,0.99746,0.00254,3.18E-13,0.00861
2235,0.10054,0.99748,0.00252,3.17E-13,0.00856
2236,0.10054,0.99749,0.00251,3.16E-13,0.0085
2237,0.10054,0.99751,0.00249,3.16E-13,0.00845
2238,0.10054,0.99752,0.00248,3.15E-13,0.0084
2239,0.10054,0.99754,0.00246,3.14E-13,0.00835
2240,0.10054,0.99755,0.00245,3.13E-13,0.0083
2241,0.10054,0.99757,0.00243,3.12E-13,0.00825
2242,0.10054,0.99758,0.00242,3.11E-13,0.0082
2243,0.10054,0.9976,0.0024,3.10E-13,0.00815
2244,0.10054,0.99761,0.00239,3.09E-13,0.0081
2245,0.10054,0.99763,0.00237,3.08E-13,0.00805
2246,0.10053,0.99764,0.00236,3.07E-13,0.00801
2247,0.10053,0.99765,0.00235,3.06E-13,0.00796
2248,0.10053,0.99767,0.00233,3.06E-13,0.00791
2249,0.10053,0.99768,0.00232,3.05E-13,0.00786
2250,0.10053,0.9977,0.0023,3.04E-13,0.00782
2251,0.10053,0.99771,0.00229,3.03E-13,0.00777
2252,0.10053,0.99772,0.00228,3.02E-13,0.00772
2253,0.10053,0.99774,0.00226,3.01E-13,0.00768
2254,0.10053,0.99775,0.00225,3.00E-13,0.00763
2255,0.10053,0.99777,0.00223,2.99E-13,0.00758
2256,0.10053,0.99778,0.00222,2.98E-13,0.00754
2257,0.10053,0.99779,0.00221,2.97E-13,0.00749
2258,0.10053,0.99781,0.00219,2.97E-13,0.00745
2259,0.10052,0.99782,0.00218,2.96E-13,0.0074
2260,0.10052,0.99783,0.00217,2.95E-13,0.00736
2261,0.10052,0.99784,0.00216,2.94E-13,0.00731
2262,0.10052,0.99786,0.00214,2.93E-13,0.00727
2263,0.10052,0.99787,0.00213,2.92E-13,0.00723
2264,0.10052,0.99788,0.00212,2.91E-13,0.00718
2265,0.10052,0.9979,0.0021,2.90E-13,0.00714
2266,0.10052,0.99791,0.00209,2.89E-13,0.0071
2267,0.10052,0.99792,0.00208,2.89E-13,0.00705
2268,0.10052,0.99793,0.00207,2.88E-13,0.00701
2269,0.10052,0.99795,0.00205,2.87E-13,0.00697
2270,0.10052,0.99796,0.00204,2.86E-13,0.00693
2271,0.10051,0.99797,0.00203,2.85E-13,0.00689
2272,0.10051,0.99798,0.00202,2.84E-13,0.00685
2273,0.10051,0.99799,0.00201,2.83E-13,0.0068
2274,0.10051,0.99801,0.00199,2.82E-13,0.00676
2275,0.10051,0.99802,0.00198,2.82E-13,0.00672
2276,0.10051,0.99803,0.00197,2.81E-13,0.00668
2277,0.10051,0.99804,0.00196,2.80E-13,0.00664
2278,0.10051,0.99805,0.00195,2.79E-13,0.0066
2279,0.10051,0.99807,0.00193,2.78E-13,0.00656
2280,0.10051,0.99808,0.00192,2.77E-13,0.00652
2281,0.10051,0.99809,0.00191,2.76E-13,0.00648
2282,0.10051,0.9981,0.0019,2.75E-13,0.00644
2283,0.10051,0.99811,0.00189,2.75E-13,0.00641
2284,0.1005,0.99812,0.00188,2.74E-13,0.00637
2285,0.1005,0.99813,0.00187,2.73E-13,0.00633
2286,0.1005,0.99815,0.00185,2.72E-13,0.00629
2287,0.1005,0.99816,0.00184,2.71E-13,0.00625
2288,0.1005,0.99817,0.00183,2.70E-13,0.00622
2289,0.1005,0.99818,0.00182,2.69E-13,0.00618
2290,0.1005,0.99819,0.00181,2.69E-13,0.00614
2291,0.1005,0.9982,0.0018,2.68E-13,0.0061
2292,0.1005,0.99821,0.00179,2.67E-13,0.00607
2293,0.1005,0.99822,0.00178,2.66E-13,0.00603
2294,0.1005,0.99823,0.00177,2.65E-13,0.006
2295,0.1005,0.99824,0.00176,2.64E-13,0.00596
2296,0.1005,0.99825,0.00175,2.63E-13,0.00592
2297,0.10049,0.99826,0.00174,2.63E-13,0.00589
2298,0.10049,0.99828,0.00172,2.62E-13,0.00585
2299,0.10049,0.99829,0.00171,2.61E-13,0.00582
2300,0.10049,0.9983,0.0017,2.60E-13,0.00578
2301,0.10049,0.99831,0.00169,2.59E-13,0.00575
2302,0.10049,0.99832,0.00168,2.58E-13,0.00571
2303,0.10049,0.99833,0.00167,2.58E-13,0.00568
2304,0.10049,0.99834,0.00166,2.57E-13,0.00564
2305,0.10049,0.99835,0.00165,2.56E-13,0.00561
2306,0.10049,0.99836,0.00164,2.55E-13,0.00558
2307,0.10049,0.99837,0.00163,2.54E-13,0.00554
2308,0.10049,0.99838,0.00162,2.53E-13,0.00551
2309,0.10049,0.99839,0.00161,2.52E-13,0.00548
2310,0.10049,0.9984,0.0016,2.52E-13,0.00544
2311,0.10048,0.99841,0.00159,2.51E-13,0.00541
2312,0.10048,0.99841,0.00159,2.50E-13,0.00538
2313,0.10048,0.99842,0.00158,2.49E-13,0.00535
2314,0.10048,0.99843,0.00157,2.48E-13,0.00531
2315,0.10048,0.99844,0.00156,2.48E-13,0.00528
2316,0.10048,0.99845,0.00155,2.47E-13,0.00525
2317,0.10048,0.99846,0.00154,2.46E-13,0.00522
2318,0.10048,0.99847,0.00153,2.45E-13,0.00519
2319,0.10048,0.99848,0.00152,2.44E-13,0.00516
2320,0.10048,0.99849,0.00151,2.43E-13,0.00513
2321,0.10048,0.9985,0.0015,2.43E-13,0.00509
2322,0.10048,0.99851,0.00149,2.42E-13,0.00506
2323,0.10048,0.99852,0.00148,2.41E-13,0.00503
2324,0.10048,0.99853,0.00147,2.40E-13,0.005
2325,0.10047,0.99853,0.00147,2.39E-13,0.00497
2326,0.10047,0.99854,0.00146,2.39E-13,0.00494
2327,0.10047,0.99855,0.00145,2.38E-13,0.00491
2328,0.10047,0.99856,0.00144,2.37E-13,0.00488
2329,0.10047,0.99857,0.00143,2.36E-13,0.00485
2330,0.10047,0.99858,0.00142,2.35E-13,0.00483
2331,0.10047,0.99859,0.00141,2.35E-13,0.0048
2332,0.10047,0.99859,0.00141,2.34E-13,0.00477
2333,0.10047,0.9986,0.0014,2.33E-13,0.00474
2334,0.10047,0.99861,0.00139,2.32E-13,0.00471
2335,0.10047,0.99862,0.00138,2.31E-13,0.00468
2336,0.10047,0.99863,0.00137,2.31E-13,0.00465
2337,0.10047,0.99864,0.00136,2.30E-13,0.00463
2338,0.10047,0.99864,0.00136,2.29E-13,0.0046
2339,0.10046,0.99865,0.00135,2.28E-13,0.00457
2340,0.10046,0.99866,0.00134,2.28E-13,0.00454
2341,0.10046,0.99867,0.00133,2.27E-13,0.00452
2342,0.10046,0.99868,0.00132,2.26E-13,0.00449
2343,0.10046,0.99869,0.00131,2.25E-13,0.00446
2344,0.10046,0.99869,0.00131,2.24E-13,0.00443
2345,0.10046,0.9987,0.0013,2.24E-13,0.00441
2346,0.10046,0.99871,0.00129,2.23E-13,0.00438
2347,0.10046,0.99872,0.00128,2.22E-13,0.00436
2348,0.10046,0.99872,0.00128,2.21E-13,0.00433
2349,0.10046,0.99873,0.00127,2.21E-13,0.0043
2350,0.10046,0.99874,0.00126,2.20E-13,0.00428
2351,0.10046,0.99875,0.00125,2.19E-13,0.00425
2352,0.10046,0.99875,0.00125,2.18E-13,0.00423
2353,0.10045,0.99876,0.00124,2.18E-13,0.0042
2354,0.10045,0.99877,0.00123,2.17E-13,0.00418
2355,0.10045,0.99878,0.00122,2.16E-13,0.00415
2356,0.10045,0.99878,0.00122,2.15E-13,0.00412
2357,0.10045,0.99879,0.00121,2.15E-13,0.0041
2358,0.10045,0.9988,0.0012,2.14E-13,0.00408
2359,0.10045,0.99881,0.00119,2.13E-13,0.00405
2360,0.10045,0.99881,0.00119,2.12E-13,0.00403
2361,0.10045,0.99882,0.00118,2.12E-13,0.004
2362,0.10045,0.99883,0.00117,2.11E-13,0.00398
2363,0.10045,0.99883,0.00117,2.10E-13,0.00395
2364,0.10045,0.99884,0.00116,2.09E-13,0.00393
2365,0.10045,0.99885,0.00115,2.09E-13,0.00391
2366,0.10045,0.99886,0.00114,2.08E-13,0.00388
2367,0.10045,0.99886,0.00114,2.07E-13,0.00386
2368,0.10044,0.99887,0.00113,2.06E-13,0.00384
2369,0.10044,0.99888,0.00112,2.06E-13,0.00381
2370,0.10044,0.99888,0.00112,2.05E-13,0.00379
2371,0.10044,0.99889,0.00111,2.04E-13,0.00377
2372,0.10044,0.9989,0.0011,2.04E-13,0.00375
2373,0.10044,0.9989,0.0011,2.03E-13,0.00372
2374,0.10044,0.99891,0.00109,2.02E-13,0.0037
2375,0.10044,0.99892,0.00108,2.01E-13,0.00368
2376,0.10044,0.99892,0.00108,2.01E-13,0.00366
2377,0.10044,0.99893,0.00107,2.00E-13,0.00364
2378,0.10044,0.99894,0.00106,1.99E-13,0.00361
2379,0.10044,0.99894,0.00106,1.99E-13,0.00359
2380,0.10044,0.99895,0.00105,1.98E-13,0.00357
2381,0.10044,0.99895,0.00105,1.97E-13,0.00355
2382,0.10044,0.99896,0.00104,1.96E-13,0.00353
2383,0.10043,0.99897,0.00103,1.96E-13,0.00351
2384,0.10043,0.99897,0.00103,1.95E-13,0.00348
2385,0.10043,0.99898,0.00102,1.94E-13,0.00346
2386,0.10043,0.99899,0.00101,1.94E-13,0.00344
2387,0.10043,0.99899,0.00101,1.93E-13,0.00342
2388,0.10043,0.999,0.001,1.92E-13,0.0034
2389,0.10043,0.999,9.97E-04,1.92E-13,0.00338
2390,0.10043,0.99901,9.91E-04,1.91E-13,0.00336
2391,0.10043,0.99902,9.85E-04,1.90E-13,0.00334
2392,0.10043,0.99902,9.79E-04,1.89E-13,0.00332
2393,0.10043,0.99903,9.73E-04,1.89E-13,0.0033
2394,0.10043,0.99903,9.67E-04,1.88E-13,0.00328
2395,0.10043,0.99904,9.61E-04,1.87E-13,0.00326
2396,0.10043,0.99904,9.55E-04,1.87E-13,0.00324
2397,0.10043,0.99905,9.50E-04,1.86E-13,0.00322
2398,0.10042,0.99906,9.44E-04,1.85E-13,0.0032
2399,0.10042,0.99906,9.38E-04,1.85E-13,0.00318
2400,0.10042,0.99906,9.41E-04,1.84E-13,0.00319
2401,0.10042,0.999,0.001,1.83E-13,0.0034
2402,0.10043,0.99894,0.00106,1.83E-13,0.00361
2403,0.10043,0.99887,0.00113,1.82E-13,0.00382
2404,0.10043,0.99881,0.00119,1.82E-13,0.00403
2405,0.10043,0.99875,0.00125,1.81E-13,0.00424
2406,0.10043,0.99869,0.00131,1.80E-13,0.00445
2407,0.10043,0.99863,0.00137,1.80E-13,0.00466
2408,0.10043,0.99857,0.00143,1.79E-13,0.00487
2409,0.10043,0.99851,0.00149,1.79E-13,0.00507
2410,0.10044,0.99845,0.00155,1.78E-13,0.00528
2411,0.10044,0.99839,0.00161,1.78E-13,0.00548
2412,0.10044,0.99833,0.00167,1.78E-13,0.00568
2413,0.10044,0.99827,0.00173,1.77E-13,0.00588
2414,0.10044,0.99821,0.00179,1.77E-13,0.00608
2415,0.10044,0.99815,0.00185,1.76E-13,0.00628
2416,0.10044,0.99809,0.00191,1.76E-13,0.00647
2417,0.10044,0.99803,0.00197,1.75E-13,0.00667
2418,0.10045,0.99798,0.00202,1.75E-13,0.00686
2419,0.10045,0.99792,0.00208,1.75E-13,0.00706
2420,0.10045,0.99786,0.00214,1.74E-13,0.00725
2421,0.10045,0.99781,0.00219,1.74E-13,0.00744
2422,0.10045,0.99775,0.00225,1.74E-13,0.00763
2423,0.10045,0.9977,0.0023,1.74E-13,0.00782
2424,0.10045,0.99764,0.00236,1.73E-13,0.00801
2425,0.10045,0.99759,0.00241,1.73E-13,0.00819
2426,0.10046,0.99753,0.00247,1.73E-13,0.00838
2427,0.10046,0.99748,0.00252,1.73E-13,0.00856
2428,0.10046,0.99742,0.00258,1.72E-13,0.00874
2429,0.10046,0.99737,0.00263,1.72E-13,0.00893
2430,0.10046,0.99732,0.00268,1.72E-13,0.00911
2431,0.10046,0.99726,0.00274,1.72E-13,0.00929
2432,0.10046,0.99721,0.00279,1.72E-13,0.00947
2433,0.10046,0.99716,0.00284,1.72E-13,0.00964
2434,0.10046,0.99711,0.00289,1.72E-13,0.00982
2435,0.10047,0.99705,0.00295,1.71E-13,0.00999
2436,0.10047,0.997,0.003,1.71E-13,0.01017
2437,0.10047,0.99695,0.00305,1.71E-13,0.01034
2438,0.10047,0.9969,0.0031,1.71E-13,0.01051
2439,0.10047,0.99685,0.00315,1.71E-13,0.01069
2440,0.10047,0.9968,0.0032,1.71E-13,0.01086
2441,0.10047,0.99675,0.00325,1.71E-13,0.01102
2442,0.10047,0.9967,0.0033,1.71E-13,0.01119
2443,0.10048,0.99665,0.00335,1.71E-13,0.01136
2444,0.10048,0.9966,0.0034,1.71E-13,0.01152
2445,0.10048,0.99656,0.00345,1.71E-13,0.01169
2446,0.10048,0.99651,0.00349,1.71E-13,0.01185
2447,0.10048,0.99646,0.00354,1.71E-13,0.01202
2448,0.10048,0.99641,0.00359,1.71E-13,0.01218
2449,0.10048,0.99636,0.00364,1.71E-13,0.01234
2450,0.10048,0.99632,0.00368,1.71E-13,0.0125
2451,0.10048,0.99627,0.00373,1.72E-13,0.01266
2452,0.10049,0.99622,0.00378,1.72E-13,0.01281
2453,0.10049,0.99618,0.00382,1.72E-13,0.01297
2454,0.10049,0.99613,0.00387,1.72E-13,0.01313
2455,0.10049,0.99609,0.00391,1.72E-13,0.01328
2456,0.10049,0.99604,0.00396,1.72E-13,0.01344
2457,0.10049,0.996,0.004,1.72E-13,0.01359
2458,0.10049,0.99595,0.00405,1.73E-13,0.01374
2459,0.10049,0.99591,0.00409,1.73E-13,0.01389
2460,0.10049,0.99586,0.00414,1.73E-13,0.01404
2461,0.1005,0.99582,0.00418,1.73E-13,0.01419
2462,0.1005,0.99577,0.00423,1.73E-13,0.01434
2463,0.1005,0.99573,0.00427,1.74E-13,0.01449
2464,0.1005,0.99569,0.00431,1.74E-13,0.01463
2465,0.1005,0.99564,0.00436,1.74E-13,0.01478
2466,0.1005,0.9956,0.0044,1.74E-13,0.01492
2467,0.1005,0.99556,0.00444,1.75E-13,0.01507
2468,0.1005,0.99552,0.00448,1.75E-13,0.01521
2469,0.1005,0.99548,0.00452,1.75E-13,0.01535
2470,0.10051,0.99543,0.00457,1.76E-13,0.01549
2471,0.10051,0.99539,0.00461,1.76E-13,0.01563
2472,0.10051,0.99535,0.00465,1.76E-13,0.01577
2473,0.10051,0.99531,0.00469,1.77E-13,0.01591
2474,0.10051,0.99527,0.00473,1.77E-13,0.01605
2475,0.10051,0.99523,0.00477,1.77E-13,0.01619
2476,0.10051,0.99519,0.00481,1.78E-13,0.01632
2477,0.10051,0.99515,0.00485,1.78E-13,0.01646
2478,0.10051,0.99511,0.00489,1.78E-13,0.01659
2479,0.10052,0.99507,0.00493,1.79E-13,0.01672
2480,0.10052,0.99503,0.00497,1.79E-13,0.01686
2481,0.10052,0.99499,0.00501,1.80E-13,0.01699
2482,0.10052,0.99495,0.00505,1.80E-13,0.01712
2483,0.10052,0.99492,0.00508,1.80E-13,0.01725
2484,0.10052,0.99488,0.00512,1.81E-13,0.01738
2485,0.10052,0.99484,0.00516,1.81E-13,0.01751
2486,0.10052,0.9948,0.0052,1.82E-13,0.01764
2487,0.10052,0.99476,0.00524,1.82E-13,0.01776
2488,0.10053,0.99473,0.00527,1.83E-13,0.01789
2489,0.10053,0.99469,0.00531,1.83E-13,0.01801
2490,0.10053,0.99465,0.00535,1.84E-13,0.01814
2491,0.10053,0.99462,0.00538,1.84E-13,0.01826
2492,0.10053,0.99458,0.00542,1.84E-13,0.01839
2493,0.10053,0.99455,0.00545,1.85E-13,0.01851
2494,0.10053,0.99451,0.00549,1.85E-13,0.01863
2495,0.10053,0.99447,0.00553,1.86E-13,0.01875
2496,0.10053,0.99444,0.00556,1.87E-13,0.01887
2497,0.10054,0.9944,0.0056,1.87E-13,0.01899
2498,0.10054,0.99437,0.00563,1.88E-13,0.01911
2499,0.10054,0.99433,0.00567,1.88E-13,0.01923
2500,0.10054,0.9943,0.0057,1.89E-13,0.01934
2501,0.10054,0.99426,0.00574,1.89E-13,0.01946
2502,0.10054,0.99423,0.00577,1.90E-13,0.01958
2503,0.10054,0.9942,0.0058,1.90E-13,0.01969
2504,0.10054,0.99416,0.00584,1.91E-13,0.01981
2505,0.10054,0.99413,0.00587,1.91E-13,0.01992
2506,0.10054,0.9941,0.0059,1.92E-13,0.02003
2507,0.10055,0.99406,0.00594,1.93E-13,0.02015
2508,0.10055,0.99403,0.00597,1.93E-13,0.02026
2509,0.10055,0.994,0.006,1.94E-13,0.02037
2510,0.10055,0.99396,0.00604,1.94E-13,0.02048
2511,0.10055,0.99393,0.00607,1.95E-13,0.02059
2512,0.10055,0.9939,0.0061,1.96E-13,0.0207
2513,0.10055,0.99387,0.00613,1.96E-13,0.0208
2514,0.10055,0.99384,0.00616,1.97E-13,0.02091
2515,0.10055,0.99381,0.00619,1.98E-13,0.02102
2516,0.10056,0.99377,0.00623,1.98E-13,0.02112
2517,0.10056,0.99374,0.00626,1.99E-13,0.02123
2518,0.10056,0.99371,0.00629,1.99E-13,0.02134
2519,0.10056,0.99368,0.00632,2.00E-13,0.02144
2520,0.10056,0.99365,0.00635,2.01E-13,0.02154
2521,0.10056,0.99362,0.00638,2.01E-13,0.02165
2522,0.10056,0.99359,0.00641,2.02E-13,0.02175
2523,0.10056,0.99356,0.00644,2.03E-13,0.02185
2524,0.10056,0.99353,0.00647,2.03E-13,0.02195
2525,0.10056,0.9935,0.0065,2.04E-13,0.02205
2526,0.10057,0.99347,0.00653,2.05E-13,0.02215
2527,0.10057,0.99344,0.00656,2.06E-13,0.02225
2528,0.10057,0.99341,0.00659,2.06E-13,0.02235
2529,0.10057,0.99338,0.00662,2.07E-13,0.02245
2530,0.10057,0.99336,0.00664,2.08E-13,0.02255
2531,0.10057,0.99333,0.00667,2.08E-13,0.02264
2532,0.10057,0.9933,0.0067,2.09E-13,0.02274
2533,0.10057,0.99327,0.00673,2.10E-13,0.02283
2534,0.10057,0.99324,0.00676,2.11E-13,0.02293
2535,0.10057,0.99321,0.00679,2.11E-13,0.02302
2536,0.10058,0.99319,0.00681,2.12E-13,0.02312
2537,0.10058,0.99316,0.00684,2.13E-13,0.02321
2538,0.10058,0.99313,0.00687,2.13E-13,0.0233
2539,0.10058,0.9931,0.0069,2.14E-13,0.0234
2540,0.10058,0.99308,0.00692,2.15E-13,0.02349
2541,0.10058,0.99305,0.00695,2.16E-13,0.02358
2542,0.10058,0.99302,0.00698,2.16E-13,0.02367
2543,0.10058,0.993,0.007,2.17E-13,0.02376
2544,0.10058,0.99297,0.00703,2.18E-13,0.02385
2545,0.10058,0.99295,0.00705,2.19E-13,0.02394
2546,0.10059,0.99292,0.00708,2.20E-13,0.02403
2547,0.10059,0.99289,0.00711,2.20E-13,0.02411
2548,0.10059,0.99287,0.00713,2.21E-13,0.0242
2549,0.10059,0.99284,0.00716,2.22E-13,0.02429
2550,0.10059,0.99282,0.00718,2.23E-13,0.02437
2551,0.10059,0.99279,0.00721,2.23E-13,0.02446
2552,0.10059,0.99277,0.00723,2.24E-13,0.02454
2553,0.10059,0.99274,0.00726,2.25E-13,0.02463
2554,0.10059,0.99272,0.00728,2.26E-13,0.02471
2555,0.10059,0.99269,0.00731,2.27E-13,0.0248
2556,0.10059,0.99267,0.00733,2.27E-13,0.02488
2557,0.1006,0.99264,0.00736,2.28E-13,0.02496
2558,0.1006,0.99262,0.00738,2.29E-13,0.02504
2559,0.1006,0.9926,0.0074,2.30E-13,0.02513
2560,0.1006,0.99257,0.00743,2.31E-13,0.02521
2561,0.1006,0.99255,0.00745,2.31E-13,0.02529
2562,0.1006,0.99252,0.00748,2.32E-13,0.02537
2563,0.1006,0.9925,0.0075,2.33E-13,0.02545
2564,0.1006,0.99248,0.00752,2.34E-13,0.02553
2565,0.1006,0.99245,0.00755,2.35E-13,0.0256
2566,0.1006,0.99243,0.00757,2.35E-13,0.02568
2567,0.10061,0.99241,0.00759,2.36E-13,0.02576
2568,0.10061,0.99239,0.00761,2.37E-13,0.02584
2569,0.10061,0.99236,0.00764,2.38E-13,0.02591
2570,0.10061,0.99234,0.00766,2.39E-13,0.02599
2571,0.10061,0.99232,0.00768,2.40E-13,0.02607
2572,0.10061,0.9923,0.0077,2.40E-13,0.02614
2573,0.10061,0.99227,0.00773,2.41E-13,0.02622
2574,0.10061,0.99225,0.00775,2.42E-13,0.02629
2575,0.10061,0.99223,0.00777,2.43E-13,0.02636
2576,0.10061,0.99221,0.00779,2.44E-13,0.02644
2577,0.10061,0.99219,0.00781,2.45E-13,0.02651
2578,0.10062,0.99217,0.00783,2.46E-13,0.02658
2579,0.10062,0.99214,0.00786,2.46E-13,0.02665
2580,0.10062,0.99212,0.00788,2.47E-13,0.02673
2581,0.10062,0.9921,0.0079,2.48E-13,0.0268
2582,0.10062,0.99208,0.00792,2.49E-13,0.02687
2583,0.10062,0.99206,0.00794,2.50E-13,0.02694
2584,0.10062,0.99204,0.00796,2.51E-13,0.02701
2585,0.10062,0.99202,0.00798,2.52E-13,0.02708
2586,0.10062,0.992,0.008,2.52E-13,0.02715
2587,0.10062,0.99198,0.00802,2.53E-13,0.02722
2588,0.10063,0.99196,0.00804,2.54E-13,0.02728
2589,0.10063,0.99194,0.00806,2.55E-13,0.02735
2590,0.10063,0.99192,0.00808,2.56E-13,0.02742
2591,0.10063,0.9919,0.0081,2.57E-13,0.02748
2592,0.10063,0.99188,0.00812,2.58E-13,0.02755
2593,0.10063,0.99186,0.00814,2.59E-13,0.02762
2594,0.10063,0.99184,0.00816,2.59E-13,0.02768
2595,0.10063,0.99182,0.00818,2.60E-13,0.02775
2596,0.10063,0.9918,0.0082,2.61E-13,0.02781
2597,0.10063,0.99178,0.00822,2.62E-13,0.02788
2598,0.10063,0.99176,0.00824,2.63E-13,0.02794
2599,0.10064,0.99175,0.00825,2.64E-13,0.02801
2600,0.10064,0.99173,0.00827,2.65E-13,0.02807
2601,0.10064,0.99171,0.00829,2.66E-13,0.02813
2602,0.10064,0.99169,0.00831,2.66E-13,0.02819
2603,0.10064,0.99167,0.00833,2.67E-13,0.02826
2604,0.10064,0.99165,0.00835,2.68E-13,0.02832
2605,0.10064,0.99164,0.00836,2.69E-13,0.02838
2606,0.10064,0.99162,0.00838,2.70E-13,0.02844
2607,0.10064,0.9916,0.0084,2.71E-13,0.0285
2608,0.10064,0.99158,0.00842,2.72E-13,0.02856
2609,0.10064,0.99156,0.00844,2.73E-13,0.02862
2610,0.10064,0.99155,0.00845,2.74E-13,0.02868
2611,0.10065,0.99153,0.00847,2.74E-13,0.02874
2612,0.10065,0.99151,0.00849,2.75E-13,0.0288
2613,0.10065,0.99149,0.00851,2.76E-13,0.02886
2614,0.10065,0.99148,0.00852,2.77E-13,0.02892
2615,0.10065,0.99146,0.00854,2.78E-13,0.02897
2616,0.10065,0.99144,0.00856,2.79E-13,0.02903
2617,0.10065,0.99143,0.00857,2.80E-13,0.02909
2618,0.10065,0.99141,0.00859,2.81E-13,0.02915
2619,0.10065,0.99139,0.00861,2.82E-13,0.0292
2620,0.10065,0.99138,0.00862,2.82E-13,0.02926
2621,0.10065,0.99136,0.00864,2.83E-13,0.02931
2622,0.10066,0.99134,0.00866,2.84E-13,0.02937
2623,0.10066,0.99133,0.00867,2.85E-13,0.02942
2624,0.10066,0.99131,0.00869,2.86E-13,0.02948
2625,0.10066,0.9913,0.0087,2.87E-13,0.02953
2626,0.10066,0.99128,0.00872,2.88E-13,0.02959
2627,0.10066,0.99126,0.00874,2.89E-13,0.02964
2628,0.10066,0.99125,0.00875,2.90E-13,0.02969
2629,0.10066,0.99123,0.00877,2.90E-13,0.02975
2630,0.10066,0.99122,0.00878,2.91E-13,0.0298
2631,0.10066,0.9912,0.0088,2.92E-13,0.02985
2632,0.10066,0.99119,0.00881,2.93E-13,0.0299
2633,0.10066,0.99117,0.00883,2.94E-13,0.02995
2634,0.10067,0.99116,0.00884,2.95E-13,0.03001
2635,0.10067,0.99114,0.00886,2.96E-13,0.03006
2636,0.10067,0.99113,0.00887,2.97E-13,0.03011
2637,0.10067,0.99111,0.00889,2.98E-13,0.03016
2638,0.10067,0.9911,0.0089,2.99E-13,0.03021
2639,0.10067,0.99108,0.00892,3.00E-13,0.03026
2640,0.10067,0.99107,0.00893,3.00E-13,0.03031
2641,0.10067,0.99105,0.00895,3.01E-13,0.03036
2642,0.10067,0.99104,0.00896,3.02E-13,0.0304
2643,0.10067,0.99102,0.00898,3.03E-13,0.03045
2644,0.10067,0.99101,0.00899,3.04E-13,0.0305
2645,0.10067,0.991,0.009,3.05E-13,0.03055
2646,0.10068,0.99098,0.00902,3.06E-13,0.0306
2647,0.10068,0.99097,0.00903,3.07E-13,0.03064
2648,0.10068,0.99095,0.00905,3.08E-13,0.03069
2649,0.10068,0.99094,0.00906,3.08E-13,0.03074
2650,0.10068,0.99093,0.00907,3.09E-13,0.03079
2651,0.10068,0.99091,0.00909,3.10E-13,0.03083
2652,0.10068,0.9909,0.0091,3.11E-13,0.03088
2653,0.10068,0.99089,0.00911,3.12E-13,0.03092
2654,0.10068,0.99087,0.00913,3.13E-13,0.03097
2655,0.10068,0.99086,0.00914,3.14E-13,0.03101
2656,0.10068,0.99085,0.00915,3.15E-13,0.03106
2657,0.10068,0.99083,0.00917,3.16E-13,0.0311
2658,0.10069,0.99082,0.00918,3.17E-13,0.03115
2659,0.10069,0.99081,0.00919,3.17E-13,0.03119
2660,0.10069,0.99079,0.00921,3.18E-13,0.03123
2661,0.10069,0.99078,0.00922,3.19E-13,0.03128
2662,0.10069,0.99077,0.00923,3.20E-13,0.03132
2663,0.10069,0.99076,0.00924,3.21E-13,0.03136
2664,0.10069,0.99074,0.00926,3.22E-13,0.03141
2665,0.10069,0.99073,0.00927,3.23E-13,0.03145
2666,0.10069,0.99072,0.00928,3.24E-13,0.03149
2667,0.10069,0.99071,0.00929,3.25E-13,0.03153
2668,0.10069,0.99069,0.00931,3.25E-13,0.03157
2669,0.10069,0.99068,0.00932,3.26E-13,0.03162
2670,0.1007,0.99067,0.00933,3.27E-13,0.03166
2671,0.1007,0.99066,0.00934,3.28E-13,0.0317
2672,0.1007,0.99065,0.00935,3.29E-13,0.03174
2673,0.1007,0.99063,0.00937,3.30E-13,0.03178
2674,0.1007,0.99062,0.00938,3.31E-13,0.03182
2675,0.1007,0.99061,0.00939,3.32E-13,0.03186
2676,0.1007,0.9906,0.0094,3.33E-13,0.0319
2677,0.1007,0.99059,0.00941,3.33E-13,0.03194
2678,0.1007,0.99058,0.00942,3.34E-13,0.03198
2679,0.1007,0.99056,0.00944,3.35E-13,0.03202
2680,0.1007,0.99055,0.00945,3.36E-13,0.03205
2681,0.1007,0.99054,0.00946,3.37E-13,0.03209
2682,0.10071,0.99053,0.00947,3.38E-13,0.03213
2683,0.10071,0.99052,0.00948,3.39E-13,0.03217
2684,0.10071,0.99051,0.00949,3.40E-13,0.03221
2685,0.10071,0.9905,0.0095,3.40E-13,0.03224
2686,0.10071,0.99049,0.00951,3.41E-13,0.03228
2687,0.10071,0.99048,0.00952,3.42E-13,0.03232
2688,0.10071,0.99046,0.00954,3.43E-13,0.03235
2689,0.10071,0.99045,0.00955,3.44E-13,0.03239
2690,0.10071,0.99044,0.00956,3.45E-13,0.03243
2691,0.10071,0.99043,0.00957,3.46E-13,0.03246
2692,0.10071,0.99042,0.00958,3.47E-13,0.0325
2693,0.10071,0.99041,0.00959,3.47E-13,0.03253
2694,0.10071,0.9904,0.0096,3.48E-13,0.03257
2695,0.10072,0.99039,0.00961,3.49E-13,0.0326
2696,0.10072,0.99038,0.00962,3.50E-13,0.03264
2697,0.10072,0.99037,0.00963,3.51E-13,0.03267
2698,0.10072,0.99036,0.00964,3.52E-13,0.03271
2699,0.10072,0.99035,0.00965,3.53E-13,0.03274
2700,0.10072,0.99034,0.00966,3.53E-13,0.03278
2701,0.10072,0.99033,0.00967,3.54E-13,0.03281
2702,0.10072,0.99032,0.00968,3.55E-13,0.03285
2703,0.10072,0.99031,0.00969,3.56E-13,0.03288
2704,0.10072,0.9903,0.0097,3.57E-13,0.03291
2705,0.10072,0.99029,0.00971,3.58E-13,0.03294
2706,0.10072,0.99028,0.00972,3.59E-13,0.03298
2707,0.10072,0.99027,0.00973,3.59E-13,0.03301
2708,0.10073,0.99026,0.00974,3.60E-13,0.03304
2709,0.10073,0.99025,0.00975,3.61E-13,0.03308
2710,0.10073,0.99024,0.00976,3.62E-13,0.03311
2711,0.10073,0.99023,0.00977,3.63E-13,0.03314
2712,0.10073,0.99022,0.00978,3.64E-13,0.03317
2713,0.10073,0.99021,0.00979,3.65E-13,0.0332
2714,0.10073,0.99021,0.00979,3.65E-13,0.03323
2715,0.10073,0.9902,0.0098,3.66E-13,0.03326
2716,0.10073,0.99019,0.00981,3.67E-13,0.0333
2717,0.10073,0.99018,0.00982,3.68E-13,0.03333
2718,0.10073,0.99017,0.00983,3.69E-13,0.03336
2719,0.10073,0.99016,0.00984,3.70E-13,0.03339
2720,0.10073,0.99015,0.00985,3.70E-13,0.03342
2721,0.10073,0.99014,0.00986,3.71E-13,0.03345
2722,0.10074,0.99013,0.00987,3.72E-13,0.03348
2723,0.10074,0.99012,0.00988,3.73E-13,0.03351
2724,0.10074,0.99012,0.00988,3.74E-13,0.03354
2725,0.10074,0.99011,0.00989,3.75E-13,0.03356
2726,0.10074,0.9901,0.0099,3.75E-13,0.03359
2727,0.10074,0.99009,0.00991,3.76E-13,0.03362
2728,0.10074,0.99008,0.00992,3.77E-13,0.03365
2729,0.10074,0.99007,0.00993,3.78E-13,0.03368
2730,0.10074,0.99007,0.00993,3.79E-13,0.03371
2731,0.10074,0.99006,0.00994,3.80E-13,0.03374
2732,0.10074,0.99005,0.00995,3.80E-13,0.03376
2733,0.10074,0.99004,0.00996,3.81E-13,0.03379
2734,0.10074,0.99003,0.00997,3.82E-13,0.03382
2735,0.10075,0.99002,0.00998,3.83E-13,0.03385
2736,0.10075,0.99002,0.00998,3.84E-13,0.03387
2737,0.10075,0.99001,0.00999,3.84E-13,0.0339
2738,0.10075,0.99,0.01,3.85E-13,0.03393
2739,0.10075,0.98999,0.01001,3.86E-13,0.03396
2740,0.10075,0.98998,0.01002,3.87E-13,0.03398
2741,0.10075,0.98998,0.01002,3.88E-13,0.03401
2742,0.10075,0.98997,0.01003,3.89E-13,0.03403
2743,0.10075,0.98996,0.01004,3.89E-13,0.03406
2744,0.10075,0.98995,0.01005,3.90E-13,0.03409
2745,0.10075,0.98995,0.01005,3.91E-13,0.03411
2746,0.10075,0.98994,0.01006,3.92E-13,0.03414
2747,0.10075,0.98993,0.01007,3.93E-13,0.03416
2748,0.10075,0.98992,0.01008,3.93E-13,0.03419
2749,0.10076,0.98992,0.01008,3.94E-13,0.03421
2750,0.10076,0.98991,0.01009,3.95E-13,0.03424
2751,0.10076,0.9899,0.0101,3.96E-13,0.03426
2752,0.10076,0.98989,0.01011,3.97E-13,0.03429
2753,0.10076,0.98989,0.01011,3.97E-13,0.03431
2754,0.10076,0.98988,0.01012,3.98E-13,0.03434
2755,0.10076,0.98987,0.01013,3.99E-13,0.03436
2756,0.10076,0.98987,0.01013,4.00E-13,0.03439
2757,0.10076,0.98986,0.01014,4.00E-13,0.03441
2758,0.10076,0.98985,0.01015,4.01E-13,0.03443
2759,0.10076,0.98984,0.01016,4.02E-13,0.03446
2760,0.10076,0.98984,0.01016,4.03E-13,0.03448
2761,0.10076,0.98983,0.01017,4.04E-13,0.0345
2762,0.10076,0.98982,0.01018,4.04E-13,0.03453
2763,0.10077,0.98982,0.01018,4.05E-13,0.03455
2764,0.10077,0.98981,0.01019,4.06E-13,0.03457
2765,0.10077,0.9898,0.0102,4.07E-13,0.0346
2766,0.10077,0.9898,0.0102,4.07E-13,0.03462
2767,0.10077,0.98979,0.01021,4.08E-13,0.03464
2768,0.10077,0.98978,0.01022,4.09E-13,0.03466
2769,0.10077,0.98978,0.01022,4.10E-13,0.03469
2770,0.10077,0.98977,0.01023,4.11E-13,0.03471
2771,0.10077,0.98976,0.01024,4.11E-13,0.03473
2772,0.10077,0.98976,0.01024,4.12E-13,0.03475
2773,0.10077,0.98975,0.01025,4.13E-13,0.03477
2774,0.10077,0.98974,0.01026,4.14E-13,0.0348
2775,0.10077,0.98974,0.01026,4.14E-13,0.03482
2776,0.10077,0.98973,0.01027,4.15E-13,0.03484
2777,0.10077,0.98973,0.01027,4.16E-13,0.03486
2778,0.10078,0.98972,0.01028,4.17E-13,0.03488
2779,0.10078,0.98971,0.01029,4.17E-13,0.0349
2780,0.10078,0.98971,0.01029,4.18E-13,0.03492
2781,0.10078,0.9897,0.0103,4.19E-13,0.03494
2782,0.10078,0.9897,0.0103,4.20E-13,0.03496
2783,0.10078,0.98969,0.01031,4.20E-13,0.03498
2784,0.10078,0.98968,0.01032,4.21E-13,0.035
2785,0.10078,0.98968,0.01032,4.22E-13,0.03502
2786,0.10078,0.98967,0.01033,4.23E-13,0.03504
2787,0.10078,0.98967,0.01033,4.23E-13,0.03506
2788,0.10078,0.98966,0.01034,4.24E-13,0.03508
2789,0.10078,0.98965,0.01035,4.25E-13,0.0351
2790,0.10078,0.98965,0.01035,4.26E-13,0.03512
2791,0.10078,0.98964,0.01036,4.26E-13,0.03514
2792,0.10078,0.98964,0.01036,4.27E-13,0.03516
2793,0.10079,0.98963,0.01037,4.28E-13,0.03518
2794,0.10079,0.98963,0.01037,4.28E-13,0.0352
2795,0.10079,0.98962,0.01038,4.29E-13,0.03522
2796,0.10079,0.98961,0.01039,4.30E-13,0.03524
2797,0.10079,0.98961,0.01039,4.31E-13,0.03526
2798,0.10079,0.9896,0.0104,4.31E-13,0.03527
2799,0.10079,0.9896,0.0104,4.32E-13,0.03529
2800,0.10079,0.98961,0.01039,4.33E-13,0.03525
2801,0.10079,0.98964,0.01036,4.34E-13,0.03515
2802,0.10079,0.98969,0.01031,4.34E-13,0.03498
2803,0.10079,0.98974,0.01026,4.35E-13,0.0348
2804,0.10079,0.98981,0.01019,4.36E-13,0.03459
2805,0.10079,0.98987,0.01013,4.36E-13,0.03437
2806,0.10078,0.98993,0.01007,4.37E-13,0.03415
2807,0.10078,0.99,0.01,4.37E-13,0.03394
2808,0.10078,0.99006,0.00994,4.38E-13,0.03373
2809,0.10078,0.99012,0.00988,4.38E-13,0.03352
2810,0.10078,0.99018,0.00982,4.39E-13,0.03332
2811,0.10078,0.99024,0.00976,4.40E-13,0.03312
2812,0.10078,0.9903,0.0097,4.40E-13,0.03293
2813,0.10078,0.99035,0.00965,4.40E-13,0.03273
2814,0.10077,0.99041,0.00959,4.41E-13,0.03253
2815,0.10077,0.99047,0.00953,4.41E-13,0.03234
2816,0.10077,0.99053,0.00947,4.42E-13,0.03214
2817,0.10077,0.99058,0.00942,4.42E-13,0.03195
2818,0.10077,0.99064,0.00936,4.43E-13,0.03176
2819,0.10077,0.9907,0.0093,4.43E-13,0.03157
2820,0.10077,0.99075,0.00925,4.43E-13,0.03138
2821,0.10077,0.99081,0.00919,4.44E-13,0.03119
2822,0.10077,0.99086,0.00914,4.44E-13,0.031
2823,0.10076,0.99092,0.00908,4.44E-13,0.03082
2824,0.10076,0.99097,0.00903,4.45E-13,0.03063
2825,0.10076,0.99103,0.00897,4.45E-13,0.03045
2826,0.10076,0.99108,0.00892,4.45E-13,0.03026
2827,0.10076,0.99113,0.00887,4.45E-13,0.03008
2828,0.10076,0.99119,0.00881,4.45E-13,0.0299
2829,0.10076,0.99124,0.00876,4.46E-13,0.02972
2830,0.10076,0.99129,0.00871,4.46E-13,0.02954
2831,0.10075,0.99135,0.00865,4.46E-13,0.02936
2832,0.10075,0.9914,0.0086,4.46E-13,0.02918
2833,0.10075,0.99145,0.00855,4.46E-13,0.02901
2834,0.10075,0.9915,0.0085,4.47E-13,0.02883
2835,0.10075,0.99155,0.00845,4.47E-13,0.02865
2836,0.10075,0.99161,0.00839,4.47E-13,0.02848
2837,0.10075,0.99166,0.00834,4.47E-13,0.02831
2838,0.10075,0.99171,0.00829,4.47E-13,0.02813
2839,0.10075,0.99176,0.00824,4.47E-13,0.02796
2840,0.10074,0.99181,0.00819,4.47E-13,0.02779
2841,0.10074,0.99186,0.00814,4.47E-13,0.02762
2842,0.10074,0.99191,0.00809,4.47E-13,0.02745
2843,0.10074,0.99196,0.00804,4.47E-13,0.02729
2844,0.10074,0.99201,0.00799,4.47E-13,0.02712
2845,0.10074,0.99206,0.00794,4.47E-13,0.02696
2846,0.10074,0.9921,0.0079,4.47E-13,0.02679
2847,0.10074,0.99215,0.00785,4.47E-13,0.02663
2848,0.10074,0.9922,0.0078,4.47E-13,0.02646
2849,0.10073,0.99225,0.00775,4.47E-13,0.0263
2850,0.10073,0.9923,0.0077,4.47E-13,0.02614
2851,0.10073,0.99234,0.00766,4.47E-13,0.02598
2852,0.10073,0.99239,0.00761,4.47E-13,0.02582
2853,0.10073,0.99244,0.00756,4.47E-13,0.02567
2854,0.10073,0.99248,0.00752,4.47E-13,0.02551
2855,0.10073,0.99253,0.00747,4.47E-13,0.02536
2856,0.10073,0.99257,0.00743,4.47E-13,0.0252
2857,0.10073,0.99262,0.00738,4.47E-13,0.02505
2858,0.10072,0.99266,0.00734,4.46E-13,0.0249
2859,0.10072,0.99271,0.00729,4.46E-13,0.02474
2860,0.10072,0.99275,0.00725,4.46E-13,0.02459
2861,0.10072,0.9928,0.0072,4.46E-13,0.02444
2862,0.10072,0.99284,0.00716,4.46E-13,0.0243
2863,0.10072,0.99288,0.00712,4.45E-13,0.02415
2864,0.10072,0.99293,0.00707,4.45E-13,0.024
2865,0.10072,0.99297,0.00703,4.45E-13,0.02386
2866,0.10072,0.99301,0.00699,4.45E-13,0.02371
2867,0.10071,0.99305,0.00695,4.44E-13,0.02357
2868,0.10071,0.9931,0.0069,4.44E-13,0.02343
2869,0.10071,0.99314,0.00686,4.44E-13,0.02328
2870,0.10071,0.99318,0.00682,4.43E-13,0.02314
2871,0.10071,0.99322,0.00678,4.43E-13,0.02301
2872,0.10071,0.99326,0.00674,4.43E-13,0.02287
2873,0.10071,0.9933,0.0067,4.42E-13,0.02273
2874,0.10071,0.99334,0.00666,4.42E-13,0.02259
2875,0.10071,0.99338,0.00662,4.41E-13,0.02246
2876,0.1007,0.99342,0.00658,4.41E-13,0.02232
2877,0.1007,0.99346,0.00654,4.41E-13,0.02218
2878,0.1007,0.9935,0.0065,4.40E-13,0.02205
2879,0.1007,0.99354,0.00646,4.40E-13,0.02192
2880,0.1007,0.99358,0.00642,4.40E-13,0.02178
2881,0.1007,0.99362,0.00638,4.39E-13,0.02165
2882,0.1007,0.99366,0.00634,4.39E-13,0.02152
2883,0.1007,0.9937,0.0063,4.38E-13,0.02139
2884,0.1007,0.99373,0.00627,4.38E-13,0.02126
2885,0.1007,0.99377,0.00623,4.37E-13,0.02113
2886,0.10069,0.99381,0.00619,4.37E-13,0.021
2887,0.10069,0.99385,0.00615,4.36E-13,0.02087
2888,0.10069,0.99389,0.00611,4.36E-13,0.02075
2889,0.10069,0.99392,0.00608,4.35E-13,0.02062
2890,0.10069,0.99396,0.00604,4.35E-13,0.0205
2891,0.10069,0.994,0.006,4.34E-13,0.02037
2892,0.10069,0.99403,0.00597,4.34E-13,0.02025
2893,0.10069,0.99407,0.00593,4.33E-13,0.02013
2894,0.10069,0.9941,0.0059,4.33E-13,0.02
2895,0.10068,0.99414,0.00586,4.32E-13,0.01988
2896,0.10068,0.99417,0.00583,4.32E-13,0.01976
2897,0.10068,0.99421,0.00579,4.31E-13,0.01965
2898,0.10068,0.99424,0.00576,4.31E-13,0.01953
2899,0.10068,0.99428,0.00572,4.30E-13,0.01941
2900,0.10068,0.99431,0.00569,4.29E-13,0.01929
2901,0.10068,0.99435,0.00565,4.29E-13,0.01918
2902,0.10068,0.99438,0.00562,4.28E-13,0.01906
2903,0.10068,0.99442,0.00558,4.28E-13,0.01895
2904,0.10068,0.99445,0.00555,4.27E-13,0.01883
2905,0.10067,0.99448,0.00552,4.26E-13,0.01872
2906,0.10067,0.99452,0.00548,4.26E-13,0.0186
2907,0.10067,0.99455,0.00545,4.25E-13,0.01849
2908,0.10067,0.99458,0.00542,4.25E-13,0.01838
2909,0.10067,0.99462,0.00538,4.24E-13,0.01827
2910,0.10067,0.99465,0.00535,4.23E-13,0.01816
2911,0.10067,0.99468,0.00532,4.23E-13,0.01805
2912,0.10067,0.99471,0.00529,4.22E-13,0.01794
2913,0.10067,0.99475,0.00525,4.21E-13,0.01783
2914,0.10067,0.99478,0.00522,4.21E-13,0.01772
2915,0.10066,0.99481,0.00519,4.20E-13,0.01761
2916,0.10066,0.99484,0.00516,4.19E-13,0.01751
2917,0.10066,0.99487,0.00513,4.19E-13,0.0174
2918,0.10066,0.9949,0.0051,4.18E-13,0.0173
2919,0.10066,0.99493,0.00507,4.17E-13,0.01719
2920,0.10066,0.99496,0.00504,4.17E-13,0.01709
2921,0.10066,0.99499,0.00501,4.16E-13,0.01698
2922,0.10066,0.99502,0.00498,4.15E-13,0.01688
2923,0.10066,0.99505,0.00495,4.14E-13,0.01678
2924,0.10066,0.99508,0.00492,4.14E-13,0.01668
2925,0.10065,0.99511,0.00489,4.13E-13,0.01658
2926,0.10065,0.99514,0.00486,4.12E-13,0.01648
2927,0.10065,0.99517,0.00483,4.12E-13,0.01638
2928,0.10065,0.9952,0.0048,4.11E-13,0.01628
2929,0.10065,0.99523,0.00477,4.10E-13,0.01619
2930,0.10065,0.99526,0.00474,4.09E-13,0.01609
2931,0.10065,0.99529,0.00471,4.09E-13,0.01599
2932,0.10065,0.99532,0.00468,4.08E-13,0.01589
2933,0.10065,0.99534,0.00466,4.07E-13,0.0158
2934,0.10065,0.99537,0.00463,4.06E-13,0.0157
2935,0.10064,0.9954,0.0046,4.06E-13,0.0156
2936,0.10064,0.99543,0.00457,4.05E-13,0.01551
2937,0.10064,0.99546,0.00454,4.04E-13,0.01542
2938,0.10064,0.99548,0.00452,4.03E-13,0.01532
2939,0.10064,0.99551,0.00449,4.02E-13,0.01523
2940,0.10064,0.99554,0.00446,4.02E-13,0.01514
2941,0.10064,0.99557,0.00443,4.01E-13,0.01505
2942,0.10064,0.99559,0.00441,4.00E-13,0.01495
2943,0.10064,0.99562,0.00438,3.99E-13,0.01486
2944,0.10064,0.99565,0.00435,3.99E-13,0.01477
2945,0.10063,0.99567,0.00433,3.98E-13,0.01468
2946,0.10063,0.9957,0.0043,3.97E-13,0.0146
2947,0.10063,0.99572,0.00428,3.96E-13,0.01451
2948,0.10063,0.99575,0.00425,3.95E-13,0.01442
2949,0.10063,0.99578,0.00422,3.94E-13,0.01433
2950,0.10063,0.9958,0.0042,3.94E-13,0.01425
2951,0.10063,0.99583,0.00417,3.93E-13,0.01416
2952,0.10063,0.99585,0.00415,3.92E-13,0.01408
2953,0.10063,0.99588,0.00412,3.91E-13,0.01399
2954,0.10063,0.9959,0.0041,3.90E-13,0.01391
2955,0.10063,0.99593,0.00407,3.89E-13,0.01382
2956,0.10062,0.99595,0.00405,3.89E-13,0.01374
2957,0.10062,0.99597,0.00403,3.88E-13,0.01366
2958,0.10062,0.996,0.004,3.87E-13,0.01358
2959,0.10062,0.99602,0.00398,3.86E-13,0.01349
2960,0.10062,0.99605,0.00395,3.85E-13,0.01341
2961,0.10062,0.99607,0.00393,3.84E-13,0.01333
2962,0.10062,0.9961,0.0039,3.84E-13,0.01325
2963,0.10062,0.99612,0.00388,3.83E-13,0.01317
2964,0.10062,0.99614,0.00386,3.82E-13,0.01309
2965,0.10062,0.99617,0.00383,3.81E-13,0.01301
2966,0.10062,0.99619,0.00381,3.80E-13,0.01293
2967,0.10061,0.99621,0.00379,3.79E-13,0.01285
2968,0.10061,0.99624,0.00377,3.78E-13,0.01277
2969,0.10061,0.99626,0.00374,3.78E-13,0.0127
2970,0.10061,0.99628,0.00372,3.77E-13,0.01262
2971,0.10061,0.9963,0.0037,3.76E-13,0.01254
2972,0.10061,0.99633,0.00367,3.75E-13,0.01247
2973,0.10061,0.99635,0.00365,3.74E-13,0.01239
2974,0.10061,0.99637,0.00363,3.73E-13,0.01232
2975,0.10061,0.99639,0.00361,3.72E-13,0.01224
2976,0.10061,0.99641,0.00359,3.71E-13,0.01217
2977,0.1006,0.99643,0.00357,3.71E-13,0.0121
2978,0.1006,0.99646,0.00354,3.70E-13,0.01202
2979,0.1006,0.99648,0.00352,3.69E-13,0.01195
2980,0.1006,0.9965,0.0035,3.68E-13,0.01188
2981,0.1006,0.99652,0.00348,3.67E-13,0.01181
2982,0.1006,0.99654,0.00346,3.66E-13,0.01174
2983,0.1006,0.99656,0.00344,3.65E-13,0.01167
2984,0.1006,0.99658,0.00342,3.64E-13,0.0116
2985,0.1006,0.9966,0.0034,3.63E-13,0.01153
2986,0.1006,0.99662,0.00338,3.63E-13,0.01146
2987,0.1006,0.99664,0.00336,3.62E-13,0.01139
2988,0.10059,0.99666,0.00334,3.61E-13,0.01132
2989,0.10059,0.99668,0.00332,3.60E-13,0.01125
2990,0.10059,0.9967,0.0033,3.59E-13,0.01118
2991,0.10059,0.99672,0.00328,3.58E-13,0.01112
2992,0.10059,0.99674,0.00326,3.57E-13,0.01105
2993,0.10059,0.99676,0.00324,3.56E-13,0.01098
2994,0.10059,0.99678,0.00322,3.55E-13,0.01092
2995,0.10059,0.9968,0.0032,3.54E-13,0.01085
2996,0.10059,0.99682,0.00318,3.54E-13,0.01079
2997,0.10059,0.99684,0.00316,3.53E-13,0.01072
2998,0.10059,0.99686,0.00314,3.52E-13,0.01066
2999,0.10059,0.99688,0.00312,3.51E-13,0.01059
3000,0.10058,0.9969,0.0031,3.50E-13,0.01053
3001,0.10058,0.99692,0.00308,3.49E-13,0.01046
3002,0.10058,0.99693,0.00307,3.48E-13,0.0104
3003,0.10058,0.99695,0.00305,3.47E-13,0.01034
3004,0.10058,0.99697,0.00303,3.46E-13,0.01028
3005,0.10058,0.99699,0.00301,3.45E-13,0.01022
3006,0.10058,0.99701,0.00299,3.44E-13,0.01015
3007,0.10058,0.99703,0.00297,3.44E-13,0.01009
3008,0.10058,0.99704,0.00296,3.43E-13,0.01003
3009,0.10058,0.99706,0.00294,3.42E-13,0.00997
3010,0.10058,0.99708,0.00292,3.41E-13,0.00991
3011,0.10057,0.9971,0.0029,3.40E-13,0.00985
3012,0.10057,0.99711,0.00289,3.39E-13,0.00979
3013,0.10057,0.99713,0.00287,3.38E-13,0.00973
3014,0.10057,0.99715,0.00285,3.37E-13,0.00967
3015,0.10057,0.99717,0.00283,3.36E-13,0.00962
3016,0.10057,0.99718,0.00282,3.35E-13,0.00956
3017,0.10057,0.9972,0.0028,3.34E-13,0.0095
3018,0.10057,0.99722,0.00278,3.33E-13,0.00944
3019,0.10057,0.99723,0.00277,3.33E-13,0.00939
3020,0.10057,0.99725,0.00275,3.32E-13,0.00933
3021,0.10057,0.99727,0.00273,3.31E-13,0.00927
3022,0.10056,0.99728,0.00272,3.30E-13,0.00922
3023,0.10056,0.9973,0.0027,3.29E-13,0.00916
3024,0.10056,0.99732,0.00268,3.28E-13,0.00911
3025,0.10056,0.99733,0.00267,3.27E-13,0.00905
3026,0.10056,0.99735,0.00265,3.26E-13,0.009
3027,0.10056,0.99736,0.00264,3.25E-13,0.00894
3028,0.10056,0.99738,0.00262,3.24E-13,0.00889
3029,0.10056,0.9974,0.0026,3.23E-13,0.00884
3030,0.10056,0.99741,0.00259,3.22E-13,0.00878
3031,0.10056,0.99743,0.00257,3.22E-13,0.00873
3032,0.10056,0.99744,0.00256,3.21E-13,0.00868
3033,0.10056,0.99746,0.00254,3.20E-13,0.00863
3034,0.10055,0.99747,0.00253,3.19E-13,0.00858
3035,0.10055,0.99749,0.00251,3.18E-13,0.00852
3036,0.10055,0.9975,0.0025,3.17E-13,0.00847
3037,0.10055,0.99752,0.00248,3.16E-13,0.00842
3038,0.10055,0.99753,0.00247,3.15E-13,0.00837
3039,0.10055,0.99755,0.00245,3.14E-13,0.00832
3040,0.10055,0.99756,0.00244,3.13E-13,0.00827
3041,0.10055,0.99758,0.00242,3.12E-13,0.00822
3042,0.10055,0.99759,0.00241,3.12E-13,0.00817
3043,0.10055,0.99761,0.00239,3.11E-13,0.00812
3044,0.10055,0.99762,0.00238,3.10E-13,0.00807
3045,0.10055,0.99763,0.00237,3.09E-13,0.00803
3046,0.10054,0.99765,0.00235,3.08E-13,0.00798
3047,0.10054,0.99766,0.00234,3.07E-13,0.00793
3048,0.10054,0.99768,0.00232,3.06E-13,0.00788
3049,0.10054,0.99769,0.00231,3.05E-13,0.00783
3050,0.10054,0.99771,0.00229,3.04E-13,0.00779
3051,0.10054,0.99772,0.00228,3.03E-13,0.00774
3052,0.10054,0.99773,0.00227,3.02E-13,0.00769
3053,0.10054,0.99775,0.00225,3.02E-13,0.00765
3054,0.10054,0.99776,0.00224,3.01E-13,0.0076
3055,0.10054,0.99777,0.00223,3.00E-13,0.00756
3056,0.10054,0.99779,0.00221,2.99E-13,0.00751
3057,0.10054,0.9978,0.0022,2.98E-13,0.00746
3058,0.10053,0.99781,0.00219,2.97E-13,0.00742
3059,0.10053,0.99783,0.00217,2.96E-13,0.00738
3060,0.10053,0.99784,0.00216,2.95E-13,0.00733
3061,0.10053,0.99785,0.00215,2.94E-13,0.00729
3062,0.10053,0.99787,0.00213,2.93E-13,0.00724
3063,0.10053,0.99788,0.00212,2.93E-13,0.0072
3064,0.10053,0.99789,0.00211,2.92E-13,0.00716
3065,0.10053,0.9979,0.0021,2.91E-13,0.00711
3066,0.10053,0.99792,0.00208,2.90E-13,0.00707
3067,0.10053,0.99793,0.00207,2.89E-13,0.00703
3068,0.10053,0.99794,0.00206,2.88E-13,0.00699
3069,0.10053,0.99795,0.00205,2.87E-13,0.00694
3070,0.10053,0.99797,0.00203,2.86E-13,0.0069
3071,0.10052,0.99798,0.00202,2.85E-13,0.00686
3072,0.10052,0.99799,0.00201,2.85E-13,0.00682
3073,0.10052,0.998,0.002,2.84E-13,0.00678
3074,0.10052,0.99801,0.00199,2.83E-13,0.00674
3075,0.10052,0.99803,0.00197,2.82E-13,0.0067
3076,0.10052,0.99804,0.00196,2.81E-13,0.00666
3077,0.10052,0.99805,0.00195,2.80E-13,0.00662
3078,0.10052,0.99806,0.00194,2.79E-13,0.00658
3079,0.10052,0.99807,0.00193,2.78E-13,0.00654
3080,0.10052,0.99808,0.00192,2.78E-13,0.0065
3081,0.10052,0.9981,0.0019,2.77E-13,0.00646
3082,0.10052,0.99811,0.00189,2.76E-13,0.00642
3083,0.10052,0.99812,0.00188,2.75E-13,0.00638
3084,0.10051,0.99813,0.00187,2.74E-13,0.00634
3085,0.10051,0.99814,0.00186,2.73E-13,0.00631
3086,0.10051,0.99815,0.00185,2.72E-13,0.00627
3087,0.10051,0.99816,0.00184,2.72E-13,0.00623
3088,0.10051,0.99817,0.00183,2.71E-13,0.00619
3089,0.10051,0.99819,0.00181,2.70E-13,0.00616
3090,0.10051,0.9982,0.0018,2.69E-13,0.00612
3091,0.10051,0.99821,0.00179,2.68E-13,0.00608
3092,0.10051,0.99822,0.00178,2.67E-13,0.00605
3093,0.10051,0.99823,0.00177,2.66E-13,0.00601
3094,0.10051,0.99824,0.00176,2.65E-13,0.00597
3095,0.10051,0.99825,0.00175,2.65E-13,0.00594
3096,0.1005,0.99826,0.00174,2.64E-13,0.0059
3097,0.1005,0.99827,0.00173,2.63E-13,0.00587
3098,0.1005,0.99828,0.00172,2.62E-13,0.00583
3099,0.1005,0.99829,0.00171,2.61E-13,0.0058
3100,0.1005,0.9983,0.0017,2.60E-13,0.00576
3101,0.1005,0.99831,0.00169,2.60E-13,0.00573
3102,0.1005,0.99832,0.00168,2.59E-13,0.00569
3103,0.1005,0.99833,0.00167,2.58E-13,0.00566
3104,0.1005,0.99834,0.00166,2.57E-13,0.00562
3105,0.1005,0.99835,0.00165,2.56E-13,0.00559
3106,0.1005,0.99836,0.00164,2.55E-13,0.00556
3107,0.1005,0.99837,0.00163,2.55E-13,0.00552
3108,0.1005,0.99838,0.00162,2.54E-13,0.00549
3109,0.1005,0.99839,0.00161,2.53E-13,0.00546
3110,0.10049,0.9984,0.0016,2.52E-13,0.00542
3111,0.10049,0.99841,0.00159,2.51E-13,0.00539
3112,0.10049,0.99842,0.00158,2.50E-13,0.00536
3113,0.10049,0.99843,0.00157,2.50E-13,0.00533
3114,0.10049,0.99844,0.00156,2.49E-13,0.00529
3115,0.10049,0.99845,0.00155,2.48E-13,0.00526
3116,0.10049,0.99846,0.00154,2.47E-13,0.00523
3117,0.10049,0.99847,0.00153,2.46E-13,0.0052
3118,0.10049,0.99848,0.00152,2.45E-13,0.00517
3119,0.10049,0.99849,0.00151,2.45E-13,0.00514
3120,0.10049,0.9985,0.0015,2.44E-13,0.00511
3121,0.10049,0.9985,0.0015,2.43E-13,0.00508
3122,0.10049,0.99851,0.00149,2.42E-13,0.00505
3123,0.10048,0.99852,0.00148,2.41E-13,0.00501
3124,0.10048,0.99853,0.00147,2.41E-13,0.00498
3125,0.10048,0.99854,0.00146,2.40E-13,0.00495
3126,0.10048,0.99855,0.00145,2.39E-13,0.00492
3127,0.10048,0.99856,0.00144,2.38E-13,0.0049
3128,0.10048,0.99857,0.00143,2.37E-13,0.00487
3129,0.10048,0.99857,0.00143,2.37E-13,0.00484
3130,0.10048,0.99858,0.00142,2.36E-13,0.00481
3131,0.10048,0.99859,0.00141,2.35E-13,0.00478
3132,0.10048,0.9986,0.0014,2.34E-13,0.00475
3133,0.10048,0.99861,0.00139,2.33E-13,0.00472
3134,0.10048,0.99862,0.00138,2.33E-13,0.00469
3135,0.10048,0.99863,0.00137,2.32E-13,0.00467
3136,0.10048,0.99863,0.00137,2.31E-13,0.00464
3137,0.10047,0.99864,0.00136,2.30E-13,0.00461
3138,0.10047,0.99865,0.00135,2.29E-13,0.00458
3139,0.10047,0.99866,0.00134,2.29E-13,0.00455
3140,0.10047,0.99867,0.00133,2.28E-13,0.00453
3141,0.10047,0.99867,0.00133,2.27E-13,0.0045
3142,0.10047,0.99868,0.00132,2.26E-13,0.00447
3143,0.10047,0.99869,0.00131,2.26E-13,0.00445
3144,0.10047,0.9987,0.0013,2.25E-13,0.00442
3145,0.10047,0.99871,0.00129,2.24E-13,0.00439
3146,0.10047,0.99871,0.00129,2.23E-13,0.00437
3147,0.10047,0.99872,0.00128,2.22E-13,0.00434
3148,0.10047,0.99873,0.00127,2.22E-13,0.00431
3149,0.10047,0.99874,0.00126,2.21E-13,0.00429
3150,0.10047,0.99874,0.00126,2.20E-13,0.00426
3151,0.10046,0.99875,0.00125,2.19E-13,0.00424
3152,0.10046,0.99876,0.00124,2.19E-13,0.00421
3153,0.10046,0.99877,0.00123,2.18E-13,0.00418
3154,0.10046,0.99877,0.00123,2.17E-13,0.00416
3155,0.10046,0.99878,0.00122,2.16E-13,0.00413
3156,0.10046,0.99879,0.00121,2.16E-13,0.00411
3157,0.10046,0.9988,0.0012,2.15E-13,0.00409
3158,0.10046,0.9988,0.0012,2.14E-13,0.00406
3159,0.10046,0.99881,0.00119,2.13E-13,0.00404
3160,0.10046,0.99882,0.00118,2.13E-13,0.00401
3161,0.10046,0.99882,0.00118,2.12E-13,0.00399
3162,0.10046,0.99883,0.00117,2.11E-13,0.00396
3163,0.10046,0.99884,0.00116,2.10E-13,0.00394
3164,0.10046,0.99885,0.00115,2.10E-13,0.00392
3165,0.10045,0.99885,0.00115,2.09E-13,0.00389
3166,0.10045,0.99886,0.00114,2.08E-13,0.00387
3167,0.10045,0.99887,0.00113,2.07E-13,0.00385
3168,0.10045,0.99887,0.00113,2.07E-13,0.00382
3169,0.10045,0.99888,0.00112,2.06E-13,0.0038
3170,0.10045,0.99889,0.00111,2.05E-13,0.00378
3171,0.10045,0.99889,0.00111,2.04E-13,0.00375
3172,0.10045,0.9989,0.0011,2.04E-13,0.00373
3173,0.10045,0.99891,0.00109,2.03E-13,0.00371
3174,0.10045,0.99891,0.00109,2.02E-13,0.00369
3175,0.10045,0.99892,0.00108,2.02E-13,0.00367
3176,0.10045,0.99893,0.00107,2.01E-13,0.00364
3177,0.10045,0.99893,0.00107,2.00E-13,0.00362
3178,0.10045,0.99894,0.00106,1.99E-13,0.0036
3179,0.10045,0.99895,0.00105,1.99E-13,0.00358
3180,0.10044,0.99895,0.00105,1.98E-13,0.00356
3181,0.10044,0.99896,0.00104,1.97E-13,0.00354
3182,0.10044,0.99896,0.00104,1.97E-13,0.00351
3183,0.10044,0.99897,0.00103,1.96E-13,0.00349
3184,0.10044,0.99898,0.00102,1.95E-13,0.00347
3185,0.10044,0.99898,0.00102,1.95E-13,0.00345
3186,0.10044,0.99899,0.00101,1.94E-13,0.00343
3187,0.10044,0.999,0.001,1.93E-13,0.00341
3188,0.10044,0.999,9.99E-04,1.92E-13,0.00339
3189,0.10044,0.99901,9.93E-04,1.92E-13,0.00337
3190,0.10044,0.99901,9.87E-04,1.91E-13,0.00335
3191,0.10044,0.99902,9.81E-04,1.90E-13,0.00333
3192,0.10044,0.99902,9.75E-04,1.90E-13,0.00331
3193,0.10044,0.99903,9.69E-04,1.89E-13,0.00329
3194,0.10044,0.99904,9.63E-04,1.88E-13,0.00327
3195,0.10043,0.99904,9.58E-04,1.88E-13,0.00325
3196,0.10043,0.99905,9.52E-04,1.87E-13,0.00323
3197,0.10043,0.99905,9.46E-04,1.86E-13,0.00321
3198,0.10043,0.99906,9.40E-04,1.86E-13,0.00319
3199,0.10043,0.99907,9.35E-04,1.85E-13,0.00317
3200,0.10043,0.99907,9.33E-04,1.84E-13,0.00316
3201,0.10043,0.999,9.96E-04,1.84E-13,0.00338
3202,0.10043,0.99894,0.00106,1.83E-13,0.00359
3203,0.10044,0.99888,0.00112,1.82E-13,0.00381
3204,0.10044,0.99882,0.00118,1.82E-13,0.00402
3205,0.10044,0.99875,0.00125,1.81E-13,0.00423
3206,0.10044,0.99869,0.00131,1.81E-13,0.00444
3207,0.10044,0.99863,0.00137,1.80E-13,0.00465
3208,0.10044,0.99857,0.00143,1.79E-13,0.00486
3209,0.10044,0.99851,0.00149,1.79E-13,0.00506
3210,0.10044,0.99845,0.00155,1.78E-13,0.00527
3211,0.10044,0.99839,0.00161,1.78E-13,0.00547
3212,0.10045,0.99833,0.00167,1.78E-13,0.00567
3213,0.10045,0.99827,0.00173,1.77E-13,0.00587
3214,0.10045,0.99821,0.00179,1.77E-13,0.00607
3215,0.10045,0.99815,0.00185,1.76E-13,0.00627
3216,0.10045,0.99809,0.00191,1.76E-13,0.00647
3217,0.10045,0.99804,0.00196,1.75E-13,0.00666
3218,0.10045,0.99798,0.00202,1.75E-13,0.00686
3219,0.10045,0.99792,0.00208,1.75E-13,0.00705
3220,0.10046,0.99787,0.00214,1.74E-13,0.00724
3221,0.10046,0.99781,0.00219,1.74E-13,0.00744
3222,0.10046,0.99775,0.00225,1.74E-13,0.00763
3223,0.10046,0.9977,0.0023,1.74E-13,0.00781
3224,0.10046,0.99764,0.00236,1.73E-13,0.008
3225,0.10046,0.99759,0.00241,1.73E-13,0.00819
3226,0.10046,0.99753,0.00247,1.73E-13,0.00837
3227,0.10046,0.99748,0.00252,1.73E-13,0.00856
3228,0.10047,0.99742,0.00258,1.72E-13,0.00874
3229,0.10047,0.99737,0.00263,1.72E-13,0.00892
3230,0.10047,0.99732,0.00268,1.72E-13,0.0091
3231,0.10047,0.99726,0.00274,1.72E-13,0.00928
3232,0.10047,0.99721,0.00279,1.72E-13,0.00946
3233,0.10047,0.99716,0.00284,1.72E-13,0.00964
3234,0.10047,0.99711,0.00289,1.71E-13,0.00982
3235,0.10047,0.99706,0.00294,1.71E-13,0.00999
3236,0.10047,0.997,0.003,1.71E-13,0.01017
3237,0.10048,0.99695,0.00305,1.71E-13,0.01034
3238,0.10048,0.9969,0.0031,1.71E-13,0.01051
3239,0.10048,0.99685,0.00315,1.71E-13,0.01068
3240,0.10048,0.9968,0.0032,1.71E-13,0.01085
3241,0.10048,0.99675,0.00325,1.71E-13,0.01102
3242,0.10048,0.9967,0.0033,1.71E-13,0.01119
3243,0.10048,0.99665,0.00335,1.71E-13,0.01136
3244,0.10048,0.9966,0.0034,1.71E-13,0.01152
3245,0.10048,0.99656,0.00344,1.71E-13,0.01169
3246,0.10049,0.99651,0.00349,1.71E-13,0.01185
3247,0.10049,0.99646,0.00354,1.71E-13,0.01201
3248,0.10049,0.99641,0.00359,1.71E-13,0.01217
3249,0.10049,0.99636,0.00364,1.71E-13,0.01233
3250,0.10049,0.99632,0.00368,1.71E-13,0.01249
3251,0.10049,0.99627,0.00373,1.72E-13,0.01265
3252,0.10049,0.99622,0.00378,1.72E-13,0.01281
3253,0.10049,0.99618,0.00382,1.72E-13,0.01297
3254,0.1005,0.99613,0.00387,1.72E-13,0.01312
3255,0.1005,0.99609,0.00391,1.72E-13,0.01328
3256,0.1005,0.99604,0.00396,1.72E-13,0.01343
3257,0.1005,0.996,0.004,1.72E-13,0.01358
3258,0.1005,0.99595,0.00405,1.73E-13,0.01374
3259,0.1005,0.99591,0.00409,1.73E-13,0.01389
3260,0.1005,0.99586,0.00414,1.73E-13,0.01404
3261,0.1005,0.99582,0.00418,1.73E-13,0.01419
3262,0.1005,0.99578,0.00422,1.73E-13,0.01433
3263,0.10051,0.99573,0.00427,1.74E-13,0.01448
3264,0.10051,0.99569,0.00431,1.74E-13,0.01463
3265,0.10051,0.99565,0.00435,1.74E-13,0.01477
3266,0.10051,0.9956,0.0044,1.74E-13,0.01492
3267,0.10051,0.99556,0.00444,1.75E-13,0.01506
3268,0.10051,0.99552,0.00448,1.75E-13,0.0152
3269,0.10051,0.99548,0.00452,1.75E-13,0.01535
3270,0.10051,0.99544,0.00456,1.76E-13,0.01549
3271,0.10051,0.99539,0.00461,1.76E-13,0.01563
3272,0.10052,0.99535,0.00465,1.76E-13,0.01577
3273,0.10052,0.99531,0.00469,1.77E-13,0.01591
3274,0.10052,0.99527,0.00473,1.77E-13,0.01604
3275,0.10052,0.99523,0.00477,1.77E-13,0.01618
3276,0.10052,0.99519,0.00481,1.78E-13,0.01632
3277,0.10052,0.99515,0.00485,1.78E-13,0.01645
3278,0.10052,0.99511,0.00489,1.78E-13,0.01659
3279,0.10052,0.99507,0.00493,1.79E-13,0.01672
3280,0.10052,0.99503,0.00497,1.79E-13,0.01685
3281,0.10053,0.99499,0.00501,1.80E-13,0.01698
3282,0.10053,0.99496,0.00504,1.80E-13,0.01711
3283,0.10053,0.99492,0.00508,1.80E-13,0.01724
3284,0.10053,0.99488,0.00512,1.81E-13,0.01737
3285,0.10053,0.99484,0.00516,1.81E-13,0.0175
3286,0.10053,0.9948,0.0052,1.82E-13,0.01763
3287,0.10053,0.99477,0.00523,1.82E-13,0.01776
3288,0.10053,0.99473,0.00527,1.83E-13,0.01788
3289,0.10053,0.99469,0.00531,1.83E-13,0.01801
3290,0.10053,0.99466,0.00534,1.84E-13,0.01813
3291,0.10054,0.99462,0.00538,1.84E-13,0.01826
3292,0.10054,0.99458,0.00542,1.85E-13,0.01838
3293,0.10054,0.99455,0.00545,1.85E-13,0.0185
3294,0.10054,0.99451,0.00549,1.86E-13,0.01862
3295,0.10054,0.99448,0.00552,1.86E-13,0.01874
3296,0.10054,0.99444,0.00556,1.87E-13,0.01886
3297,0.10054,0.99441,0.00559,1.87E-13,0.01898
3298,0.10054,0.99437,0.00563,1.88E-13,0.0191
3299,0.10054,0.99434,0.00566,1.88E-13,0.01922
3300,0.10055,0.9943,0.0057,1.89E-13,0.01934
3301,0.10055,0.99427,0.00573,1.89E-13,0.01945
3302,0.10055,0.99423,0.00577,1.90E-13,0.01957
3303,0.10055,0.9942,0.0058,1.91E-13,0.01968
3304,0.10055,0.99417,0.00583,1.91E-13,0.0198
3305,0.10055,0.99413,0.00587,1.92E-13,0.01991
3306,0.10055,0.9941,0.0059,1.92E-13,0.02002
3307,0.10055,0.99407,0.00593,1.93E-13,0.02014
3308,0.10055,0.99403,0.00597,1.93E-13,0.02025
3309,0.10055,0.994,0.006,1.94E-13,0.02036
3310,0.10056,0.99397,0.00603,1.95E-13,0.02047
3311,0.10056,0.99394,0.00606,1.95E-13,0.02058
3312,0.10056,0.9939,0.0061,1.96E-13,0.02069
3313,0.10056,0.99387,0.00613,1.97E-13,0.0208
3314,0.10056,0.99384,0.00616,1.97E-13,0.0209
3315,0.10056,0.99381,0.00619,1.98E-13,0.02101
3316,0.10056,0.99378,0.00622,1.98E-13,0.02112
3317,0.10056,0.99375,0.00625,1.99E-13,0.02122
3318,0.10056,0.99371,0.00629,2.00E-13,0.02133
3319,0.10056,0.99368,0.00632,2.00E-13,0.02143
3320,0.10057,0.99365,0.00635,2.01E-13,0.02153
3321,0.10057,0.99362,0.00638,2.02E-13,0.02164
3322,0.10057,0.99359,0.00641,2.02E-13,0.02174
3323,0.10057,0.99356,0.00644,2.03E-13,0.02184
3324,0.10057,0.99353,0.00647,2.04E-13,0.02194
3325,0.10057,0.9935,0.0065,2.04E-13,0.02204
3326,0.10057,0.99347,0.00653,2.05E-13,0.02214
3327,0.10057,0.99345,0.00655,2.06E-13,0.02224
3328,0.10057,0.99342,0.00658,2.07E-13,0.02234
3329,0.10057,0.99339,0.00661,2.07E-13,0.02244
3330,0.10058,0.99336,0.00664,2.08E-13,0.02253
3331,0.10058,0.99333,0.00667,2.09E-13,0.02263
3332,0.10058,0.9933,0.0067,2.09E-13,0.02273
3333,0.10058,0.99327,0.00673,2.10E-13,0.02282
3334,0.10058,0.99325,0.00675,2.11E-13,0.02292
3335,0.10058,0.99322,0.00678,2.12E-13,0.02301
3336,0.10058,0.99319,0.00681,2.12E-13,0.02311
3337,0.10058,0.99316,0.00684,2.13E-13,0.0232
3338,0.10058,0.99314,0.00686,2.14E-13,0.02329
3339,0.10058,0.99311,0.00689,2.15E-13,0.02338
3340,0.10059,0.99308,0.00692,2.15E-13,0.02348
3341,0.10059,0.99305,0.00695,2.16E-13,0.02357
3342,0.10059,0.99303,0.00697,2.17E-13,0.02366
3343,0.10059,0.993,0.007,2.18E-13,0.02375
3344,0.10059,0.99298,0.00703,2.18E-13,0.02384
3345,0.10059,0.99295,0.00705,2.19E-13,0.02392
3346,0.10059,0.99292,0.00708,2.20E-13,0.02401
3347,0.10059,0.9929,0.0071,2.21E-13,0.0241
3348,0.10059,0.99287,0.00713,2.21E-13,0.02419
3349,0.10059,0.99285,0.00715,2.22E-13,0.02428
3350,0.1006,0.99282,0.00718,2.23E-13,0.02436
3351,0.1006,0.99279,0.00721,2.24E-13,0.02445
3352,0.1006,0.99277,0.00723,2.25E-13,0.02453
3353,0.1006,0.99274,0.00726,2.25E-13,0.02462
3354,0.1006,0.99272,0.00728,2.26E-13,0.0247
3355,0.1006,0.9927,0.0073,2.27E-13,0.02478
3356,0.1006,0.99267,0.00733,2.28E-13,0.02487
3357,0.1006,0.99265,0.00735,2.29E-13,0.02495
3358,0.1006,0.99262,0.00738,2.29E-13,0.02503
3359,0.1006,0.9926,0.0074,2.30E-13,0.02511
3360,0.10061,0.99257,0.00743,2.31E-13,0.02519
3361,0.10061,0.99255,0.00745,2.32E-13,0.02527
3362,0.10061,0.99253,0.00747,2.33E-13,0.02535
3363,0.10061,0.9925,0.0075,2.34E-13,0.02543
3364,0.10061,0.99248,0.00752,2.34E-13,0.02551
3365,0.10061,0.99246,0.00754,2.35E-13,0.02559
3366,0.10061,0.99244,0.00757,2.36E-13,0.02567
3367,0.10061,0.99241,0.00759,2.37E-13,0.02575
3368,0.10061,0.99239,0.00761,2.38E-13,0.02582
3369,0.10061,0.99237,0.00763,2.38E-13,0.0259
3370,0.10061,0.99234,0.00766,2.39E-13,0.02598
3371,0.10062,0.99232,0.00768,2.40E-13,0.02605
3372,0.10062,0.9923,0.0077,2.41E-13,0.02613
3373,0.10062,0.99228,0.00772,2.42E-13,0.0262
3374,0.10062,0.99226,0.00774,2.43E-13,0.02627
3375,0.10062,0.99223,0.00777,2.44E-13,0.02635
3376,0.10062,0.99221,0.00779,2.44E-13,0.02642
3377,0.10062,0.99219,0.00781,2.45E-13,0.0265
3378,0.10062,0.99217,0.00783,2.46E-13,0.02657
3379,0.10062,0.99215,0.00785,2.47E-13,0.02664
3380,0.10062,0.99213,0.00787,2.48E-13,0.02671
3381,0.10062,0.99211,0.00789,2.49E-13,0.02678
3382,0.10063,0.99209,0.00791,2.50E-13,0.02685
3383,0.10063,0.99206,0.00794,2.50E-13,0.02692
3384,0.10063,0.99204,0.00796,2.51E-13,0.02699
3385,0.10063,0.99202,0.00798,2.52E-13,0.02706
3386,0.10063,0.992,0.008,2.53E-13,0.02713
3387,0.10063,0.99198,0.00802,2.54E-13,0.0272
3388,0.10063,0.99196,0.00804,2.55E-13,0.02727
3389,0.10063,0.99194,0.00806,2.56E-13,0.02734
3390,0.10063,0.99192,0.00808,2.56E-13,0.0274
3391,0.10063,0.9919,0.0081,2.57E-13,0.02747
3392,0.10063,0.99188,0.00812,2.58E-13,0.02754
3393,0.10064,0.99186,0.00814,2.59E-13,0.0276
3394,0.10064,0.99185,0.00815,2.60E-13,0.02767
3395,0.10064,0.99183,0.00817,2.61E-13,0.02773
3396,0.10064,0.99181,0.00819,2.62E-13,0.0278
3397,0.10064,0.99179,0.00821,2.63E-13,0.02786
3398,0.10064,0.99177,0.00823,2.63E-13,0.02793
3399,0.10064,0.99175,0.00825,2.64E-13,0.02799
3400,0.10064,0.99173,0.00827,2.65E-13,0.02805
3401,0.10064,0.99171,0.00829,2.66E-13,0.02812
3402,0.10064,0.99169,0.00831,2.67E-13,0.02818
3403,0.10064,0.99168,0.00832,2.68E-13,0.02824
3404,0.10065,0.99166,0.00834,2.69E-13,0.0283
3405,0.10065,0.99164,0.00836,2.70E-13,0.02836
3406,0.10065,0.99162,0.00838,2.71E-13,0.02843
3407,0.10065,0.9916,0.0084,2.71E-13,0.02849
3408,0.10065,0.99159,0.00841,2.72E-13,0.02855
3409,0.10065,0.99157,0.00843,2.73E-13,0.02861
3410,0.10065,0.99155,0.00845,2.74E-13,0.02867
3411,0.10065,0.99153,0.00847,2.75E-13,0.02872
3412,0.10065,0.99152,0.00848,2.76E-13,0.02878
3413,0.10065,0.9915,0.0085,2.77E-13,0.02884
3414,0.10065,0.99148,0.00852,2.78E-13,0.0289
3415,0.10066,0.99147,0.00853,2.79E-13,0.02896
3416,0.10066,0.99145,0.00855,2.80E-13,0.02902
3417,0.10066,0.99143,0.00857,2.80E-13,0.02907
3418,0.10066,0.99142,0.00858,2.81E-13,0.02913
3419,0.10066,0.9914,0.0086,2.82E-13,0.02919
3420,0.10066,0.99138,0.00862,2.83E-13,0.02924
3421,0.10066,0.99137,0.00863,2.84E-13,0.0293
3422,0.10066,0.99135,0.00865,2.85E-13,0.02935
3423,0.10066,0.99133,0.00867,2.86E-13,0.02941
3424,0.10066,0.99132,0.00868,2.87E-13,0.02946
3425,0.10066,0.9913,0.0087,2.88E-13,0.02952
3426,0.10066,0.99129,0.00871,2.88E-13,0.02957
3427,0.10067,0.99127,0.00873,2.89E-13,0.02962
3428,0.10067,0.99125,0.00875,2.90E-13,0.02968
3429,0.10067,0.99124,0.00876,2.91E-13,0.02973
3430,0.10067,0.99122,0.00878,2.92E-13,0.02978
3431,0.10067,0.99121,0.00879,2.93E-13,0.02983
3432,0.10067,0.99119,0.00881,2.94E-13,0.02988
3433,0.10067,0.99118,0.00882,2.95E-13,0.02994
3434,0.10067,0.99116,0.00884,2.96E-13,0.02999
3435,0.10067,0.99115,0.00885,2.97E-13,0.03004
3436,0.10067,0.99113,0.00887,2.98E-13,0.03009
3437,0.10067,0.99112,0.00888,2.98E-13,0.03014
3438,0.10067,0.9911,0.0089,2.99E-13,0.03019
3439,0.10068,0.99109,0.00891,3.00E-13,0.03024
3440,0.10068,0.99107,0.00893,3.01E-13,0.03029
3441,0.10068,0.99106,0.00894,3.02E-13,0.03034
3442,0.10068,0.99105,0.00895,3.03E-13,0.03038
3443,0.10068,0.99103,0.00897,3.04E-13,0.03043
3444,0.10068,0.99102,0.00898,3.05E-13,0.03048
3445,0.10068,0.991,0.009,3.06E-13,0.03053
3446,0.10068,0.99099,0.00901,3.07E-13,0.03058
3447,0.10068,0.99097,0.00903,3.07E-13,0.03062
3448,0.10068,0.99096,0.00904,3.08E-13,0.03067
3449,0.10068,0.99095,0.00905,3.09E-13,0.03072
3450,0.10068,0.99093,0.00907,3.10E-13,0.03076
3451,0.10069,0.99092,0.00908,3.11E-13,0.03081
3452,0.10069,0.99091,0.00909,3.12E-13,0.03085
3453,0.10069,0.99089,0.00911,3.13E-13,0.0309
3454,0.10069,0.99088,0.00912,3.14E-13,0.03094
3455,0.10069,0.99087,0.00913,3.15E-13,0.03099
3456,0.10069,0.99085,0.00915,3.16E-13,0.03103
3457,0.10069,0.99084,0.00916,3.16E-13,0.03108
3458,0.10069,0.99083,0.00917,3.17E-13,0.03112
3459,0.10069,0.99081,0.00919,3.18E-13,0.03117
3460,0.10069,0.9908,0.0092,3.19E-13,0.03121
3461,0.10069,0.99079,0.00921,3.20E-13,0.03125
3462,0.10069,0.99078,0.00922,3.21E-13,0.0313
3463,0.1007,0.99076,0.00924,3.22E-13,0.03134
3464,0.1007,0.99075,0.00925,3.23E-13,0.03138
3465,0.1007,0.99074,0.00926,3.24E-13,0.03142
3466,0.1007,0.99073,0.00927,3.25E-13,0.03147
3467,0.1007,0.99071,0.00929,3.25E-13,0.03151
3468,0.1007,0.9907,0.0093,3.26E-13,0.03155
3469,0.1007,0.99069,0.00931,3.27E-13,0.03159
3470,0.1007,0.99068,0.00932,3.28E-13,0.03163
3471,0.1007,0.99066,0.00934,3.29E-13,0.03167
3472,0.1007,0.99065,0.00935,3.30E-13,0.03172
3473,0.1007,0.99064,0.00936,3.31E-13,0.03176
3474,0.1007,0.99063,0.00937,3.32E-13,0.0318
3475,0.1007,0.99062,0.00938,3.33E-13,0.03183
3476,0.10071,0.99061,0.00939,3.33E-13,0.03187
3477,0.10071,0.99059,0.00941,3.34E-13,0.03191
3478,0.10071,0.99058,0.00942,3.35E-13,0.03195
3479,0.10071,0.99057,0.00943,3.36E-13,0.03199
3480,0.10071,0.99056,0.00944,3.37E-13,0.03203
3481,0.10071,0.99055,0.00945,3.38E-13,0.03207
3482,0.10071,0.99054,0.00946,3.39E-13,0.03211
3483,0.10071,0.99053,0.00947,3.40E-13,0.03214
3484,0.10071,0.99052,0.00948,3.40E-13,0.03218
3485,0.10071,0.9905,0.0095,3.41E-13,0.03222
3486,0.10071,0.99049,0.00951,3.42E-13,0.03225
3487,0.10071,0.99048,0.00952,3.43E-13,0.03229
3488,0.10071,0.99047,0.00953,3.44E-13,0.03233
3489,0.10072,0.99046,0.00954,3.45E-13,0.03236
3490,0.10072,0.99045,0.00955,3.46E-13,0.0324
3491,0.10072,0.99044,0.00956,3.47E-13,0.03244
3492,0.10072,0.99043,0.00957,3.47E-13,0.03247
3493,0.10072,0.99042,0.00958,3.48E-13,0.03251
3494,0.10072,0.99041,0.00959,3.49E-13,0.03254
3495,0.10072,0.9904,0.0096,3.50E-13,0.03258
3496,0.10072,0.99039,0.00961,3.51E-13,0.03261
3497,0.10072,0.99038,0.00962,3.52E-13,0.03265
3498,0.10072,0.99037,0.00963,3.53E-13,0.03268
3499,0.10072,0.99036,0.00964,3.54E-13,0.03272
3500,0.10072,0.99035,0.00965,3.54E-13,0.03275
3501,0.10072,0.99034,0.00966,3.55E-13,0.03278
3502,0.10073,0.99033,0.00967,3.56E-13,0.03282
3503,0.10073,0.99032,0.00968,3.57E-13,0.03285
3504,0.10073,0.99031,0.00969,3.58E-13,0.03288
3505,0.10073,0.9903,0.0097,3.59E-13,0.03292
3506,0.10073,0.99029,0.00971,3.60E-13,0.03295
3507,0.10073,0.99028,0.00972,3.60E-13,0.03298
3508,0.10073,0.99027,0.00973,3.61E-13,0.03301
3509,0.10073,0.99026,0.00974,3.62E-13,0.03305
3510,0.10073,0.99025,0.00975,3.63E-13,0.03308
3511,0.10073,0.99024,0.00976,3.64E-13,0.03311
3512,0.10073,0.99023,0.00977,3.65E-13,0.03314
3513,0.10073,0.99022,0.00978,3.66E-13,0.03317
3514,0.10073,0.99021,0.00979,3.66E-13,0.03321
3515,0.10074,0.9902,0.0098,3.67E-13,0.03324
3516,0.10074,0.9902,0.0098,3.68E-13,0.03327
3517,0.10074,0.99019,0.00981,3.69E-13,0.0333
3518,0.10074,0.99018,0.00982,3.70E-13,0.03333
3519,0.10074,0.99017,0.00983,3.71E-13,0.03336
3520,0.10074,0.99016,0.00984,3.71E-13,0.03339
3521,0.10074,0.99015,0.00985,3.72E-13,0.03342
3522,0.10074,0.99014,0.00986,3.73E-13,0.03345
3523,0.10074,0.99013,0.00987,3.74E-13,0.03348
3524,0.10074,0.99012,0.00988,3.75E-13,0.03351
3525,0.10074,0.99012,0.00988,3.76E-13,0.03354
3526,0.10074,0.99011,0.00989,3.76E-13,0.03357
3527,0.10074,0.9901,0.0099,3.77E-13,0.0336
3528,0.10074,0.99009,0.00991,3.78E-13,0.03363
3529,0.10075,0.99008,0.00992,3.79E-13,0.03365
3530,0.10075,0.99007,0.00993,3.80E-13,0.03368
3531,0.10075,0.99006,0.00994,3.81E-13,0.03371
3532,0.10075,0.99006,0.00994,3.81E-13,0.03374
3533,0.10075,0.99005,0.00995,3.82E-13,0.03377
3534,0.10075,0.99004,0.00996,3.83E-13,0.03379
3535,0.10075,0.99003,0.00997,3.84E-13,0.03382
3536,0.10075,0.99002,0.00998,3.85E-13,0.03385
3537,0.10075,0.99002,0.00998,3.85E-13,0.03387
3538,0.10075,0.99001,0.00999,3.86E-13,0.0339
3539,0.10075,0.99,0.01,3.87E-13,0.03393
3540,0.10075,0.98999,0.01001,3.88E-13,0.03395
3541,0.10075,0.98998,0.01002,3.89E-13,0.03398
3542,0.10076,0.98998,0.01002,3.90E-13,0.03401
3543,0.10076,0.98997,0.01003,3.90E-13,0.03403
3544,0.10076,0.98996,0.01004,3.91E-13,0.03406
3545,0.10076,0.98995,0.01005,3.92E-13,0.03409
3546,0.10076,0.98995,0.01005,3.93E-13,0.03411
3547,0.10076,0.98994,0.01006,3.94E-13,0.03414
3548,0.10076,0.98993,0.01007,3.94E-13,0.03416
3549,0.10076,0.98992,0.01008,3.95E-13,0.03419
3550,0.10076,0.98992,0.01008,3.96E-13,0.03421
3551,0.10076,0.98991,0.01009,3.97E-13,0.03424
3552,0.10076,0.9899,0.0101,3.98E-13,0.03426
3553,0.10076,0.9899,0.0101,3.98E-13,0.03429
3554,0.10076,0.98989,0.01011,3.99E-13,0.03431
3555,0.10076,0.98988,0.01012,4.00E-13,0.03434
3556,0.10076,0.98987,0.01013,4.01E-13,0.03436
3557,0.10077,0.98987,0.01013,4.01E-13,0.03438
3558,0.10077,0.98986,0.01014,4.02E-13,0.03441
3559,0.10077,0.98985,0.01015,4.03E-13,0.03443
3560,0.10077,0.98985,0.01015,4.04E-13,0.03445
3561,0.10077,0.98984,0.01016,4.05E-13,0.03448
3562,0.10077,0.98983,0.01017,4.05E-13,0.0345
3563,0.10077,0.98982,0.01018,4.06E-13,0.03452
3564,0.10077,0.98982,0.01018,4.07E-13,0.03455
3565,0.10077,0.98981,0.01019,4.08E-13,0.03457
3566,0.10077,0.9898,0.0102,4.08E-13,0.03459
3567,0.10077,0.9898,0.0102,4.09E-13,0.03462
3568,0.10077,0.98979,0.01021,4.10E-13,0.03464
3569,0.10077,0.98978,0.01022,4.11E-13,0.03466
3570,0.10077,0.98978,0.01022,4.11E-13,0.03468
3571,0.10078,0.98977,0.01023,4.12E-13,0.03471
3572,0.10078,0.98976,0.01024,4.13E-13,0.03473
3573,0.10078,0.98976,0.01024,4.14E-13,0.03475
3574,0.10078,0.98975,0.01025,4.15E-13,0.03477
3575,0.10078,0.98975,0.01025,4.15E-13,0.03479
3576,0.10078,0.98974,0.01026,4.16E-13,0.03482
3577,0.10078,0.98973,0.01027,4.17E-13,0.03484
3578,0.10078,0.98973,0.01027,4.18E-13,0.03486
3579,0.10078,0.98972,0.01028,4.18E-13,0.03488
3580,0.10078,0.98971,0.01029,4.19E-13,0.0349
3581,0.10078,0.98971,0.01029,4.20E-13,0.03492
3582,0.10078,0.9897,0.0103,4.21E-13,0.03494
3583,0.10078,0.9897,0.0103,4.21E-13,0.03496
3584,0.10078,0.98969,0.01031,4.22E-13,0.03498
3585,0.10078,0.98968,0.01032,4.23E-13,0.035
3586,0.10079,0.98968,0.01032,4.23E-13,0.03502
3587,0.10079,0.98967,0.01033,4.24E-13,0.03504
3588,0.10079,0.98967,0.01033,4.25E-13,0.03506
3589,0.10079,0.98966,0.01034,4.26E-13,0.03508
3590,0.10079,0.98965,0.01035,4.26E-13,0.0351
3591,0.10079,0.98965,0.01035,4.27E-13,0.03512
3592,0.10079,0.98964,0.01036,4.28E-13,0.03514
3593,0.10079,0.98964,0.01036,4.29E-13,0.03516
3594,0.10079,0.98963,0.01037,4.29E-13,0.03518
3595,0.10079,0.98963,0.01037,4.30E-13,0.0352
3596,0.10079,0.98962,0.01038,4.31E-13,0.03522
3597,0.10079,0.98961,0.01039,4.31E-13,0.03524
3598,0.10079,0.98961,0.01039,4.32E-13,0.03526
3599,0.10079,0.98961,0.01039,4.33E-13,0.03524
3600,0.10079,0.98963,0.01037,4.34E-13,0.03517
3601,0.10079,0.98968,0.01032,4.34E-13,0.03503
3602,0.10079,0.98972,0.01028,4.35E-13,0.03488
3603,0.10079,0.98977,0.01023,4.36E-13,0.03471
3604,0.10079,0.98983,0.01017,4.36E-13,0.03451
3605,0.10079,0.98989,0.01011,4.37E-13,0.03431
3606,0.10079,0.98995,0.01005,4.38E-13,0.03411
3607,0.10079,0.99001,0.00999,4.38E-13,0.0339
3608,0.10079,0.99007,0.00993,4.39E-13,0.0337
3609,0.10078,0.99013,0.00987,4.39E-13,0.0335
3610,0.10078,0.99019,0.00981,4.40E-13,0.03329
3611,0.10078,0.99025,0.00975,4.40E-13,0.03309
3612,0.10078,0.99031,0.00969,4.41E-13,0.03289
3613,0.10078,0.99036,0.00964,4.41E-13,0.0327
3614,0.10078,0.99042,0.00958,4.42E-13,0.03251
3615,0.10078,0.99048,0.00952,4.42E-13,0.03231
3616,0.10078,0.99053,0.00947,4.42E-13,0.03212
3617,0.10077,0.99059,0.00941,4.43E-13,0.03193
3618,0.10077,0.99065,0.00935,4.43E-13,0.03174
3619,0.10077,0.9907,0.0093,4.43E-13,0.03155
3620,0.10077,0.99076,0.00924,4.44E-13,0.03136
3621,0.10077,0.99081,0.00919,4.44E-13,0.03118
3622,0.10077,0.99087,0.00913,4.44E-13,0.03099
3623,0.10077,0.99092,0.00908,4.44E-13,0.03081
3624,0.10077,0.99097,0.00903,4.45E-13,0.03063
3625,0.10077,0.99103,0.00897,4.45E-13,0.03045
3626,0.10076,0.99108,0.00892,4.45E-13,0.03026
3627,0.10076,0.99113,0.00887,4.45E-13,0.03008
3628,0.10076,0.99119,0.00881,4.45E-13,0.0299
3629,0.10076,0.99124,0.00876,4.46E-13,0.02973
3630,0.10076,0.99129,0.00871,4.46E-13,0.02955
3631,0.10076,0.99134,0.00866,4.46E-13,0.02938
3632,0.10076,0.99139,0.00861,4.46E-13,0.0292
3633,0.10076,0.99144,0.00856,4.46E-13,0.02903
3634,0.10076,0.9915,0.0085,4.46E-13,0.02885
3635,0.10075,0.99155,0.00845,4.46E-13,0.02868
3636,0.10075,0.9916,0.0084,4.46E-13,0.02851
3637,0.10075,0.99165,0.00835,4.46E-13,0.02834
3638,0.10075,0.9917,0.0083,4.47E-13,0.02817
3639,0.10075,0.99175,0.00825,4.47E-13,0.028
3640,0.10075,0.9918,0.0082,4.47E-13,0.02783
3641,0.10075,0.99185,0.00815,4.47E-13,0.02767
3642,0.10075,0.99189,0.00811,4.47E-13,0.0275
3643,0.10074,0.99194,0.00806,4.47E-13,0.02734
3644,0.10074,0.99199,0.00801,4.47E-13,0.02717
3645,0.10074,0.99204,0.00796,4.47E-13,0.02701
3646,0.10074,0.99209,0.00791,4.46E-13,0.02685
3647,0.10074,0.99214,0.00787,4.46E-13,0.02669
3648,0.10074,0.99218,0.00782,4.46E-13,0.02653
3649,0.10074,0.99223,0.00777,4.46E-13,0.02637
3650,0.10074,0.99228,0.00772,4.46E-13,0.02621
3651,0.10074,0.99232,0.00768,4.46E-13,0.02605
3652,0.10073,0.99237,0.00763,4.46E-13,0.02589
3653,0.10073,0.99241,0.00759,4.46E-13,0.02574
3654,0.10073,0.99246,0.00754,4.46E-13,0.02559
3655,0.10073,0.9925,0.0075,4.45E-13,0.02543
3656,0.10073,0.99255,0.00745,4.45E-13,0.02528
3657,0.10073,0.99259,0.00741,4.45E-13,0.02513
3658,0.10073,0.99264,0.00736,4.45E-13,0.02497
3659,0.10073,0.99268,0.00732,4.45E-13,0.02482
3660,0.10073,0.99273,0.00727,4.44E-13,0.02467
3661,0.10072,0.99277,0.00723,4.44E-13,0.02453
3662,0.10072,0.99282,0.00718,4.44E-13,0.02438
3663,0.10072,0.99286,0.00714,4.44E-13,0.02423
3664,0.10072,0.9929,0.0071,4.44E-13,0.02409
3665,0.10072,0.99294,0.00706,4.43E-13,0.02394
3666,0.10072,0.99299,0.00701,4.43E-13,0.0238
3667,0.10072,0.99303,0.00697,4.43E-13,0.02365
3668,0.10072,0.99307,0.00693,4.42E-13,0.02351
3669,0.10072,0.99311,0.00689,4.42E-13,0.02337
3670,0.10072,0.99315,0.00685,4.42E-13,0.02323
3671,0.10071,0.9932,0.0068,4.41E-13,0.02309
3672,0.10071,0.99324,0.00676,4.41E-13,0.02295
3673,0.10071,0.99328,0.00672,4.41E-13,0.02281
3674,0.10071,0.99332,0.00668,4.40E-13,0.02267
3675,0.10071,0.99336,0.00664,4.40E-13,0.02254
3676,0.10071,0.9934,0.0066,4.40E-13,0.0224
3677,0.10071,0.99344,0.00656,4.39E-13,0.02227
3678,0.10071,0.99348,0.00652,4.39E-13,0.02213
3679,0.10071,0.99352,0.00648,4.38E-13,0.022
3680,0.1007,0.99356,0.00644,4.38E-13,0.02186
3681,0.1007,0.99359,0.00641,4.38E-13,0.02173
3682,0.1007,0.99363,0.00637,4.37E-13,0.0216
3683,0.1007,0.99367,0.00633,4.37E-13,0.02147
3684,0.1007,0.99371,0.00629,4.36E-13,0.02134
3685,0.1007,0.99375,0.00625,4.36E-13,0.02121
3686,0.1007,0.99379,0.00621,4.35E-13,0.02108
3687,0.1007,0.99382,0.00618,4.35E-13,0.02096
3688,0.1007,0.99386,0.00614,4.34E-13,0.02083
3689,0.10069,0.9939,0.0061,4.34E-13,0.02071
3690,0.10069,0.99393,0.00607,4.33E-13,0.02058
3691,0.10069,0.99397,0.00603,4.33E-13,0.02046
3692,0.10069,0.99401,0.00599,4.32E-13,0.02033
3693,0.10069,0.99404,0.00596,4.32E-13,0.02021
3694,0.10069,0.99408,0.00592,4.31E-13,0.02009
3695,0.10069,0.99411,0.00589,4.31E-13,0.01997
3696,0.10069,0.99415,0.00585,4.30E-13,0.01985
3697,0.10069,0.99419,0.00581,4.30E-13,0.01973
3698,0.10069,0.99422,0.00578,4.29E-13,0.01961
3699,0.10068,0.99426,0.00574,4.29E-13,0.01949
3700,0.10068,0.99429,0.00571,4.28E-13,0.01937
3701,0.10068,0.99432,0.00568,4.28E-13,0.01926
3702,0.10068,0.99436,0.00564,4.27E-13,0.01914
3703,0.10068,0.99439,0.00561,4.26E-13,0.01902
3704,0.10068,0.99443,0.00557,4.26E-13,0.01891
3705,0.10068,0.99446,0.00554,4.25E-13,0.01879
3706,0.10068,0.99449,0.00551,4.25E-13,0.01868
3707,0.10068,0.99453,0.00547,4.24E-13,0.01857
3708,0.10068,0.99456,0.00544,4.23E-13,0.01846
3709,0.10067,0.99459,0.00541,4.23E-13,0.01835
3710,0.10067,0.99463,0.00537,4.22E-13,0.01823
3711,0.10067,0.99466,0.00534,4.21E-13,0.01813
3712,0.10067,0.99469,0.00531,4.21E-13,0.01802
3713,0.10067,0.99472,0.00528,4.20E-13,0.01791
3714,0.10067,0.99475,0.00525,4.19E-13,0.0178
3715,0.10067,0.99479,0.00521,4.19E-13,0.01769
3716,0.10067,0.99482,0.00518,4.18E-13,0.01759
3717,0.10067,0.99485,0.00515,4.17E-13,0.01748
3718,0.10066,0.99488,0.00512,4.17E-13,0.01738
3719,0.10066,0.99491,0.00509,4.16E-13,0.01727
3720,0.10066,0.99494,0.00506,4.15E-13,0.01717
3721,0.10066,0.99497,0.00503,4.15E-13,0.01706
3722,0.10066,0.995,0.005,4.14E-13,0.01696
3723,0.10066,0.99503,0.00497,4.13E-13,0.01686
3724,0.10066,0.99506,0.00494,4.13E-13,0.01676
3725,0.10066,0.99509,0.00491,4.12E-13,0.01666
3726,0.10066,0.99512,0.00488,4.11E-13,0.01656
3727,0.10066,0.99515,0.00485,4.10E-13,0.01646
3728,0.10065,0.99518,0.00482,4.10E-13,0.01636
3729,0.10065,0.99521,0.00479,4.09E-13,0.01626
3730,0.10065,0.99524,0.00476,4.08E-13,0.01616
3731,0.10065,0.99527,0.00473,4.07E-13,0.01606
3732,0.10065,0.99529,0.00471,4.07E-13,0.01597
3733,0.10065,0.99532,0.00468,4.06E-13,0.01587
3734,0.10065,0.99535,0.00465,4.05E-13,0.01578
3735,0.10065,0.99538,0.00462,4.04E-13,0.01568
3736,0.10065,0.99541,0.00459,4.04E-13,0.01559
3737,0.10065,0.99543,0.00457,4.03E-13,0.01549
3738,0.10065,0.99546,0.00454,4.02E-13,0.0154
3739,0.10064,0.99549,0.00451,4.01E-13,0.01531
3740,0.10064,0.99552,0.00448,4.00E-13,0.01521
3741,0.10064,0.99554,0.00446,4.00E-13,0.01512
3742,0.10064,0.99557,0.00443,3.99E-13,0.01503
3743,0.10064,0.9956,0.0044,3.98E-13,0.01494
3744,0.10064,0.99562,0.00438,3.97E-13,0.01485
3745,0.10064,0.99565,0.00435,3.97E-13,0.01476
3746,0.10064,0.99568,0.00432,3.96E-13,0.01467
3747,0.10064,0.9957,0.0043,3.95E-13,0.01458
3748,0.10064,0.99573,0.00427,3.94E-13,0.0145
3749,0.10063,0.99575,0.00425,3.93E-13,0.01441
3750,0.10063,0.99578,0.00422,3.92E-13,0.01432
3751,0.10063,0.9958,0.0042,3.92E-13,0.01424
3752,0.10063,0.99583,0.00417,3.91E-13,0.01415
3753,0.10063,0.99585,0.00415,3.90E-13,0.01407
3754,0.10063,0.99588,0.00412,3.89E-13,0.01398
3755,0.10063,0.9959,0.0041,3.88E-13,0.0139
3756,0.10063,0.99593,0.00407,3.88E-13,0.01381
3757,0.10063,0.99595,0.00405,3.87E-13,0.01373
3758,0.10063,0.99598,0.00402,3.86E-13,0.01365
3759,0.10062,0.996,0.004,3.85E-13,0.01357
3760,0.10062,0.99603,0.00397,3.84E-13,0.01349
3761,0.10062,0.99605,0.00395,3.83E-13,0.0134
3762,0.10062,0.99607,0.00393,3.82E-13,0.01332
3763,0.10062,0.9961,0.0039,3.82E-13,0.01324
3764,0.10062,0.99612,0.00388,3.81E-13,0.01316
3765,0.10062,0.99614,0.00386,3.80E-13,0.01309
3766,0.10062,0.99617,0.00383,3.79E-13,0.01301
3767,0.10062,0.99619,0.00381,3.78E-13,0.01293
3768,0.10062,0.99621,0.00379,3.77E-13,0.01285
3769,0.10062,0.99624,0.00376,3.76E-13,0.01277
3770,0.10061,0.99626,0.00374,3.76E-13,0.0127
3771,0.10061,0.99628,0.00372,3.75E-13,0.01262
3772,0.10061,0.9963,0.0037,3.74E-13,0.01255
3773,0.10061,0.99632,0.00368,3.73E-13,0.01247
3774,0.10061,0.99635,0.00365,3.72E-13,0.0124
3775,0.10061,0.99637,0.00363,3.71E-13,0.01232
3776,0.10061,0.99639,0.00361,3.70E-13,0.01225
3777,0.10061,0.99641,0.00359,3.69E-13,0.01217
3778,0.10061,0.99643,0.00357,3.69E-13,0.0121
3779,0.10061,0.99646,0.00354,3.68E-13,0.01203
3780,0.10061,0.99648,0.00352,3.67E-13,0.01195
3781,0.1006,0.9965,0.0035,3.66E-13,0.01188
3782,0.1006,0.99652,0.00348,3.65E-13,0.01181
3783,0.1006,0.99654,0.00346,3.64E-13,0.01174
3784,0.1006,0.99656,0.00344,3.63E-13,0.01167
3785,0.1006,0.99658,0.00342,3.62E-13,0.0116
3786,0.1006,0.9966,0.0034,3.62E-13,0.01153
3787,0.1006,0.99662,0.00338,3.61E-13,0.01146
3788,0.1006,0.99664,0.00336,3.60E-13,0.01139
3789,0.1006,0.99666,0.00334,3.59E-13,0.01132
3790,0.1006,0.99668,0.00332,3.58E-13,0.01126
3791,0.1006,0.9967,0.0033,3.57E-13,0.01119
3792,0.10059,0.99672,0.00328,3.56E-13,0.01112
3793,0.10059,0.99674,0.00326,3.55E-13,0.01105
3794,0.10059,0.99676,0.00324,3.54E-13,0.01099
3795,0.10059,0.99678,0.00322,3.53E-13,0.01092
3796,0.10059,0.9968,0.0032,3.53E-13,0.01086
3797,0.10059,0.99682,0.00318,3.52E-13,0.01079
3798,0.10059,0.99684,0.00316,3.51E-13,0.01073
3799,0.10059,0.99686,0.00314,3.50E-13,0.01066
3800,0.10059,0.99688,0.00312,3.49E-13,0.0106
3801,0.10059,0.9969,0.0031,3.48E-13,0.01053
3802,0.10059,0.99691,0.00309,3.47E-13,0.01047
3803,0.10058,0.99693,0.00307,3.46E-13,0.01041
3804,0.10058,0.99695,0.00305,3.45E-13,0.01035
3805,0.10058,0.99697,0.00303,3.44E-13,0.01028
3806,0.10058,0.99699,0.00301,3.43E-13,0.01022
3807,0.10058,0.99701,0.00299,3.43E-13,0.01016
3808,0.10058,0.99702,0.00298,3.42E-13,0.0101
3809,0.10058,0.99704,0.00296,3.41E-13,0.01004
3810,0.10058,0.99706,0.00294,3.40E-13,0.00998
3811,0.10058,0.99708,0.00292,3.39E-13,0.00992
3812,0.10058,0.99709,0.00291,3.38E-13,0.00986
3813,0.10058,0.99711,0.00289,3.37E-13,0.0098
3814,0.10057,0.99713,0.00287,3.36E-13,0.00974
3815,0.10057,0.99715,0.00285,3.35E-13,0.00968
3816,0.10057,0.99716,0.00284,3.34E-13,0.00962
3817,0.10057,0.99718,0.00282,3.34E-13,0.00957
3818,0.10057,0.9972,0.0028,3.33E-13,0.00951
3819,0.10057,0.99721,0.00279,3.32E-13,0.00945
3820,0.10057,0.99723,0.00277,3.31E-13,0.0094
3821,0.10057,0.99725,0.00275,3.30E-13,0.00934
3822,0.10057,0.99726,0.00274,3.29E-13,0.00928
3823,0.10057,0.99728,0.00272,3.28E-13,0.00923
3824,0.10057,0.9973,0.0027,3.27E-13,0.00917
3825,0.10057,0.99731,0.00269,3.26E-13,0.00912
3826,0.10056,0.99733,0.00267,3.25E-13,0.00906
3827,0.10056,0.99735,0.00265,3.24E-13,0.00901
3828,0.10056,0.99736,0.00264,3.24E-13,0.00895
3829,0.10056,0.99738,0.00262,3.23E-13,0.0089
3830,0.10056,0.99739,0.00261,3.22E-13,0.00885
3831,0.10056,0.99741,0.00259,3.21E-13,0.00879
3832,0.10056,0.99742,0.00258,3.20E-13,0.00874
3833,0.10056,0.99744,0.00256,3.19E-13,0.00869
3834,0.10056,0.99746,0.00255,3.18E-13,0.00864
3835,0.10056,0.99747,0.00253,3.17E-13,0.00858
3836,0.10056,0.99749,0.00251,3.16E-13,0.00853
3837,0.10056,0.9975,0.0025,3.15E-13,0.00848
3838,0.10055,0.99752,0.00248,3.14E-13,0.00843
3839,0.10055,0.99753,0.00247,3.14E-13,0.00838
3840,0.10055,0.99755,0.00245,3.13E-13,0.00833
3841,0.10055,0.99756,0.00244,3.12E-13,0.00828
3842,0.10055,0.99757,0.00243,3.11E-13,0.00823
3843,0.10055,0.99759,0.00241,3.10E-13,0.00818
3844,0.10055,0.9976,0.0024,3.09E-13,0.00813
3845,0.10055,0.99762,0.00238,3.08E-13,0.00808
3846,0.10055,0.99763,0.00237,3.07E-13,0.00803
3847,0.10055,0.99765,0.00235,3.06E-13,0.00799
3848,0.10055,0.99766,0.00234,3.05E-13,0.00794
3849,0.10055,0.99767,0.00233,3.05E-13,0.00789
3850,0.10054,0.99769,0.00231,3.04E-13,0.00784
3851,0.10054,0.9977,0.0023,3.03E-13,0.00779
3852,0.10054,0.99772,0.00228,3.02E-13,0.00775
3853,0.10054,0.99773,0.00227,3.01E-13,0.0077
3854,0.10054,0.99774,0.00226,3.00E-13,0.00766
3855,0.10054,0.99776,0.00224,2.99E-13,0.00761
3856,0.10054,0.99777,0.00223,2.98E-13,0.00756
3857,0.10054,0.99778,0.00222,2.97E-13,0.00752
3858,0.10054,0.9978,0.0022,2.97E-13,0.00747
3859,0.10054,0.99781,0.00219,2.96E-13,0.00743
3860,0.10054,0.99782,0.00218,2.95E-13,0.00738
3861,0.10054,0.99784,0.00216,2.94E-13,0.00734
3862,0.10053,0.99785,0.00215,2.93E-13,0.00729
3863,0.10053,0.99786,0.00214,2.92E-13,0.00725
3864,0.10053,0.99788,0.00212,2.91E-13,0.00721
3865,0.10053,0.99789,0.00211,2.90E-13,0.00716
3866,0.10053,0.9979,0.0021,2.89E-13,0.00712
3867,0.10053,0.99791,0.00209,2.89E-13,0.00708
3868,0.10053,0.99793,0.00207,2.88E-13,0.00703
3869,0.10053,0.99794,0.00206,2.87E-13,0.00699
3870,0.10053,0.99795,0.00205,2.86E-13,0.00695
3871,0.10053,0.99796,0.00204,2.85E-13,0.00691
3872,0.10053,0.99798,0.00202,2.84E-13,0.00687
3873,0.10053,0.99799,0.00201,2.83E-13,0.00683
3874,0.10052,0.998,0.002,2.82E-13,0.00679
3875,0.10052,0.99801,0.00199,2.82E-13,0.00674
3876,0.10052,0.99802,0.00198,2.81E-13,0.0067
3877,0.10052,0.99804,0.00196,2.80E-13,0.00666
3878,0.10052,0.99805,0.00195,2.79E-13,0.00662
3879,0.10052,0.99806,0.00194,2.78E-13,0.00658
3880,0.10052,0.99807,0.00193,2.77E-13,0.00654
3881,0.10052,0.99808,0.00192,2.76E-13,0.00651
3882,0.10052,0.99809,0.00191,2.75E-13,0.00647
3883,0.10052,0.99811,0.00189,2.75E-13,0.00643
3884,0.10052,0.99812,0.00188,2.74E-13,0.00639
3885,0.10052,0.99813,0.00187,2.73E-13,0.00635
3886,0.10052,0.99814,0.00186,2.72E-13,0.00631
3887,0.10051,0.99815,0.00185,2.71E-13,0.00627
3888,0.10051,0.99816,0.00184,2.70E-13,0.00624
3889,0.10051,0.99817,0.00183,2.69E-13,0.0062
3890,0.10051,0.99818,0.00182,2.69E-13,0.00616
3891,0.10051,0.9982,0.0018,2.68E-13,0.00612
3892,0.10051,0.99821,0.00179,2.67E-13,0.00609
3893,0.10051,0.99822,0.00178,2.66E-13,0.00605
3894,0.10051,0.99823,0.00177,2.65E-13,0.00601
3895,0.10051,0.99824,0.00176,2.64E-13,0.00598
3896,0.10051,0.99825,0.00175,2.63E-13,0.00594
3897,0.10051,0.99826,0.00174,2.63E-13,0.00591
3898,0.10051,0.99827,0.00173,2.62E-13,0.00587
3899,0.10051,0.99828,0.00172,2.61E-13,0.00584
3900,0.1005,0.99829,0.00171,2.60E-13,0.0058
3901,0.1005,0.9983,0.0017,2.59E-13,0.00577
3902,0.1005,0.99831,0.00169,2.58E-13,0.00573
3903,0.1005,0.99832,0.00168,2.58E-13,0.0057
3904,0.1005,0.99833,0.00167,2.57E-13,0.00566
3905,0.1005,0.99834,0.00166,2.56E-13,0.00563
3906,0.1005,0.99835,0.00165,2.55E-13,0.00559
3907,0.1005,0.99836,0.00164,2.54E-13,0.00556
3908,0.1005,0.99837,0.00163,2.53E-13,0.00553
3909,0.1005,0.99838,0.00162,2.53E-13,0.00549
3910,0.1005,0.99839,0.00161,2.52E-13,0.00546
3911,0.1005,0.9984,0.0016,2.51E-13,0.00543
3912,0.1005,0.99841,0.00159,2.50E-13,0.00539
3913,0.10049,0.99842,0.00158,2.49E-13,0.00536
3914,0.10049,0.99843,0.00157,2.49E-13,0.00533
3915,0.10049,0.99844,0.00156,2.48E-13,0.0053
3916,0.10049,0.99845,0.00155,2.47E-13,0.00527
3917,0.10049,0.99846,0.00154,2.46E-13,0.00523
3918,0.10049,0.99847,0.00153,2.45E-13,0.0052
3919,0.10049,0.99848,0.00152,2.44E-13,0.00517
3920,0.10049,0.99848,0.00152,2.44E-13,0.00514
3921,0.10049,0.99849,0.00151,2.43E-13,0.00511
3922,0.10049,0.9985,0.0015,2.42E-13,0.00508
3923,0.10049,0.99851,0.00149,2.41E-13,0.00505
3924,0.10049,0.99852,0.00148,2.40E-13,0.00502
3925,0.10049,0.99853,0.00147,2.40E-13,0.00499
3926,0.10049,0.99854,0.00146,2.39E-13,0.00496
3927,0.10048,0.99855,0.00145,2.38E-13,0.00493
3928,0.10048,0.99856,0.00144,2.37E-13,0.0049
3929,0.10048,0.99857,0.00143,2.36E-13,0.00487
3930,0.10048,0.99857,0.00143,2.36E-13,0.00484
3931,0.10048,0.99858,0.00142,2.35E-13,0.00481
3932,0.10048,0.99859,0.00141,2.34E-13,0.00478
3933,0.10048,0.9986,0.0014,2.33E-13,0.00475
3934,0.10048,0.99861,0.00139,2.32E-13,0.00472
3935,0.10048,0.99862,0.00138,2.32E-13,0.0047
3936,0.10048,0.99862,0.00138,2.31E-13,0.00467
3937,0.10048,0.99863,0.00137,2.30E-13,0.00464
3938,0.10048,0.99864,0.00136,2.29E-13,0.00461
3939,0.10048,0.99865,0.00135,2.29E-13,0.00458
3940,0.10047,0.99866,0.00134,2.28E-13,0.00456
3941,0.10047,0.99867,0.00133,2.27E-13,0.00453
3942,0.10047,0.99867,0.00133,2.26E-13,0.0045
3943,0.10047,0.99868,0.00132,2.25E-13,0.00447
3944,0.10047,0.99869,0.00131,2.25E-13,0.00445
3945,0.10047,0.9987,0.0013,2.24E-13,0.00442
3946,0.10047,0.99871,0.0013,2.23E-13,0.00439
3947,0.10047,0.99871,0.00129,2.22E-13,0.00437
3948,0.10047,0.99872,0.00128,2.22E-13,0.00434
3949,0.10047,0.99873,0.00127,2.21E-13,0.00432
3950,0.10047,0.99874,0.00126,2.20E-13,0.00429
3951,0.10047,0.99874,0.00126,2.19E-13,0.00426
3952,0.10047,0.99875,0.00125,2.19E-13,0.00424
3953,0.10047,0.99876,0.00124,2.18E-13,0.00421
3954,0.10046,0.99877,0.00123,2.17E-13,0.00419
3955,0.10046,0.99877,0.00123,2.16E-13,0.00416
3956,0.10046,0.99878,0.00122,2.16E-13,0.00414
3957,0.10046,0.99879,0.00121,2.15E-13,0.00411
3958,0.10046,0.9988,0.0012,2.14E-13,0.00409
3959,0.10046,0.9988,0.0012,2.13E-13,0.00406
3960,0.10046,0.99881,0.00119,2.13E-13,0.00404
3961,0.10046,0.99882,0.00118,2.12E-13,0.00401
3962,0.10046,0.99882,0.00118,2.11E-13,0.00399
3963,0.10046,0.99883,0.00117,2.10E-13,0.00397
3964,0.10046,0.99884,0.00116,2.10E-13,0.00394
3965,0.10046,0.99885,0.00115,2.09E-13,0.00392
3966,0.10046,0.99885,0.00115,2.08E-13,0.00389
3967,0.10046,0.99886,0.00114,2.07E-13,0.00387
3968,0.10046,0.99887,0.00113,2.07E-13,0.00385
3969,0.10045,0.99887,0.00113,2.06E-13,0.00382
3970,0.10045,0.99888,0.00112,2.05E-13,0.0038
3971,0.10045,0.99889,0.00111,2.04E-13,0.00378
3972,0.10045,0.99889,0.00111,2.04E-13,0.00376
3973,0.10045,0.9989,0.0011,2.03E-13,0.00373
3974,0.10045,0.99891,0.00109,2.02E-13,0.00371
3975,0.10045,0.99891,0.00109,2.02E-13,0.00369
3976,0.10045,0.99892,0.00108,2.01E-13,0.00367
3977,0.10045,0.99893,0.00107,2.00E-13,0.00364
3978,0.10045,0.99893,0.00107,1.99E-13,0.00362
3979,0.10045,0.99894,0.00106,1.99E-13,0.0036
3980,0.10045,0.99895,0.00105,1.98E-13,0.00358
3981,0.10045,0.99895,0.00105,1.97E-13,0.00356
3982,0.10045,0.99896,0.00104,1.97E-13,0.00354
3983,0.10044,0.99896,0.00104,1.96E-13,0.00351
3984,0.10044,0.99897,0.00103,1.95E-13,0.00349
3985,0.10044,0.99898,0.00102,1.95E-13,0.00347
3986,0.10044,0.99898,0.00102,1.94E-13,0.00345
3987,0.10044,0.99899,0.00101,1.93E-13,0.00343
3988,0.10044,0.999,0.00101,1.92E-13,0.00341
3989,0.10044,0.999,9.99E-04,1.92E-13,0.00339
3990,0.10044,0.99901,9.93E-04,1.91E-13,0.00337
3991,0.10044,0.99901,9.87E-04,1.90E-13,0.00335
3992,0.10044,0.99902,9.81E-04,1.90E-13,0.00333
3993,0.10044,0.99902,9.75E-04,1.89E-13,0.00331
3994,0.10044,0.99903,9.69E-04,1.88E-13,0.00329
3995,0.10044,0.99904,9.63E-04,1.88E-13,0.00327
3996,0.10044,0.99904,9.58E-04,1.87E-13,0.00325
3997,0.10044,0.99905,9.52E-04,1.86E-13,0.00323
3998,0.10043,0.99905,9.46E-04,1.86E-13,0.00321
3999,0.10043,0.99906,9.40E-04,1.85E-13,0.00319
4000,0.10043,0.99906,9.40E-04,1.84E-13,0.00319
4001,0.10043,0.999,0.001,1.84E-13,0.0034
4002,0.10044,0.99893,0.00107,1.83E-13,0.00362
4003,0.10044,0.99887,0.00113,1.82E-13,0.00383
4004,0.10044,0.99881,0.00119,1.82E-13,0.00404
4005,0.10044,0.99875,0.00125,1.81E-13,0.00425
4006,0.10044,0.99869,0.00131,1.81E-13,0.00446
4007,0.10044,0.99862,0.00138,1.80E-13,0.00467
4008,0.10044,0.99856,0.00144,1.80E-13,0.00488
4009,0.10044,0.9985,0.0015,1.79E-13,0.00508
4010,0.10045,0.99844,0.00156,1.79E-13,0.00529
4011,0.10045,0.99838,0.00162,1.78E-13,0.00549
4012,0.10045,0.99832,0.00168,1.78E-13,0.00569
4013,0.10045,0.99826,0.00174,1.77E-13,0.00589
4014,0.10045,0.9982,0.0018,1.77E-13,0.00609
4015,0.10045,0.99815,0.00185,1.76E-13,0.00629
4016,0.10045,0.99809,0.00191,1.76E-13,0.00649
4017,0.10045,0.99803,0.00197,1.76E-13,0.00668
4018,0.10046,0.99797,0.00203,1.75E-13,0.00688
4019,0.10046,0.99792,0.00208,1.75E-13,0.00707
4020,0.10046,0.99786,0.00214,1.75E-13,0.00726
4021,0.10046,0.9978,0.0022,1.74E-13,0.00745
4022,0.10046,0.99775,0.00225,1.74E-13,0.00765
4023,0.10046,0.99769,0.00231,1.74E-13,0.00783
4024,0.10046,0.99764,0.00236,1.73E-13,0.00802
4025,0.10046,0.99758,0.00242,1.73E-13,0.00821
4026,0.10047,0.99753,0.00247,1.73E-13,0.00839
4027,0.10047,0.99747,0.00253,1.73E-13,0.00858
4028,0.10047,0.99742,0.00258,1.72E-13,0.00876
4029,0.10047,0.99736,0.00264,1.72E-13,0.00894
4030,0.10047,0.99731,0.00269,1.72E-13,0.00912
4031,0.10047,0.99726,0.00274,1.72E-13,0.0093
4032,0.10047,0.99721,0.00279,1.72E-13,0.00948
4033,0.10047,0.99715,0.00285,1.72E-13,0.00966
4034,0.10047,0.9971,0.0029,1.72E-13,0.00984
4035,0.10048,0.99705,0.00295,1.71E-13,0.01001
4036,0.10048,0.997,0.003,1.71E-13,0.01019
4037,0.10048,0.99695,0.00305,1.71E-13,0.01036
4038,0.10048,0.9969,0.0031,1.71E-13,0.01053
4039,0.10048,0.99685,0.00315,1.71E-13,0.0107
4040,0.10048,0.9968,0.0032,1.71E-13,0.01087
4041,0.10048,0.99675,0.00325,1.71E-13,0.01104
4042,0.10048,0.9967,0.0033,1.71E-13,0.01121
4043,0.10048,0.99665,0.00335,1.71E-13,0.01137
4044,0.10049,0.9966,0.0034,1.71E-13,0.01154
4045,0.10049,0.99655,0.00345,1.71E-13,0.01171
4046,0.10049,0.9965,0.0035,1.71E-13,0.01187
4047,0.10049,0.99645,0.00355,1.71E-13,0.01203
4048,0.10049,0.99641,0.00359,1.71E-13,0.01219
4049,0.10049,0.99636,0.00364,1.71E-13,0.01236
4050,0.10049,0.99631,0.00369,1.71E-13,0.01252
4051,0.10049,0.99626,0.00374,1.72E-13,0.01267
4052,0.1005,0.99622,0.00378,1.72E-13,0.01283
4053,0.1005,0.99617,0.00383,1.72E-13,0.01299
4054,0.1005,0.99613,0.00387,1.72E-13,0.01314
4055,0.1005,0.99608,0.00392,1.72E-13,0.0133
4056,0.1005,0.99604,0.00396,1.72E-13,0.01345
4057,0.1005,0.99599,0.00401,1.72E-13,0.01361
4058,0.1005,0.99595,0.00405,1.73E-13,0.01376
4059,0.1005,0.9959,0.0041,1.73E-13,0.01391
4060,0.1005,0.99586,0.00414,1.73E-13,0.01406
4061,0.10051,0.99581,0.00419,1.73E-13,0.01421
4062,0.10051,0.99577,0.00423,1.73E-13,0.01436
4063,0.10051,0.99573,0.00427,1.74E-13,0.0145
4064,0.10051,0.99568,0.00432,1.74E-13,0.01465
4065,0.10051,0.99564,0.00436,1.74E-13,0.0148
4066,0.10051,0.9956,0.0044,1.74E-13,0.01494
4067,0.10051,0.99555,0.00445,1.75E-13,0.01509
4068,0.10051,0.99551,0.00449,1.75E-13,0.01523
4069,0.10051,0.99547,0.00453,1.75E-13,0.01537
4070,0.10052,0.99543,0.00457,1.76E-13,0.01551
4071,0.10052,0.99539,0.00461,1.76E-13,0.01565
4072,0.10052,0.99535,0.00465,1.76E-13,0.01579
4073,0.10052,0.99531,0.00469,1.77E-13,0.01593
4074,0.10052,0.99526,0.00474,1.77E-13,0.01607
4075,0.10052,0.99522,0.00478,1.77E-13,0.0162
4076,0.10052,0.99518,0.00482,1.78E-13,0.01634
4077,0.10052,0.99514,0.00486,1.78E-13,0.01647
4078,0.10052,0.99511,0.00489,1.78E-13,0.01661
4079,0.10052,0.99507,0.00493,1.79E-13,0.01674
4080,0.10053,0.99503,0.00497,1.79E-13,0.01687
4081,0.10053,0.99499,0.00501,1.80E-13,0.01701
4082,0.10053,0.99495,0.00505,1.80E-13,0.01714
4083,0.10053,0.99491,0.00509,1.80E-13,0.01727
4084,0.10053,0.99487,0.00513,1.81E-13,0.0174
4085,0.10053,0.99484,0.00516,1.81E-13,0.01752
4086,0.10053,0.9948,0.0052,1.82E-13,0.01765
4087,0.10053,0.99476,0.00524,1.82E-13,0.01778
4088,0.10053,0.99472,0.00528,1.83E-13,0.0179
4089,0.10054,0.99469,0.00531,1.83E-13,0.01803
4090,0.10054,0.99465,0.00535,1.84E-13,0.01815
4091,0.10054,0.99461,0.00539,1.84E-13,0.01828
4092,0.10054,0.99458,0.00542,1.85E-13,0.0184
4093,0.10054,0.99454,0.00546,1.85E-13,0.01852
4094,0.10054,0.9945,0.0055,1.86E-13,0.01864
4095,0.10054,0.99447,0.00553,1.86E-13,0.01877
4096,0.10054,0.99443,0.00557,1.87E-13,0.01889
4097,0.10054,0.9944,0.0056,1.87E-13,0.019
4098,0.10055,0.99436,0.00564,1.88E-13,0.01912
4099,0.10055,0.99433,0.00567,1.88E-13,0.01924
4100,0.10055,0.99429,0.00571,1.89E-13,0.01936
4101,0.10055,0.99426,0.00574,1.89E-13,0.01947
4102,0.10055,0.99423,0.00577,1.90E-13,0.01959
4103,0.10055,0.99419,0.00581,1.91E-13,0.01971
4104,0.10055,0.99416,0.00584,1.91E-13,0.01982
4105,0.10055,0.99413,0.00587,1.92E-13,0.01993
4106,0.10055,0.99409,0.00591,1.92E-13,0.02005
4107,0.10055,0.99406,0.00594,1.93E-13,0.02016
4108,0.10056,0.99403,0.00597,1.93E-13,0.02027
4109,0.10056,0.99399,0.00601,1.94E-13,0.02038
4110,0.10056,0.99396,0.00604,1.95E-13,0.02049
4111,0.10056,0.99393,0.00607,1.95E-13,0.0206
4112,0.10056,0.9939,0.0061,1.96E-13,0.02071
4113,0.10056,0.99386,0.00614,1.97E-13,0.02082
4114,0.10056,0.99383,0.00617,1.97E-13,0.02092
4115,0.10056,0.9938,0.0062,1.98E-13,0.02103
4116,0.10056,0.99377,0.00623,1.98E-13,0.02114
4117,0.10056,0.99374,0.00626,1.99E-13,0.02124
4118,0.10057,0.99371,0.00629,2.00E-13,0.02135
4119,0.10057,0.99368,0.00632,2.00E-13,0.02145
4120,0.10057,0.99365,0.00635,2.01E-13,0.02155
4121,0.10057,0.99362,0.00638,2.02E-13,0.02166
4122,0.10057,0.99359,0.00641,2.02E-13,0.02176
4123,0.10057,0.99356,0.00644,2.03E-13,0.02186
4124,0.10057,0.99353,0.00647,2.04E-13,0.02196
4125,0.10057,0.9935,0.0065,2.05E-13,0.02206
4126,0.10057,0.99347,0.00653,2.05E-13,0.02216
4127,0.10057,0.99344,0.00656,2.06E-13,0.02226
4128,0.10058,0.99341,0.00659,2.07E-13,0.02236
4129,0.10058,0.99338,0.00662,2.07E-13,0.02245
4130,0.10058,0.99335,0.00665,2.08E-13,0.02255
4131,0.10058,0.99333,0.00667,2.09E-13,0.02265
4132,0.10058,0.9933,0.0067,2.10E-13,0.02274
4133,0.10058,0.99327,0.00673,2.10E-13,0.02284
4134,0.10058,0.99324,0.00676,2.11E-13,0.02293
4135,0.10058,0.99321,0.00679,2.12E-13,0.02303
4136,0.10058,0.99319,0.00681,2.12E-13,0.02312
4137,0.10058,0.99316,0.00684,2.13E-13,0.02321
4138,0.10059,0.99313,0.00687,2.14E-13,0.02331
4139,0.10059,0.9931,0.0069,2.15E-13,0.0234
4140,0.10059,0.99308,0.00692,2.15E-13,0.02349
4141,0.10059,0.99305,0.00695,2.16E-13,0.02358
4142,0.10059,0.99302,0.00698,2.17E-13,0.02367
4143,0.10059,0.993,0.007,2.18E-13,0.02376
4144,0.10059,0.99297,0.00703,2.18E-13,0.02385
4145,0.10059,0.99294,0.00706,2.19E-13,0.02394
4146,0.10059,0.99292,0.00708,2.20E-13,0.02403
4147,0.10059,0.99289,0.00711,2.21E-13,0.02412
4148,0.1006,0.99287,0.00713,2.22E-13,0.0242
4149,0.1006,0.99284,0.00716,2.22E-13,0.02429
4150,0.1006,0.99282,0.00718,2.23E-13,0.02438
4151,0.1006,0.99279,0.00721,2.24E-13,0.02446
4152,0.1006,0.99277,0.00723,2.25E-13,0.02455
4153,0.1006,0.99274,0.00726,2.26E-13,0.02463
4154,0.1006,0.99272,0.00728,2.26E-13,0.02471
4155,0.1006,0.99269,0.00731,2.27E-13,0.0248
4156,0.1006,0.99267,0.00733,2.28E-13,0.02488
4157,0.1006,0.99264,0.00736,2.29E-13,0.02496
4158,0.1006,0.99262,0.00738,2.30E-13,0.02504
4159,0.10061,0.9926,0.0074,2.30E-13,0.02512
4160,0.10061,0.99257,0.00743,2.31E-13,0.0252
4161,0.10061,0.99255,0.00745,2.32E-13,0.02529
4162,0.10061,0.99252,0.00748,2.33E-13,0.02536
4163,0.10061,0.9925,0.0075,2.34E-13,0.02544
4164,0.10061,0.99248,0.00752,2.35E-13,0.02552
4165,0.10061,0.99245,0.00755,2.35E-13,0.0256
4166,0.10061,0.99243,0.00757,2.36E-13,0.02568
4167,0.10061,0.99241,0.00759,2.37E-13,0.02576
4168,0.10061,0.99239,0.00761,2.38E-13,0.02583
4169,0.10062,0.99236,0.00764,2.39E-13,0.02591
4170,0.10062,0.99234,0.00766,2.40E-13,0.02598
4171,0.10062,0.99232,0.00768,2.40E-13,0.02606
4172,0.10062,0.9923,0.0077,2.41E-13,0.02614
4173,0.10062,0.99228,0.00772,2.42E-13,0.02621
4174,0.10062,0.99225,0.00775,2.43E-13,0.02628
4175,0.10062,0.99223,0.00777,2.44E-13,0.02636
4176,0.10062,0.99221,0.00779,2.45E-13,0.02643
4177,0.10062,0.99219,0.00781,2.45E-13,0.0265
4178,0.10062,0.99217,0.00783,2.46E-13,0.02658
4179,0.10062,0.99215,0.00785,2.47E-13,0.02665
4180,0.10063,0.99213,0.00787,2.48E-13,0.02672
4181,0.10063,0.9921,0.0079,2.49E-13,0.02679
4182,0.10063,0.99208,0.00792,2.50E-13,0.02686
4183,0.10063,0.99206,0.00794,2.51E-13,0.02693
4184,0.10063,0.99204,0.00796,2.51E-13,0.027
4185,0.10063,0.99202,0.00798,2.52E-13,0.02707
4186,0.10063,0.992,0.008,2.53E-13,0.02714
4187,0.10063,0.99198,0.00802,2.54E-13,0.02721
4188,0.10063,0.99196,0.00804,2.55E-13,0.02728
4189,0.10063,0.99194,0.00806,2.56E-13,0.02734
4190,0.10063,0.99192,0.00808,2.57E-13,0.02741
4191,0.10064,0.9919,0.0081,2.58E-13,0.02748
4192,0.10064,0.99188,0.00812,2.58E-13,0.02754
4193,0.10064,0.99186,0.00814,2.59E-13,0.02761
4194,0.10064,0.99184,0.00816,2.60E-13,0.02768
4195,0.10064,0.99182,0.00818,2.61E-13,0.02774
4196,0.10064,0.9918,0.0082,2.62E-13,0.02781
4197,0.10064,0.99179,0.00821,2.63E-13,0.02787
4198,0.10064,0.99177,0.00823,2.64E-13,0.02793
4199,0.10064,0.99175,0.00825,2.65E-13,0.028
4200,0.10064,0.99173,0.00827,2.66E-13,0.02806
4201,0.10064,0.99171,0.00829,2.66E-13,0.02812
4202,0.10065,0.99169,0.00831,2.67E-13,0.02819
4203,0.10065,0.99167,0.00833,2.68E-13,0.02825
4204,0.10065,0.99166,0.00834,2.69E-13,0.02831
4205,0.10065,0.99164,0.00836,2.70E-13,0.02837
4206,0.10065,0.99162,0.00838,2.71E-13,0.02843
4207,0.10065,0.9916,0.0084,2.72E-13,0.02849
4208,0.10065,0.99159,0.00841,2.73E-13,0.02855
4209,0.10065,0.99157,0.00843,2.74E-13,0.02861
4210,0.10065,0.99155,0.00845,2.74E-13,0.02867
4211,0.10065,0.99153,0.00847,2.75E-13,0.02873
4212,0.10065,0.99152,0.00848,2.76E-13,0.02879
4213,0.10065,0.9915,0.0085,2.77E-13,0.02885
4214,0.10066,0.99148,0.00852,2.78E-13,0.0289
4215,0.10066,0.99146,0.00854,2.79E-13,0.02896
4216,0.10066,0.99145,0.00855,2.80E-13,0.02902
4217,0.10066,0.99143,0.00857,2.81E-13,0.02908
4218,0.10066,0.99141,0.00859,2.82E-13,0.02913
4219,0.10066,0.9914,0.0086,2.82E-13,0.02919
4220,0.10066,0.99138,0.00862,2.83E-13,0.02925
4221,0.10066,0.99136,0.00864,2.84E-13,0.0293
4222,0.10066,0.99135,0.00865,2.85E-13,0.02936
4223,0.10066,0.99133,0.00867,2.86E-13,0.02941
4224,0.10066,0.99132,0.00868,2.87E-13,0.02947
4225,0.10067,0.9913,0.0087,2.88E-13,0.02952
4226,0.10067,0.99128,0.00872,2.89E-13,0.02957
4227,0.10067,0.99127,0.00873,2.90E-13,0.02963
4228,0.10067,0.99125,0.00875,2.91E-13,0.02968
4229,0.10067,0.99124,0.00876,2.91E-13,0.02973
4230,0.10067,0.99122,0.00878,2.92E-13,0.02979
4231,0.10067,0.99121,0.00879,2.93E-13,0.02984
4232,0.10067,0.99119,0.00881,2.94E-13,0.02989
4233,0.10067,0.99118,0.00882,2.95E-13,0.02994
4234,0.10067,0.99116,0.00884,2.96E-13,0.02999
4235,0.10067,0.99115,0.00885,2.97E-13,0.03004
4236,0.10067,0.99113,0.00887,2.98E-13,0.03009
4237,0.10068,0.99112,0.00888,2.99E-13,0.03014
4238,0.10068,0.9911,0.0089,3.00E-13,0.03019
4239,0.10068,0.99109,0.00891,3.00E-13,0.03024
4240,0.10068,0.99107,0.00893,3.01E-13,0.03029
4241,0.10068,0.99106,0.00894,3.02E-13,0.03034
4242,0.10068,0.99104,0.00896,3.03E-13,0.03039
4243,0.10068,0.99103,0.00897,3.04E-13,0.03044
4244,0.10068,0.99101,0.00899,3.05E-13,0.03049
4245,0.10068,0.991,0.009,3.06E-13,0.03054
4246,0.10068,0.99099,0.00901,3.07E-13,0.03058
4247,0.10068,0.99097,0.00903,3.08E-13,0.03063
4248,0.10068,0.99096,0.00904,3.09E-13,0.03068
4249,0.10069,0.99094,0.00906,3.09E-13,0.03072
4250,0.10069,0.99093,0.00907,3.10E-13,0.03077
4251,0.10069,0.99092,0.00908,3.11E-13,0.03082
4252,0.10069,0.9909,0.0091,3.12E-13,0.03086
4253,0.10069,0.99089,0.00911,3.13E-13,0.03091
4254,0.10069,0.99088,0.00912,3.14E-13,0.03095
4255,0.10069,0.99086,0.00914,3.15E-13,0.031
4256,0.10069,0.99085,0.00915,3.16E-13,0.03104
4257,0.10069,0.99084,0.00916,3.17E-13,0.03109
4258,0.10069,0.99082,0.00918,3.18E-13,0.03113
4259,0.10069,0.99081,0.00919,3.18E-13,0.03118
4260,0.10069,0.9908,0.0092,3.19E-13,0.03122
4261,0.1007,0.99079,0.00921,3.20E-13,0.03126
4262,0.1007,0.99077,0.00923,3.21E-13,0.03131
4263,0.1007,0.99076,0.00924,3.22E-13,0.03135
4264,0.1007,0.99075,0.00925,3.23E-13,0.03139
4265,0.1007,0.99074,0.00926,3.24E-13,0.03143
4266,0.1007,0.99072,0.00928,3.25E-13,0.03148
4267,0.1007,0.99071,0.00929,3.26E-13,0.03152
4268,0.1007,0.9907,0.0093,3.26E-13,0.03156
4269,0.1007,0.99069,0.00931,3.27E-13,0.0316
4270,0.1007,0.99067,0.00933,3.28E-13,0.03164
4271,0.1007,0.99066,0.00934,3.29E-13,0.03168
4272,0.1007,0.99065,0.00935,3.30E-13,0.03172
4273,0.1007,0.99064,0.00936,3.31E-13,0.03176
4274,0.10071,0.99063,0.00937,3.32E-13,0.0318
4275,0.10071,0.99062,0.00938,3.33E-13,0.03184
4276,0.10071,0.9906,0.0094,3.34E-13,0.03188
4277,0.10071,0.99059,0.00941,3.34E-13,0.03192
4278,0.10071,0.99058,0.00942,3.35E-13,0.03196
4279,0.10071,0.99057,0.00943,3.36E-13,0.032
4280,0.10071,0.99056,0.00944,3.37E-13,0.03204
4281,0.10071,0.99055,0.00945,3.38E-13,0.03208
4282,0.10071,0.99054,0.00946,3.39E-13,0.03211
4283,0.10071,0.99052,0.00948,3.40E-13,0.03215
4284,0.10071,0.99051,0.00949,3.41E-13,0.03219
4285,0.10071,0.9905,0.0095,3.42E-13,0.03223
4286,0.10071,0.99049,0.00951,3.42E-13,0.03226
4287,0.10072,0.99048,0.00952,3.43E-13,0.0323
4288,0.10072,0.99047,0.00953,3.44E-13,0.03234
4289,0.10072,0.99046,0.00954,3.45E-13,0.03237
4290,0.10072,0.99045,0.00955,3.46E-13,0.03241
4291,0.10072,0.99044,0.00956,3.47E-13,0.03244
4292,0.10072,0.99043,0.00957,3.48E-13,0.03248
4293,0.10072,0.99042,0.00958,3.49E-13,0.03252
4294,0.10072,0.99041,0.00959,3.49E-13,0.03255
4295,0.10072,0.9904,0.0096,3.50E-13,0.03259
4296,0.10072,0.99039,0.00961,3.51E-13,0.03262
4297,0.10072,0.99038,0.00962,3.52E-13,0.03265
4298,0.10072,0.99037,0.00963,3.53E-13,0.03269
4299,0.10072,0.99036,0.00964,3.54E-13,0.03272
4300,0.10073,0.99035,0.00965,3.55E-13,0.03276
4301,0.10073,0.99034,0.00966,3.55E-13,0.03279
4302,0.10073,0.99033,0.00967,3.56E-13,0.03282
4303,0.10073,0.99032,0.00968,3.57E-13,0.03286
4304,0.10073,0.99031,0.00969,3.58E-13,0.03289
4305,0.10073,0.9903,0.0097,3.59E-13,0.03292
4306,0.10073,0.99029,0.00971,3.60E-13,0.03296
4307,0.10073,0.99028,0.00972,3.61E-13,0.03299
4308,0.10073,0.99027,0.00973,3.61E-13,0.03302
4309,0.10073,0.99026,0.00974,3.62E-13,0.03305
4310,0.10073,0.99025,0.00975,3.63E-13,0.03309
4311,0.10073,0.99024,0.00976,3.64E-13,0.03312
4312,0.10073,0.99023,0.00977,3.65E-13,0.03315
4313,0.10074,0.99022,0.00978,3.66E-13,0.03318
4314,0.10074,0.99021,0.00979,3.67E-13,0.03321
4315,0.10074,0.9902,0.0098,3.67E-13,0.03324
4316,0.10074,0.99019,0.00981,3.68E-13,0.03328
4317,0.10074,0.99018,0.00982,3.69E-13,0.03331
4318,0.10074,0.99017,0.00983,3.70E-13,0.03334
4319,0.10074,0.99017,0.00983,3.71E-13,0.03337
4320,0.10074,0.99016,0.00984,3.72E-13,0.0334
4321,0.10074,0.99015,0.00985,3.72E-13,0.03343
4322,0.10074,0.99014,0.00986,3.73E-13,0.03346
4323,0.10074,0.99013,0.00987,3.74E-13,0.03349
4324,0.10074,0.99012,0.00988,3.75E-13,0.03352
4325,0.10074,0.99011,0.00989,3.76E-13,0.03355
4326,0.10075,0.9901,0.0099,3.77E-13,0.03357
4327,0.10075,0.9901,0.0099,3.77E-13,0.0336
4328,0.10075,0.99009,0.00991,3.78E-13,0.03363
4329,0.10075,0.99008,0.00992,3.79E-13,0.03366
4330,0.10075,0.99007,0.00993,3.80E-13,0.03369
4331,0.10075,0.99006,0.00994,3.81E-13,0.03372
4332,0.10075,0.99006,0.00995,3.82E-13,0.03374
4333,0.10075,0.99005,0.00995,3.82E-13,0.03377
4334,0.10075,0.99004,0.00996,3.83E-13,0.0338
4335,0.10075,0.99003,0.00997,3.84E-13,0.03383
4336,0.10075,0.99002,0.00998,3.85E-13,0.03385
4337,0.10075,0.99001,0.00999,3.86E-13,0.03388
4338,0.10075,0.99001,0.00999,3.86E-13,0.03391
4339,0.10075,0.99,0.01,3.87E-13,0.03393
4340,0.10076,0.98999,0.01001,3.88E-13,0.03396
4341,0.10076,0.98998,0.01002,3.89E-13,0.03399
4342,0.10076,0.98998,0.01002,3.90E-13,0.03401
4343,0.10076,0.98997,0.01003,3.91E-13,0.03404
4344,0.10076,0.98996,0.01004,3.91E-13,0.03406
4345,0.10076,0.98995,0.01005,3.92E-13,0.03409
4346,0.10076,0.98995,0.01005,3.93E-13,0.03412
4347,0.10076,0.98994,0.01006,3.94E-13,0.03414
4348,0.10076,0.98993,0.01007,3.95E-13,0.03417
4349,0.10076,0.98992,0.01008,3.95E-13,0.03419
4350,0.10076,0.98992,0.01008,3.96E-13,0.03422
4351,0.10076,0.98991,0.01009,3.97E-13,0.03424
4352,0.10076,0.9899,0.0101,3.98E-13,0.03427
4353,0.10076,0.98989,0.01011,3.99E-13,0.03429
4354,0.10077,0.98989,0.01011,3.99E-13,0.03431
4355,0.10077,0.98988,0.01012,4.00E-13,0.03434
4356,0.10077,0.98987,0.01013,4.01E-13,0.03436
4357,0.10077,0.98987,0.01013,4.02E-13,0.03439
4358,0.10077,0.98986,0.01014,4.02E-13,0.03441
4359,0.10077,0.98985,0.01015,4.03E-13,0.03443
4360,0.10077,0.98984,0.01016,4.04E-13,0.03446
4361,0.10077,0.98984,0.01016,4.05E-13,0.03448
4362,0.10077,0.98983,0.01017,4.06E-13,0.0345
4363,0.10077,0.98982,0.01018,4.06E-13,0.03453
4364,0.10077,0.98982,0.01018,4.07E-13,0.03455
4365,0.10077,0.98981,0.01019,4.08E-13,0.03457
4366,0.10077,0.9898,0.0102,4.09E-13,0.0346
4367,0.10077,0.9898,0.0102,4.09E-13,0.03462
4368,0.10077,0.98979,0.01021,4.10E-13,0.03464
4369,0.10078,0.98978,0.01022,4.11E-13,0.03466
4370,0.10078,0.98978,0.01022,4.12E-13,0.03469
4371,0.10078,0.98977,0.01023,4.12E-13,0.03471
4372,0.10078,0.98976,0.01024,4.13E-13,0.03473
4373,0.10078,0.98976,0.01024,4.14E-13,0.03475
4374,0.10078,0.98975,0.01025,4.15E-13,0.03477
4375,0.10078,0.98975,0.01026,4.16E-13,0.0348
4376,0.10078,0.98974,0.01026,4.16E-13,0.03482
4377,0.10078,0.98973,0.01027,4.17E-13,0.03484
4378,0.10078,0.98973,0.01027,4.18E-13,0.03486
4379,0.10078,0.98972,0.01028,4.19E-13,0.03488
4380,0.10078,0.98971,0.01029,4.19E-13,0.0349
4381,0.10078,0.98971,0.01029,4.20E-13,0.03492
4382,0.10078,0.9897,0.0103,4.21E-13,0.03494
4383,0.10078,0.9897,0.0103,4.21E-13,0.03496
4384,0.10079,0.98969,0.01031,4.22E-13,0.03498
4385,0.10079,0.98968,0.01032,4.23E-13,0.035
4386,0.10079,0.98968,0.01032,4.24E-13,0.03503
4387,0.10079,0.98967,0.01033,4.24E-13,0.03505
4388,0.10079,0.98967,0.01033,4.25E-13,0.03507
4389,0.10079,0.98966,0.01034,4.26E-13,0.03508
4390,0.10079,0.98965,0.01035,4.27E-13,0.0351
4391,0.10079,0.98965,0.01035,4.27E-13,0.03512
4392,0.10079,0.98964,0.01036,4.28E-13,0.03514
4393,0.10079,0.98964,0.01036,4.29E-13,0.03516
4394,0.10079,0.98963,0.01037,4.30E-13,0.03518
4395,0.10079,0.98963,0.01037,4.30E-13,0.0352
4396,0.10079,0.98962,0.01038,4.31E-13,0.03522
4397,0.10079,0.98961,0.01039,4.32E-13,0.03524
4398,0.10079,0.98961,0.01039,4.32E-13,0.03525
4399,0.10079,0.98963,0.01037,4.33E-13,0.0352
4400,0.10079,0.98966,0.01034,4.34E-13,0.03507
4401,0.10079,0.98971,0.01029,4.35E-13,0.03491
4402,0.10079,0.98977,0.01023,4.35E-13,0.03471
4403,0.10079,0.98983,0.01017,4.36E-13,0.03449
4404,0.10079,0.9899,0.0101,4.36E-13,0.03427
4405,0.10079,0.98996,0.01004,4.37E-13,0.03405
4406,0.10079,0.99003,0.00997,4.38E-13,0.03384
4407,0.10079,0.99009,0.00991,4.38E-13,0.03362
4408,0.10078,0.99015,0.00985,4.39E-13,0.03342
4409,0.10078,0.99021,0.00979,4.39E-13,0.03321
4410,0.10078,0.99027,0.00973,4.40E-13,0.03301
4411,0.10078,0.99033,0.00967,4.40E-13,0.03282
4412,0.10078,0.99039,0.00961,4.41E-13,0.03262
4413,0.10078,0.99044,0.00956,4.41E-13,0.03243
4414,0.10078,0.9905,0.0095,4.42E-13,0.03223
4415,0.10078,0.99056,0.00944,4.42E-13,0.03204
4416,0.10078,0.99061,0.00939,4.42E-13,0.03185
4417,0.10077,0.99067,0.00933,4.43E-13,0.03166
4418,0.10077,0.99073,0.00927,4.43E-13,0.03147
4419,0.10077,0.99078,0.00922,4.43E-13,0.03128
4420,0.10077,0.99084,0.00916,4.44E-13,0.03109
4421,0.10077,0.99089,0.00911,4.44E-13,0.0309
4422,0.10077,0.99095,0.00905,4.44E-13,0.03072
4423,0.10077,0.991,0.009,4.45E-13,0.03053
4424,0.10077,0.99106,0.00894,4.45E-13,0.03035
4425,0.10076,0.99111,0.00889,4.45E-13,0.03017
4426,0.10076,0.99116,0.00884,4.45E-13,0.02999
4427,0.10076,0.99122,0.00878,4.46E-13,0.02981
4428,0.10076,0.99127,0.00873,4.46E-13,0.02963
4429,0.10076,0.99132,0.00868,4.46E-13,0.02945
4430,0.10076,0.99137,0.00863,4.46E-13,0.02927
4431,0.10076,0.99143,0.00857,4.46E-13,0.02909
4432,0.10076,0.99148,0.00852,4.46E-13,0.02892
4433,0.10076,0.99153,0.00847,4.47E-13,0.02874
4434,0.10075,0.99158,0.00842,4.47E-13,0.02857
4435,0.10075,0.99163,0.00837,4.47E-13,0.0284
4436,0.10075,0.99168,0.00832,4.47E-13,0.02823
4437,0.10075,0.99173,0.00827,4.47E-13,0.02806
4438,0.10075,0.99178,0.00822,4.47E-13,0.02789
4439,0.10075,0.99183,0.00817,4.47E-13,0.02772
4440,0.10075,0.99188,0.00812,4.47E-13,0.02755
4441,0.10075,0.99193,0.00807,4.47E-13,0.02739
4442,0.10075,0.99198,0.00802,4.47E-13,0.02722
4443,0.10074,0.99202,0.00798,4.47E-13,0.02706
4444,0.10074,0.99207,0.00793,4.47E-13,0.0269
4445,0.10074,0.99212,0.00788,4.47E-13,0.02673
4446,0.10074,0.99217,0.00783,4.47E-13,0.02657
4447,0.10074,0.99222,0.00778,4.47E-13,0.02641
4448,0.10074,0.99226,0.00774,4.47E-13,0.02625
4449,0.10074,0.99231,0.00769,4.46E-13,0.0261
4450,0.10074,0.99236,0.00764,4.46E-13,0.02594
4451,0.10074,0.9924,0.0076,4.46E-13,0.02578
4452,0.10073,0.99245,0.00755,4.46E-13,0.02563
4453,0.10073,0.99249,0.00751,4.46E-13,0.02547
4454,0.10073,0.99254,0.00746,4.46E-13,0.02532
4455,0.10073,0.99258,0.00742,4.46E-13,0.02517
4456,0.10073,0.99263,0.00737,4.45E-13,0.02502
4457,0.10073,0.99267,0.00733,4.45E-13,0.02487
4458,0.10073,0.99272,0.00728,4.45E-13,0.02472
4459,0.10073,0.99276,0.00724,4.45E-13,0.02457
4460,0.10073,0.9928,0.0072,4.44E-13,0.02442
4461,0.10072,0.99285,0.00715,4.44E-13,0.02427
4462,0.10072,0.99289,0.00711,4.44E-13,0.02413
4463,0.10072,0.99293,0.00707,4.44E-13,0.02398
4464,0.10072,0.99298,0.00702,4.43E-13,0.02384
4465,0.10072,0.99302,0.00698,4.43E-13,0.02369
4466,0.10072,0.99306,0.00694,4.43E-13,0.02355
4467,0.10072,0.9931,0.0069,4.42E-13,0.02341
4468,0.10072,0.99314,0.00686,4.42E-13,0.02327
4469,0.10072,0.99318,0.00682,4.42E-13,0.02313
4470,0.10071,0.99322,0.00678,4.41E-13,0.02299
4471,0.10071,0.99327,0.00673,4.41E-13,0.02285
4472,0.10071,0.99331,0.00669,4.41E-13,0.02271
4473,0.10071,0.99335,0.00665,4.40E-13,0.02258
4474,0.10071,0.99339,0.00661,4.40E-13,0.02244
4475,0.10071,0.99343,0.00657,4.40E-13,0.0223
4476,0.10071,0.99347,0.00653,4.39E-13,0.02217
4477,0.10071,0.99351,0.00649,4.39E-13,0.02204
4478,0.10071,0.99354,0.00646,4.38E-13,0.0219
4479,0.1007,0.99358,0.00642,4.38E-13,0.02177
4480,0.1007,0.99362,0.00638,4.37E-13,0.02164
4481,0.1007,0.99366,0.00634,4.37E-13,0.02151
4482,0.1007,0.9937,0.0063,4.37E-13,0.02138
4483,0.1007,0.99374,0.00626,4.36E-13,0.02125
4484,0.1007,0.99377,0.00623,4.36E-13,0.02113
4485,0.1007,0.99381,0.00619,4.35E-13,0.021
4486,0.1007,0.99385,0.00615,4.35E-13,0.02087
4487,0.1007,0.99389,0.00611,4.34E-13,0.02075
4488,0.1007,0.99392,0.00608,4.34E-13,0.02062
4489,0.10069,0.99396,0.00604,4.33E-13,0.0205
4490,0.10069,0.99399,0.00601,4.33E-13,0.02038
4491,0.10069,0.99403,0.00597,4.32E-13,0.02025
4492,0.10069,0.99407,0.00593,4.32E-13,0.02013
4493,0.10069,0.9941,0.0059,4.31E-13,0.02001
4494,0.10069,0.99414,0.00586,4.31E-13,0.01989
4495,0.10069,0.99417,0.00583,4.30E-13,0.01977
4496,0.10069,0.99421,0.00579,4.29E-13,0.01965
4497,0.10069,0.99424,0.00576,4.29E-13,0.01953
4498,0.10068,0.99428,0.00572,4.28E-13,0.01942
4499,0.10068,0.99431,0.00569,4.28E-13,0.0193
4500,0.10068,0.99435,0.00565,4.27E-13,0.01918
4501,0.10068,0.99438,0.00562,4.26E-13,0.01907
4502,0.10068,0.99441,0.00559,4.26E-13,0.01895
4503,0.10068,0.99445,0.00555,4.25E-13,0.01884
4504,0.10068,0.99448,0.00552,4.25E-13,0.01873
4505,0.10068,0.99451,0.00549,4.24E-13,0.01861
4506,0.10068,0.99455,0.00545,4.23E-13,0.0185
4507,0.10068,0.99458,0.00542,4.23E-13,0.01839
4508,0.10067,0.99461,0.00539,4.22E-13,0.01828
4509,0.10067,0.99464,0.00536,4.21E-13,0.01817
4510,0.10067,0.99468,0.00532,4.21E-13,0.01806
4511,0.10067,0.99471,0.00529,4.20E-13,0.01795
4512,0.10067,0.99474,0.00526,4.19E-13,0.01784
4513,0.10067,0.99477,0.00523,4.19E-13,0.01774
4514,0.10067,0.9948,0.0052,4.18E-13,0.01763
4515,0.10067,0.99484,0.00516,4.17E-13,0.01752
4516,0.10067,0.99487,0.00513,4.17E-13,0.01742
4517,0.10067,0.9949,0.0051,4.16E-13,0.01731
4518,0.10066,0.99493,0.00507,4.15E-13,0.01721
4519,0.10066,0.99496,0.00504,4.15E-13,0.01711
4520,0.10066,0.99499,0.00501,4.14E-13,0.017
4521,0.10066,0.99502,0.00498,4.13E-13,0.0169
4522,0.10066,0.99505,0.00495,4.13E-13,0.0168
4523,0.10066,0.99508,0.00492,4.12E-13,0.0167
4524,0.10066,0.99511,0.00489,4.11E-13,0.0166
4525,0.10066,0.99514,0.00486,4.10E-13,0.0165
4526,0.10066,0.99517,0.00483,4.10E-13,0.0164
4527,0.10066,0.9952,0.0048,4.09E-13,0.0163
4528,0.10065,0.99522,0.00478,4.08E-13,0.0162
4529,0.10065,0.99525,0.00475,4.07E-13,0.01611
4530,0.10065,0.99528,0.00472,4.07E-13,0.01601
4531,0.10065,0.99531,0.00469,4.06E-13,0.01591
4532,0.10065,0.99534,0.00466,4.05E-13,0.01582
4533,0.10065,0.99537,0.00463,4.04E-13,0.01572
4534,0.10065,0.99539,0.00461,4.04E-13,0.01563
4535,0.10065,0.99542,0.00458,4.03E-13,0.01553
4536,0.10065,0.99545,0.00455,4.02E-13,0.01544
4537,0.10065,0.99548,0.00452,4.01E-13,0.01535
4538,0.10064,0.9955,0.0045,4.01E-13,0.01526
4539,0.10064,0.99553,0.00447,4.00E-13,0.01516
4540,0.10064,0.99556,0.00444,3.99E-13,0.01507
4541,0.10064,0.99558,0.00442,3.98E-13,0.01498
4542,0.10064,0.99561,0.00439,3.97E-13,0.01489
4543,0.10064,0.99564,0.00436,3.97E-13,0.0148
4544,0.10064,0.99566,0.00434,3.96E-13,0.01471
4545,0.10064,0.99569,0.00431,3.95E-13,0.01463
4546,0.10064,0.99572,0.00428,3.94E-13,0.01454
4547,0.10064,0.99574,0.00426,3.93E-13,0.01445
4548,0.10063,0.99577,0.00423,3.93E-13,0.01436
4549,0.10063,0.99579,0.00421,3.92E-13,0.01428
4550,0.10063,0.99582,0.00418,3.91E-13,0.01419
4551,0.10063,0.99584,0.00416,3.90E-13,0.01411
4552,0.10063,0.99587,0.00413,3.89E-13,0.01402
4553,0.10063,0.99589,0.00411,3.88E-13,0.01394
4554,0.10063,0.99592,0.00408,3.88E-13,0.01385
4555,0.10063,0.99594,0.00406,3.87E-13,0.01377
4556,0.10063,0.99597,0.00403,3.86E-13,0.01369
4557,0.10063,0.99599,0.00401,3.85E-13,0.0136
4558,0.10063,0.99601,0.00399,3.84E-13,0.01352
4559,0.10062,0.99604,0.00396,3.83E-13,0.01344
4560,0.10062,0.99606,0.00394,3.83E-13,0.01336
4561,0.10062,0.99609,0.00391,3.82E-13,0.01328
4562,0.10062,0.99611,0.00389,3.81E-13,0.0132
4563,0.10062,0.99613,0.00387,3.80E-13,0.01312
4564,0.10062,0.99616,0.00384,3.79E-13,0.01304
4565,0.10062,0.99618,0.00382,3.78E-13,0.01296
4566,0.10062,0.9962,0.0038,3.77E-13,0.01289
4567,0.10062,0.99623,0.00377,3.77E-13,0.01281
4568,0.10062,0.99625,0.00375,3.76E-13,0.01273
4569,0.10061,0.99627,0.00373,3.75E-13,0.01266
4570,0.10061,0.99629,0.00371,3.74E-13,0.01258
4571,0.10061,0.99631,0.00369,3.73E-13,0.0125
4572,0.10061,0.99634,0.00366,3.72E-13,0.01243
4573,0.10061,0.99636,0.00364,3.71E-13,0.01235
4574,0.10061,0.99638,0.00362,3.71E-13,0.01228
4575,0.10061,0.9964,0.0036,3.70E-13,0.01221
4576,0.10061,0.99642,0.00358,3.69E-13,0.01213
4577,0.10061,0.99645,0.00355,3.68E-13,0.01206
4578,0.10061,0.99647,0.00353,3.67E-13,0.01199
4579,0.10061,0.99649,0.00351,3.66E-13,0.01191
4580,0.1006,0.99651,0.00349,3.65E-13,0.01184
4581,0.1006,0.99653,0.00347,3.64E-13,0.01177
4582,0.1006,0.99655,0.00345,3.64E-13,0.0117
4583,0.1006,0.99657,0.00343,3.63E-13,0.01163
4584,0.1006,0.99659,0.00341,3.62E-13,0.01156
4585,0.1006,0.99661,0.00339,3.61E-13,0.01149
4586,0.1006,0.99663,0.00337,3.60E-13,0.01142
4587,0.1006,0.99665,0.00335,3.59E-13,0.01135
4588,0.1006,0.99667,0.00333,3.58E-13,0.01129
4589,0.1006,0.99669,0.00331,3.57E-13,0.01122
4590,0.1006,0.99671,0.00329,3.56E-13,0.01115
4591,0.10059,0.99673,0.00327,3.56E-13,0.01108
4592,0.10059,0.99675,0.00325,3.55E-13,0.01102
4593,0.10059,0.99677,0.00323,3.54E-13,0.01095
4594,0.10059,0.99679,0.00321,3.53E-13,0.01088
4595,0.10059,0.99681,0.00319,3.52E-13,0.01082
4596,0.10059,0.99683,0.00317,3.51E-13,0.01075
4597,0.10059,0.99685,0.00315,3.50E-13,0.01069
4598,0.10059,0.99687,0.00313,3.49E-13,0.01062
4599,0.10059,0.99689,0.00311,3.48E-13,0.01056
4600,0.10059,0.99691,0.00309,3.47E-13,0.0105
4601,0.10059,0.99692,0.00308,3.47E-13,0.01043
4602,0.10058,0.99694,0.00306,3.46E-13,0.01037
4603,0.10058,0.99696,0.00304,3.45E-13,0.01031
4604,0.10058,0.99698,0.00302,3.44E-13,0.01025
4605,0.10058,0.997,0.003,3.43E-13,0.01019
4606,0.10058,0.99702,0.00298,3.42E-13,0.01012
4607,0.10058,0.99703,0.00297,3.41E-13,0.01006
4608,0.10058,0.99705,0.00295,3.40E-13,0.01
4609,0.10058,0.99707,0.00293,3.39E-13,0.00994
4610,0.10058,0.99709,0.00291,3.38E-13,0.00988
4611,0.10058,0.9971,0.0029,3.37E-13,0.00982
4612,0.10058,0.99712,0.00288,3.37E-13,0.00976
4613,0.10058,0.99714,0.00286,3.36E-13,0.00971
4614,0.10057,0.99716,0.00284,3.35E-13,0.00965
4615,0.10057,0.99717,0.00283,3.34E-13,0.00959
4616,0.10057,0.99719,0.00281,3.33E-13,0.00953
4617,0.10057,0.99721,0.00279,3.32E-13,0.00947
4618,0.10057,0.99722,0.00278,3.31E-13,0.00942
4619,0.10057,0.99724,0.00276,3.30E-13,0.00936
4620,0.10057,0.99726,0.00274,3.29E-13,0.0093
4621,0.10057,0.99727,0.00273,3.28E-13,0.00925
4622,0.10057,0.99729,0.00271,3.28E-13,0.00919
4623,0.10057,0.99731,0.00269,3.27E-13,0.00914
4624,0.10057,0.99732,0.00268,3.26E-13,0.00908
4625,0.10056,0.99734,0.00266,3.25E-13,0.00903
4626,0.10056,0.99736,0.00264,3.24E-13,0.00897
4627,0.10056,0.99737,0.00263,3.23E-13,0.00892
4628,0.10056,0.99739,0.00261,3.22E-13,0.00887
4629,0.10056,0.9974,0.0026,3.21E-13,0.00881
4630,0.10056,0.99742,0.00258,3.20E-13,0.00876
4631,0.10056,0.99743,0.00257,3.19E-13,0.00871
4632,0.10056,0.99745,0.00255,3.18E-13,0.00866
4633,0.10056,0.99746,0.00254,3.18E-13,0.0086
4634,0.10056,0.99748,0.00252,3.17E-13,0.00855
4635,0.10056,0.99749,0.00251,3.16E-13,0.0085
4636,0.10056,0.99751,0.00249,3.15E-13,0.00845
4637,0.10055,0.99752,0.00248,3.14E-13,0.0084
4638,0.10055,0.99754,0.00246,3.13E-13,0.00835
4639,0.10055,0.99755,0.00245,3.12E-13,0.0083
4640,0.10055,0.99757,0.00243,3.11E-13,0.00825
4641,0.10055,0.99758,0.00242,3.10E-13,0.0082
4642,0.10055,0.9976,0.0024,3.09E-13,0.00815
4643,0.10055,0.99761,0.00239,3.09E-13,0.0081
4644,0.10055,0.99763,0.00237,3.08E-13,0.00805
4645,0.10055,0.99764,0.00236,3.07E-13,0.008
4646,0.10055,0.99766,0.00234,3.06E-13,0.00796
4647,0.10055,0.99767,0.00233,3.05E-13,0.00791
4648,0.10055,0.99768,0.00232,3.04E-13,0.00786
4649,0.10054,0.9977,0.0023,3.03E-13,0.00781
4650,0.10054,0.99771,0.00229,3.02E-13,0.00777
4651,0.10054,0.99772,0.00228,3.01E-13,0.00772
4652,0.10054,0.99774,0.00226,3.00E-13,0.00767
4653,0.10054,0.99775,0.00225,3.00E-13,0.00763
4654,0.10054,0.99777,0.00223,2.99E-13,0.00758
4655,0.10054,0.99778,0.00222,2.98E-13,0.00754
4656,0.10054,0.99779,0.00221,2.97E-13,0.00749
4657,0.10054,0.99781,0.00219,2.96E-13,0.00745
4658,0.10054,0.99782,0.00218,2.95E-13,0.0074
4659,0.10054,0.99783,0.00217,2.94E-13,0.00736
4660,0.10054,0.99785,0.00216,2.93E-13,0.00731
4661,0.10053,0.99786,0.00214,2.92E-13,0.00727
4662,0.10053,0.99787,0.00213,2.92E-13,0.00722
4663,0.10053,0.99788,0.00212,2.91E-13,0.00718
4664,0.10053,0.9979,0.0021,2.90E-13,0.00714
4665,0.10053,0.99791,0.00209,2.89E-13,0.00709
4666,0.10053,0.99792,0.00208,2.88E-13,0.00705
4667,0.10053,0.99793,0.00207,2.87E-13,0.00701
4668,0.10053,0.99795,0.00205,2.86E-13,0.00697
4669,0.10053,0.99796,0.00204,2.85E-13,0.00693
4670,0.10053,0.99797,0.00203,2.84E-13,0.00688
4671,0.10053,0.99798,0.00202,2.84E-13,0.00684
4672,0.10053,0.998,0.002,2.83E-13,0.0068
4673,0.10053,0.99801,0.00199,2.82E-13,0.00676
4674,0.10052,0.99802,0.00198,2.81E-13,0.00672
4675,0.10052,0.99803,0.00197,2.80E-13,0.00668
4676,0.10052,0.99804,0.00196,2.79E-13,0.00664
4677,0.10052,0.99805,0.00195,2.78E-13,0.0066
4678,0.10052,0.99807,0.00193,2.78E-13,0.00656
4679,0.10052,0.99808,0.00192,2.77E-13,0.00652
4680,0.10052,0.99809,0.00191,2.76E-13,0.00648
4681,0.10052,0.9981,0.0019,2.75E-13,0.00644
4682,0.10052,0.99811,0.00189,2.74E-13,0.00641
4683,0.10052,0.99812,0.00188,2.73E-13,0.00637
4684,0.10052,0.99813,0.00187,2.72E-13,0.00633
4685,0.10052,0.99815,0.00185,2.71E-13,0.00629
4686,0.10051,0.99816,0.00184,2.71E-13,0.00625
4687,0.10051,0.99817,0.00183,2.70E-13,0.00622
4688,0.10051,0.99818,0.00182,2.69E-13,0.00618
4689,0.10051,0.99819,0.00181,2.68E-13,0.00614
4690,0.10051,0.9982,0.0018,2.67E-13,0.0061
4691,0.10051,0.99821,0.00179,2.66E-13,0.00607
4692,0.10051,0.99822,0.00178,2.65E-13,0.00603
4693,0.10051,0.99823,0.00177,2.65E-13,0.00599
4694,0.10051,0.99824,0.00176,2.64E-13,0.00596
4695,0.10051,0.99825,0.00175,2.63E-13,0.00592
4696,0.10051,0.99826,0.00174,2.62E-13,0.00589
4697,0.10051,0.99828,0.00172,2.61E-13,0.00585
4698,0.10051,0.99829,0.00171,2.60E-13,0.00582
4699,0.1005,0.9983,0.0017,2.60E-13,0.00578
4700,0.1005,0.99831,0.00169,2.59E-13,0.00575
4701,0.1005,0.99832,0.00168,2.58E-13,0.00571
4702,0.1005,0.99833,0.00167,2.57E-13,0.00568
4703,0.1005,0.99834,0.00166,2.56E-13,0.00564
4704,0.1005,0.99835,0.00165,2.55E-13,0.00561
4705,0.1005,0.99836,0.00164,2.55E-13,0.00558
4706,0.1005,0.99837,0.00163,2.54E-13,0.00554
4707,0.1005,0.99838,0.00162,2.53E-13,0.00551
4708,0.1005,0.99839,0.00161,2.52E-13,0.00548
4709,0.1005,0.9984,0.0016,2.51E-13,0.00544
4710,0.1005,0.99841,0.00159,2.50E-13,0.00541
4711,0.1005,0.99842,0.00159,2.50E-13,0.00538
4712,0.10049,0.99842,0.00158,2.49E-13,0.00535
4713,0.10049,0.99843,0.00157,2.48E-13,0.00531
4714,0.10049,0.99844,0.00156,2.47E-13,0.00528
4715,0.10049,0.99845,0.00155,2.46E-13,0.00525
4716,0.10049,0.99846,0.00154,2.45E-13,0.00522
4717,0.10049,0.99847,0.00153,2.45E-13,0.00519
4718,0.10049,0.99848,0.00152,2.44E-13,0.00516
4719,0.10049,0.99849,0.00151,2.43E-13,0.00513
4720,0.10049,0.9985,0.0015,2.42E-13,0.00509
4721,0.10049,0.99851,0.00149,2.41E-13,0.00506
4722,0.10049,0.99852,0.00148,2.41E-13,0.00503
4723,0.10049,0.99853,0.00147,2.40E-13,0.005
4724,0.10049,0.99853,0.00147,2.39E-13,0.00497
4725,0.10049,0.99854,0.00146,2.38E-13,0.00494
4726,0.10048,0.99855,0.00145,2.37E-13,0.00491
4727,0.10048,0.99856,0.00144,2.37E-13,0.00488
4728,0.10048,0.99857,0.00143,2.36E-13,0.00486
4729,0.10048,0.99858,0.00142,2.35E-13,0.00483
4730,0.10048,0.99859,0.00141,2.34E-13,0.0048
4731,0.10048,0.99859,0.00141,2.33E-13,0.00477
4732,0.10048,0.9986,0.0014,2.33E-13,0.00474
4733,0.10048,0.99861,0.00139,2.32E-13,0.00471
4734,0.10048,0.99862,0.00138,2.31E-13,0.00468
4735,0.10048,0.99863,0.00137,2.30E-13,0.00465
4736,0.10048,0.99864,0.00136,2.30E-13,0.00463
4737,0.10048,0.99864,0.00136,2.29E-13,0.0046
4738,0.10048,0.99865,0.00135,2.28E-13,0.00457
4739,0.10048,0.99866,0.00134,2.27E-13,0.00454
4740,0.10047,0.99867,0.00133,2.26E-13,0.00452
4741,0.10047,0.99868,0.00132,2.26E-13,0.00449
4742,0.10047,0.99868,0.00132,2.25E-13,0.00446
4743,0.10047,0.99869,0.00131,2.24E-13,0.00444
4744,0.10047,0.9987,0.0013,2.23E-13,0.00441
4745,0.10047,0.99871,0.00129,2.23E-13,0.00438
4746,0.10047,0.99872,0.00128,2.22E-13,0.00436
4747,0.10047,0.99872,0.00128,2.21E-13,0.00433
4748,0.10047,0.99873,0.00127,2.20E-13,0.0043
4749,0.10047,0.99874,0.00126,2.20E-13,0.00428
4750,0.10047,0.99875,0.00125,2.19E-13,0.00425
4751,0.10047,0.99875,0.00125,2.18E-13,0.00423
4752,0.10047,0.99876,0.00124,2.17E-13,0.0042
4753,0.10047,0.99877,0.00123,2.16E-13,0.00418
4754,0.10046,0.99878,0.00122,2.16E-13,0.00415
4755,0.10046,0.99878,0.00122,2.15E-13,0.00413
4756,0.10046,0.99879,0.00121,2.14E-13,0.0041
4757,0.10046,0.9988,0.0012,2.13E-13,0.00408
4758,0.10046,0.99881,0.00119,2.13E-13,0.00405
4759,0.10046,0.99881,0.00119,2.12E-13,0.00403
4760,0.10046,0.99882,0.00118,2.11E-13,0.004
4761,0.10046,0.99883,0.00117,2.11E-13,0.00398
4762,0.10046,0.99883,0.00117,2.10E-13,0.00396
4763,0.10046,0.99884,0.00116,2.09E-13,0.00393
4764,0.10046,0.99885,0.00115,2.08E-13,0.00391
4765,0.10046,0.99886,0.00114,2.08E-13,0.00388
4766,0.10046,0.99886,0.00114,2.07E-13,0.00386
4767,0.10046,0.99887,0.00113,2.06E-13,0.00384
4768,0.10045,0.99888,0.00112,2.05E-13,0.00382
4769,0.10045,0.99888,0.00112,2.05E-13,0.00379
4770,0.10045,0.99889,0.00111,2.04E-13,0.00377
4771,0.10045,0.9989,0.0011,2.03E-13,0.00375
4772,0.10045,0.9989,0.0011,2.03E-13,0.00372
4773,0.10045,0.99891,0.00109,2.02E-13,0.0037
4774,0.10045,0.99892,0.00108,2.01E-13,0.00368
4775,0.10045,0.99892,0.00108,2.00E-13,0.00366
4776,0.10045,0.99893,0.00107,2.00E-13,0.00364
4777,0.10045,0.99894,0.00107,1.99E-13,0.00361
4778,0.10045,0.99894,0.00106,1.98E-13,0.00359
4779,0.10045,0.99895,0.00105,1.98E-13,0.00357
4780,0.10045,0.99895,0.00105,1.97E-13,0.00355
4781,0.10045,0.99896,0.00104,1.96E-13,0.00353
4782,0.10045,0.99897,0.00103,1.95E-13,0.00351
4783,0.10044,0.99897,0.00103,1.95E-13,0.00349
4784,0.10044,0.99898,0.00102,1.94E-13,0.00346
4785,0.10044,0.99899,0.00101,1.93E-13,0.00344
4786,0.10044,0.99899,0.00101,1.93E-13,0.00342
4787,0.10044,0.999,0.001,1.92E-13,0.0034
4788,0.10044,0.999,9.97E-04,1.91E-13,0.00338
4789,0.10044,0.99901,9.90E-04,1.91E-13,0.00336
4790,0.10044,0.99902,9.85E-04,1.90E-13,0.00334
4791,0.10044,0.99902,9.79E-04,1.89E-13,0.00332
4792,0.10044,0.99903,9.73E-04,1.89E-13,0.0033
4793,0.10044,0.99903,9.67E-04,1.88E-13,0.00328
4794,0.10044,0.99904,9.61E-04,1.87E-13,0.00326
4795,0.10044,0.99904,9.55E-04,1.87E-13,0.00324
4796,0.10044,0.99905,9.49E-04,1.86E-13,0.00322
4797,0.10044,0.99906,9.44E-04,1.85E-13,0.0032
4798,0.10043,0.99906,9.38E-04,1.84E-13,0.00318
4799,0.10043,0.99907,9.32E-04,1.84E-13,0.00316
4800,0.10043,0.99907,9.31E-04,1.83E-13,0.00316
4801,0.10043,0.99901,9.95E-04,1.82E-13,0.00337
4802,0.10044,0.99894,0.00106,1.82E-13,0.00359
4803,0.10044,0.99888,0.00112,1.81E-13,0.0038
4804,0.10044,0.99882,0.00118,1.81E-13,0.00401
4805,0.10044,0.99875,0.00125,1.80E-13,0.00423
4806,0.10044,0.99869,0.00131,1.80E-13,0.00444
4807,0.10044,0.99863,0.00137,1.79E-13,0.00464
4808,0.10044,0.99857,0.00143,1.78E-13,0.00485
4809,0.10044,0.99851,0.00149,1.78E-13,0.00506
4810,0.10045,0.99845,0.00155,1.77E-13,0.00526
4811,0.10045,0.99839,0.00161,1.77E-13,0.00546
4812,0.10045,0.99833,0.00167,1.77E-13,0.00567
4813,0.10045,0.99827,0.00173,1.76E-13,0.00587
4814,0.10045,0.99821,0.00179,1.76E-13,0.00607
4815,0.10045,0.99815,0.00185,1.75E-13,0.00626
4816,0.10045,0.9981,0.0019,1.75E-13,0.00646
4817,0.10045,0.99804,0.00196,1.74E-13,0.00666
4818,0.10046,0.99798,0.00202,1.74E-13,0.00685
4819,0.10046,0.99792,0.00208,1.74E-13,0.00705
4820,0.10046,0.99787,0.00213,1.73E-13,0.00724
4821,0.10046,0.99781,0.00219,1.73E-13,0.00743
4822,0.10046,0.99775,0.00225,1.73E-13,0.00762
4823,0.10046,0.9977,0.0023,1.73E-13,0.00781
4824,0.10046,0.99764,0.00236,1.72E-13,0.008
4825,0.10046,0.99759,0.00241,1.72E-13,0.00818
4826,0.10046,0.99753,0.00247,1.72E-13,0.00837
4827,0.10047,0.99748,0.00252,1.72E-13,0.00855
4828,0.10047,0.99742,0.00258,1.71E-13,0.00874
4829,0.10047,0.99737,0.00263,1.71E-13,0.00892
4830,0.10047,0.99732,0.00268,1.71E-13,0.0091
4831,0.10047,0.99726,0.00274,1.71E-13,0.00928
4832,0.10047,0.99721,0.00279,1.71E-13,0.00946
4833,0.10047,0.99716,0.00284,1.71E-13,0.00964
4834,0.10047,0.99711,0.00289,1.71E-13,0.00981
4835,0.10048,0.99706,0.00294,1.70E-13,0.00999
4836,0.10048,0.997,0.003,1.70E-13,0.01016
4837,0.10048,0.99695,0.00305,1.70E-13,0.01034
4838,0.10048,0.9969,0.0031,1.70E-13,0.01051
4839,0.10048,0.99685,0.00315,1.70E-13,0.01068
4840,0.10048,0.9968,0.0032,1.70E-13,0.01085
4841,0.10048,0.99675,0.00325,1.70E-13,0.01102
4842,0.10048,0.9967,0.0033,1.70E-13,0.01119
4843,0.10048,0.99665,0.00335,1.70E-13,0.01136
4844,0.10049,0.9966,0.0034,1.70E-13,0.01152
4845,0.10049,0.99656,0.00344,1.70E-13,0.01169
4846,0.10049,0.99651,0.00349,1.70E-13,0.01185
4847,0.10049,0.99646,0.00354,1.70E-13,0.01201
4848,0.10049,0.99641,0.00359,1.70E-13,0.01217
4849,0.10049,0.99636,0.00364,1.70E-13,0.01234
4850,0.10049,0.99632,0.00368,1.70E-13,0.0125
4851,0.10049,0.99627,0.00373,1.71E-13,0.01265
4852,0.10049,0.99622,0.00378,1.71E-13,0.01281
4853,0.1005,0.99618,0.00382,1.71E-13,0.01297
4854,0.1005,0.99613,0.00387,1.71E-13,0.01313
4855,0.1005,0.99609,0.00391,1.71E-13,0.01328
4856,0.1005,0.99604,0.00396,1.71E-13,0.01344
4857,0.1005,0.996,0.004,1.71E-13,0.01359
4858,0.1005,0.99595,0.00405,1.72E-13,0.01374
4859,0.1005,0.99591,0.00409,1.72E-13,0.01389
4860,0.1005,0.99586,0.00414,1.72E-13,0.01404
4861,0.1005,0.99582,0.00418,1.72E-13,0.01419
4862,0.10051,0.99577,0.00423,1.72E-13,0.01434
4863,0.10051,0.99573,0.00427,1.73E-13,0.01449
4864,0.10051,0.99569,0.00431,1.73E-13,0.01463
4865,0.10051,0.99564,0.00436,1.73E-13,0.01478
4866,0.10051,0.9956,0.0044,1.73E-13,0.01492
4867,0.10051,0.99556,0.00444,1.74E-13,0.01507
4868,0.10051,0.99552,0.00448,1.74E-13,0.01521
4869,0.10051,0.99547,0.00453,1.74E-13,0.01535
4870,0.10051,0.99543,0.00457,1.75E-13,0.0155
4871,0.10052,0.99539,0.00461,1.75E-13,0.01564
4872,0.10052,0.99535,0.00465,1.75E-13,0.01578
4873,0.10052,0.99531,0.00469,1.76E-13,0.01591
4874,0.10052,0.99527,0.00473,1.76E-13,0.01605
4875,0.10052,0.99523,0.00477,1.76E-13,0.01619
4876,0.10052,0.99519,0.00481,1.77E-13,0.01633
4877,0.10052,0.99515,0.00485,1.77E-13,0.01646
4878,0.10052,0.99511,0.00489,1.77E-13,0.01659
4879,0.10052,0.99507,0.00493,1.78E-13,0.01673
4880,0.10053,0.99503,0.00497,1.78E-13,0.01686
4881,0.10053,0.99499,0.00501,1.79E-13,0.01699
4882,0.10053,0.99495,0.00505,1.79E-13,0.01712
4883,0.10053,0.99491,0.00509,1.79E-13,0.01725
4884,0.10053,0.99488,0.00512,1.80E-13,0.01738
4885,0.10053,0.99484,0.00516,1.80E-13,0.01751
4886,0.10053,0.9948,0.0052,1.81E-13,0.01764
4887,0.10053,0.99476,0.00524,1.81E-13,0.01777
4888,0.10053,0.99473,0.00527,1.82E-13,0.01789
4889,0.10054,0.99469,0.00531,1.82E-13,0.01802
4890,0.10054,0.99465,0.00535,1.83E-13,0.01814
4891,0.10054,0.99462,0.00538,1.83E-13,0.01827
4892,0.10054,0.99458,0.00542,1.84E-13,0.01839
4893,0.10054,0.99454,0.00546,1.84E-13,0.01851
4894,0.10054,0.99451,0.00549,1.85E-13,0.01863
4895,0.10054,0.99447,0.00553,1.85E-13,0.01875
4896,0.10054,0.99444,0.00556,1.86E-13,0.01887
4897,0.10054,0.9944,0.0056,1.86E-13,0.01899
4898,0.10054,0.99437,0.00563,1.87E-13,0.01911
4899,0.10055,0.99433,0.00567,1.87E-13,0.01923
4900,0.10055,0.9943,0.0057,1.88E-13,0.01935
4901,0.10055,0.99426,0.00574,1.88E-13,0.01946
4902,0.10055,0.99423,0.00577,1.89E-13,0.01958
4903,0.10055,0.9942,0.0058,1.90E-13,0.01969
4904,0.10055,0.99416,0.00584,1.90E-13,0.01981
4905,0.10055,0.99413,0.00587,1.91E-13,0.01992
4906,0.10055,0.9941,0.0059,1.91E-13,0.02003
4907,0.10055,0.99406,0.00594,1.92E-13,0.02015
4908,0.10056,0.99403,0.00597,1.93E-13,0.02026
4909,0.10056,0.994,0.006,1.93E-13,0.02037
4910,0.10056,0.99396,0.00604,1.94E-13,0.02048
4911,0.10056,0.99393,0.00607,1.94E-13,0.02059
4912,0.10056,0.9939,0.0061,1.95E-13,0.0207
4913,0.10056,0.99387,0.00613,1.96E-13,0.02081
4914,0.10056,0.99384,0.00616,1.96E-13,0.02091
4915,0.10056,0.9938,0.0062,1.97E-13,0.02102
4916,0.10056,0.99377,0.00623,1.98E-13,0.02113
4917,0.10056,0.99374,0.00626,1.98E-13,0.02123
4918,0.10057,0.99371,0.00629,1.99E-13,0.02134
4919,0.10057,0.99368,0.00632,2.00E-13,0.02144
4920,0.10057,0.99365,0.00635,2.00E-13,0.02154
4921,0.10057,0.99362,0.00638,2.01E-13,0.02165
4922,0.10057,0.99359,0.00641,2.02E-13,0.02175
4923,0.10057,0.99356,0.00644,2.02E-13,0.02185
4924,0.10057,0.99353,0.00647,2.03E-13,0.02195
4925,0.10057,0.9935,0.0065,2.04E-13,0.02205
4926,0.10057,0.99347,0.00653,2.04E-13,0.02215
4927,0.10057,0.99344,0.00656,2.05E-13,0.02225
4928,0.10058,0.99341,0.00659,2.06E-13,0.02235
4929,0.10058,0.99338,0.00662,2.07E-13,0.02245
4930,0.10058,0.99336,0.00664,2.07E-13,0.02254
4931,0.10058,0.99333,0.00667,2.08E-13,0.02264
4932,0.10058,0.9933,0.0067,2.09E-13,0.02274
4933,0.10058,0.99327,0.00673,2.09E-13,0.02283
4934,0.10058,0.99324,0.00676,2.10E-13,0.02293
4935,0.10058,0.99322,0.00678,2.11E-13,0.02302
4936,0.10058,0.99319,0.00681,2.12E-13,0.02311
4937,0.10058,0.99316,0.00684,2.12E-13,0.02321
4938,0.10059,0.99313,0.00687,2.13E-13,0.0233
4939,0.10059,0.99311,0.00689,2.14E-13,0.02339
4940,0.10059,0.99308,0.00692,2.15E-13,0.02348
4941,0.10059,0.99305,0.00695,2.15E-13,0.02357
4942,0.10059,0.99303,0.00697,2.16E-13,0.02366
4943,0.10059,0.993,0.007,2.17E-13,0.02375
4944,0.10059,0.99297,0.00703,2.18E-13,0.02384
4945,0.10059,0.99295,0.00705,2.18E-13,0.02393
4946,0.10059,0.99292,0.00708,2.19E-13,0.02402
4947,0.10059,0.9929,0.00711,2.20E-13,0.02411
4948,0.1006,0.99287,0.00713,2.21E-13,0.02419
4949,0.1006,0.99284,0.00716,2.22E-13,0.02428
4950,0.1006,0.99282,0.00718,2.22E-13,0.02437
4951,0.1006,0.99279,0.00721,2.23E-13,0.02445
4952,0.1006,0.99277,0.00723,2.24E-13,0.02454
4953,0.1006,0.99274,0.00726,2.25E-13,0.02462
4954,0.1006,0.99272,0.00728,2.26E-13,0.02471
4955,0.1006,0.99269,0.00731,2.26E-13,0.02479
4956,0.1006,0.99267,0.00733,2.27E-13,0.02487
4957,0.1006,0.99265,0.00736,2.28E-13,0.02496
4958,0.1006,0.99262,0.00738,2.29E-13,0.02504
4959,0.10061,0.9926,0.0074,2.30E-13,0.02512
4960,0.10061,0.99257,0.00743,2.30E-13,0.0252
4961,0.10061,0.99255,0.00745,2.31E-13,0.02528
4962,0.10061,0.99253,0.00747,2.32E-13,0.02536
4963,0.10061,0.9925,0.0075,2.33E-13,0.02544
4964,0.10061,0.99248,0.00752,2.34E-13,0.02552
4965,0.10061,0.99246,0.00754,2.35E-13,0.0256
4966,0.10061,0.99243,0.00757,2.35E-13,0.02567
4967,0.10061,0.99241,0.00759,2.36E-13,0.02575
4968,0.10061,0.99239,0.00761,2.37E-13,0.02583
4969,0.10061,0.99237,0.00763,2.38E-13,0.0259
4970,0.10062,0.99234,0.00766,2.39E-13,0.02598
4971,0.10062,0.99232,0.00768,2.40E-13,0.02605
4972,0.10062,0.9923,0.0077,2.41E-13,0.02613
4973,0.10062,0.99228,0.00772,2.41E-13,0.0262
4974,0.10062,0.99226,0.00774,2.42E-13,0.02628
4975,0.10062,0.99223,0.00777,2.43E-13,0.02635
4976,0.10062,0.99221,0.00779,2.44E-13,0.02643
4977,0.10062,0.99219,0.00781,2.45E-13,0.0265
4978,0.10062,0.99217,0.00783,2.46E-13,0.02657
4979,0.10062,0.99215,0.00785,2.47E-13,0.02664
4980,0.10063,0.99213,0.00787,2.47E-13,0.02671
4981,0.10063,0.99211,0.00789,2.48E-13,0.02678
4982,0.10063,0.99209,0.00791,2.49E-13,0.02686
4983,0.10063,0.99206,0.00794,2.50E-13,0.02693
4984,0.10063,0.99204,0.00796,2.51E-13,0.027
4985,0.10063,0.99202,0.00798,2.52E-13,0.02706
4986,0.10063,0.992,0.008,2.53E-13,0.02713
4987,0.10063,0.99198,0.00802,2.53E-13,0.0272
4988,0.10063,0.99196,0.00804,2.54E-13,0.02727
4989,0.10063,0.99194,0.00806,2.55E-13,0.02734
4990,0.10063,0.99192,0.00808,2.56E-13,0.02741
4991,0.10064,0.9919,0.0081,2.57E-13,0.02747
4992,0.10064,0.99188,0.00812,2.58E-13,0.02754
4993,0.10064,0.99186,0.00814,2.59E-13,0.02761
4994,0.10064,0.99184,0.00816,2.60E-13,0.02767
4995,0.10064,0.99183,0.00817,2.60E-13,0.02774
4996,0.10064,0.99181,0.00819,2.61E-13,0.0278
4997,0.10064,0.99179,0.00821,2.62E-13,0.02787
4998,0.10064,0.99177,0.00823,2.63E-13,0.02793
4999,0.10064,0.99175,0.00825,2.64E-13,0.02799
5000,0.10064,0.99173,0.00827,2.65E-13,0.02806
5001,0.10064,0.99171,0.00829,2.66E-13,0.02812
5002,0.10064,0.99169,0.00831,2.67E-13,0.02818
5003,0.10065,0.99168,0.00832,2.68E-13,0.02824
5004,0.10065,0.99166,0.00834,2.68E-13,0.0283
5005,0.10065,0.99164,0.00836,2.69E-13,0.02837
5006,0.10065,0.99162,0.00838,2.70E-13,0.02843
5007,0.10065,0.9916,0.0084,2.71E-13,0.02849
5008,0.10065,0.99159,0.00841,2.72E-13,0.02855
5009,0.10065,0.99157,0.00843,2.73E-13,0.02861
5010,0.10065,0.99155,0.00845,2.74E-13,0.02867
5011,0.10065,0.99153,0.00847,2.75E-13,0.02873
5012,0.10065,0.99152,0.00848,2.76E-13,0.02878
5013,0.10065,0.9915,0.0085,2.77E-13,0.02884
5014,0.10066,0.99148,0.00852,2.77E-13,0.0289
5015,0.10066,0.99147,0.00853,2.78E-13,0.02896
5016,0.10066,0.99145,0.00855,2.79E-13,0.02901
5017,0.10066,0.99143,0.00857,2.80E-13,0.02907
5018,0.10066,0.99142,0.00858,2.81E-13,0.02913
5019,0.10066,0.9914,0.0086,2.82E-13,0.02918
5020,0.10066,0.99138,0.00862,2.83E-13,0.02924
5021,0.10066,0.99137,0.00863,2.84E-13,0.0293
5022,0.10066,0.99135,0.00865,2.85E-13,0.02935
5023,0.10066,0.99133,0.00867,2.86E-13,0.02941
5024,0.10066,0.99132,0.00868,2.86E-13,0.02946
5025,0.10066,0.9913,0.0087,2.87E-13,0.02952
5026,0.10067,0.99129,0.00871,2.88E-13,0.02957
5027,0.10067,0.99127,0.00873,2.89E-13,0.02962
5028,0.10067,0.99125,0.00875,2.90E-13,0.02968
5029,0.10067,0.99124,0.00876,2.91E-13,0.02973
5030,0.10067,0.99122,0.00878,2.92E-13,0.02978
5031,0.10067,0.99121,0.00879,2.93E-13,0.02983
5032,0.10067,0.99119,0.00881,2.94E-13,0.02989
5033,0.10067,0.99118,0.00882,2.95E-13,0.02994
5034,0.10067,0.99116,0.00884,2.95E-13,0.02999
5035,0.10067,0.99115,0.00885,2.96E-13,0.03004
5036,0.10067,0.99113,0.00887,2.97E-13,0.03009
5037,0.10068,0.99112,0.00888,2.98E-13,0.03014
5038,0.10068,0.9911,0.0089,2.99E-13,0.03019
5039,0.10068,0.99109,0.00891,3.00E-13,0.03024
5040,0.10068,0.99107,0.00893,3.01E-13,0.03029
5041,0.10068,0.99106,0.00894,3.02E-13,0.03034
5042,0.10068,0.99104,0.00896,3.03E-13,0.03039
5043,0.10068,0.99103,0.00897,3.04E-13,0.03044
5044,0.10068,0.99102,0.00898,3.04E-13,0.03048
5045,0.10068,0.991,0.009,3.05E-13,0.03053
5046,0.10068,0.99099,0.00901,3.06E-13,0.03058
5047,0.10068,0.99097,0.00903,3.07E-13,0.03063
5048,0.10068,0.99096,0.00904,3.08E-13,0.03067
5049,0.10068,0.99095,0.00905,3.09E-13,0.03072
5050,0.10069,0.99093,0.00907,3.10E-13,0.03077
5051,0.10069,0.99092,0.00908,3.11E-13,0.03081
5052,0.10069,0.99091,0.00909,3.12E-13,0.03086
5053,0.10069,0.99089,0.00911,3.13E-13,0.0309
5054,0.10069,0.99088,0.00912,3.13E-13,0.03095
5055,0.10069,0.99086,0.00914,3.14E-13,0.031
5056,0.10069,0.99085,0.00915,3.15E-13,0.03104
5057,0.10069,0.99084,0.00916,3.16E-13,0.03108
5058,0.10069,0.99083,0.00917,3.17E-13,0.03113
5059,0.10069,0.99081,0.00919,3.18E-13,0.03117
5060,0.10069,0.9908,0.0092,3.19E-13,0.03122
5061,0.10069,0.99079,0.00921,3.20E-13,0.03126
5062,0.1007,0.99077,0.00923,3.21E-13,0.0313
5063,0.1007,0.99076,0.00924,3.22E-13,0.03135
5064,0.1007,0.99075,0.00925,3.22E-13,0.03139
5065,0.1007,0.99074,0.00926,3.23E-13,0.03143
5066,0.1007,0.99072,0.00928,3.24E-13,0.03147
5067,0.1007,0.99071,0.00929,3.25E-13,0.03152
5068,0.1007,0.9907,0.0093,3.26E-13,0.03156
5069,0.1007,0.99069,0.00931,3.27E-13,0.0316
5070,0.1007,0.99068,0.00932,3.28E-13,0.03164
5071,0.1007,0.99066,0.00934,3.29E-13,0.03168
5072,0.1007,0.99065,0.00935,3.30E-13,0.03172
5073,0.1007,0.99064,0.00936,3.30E-13,0.03176
5074,0.10071,0.99063,0.00937,3.31E-13,0.0318
5075,0.10071,0.99062,0.00938,3.32E-13,0.03184
5076,0.10071,0.9906,0.0094,3.33E-13,0.03188
5077,0.10071,0.99059,0.00941,3.34E-13,0.03192
5078,0.10071,0.99058,0.00942,3.35E-13,0.03196
5079,0.10071,0.99057,0.00943,3.36E-13,0.032
5080,0.10071,0.99056,0.00944,3.37E-13,0.03204
5081,0.10071,0.99055,0.00945,3.38E-13,0.03207
5082,0.10071,0.99054,0.00946,3.38E-13,0.03211
5083,0.10071,0.99053,0.00948,3.39E-13,0.03215
5084,0.10071,0.99051,0.00949,3.40E-13,0.03219
5085,0.10071,0.9905,0.0095,3.41E-13,0.03222
5086,0.10071,0.99049,0.00951,3.42E-13,0.03226
5087,0.10072,0.99048,0.00952,3.43E-13,0.0323
5088,0.10072,0.99047,0.00953,3.44E-13,0.03233
5089,0.10072,0.99046,0.00954,3.45E-13,0.03237
5090,0.10072,0.99045,0.00955,3.45E-13,0.03241
5091,0.10072,0.99044,0.00956,3.46E-13,0.03244
5092,0.10072,0.99043,0.00957,3.47E-13,0.03248
5093,0.10072,0.99042,0.00958,3.48E-13,0.03251
5094,0.10072,0.99041,0.00959,3.49E-13,0.03255
5095,0.10072,0.9904,0.0096,3.50E-13,0.03258
5096,0.10072,0.99039,0.00961,3.51E-13,0.03262
5097,0.10072,0.99038,0.00962,3.52E-13,0.03265
5098,0.10072,0.99037,0.00963,3.52E-13,0.03269
5099,0.10072,0.99036,0.00964,3.53E-13,0.03272
5100,0.10073,0.99035,0.00965,3.54E-13,0.03276
5101,0.10073,0.99034,0.00966,3.55E-13,0.03279
5102,0.10073,0.99033,0.00967,3.56E-13,0.03282
5103,0.10073,0.99032,0.00968,3.57E-13,0.03286
5104,0.10073,0.99031,0.00969,3.58E-13,0.03289
5105,0.10073,0.9903,0.0097,3.58E-13,0.03292
5106,0.10073,0.99029,0.00971,3.59E-13,0.03295
5107,0.10073,0.99028,0.00972,3.60E-13,0.03299
5108,0.10073,0.99027,0.00973,3.61E-13,0.03302
5109,0.10073,0.99026,0.00974,3.62E-13,0.03305
5110,0.10073,0.99025,0.00975,3.63E-13,0.03308
5111,0.10073,0.99024,0.00976,3.64E-13,0.03312
5112,0.10073,0.99023,0.00977,3.64E-13,0.03315
5113,0.10074,0.99022,0.00978,3.65E-13,0.03318
5114,0.10074,0.99021,0.00979,3.66E-13,0.03321
5115,0.10074,0.9902,0.0098,3.67E-13,0.03324
5116,0.10074,0.99019,0.00981,3.68E-13,0.03327
5117,0.10074,0.99018,0.00982,3.69E-13,0.0333
5118,0.10074,0.99018,0.00982,3.70E-13,0.03333
5119,0.10074,0.99017,0.00983,3.70E-13,0.03336
5120,0.10074,0.99016,0.00984,3.71E-13,0.03339
5121,0.10074,0.99015,0.00985,3.72E-13,0.03342
5122,0.10074,0.99014,0.00986,3.73E-13,0.03345
5123,0.10074,0.99013,0.00987,3.74E-13,0.03348
5124,0.10074,0.99012,0.00988,3.75E-13,0.03351
5125,0.10074,0.99011,0.00989,3.75E-13,0.03354
5126,0.10074,0.99011,0.00989,3.76E-13,0.03357
5127,0.10075,0.9901,0.0099,3.77E-13,0.0336
5128,0.10075,0.99009,0.00991,3.78E-13,0.03363
5129,0.10075,0.99008,0.00992,3.79E-13,0.03366
5130,0.10075,0.99007,0.00993,3.79E-13,0.03369
5131,0.10075,0.99006,0.00994,3.80E-13,0.03371
5132,0.10075,0.99006,0.00994,3.81E-13,0.03374
5133,0.10075,0.99005,0.00995,3.82E-13,0.03377
5134,0.10075,0.99004,0.00996,3.83E-13,0.0338
5135,0.10075,0.99003,0.00997,3.84E-13,0.03382
5136,0.10075,0.99002,0.00998,3.84E-13,0.03385
5137,0.10075,0.99002,0.00998,3.85E-13,0.03388
5138,0.10075,0.99001,0.00999,3.86E-13,0.03391
5139,0.10075,0.99,0.01,3.87E-13,0.03393
5140,0.10075,0.98999,0.01001,3.88E-13,0.03396
5141,0.10076,0.98998,0.01002,3.89E-13,0.03398
5142,0.10076,0.98998,0.01002,3.89E-13,0.03401
5143,0.10076,0.98997,0.01003,3.90E-13,0.03404
5144,0.10076,0.98996,0.01004,3.91E-13,0.03406
5145,0.10076,0.98995,0.01005,3.92E-13,0.03409
5146,0.10076,0.98995,0.01005,3.93E-13,0.03411
5147,0.10076,0.98994,0.01006,3.93E-13,0.03414
5148,0.10076,0.98993,0.01007,3.94E-13,0.03416
5149,0.10076,0.98992,0.01008,3.95E-13,0.03419
5150,0.10076,0.98992,0.01008,3.96E-13,0.03421
5151,0.10076,0.98991,0.01009,3.97E-13,0.03424
5152,0.10076,0.9899,0.0101,3.97E-13,0.03426
5153,0.10076,0.98989,0.01011,3.98E-13,0.03429
5154,0.10076,0.98989,0.01011,3.99E-13,0.03431
5155,0.10077,0.98988,0.01012,4.00E-13,0.03434
5156,0.10077,0.98987,0.01013,4.01E-13,0.03436
5157,0.10077,0.98987,0.01013,4.01E-13,0.03438
5158,0.10077,0.98986,0.01014,4.02E-13,0.03441
5159,0.10077,0.98985,0.01015,4.03E-13,0.03443
5160,0.10077,0.98985,0.01015,4.04E-13,0.03446
5161,0.10077,0.98984,0.01016,4.04E-13,0.03448
5162,0.10077,0.98983,0.01017,4.05E-13,0.0345
5163,0.10077,0.98982,0.01018,4.06E-13,0.03452
5164,0.10077,0.98982,0.01018,4.07E-13,0.03455
5165,0.10077,0.98981,0.01019,4.08E-13,0.03457
5166,0.10077,0.9898,0.0102,4.08E-13,0.03459
5167,0.10077,0.9898,0.0102,4.09E-13,0.03462
5168,0.10077,0.98979,0.01021,4.10E-13,0.03464
5169,0.10078,0.98978,0.01022,4.11E-13,0.03466
5170,0.10078,0.98978,0.01022,4.11E-13,0.03468
5171,0.10078,0.98977,0.01023,4.12E-13,0.03471
5172,0.10078,0.98977,0.01023,4.13E-13,0.03473
5173,0.10078,0.98976,0.01024,4.14E-13,0.03475
5174,0.10078,0.98975,0.01025,4.14E-13,0.03477
5175,0.10078,0.98975,0.01025,4.15E-13,0.03479
5176,0.10078,0.98974,0.01026,4.16E-13,0.03481
5177,0.10078,0.98973,0.01027,4.17E-13,0.03484
5178,0.10078,0.98973,0.01027,4.17E-13,0.03486
5179,0.10078,0.98972,0.01028,4.18E-13,0.03488
5180,0.10078,0.98971,0.01029,4.19E-13,0.0349
5181,0.10078,0.98971,0.01029,4.20E-13,0.03492
5182,0.10078,0.9897,0.0103,4.20E-13,0.03494
5183,0.10078,0.9897,0.0103,4.21E-13,0.03496
5184,0.10079,0.98969,0.01031,4.22E-13,0.03498
5185,0.10079,0.98968,0.01032,4.23E-13,0.035
5186,0.10079,0.98968,0.01032,4.23E-13,0.03502
5187,0.10079,0.98967,0.01033,4.24E-13,0.03504
5188,0.10079,0.98967,0.01033,4.25E-13,0.03506
5189,0.10079,0.98966,0.01034,4.26E-13,0.03508
5190,0.10079,0.98965,0.01035,4.26E-13,0.0351
5191,0.10079,0.98965,0.01035,4.27E-13,0.03512
5192,0.10079,0.98964,0.01036,4.28E-13,0.03514
5193,0.10079,0.98964,0.01036,4.29E-13,0.03516
5194,0.10079,0.98963,0.01037,4.29E-13,0.03518
5195,0.10079,0.98963,0.01037,4.30E-13,0.0352
5196,0.10079,0.98962,0.01038,4.31E-13,0.03522
5197,0.10079,0.98961,0.01039,4.31E-13,0.03524
5198,0.10079,0.98961,0.01039,4.32E-13,0.03526
5199,0.1008,0.9896,0.0104,4.33E-13,0.03527
5200,0.1008,0.9896,0.0104,4.34E-13,0.03527
5201,0.1008,0.98962,0.01038,4.34E-13,0.03521
5202,0.10079,0.98966,0.01034,4.35E-13,0.03508
5203,0.10079,0.98971,0.01029,4.36E-13,0.03492
5204,0.10079,0.98976,0.01024,4.36E-13,0.03475
5205,0.10079,0.98981,0.01019,4.37E-13,0.03456
5206,0.10079,0.98987,0.01013,4.38E-13,0.03436
5207,0.10079,0.98993,0.01007,4.38E-13,0.03416
5208,0.10079,0.98999,0.01001,4.39E-13,0.03395
5209,0.10079,0.99005,0.00995,4.39E-13,0.03375
5210,0.10079,0.99011,0.00989,4.40E-13,0.03355
5211,0.10079,0.99017,0.00983,4.40E-13,0.03334
5212,0.10078,0.99023,0.00977,4.41E-13,0.03314
5213,0.10078,0.99029,0.00971,4.41E-13,0.03294
5214,0.10078,0.99035,0.00965,4.42E-13,0.03274
5215,0.10078,0.99041,0.00959,4.42E-13,0.03255
5216,0.10078,0.99046,0.00954,4.43E-13,0.03236
5217,0.10078,0.99052,0.00948,4.43E-13,0.03217
5218,0.10078,0.99057,0.00943,4.43E-13,0.03198
5219,0.10078,0.99063,0.00937,4.44E-13,0.03179
5220,0.10077,0.99069,0.00931,4.44E-13,0.0316
5221,0.10077,0.99074,0.00926,4.44E-13,0.03141
5222,0.10077,0.9908,0.0092,4.45E-13,0.03122
5223,0.10077,0.99085,0.00915,4.45E-13,0.03104
5224,0.10077,0.99091,0.00909,4.45E-13,0.03086
5225,0.10077,0.99096,0.00904,4.45E-13,0.03067
5226,0.10077,0.99101,0.00899,4.46E-13,0.03049
5227,0.10077,0.99107,0.00893,4.46E-13,0.03031
5228,0.10077,0.99112,0.00888,4.46E-13,0.03013
5229,0.10076,0.99117,0.00883,4.46E-13,0.02995
5230,0.10076,0.99123,0.00877,4.46E-13,0.02977
5231,0.10076,0.99128,0.00872,4.46E-13,0.0296
5232,0.10076,0.99133,0.00867,4.47E-13,0.02942
5233,0.10076,0.99138,0.00862,4.47E-13,0.02925
5234,0.10076,0.99143,0.00857,4.47E-13,0.02907
5235,0.10076,0.99148,0.00852,4.47E-13,0.0289
5236,0.10076,0.99153,0.00847,4.47E-13,0.02872
5237,0.10075,0.99159,0.00841,4.47E-13,0.02855
5238,0.10075,0.99164,0.00836,4.47E-13,0.02838
5239,0.10075,0.99169,0.00831,4.47E-13,0.02821
5240,0.10075,0.99174,0.00826,4.47E-13,0.02804
5241,0.10075,0.99178,0.00822,4.47E-13,0.02787
5242,0.10075,0.99183,0.00817,4.47E-13,0.02771
5243,0.10075,0.99188,0.00812,4.47E-13,0.02754
5244,0.10075,0.99193,0.00807,4.47E-13,0.02738
5245,0.10075,0.99198,0.00802,4.47E-13,0.02721
5246,0.10074,0.99203,0.00797,4.47E-13,0.02705
5247,0.10074,0.99208,0.00792,4.47E-13,0.02689
5248,0.10074,0.99212,0.00788,4.47E-13,0.02673
5249,0.10074,0.99217,0.00783,4.47E-13,0.02657
5250,0.10074,0.99222,0.00778,4.47E-13,0.02641
5251,0.10074,0.99226,0.00774,4.47E-13,0.02625
5252,0.10074,0.99231,0.00769,4.47E-13,0.02609
5253,0.10074,0.99236,0.00764,4.47E-13,0.02593
5254,0.10074,0.9924,0.0076,4.46E-13,0.02578
5255,0.10073,0.99245,0.00755,4.46E-13,0.02562
5256,0.10073,0.99249,0.00751,4.46E-13,0.02547
5257,0.10073,0.99254,0.00746,4.46E-13,0.02532
5258,0.10073,0.99258,0.00742,4.46E-13,0.02516
5259,0.10073,0.99263,0.00737,4.46E-13,0.02501
5260,0.10073,0.99267,0.00733,4.45E-13,0.02486
5261,0.10073,0.99272,0.00728,4.45E-13,0.02471
5262,0.10073,0.99276,0.00724,4.45E-13,0.02456
5263,0.10073,0.9928,0.0072,4.45E-13,0.02442
5264,0.10072,0.99285,0.00715,4.45E-13,0.02427
5265,0.10072,0.99289,0.00711,4.44E-13,0.02412
5266,0.10072,0.99293,0.00707,4.44E-13,0.02398
5267,0.10072,0.99298,0.00702,4.44E-13,0.02383
5268,0.10072,0.99302,0.00698,4.43E-13,0.02369
5269,0.10072,0.99306,0.00694,4.43E-13,0.02355
5270,0.10072,0.9931,0.0069,4.43E-13,0.0234
5271,0.10072,0.99314,0.00686,4.43E-13,0.02326
5272,0.10072,0.99319,0.00681,4.42E-13,0.02312
5273,0.10071,0.99323,0.00677,4.42E-13,0.02298
5274,0.10071,0.99327,0.00673,4.41E-13,0.02285
5275,0.10071,0.99331,0.00669,4.41E-13,0.02271
5276,0.10071,0.99335,0.00665,4.41E-13,0.02257
5277,0.10071,0.99339,0.00661,4.40E-13,0.02244
5278,0.10071,0.99343,0.00657,4.40E-13,0.0223
5279,0.10071,0.99347,0.00653,4.40E-13,0.02216
5280,0.10071,0.99351,0.00649,4.39E-13,0.02203
5281,0.10071,0.99355,0.00645,4.39E-13,0.0219
5282,0.10071,0.99359,0.00641,4.38E-13,0.02177
5283,0.1007,0.99362,0.00638,4.38E-13,0.02163
5284,0.1007,0.99366,0.00634,4.38E-13,0.0215
5285,0.1007,0.9937,0.0063,4.37E-13,0.02137
5286,0.1007,0.99374,0.00626,4.37E-13,0.02124
5287,0.1007,0.99378,0.00622,4.36E-13,0.02112
5288,0.1007,0.99381,0.00619,4.36E-13,0.02099
5289,0.1007,0.99385,0.00615,4.35E-13,0.02086
5290,0.1007,0.99389,0.00611,4.35E-13,0.02074
5291,0.1007,0.99393,0.00607,4.34E-13,0.02061
5292,0.10069,0.99396,0.00604,4.34E-13,0.02049
5293,0.10069,0.994,0.006,4.33E-13,0.02036
5294,0.10069,0.99403,0.00597,4.33E-13,0.02024
5295,0.10069,0.99407,0.00593,4.32E-13,0.02012
5296,0.10069,0.99411,0.00589,4.32E-13,0.02
5297,0.10069,0.99414,0.00586,4.31E-13,0.01988
5298,0.10069,0.99418,0.00582,4.30E-13,0.01976
5299,0.10069,0.99421,0.00579,4.30E-13,0.01964
5300,0.10069,0.99425,0.00575,4.29E-13,0.01952
5301,0.10069,0.99428,0.00572,4.29E-13,0.0194
5302,0.10068,0.99432,0.00568,4.28E-13,0.01928
5303,0.10068,0.99435,0.00565,4.28E-13,0.01917
5304,0.10068,0.99438,0.00562,4.27E-13,0.01905
5305,0.10068,0.99442,0.00558,4.26E-13,0.01894
5306,0.10068,0.99445,0.00555,4.26E-13,0.01882
5307,0.10068,0.99449,0.00551,4.25E-13,0.01871
5308,0.10068,0.99452,0.00548,4.25E-13,0.0186
5309,0.10068,0.99455,0.00545,4.24E-13,0.01848
5310,0.10068,0.99459,0.00542,4.23E-13,0.01837
5311,0.10067,0.99462,0.00538,4.23E-13,0.01826
5312,0.10067,0.99465,0.00535,4.22E-13,0.01815
5313,0.10067,0.99468,0.00532,4.21E-13,0.01804
5314,0.10067,0.99471,0.00529,4.21E-13,0.01793
5315,0.10067,0.99475,0.00525,4.20E-13,0.01783
5316,0.10067,0.99478,0.00522,4.19E-13,0.01772
5317,0.10067,0.99481,0.00519,4.19E-13,0.01761
5318,0.10067,0.99484,0.00516,4.18E-13,0.01751
5319,0.10067,0.99487,0.00513,4.17E-13,0.0174
5320,0.10067,0.9949,0.0051,4.17E-13,0.0173
5321,0.10066,0.99493,0.00507,4.16E-13,0.01719
5322,0.10066,0.99496,0.00504,4.15E-13,0.01709
5323,0.10066,0.99499,0.00501,4.15E-13,0.01699
5324,0.10066,0.99502,0.00498,4.14E-13,0.01688
5325,0.10066,0.99505,0.00495,4.13E-13,0.01678
5326,0.10066,0.99508,0.00492,4.13E-13,0.01668
5327,0.10066,0.99511,0.00489,4.12E-13,0.01658
5328,0.10066,0.99514,0.00486,4.11E-13,0.01648
5329,0.10066,0.99517,0.00483,4.10E-13,0.01638
5330,0.10066,0.9952,0.0048,4.10E-13,0.01628
5331,0.10065,0.99523,0.00477,4.09E-13,0.01619
5332,0.10065,0.99526,0.00474,4.08E-13,0.01609
5333,0.10065,0.99529,0.00471,4.07E-13,0.01599
5334,0.10065,0.99532,0.00468,4.07E-13,0.01589
5335,0.10065,0.99534,0.00466,4.06E-13,0.0158
5336,0.10065,0.99537,0.00463,4.05E-13,0.0157
5337,0.10065,0.9954,0.0046,4.04E-13,0.01561
5338,0.10065,0.99543,0.00457,4.04E-13,0.01552
5339,0.10065,0.99545,0.00455,4.03E-13,0.01542
5340,0.10065,0.99548,0.00452,4.02E-13,0.01533
5341,0.10064,0.99551,0.00449,4.01E-13,0.01524
5342,0.10064,0.99554,0.00446,4.00E-13,0.01515
5343,0.10064,0.99556,0.00444,4.00E-13,0.01505
5344,0.10064,0.99559,0.00441,3.99E-13,0.01496
5345,0.10064,0.99562,0.00438,3.98E-13,0.01487
5346,0.10064,0.99564,0.00436,3.97E-13,0.01478
5347,0.10064,0.99567,0.00433,3.96E-13,0.0147
5348,0.10064,0.9957,0.0043,3.96E-13,0.01461
5349,0.10064,0.99572,0.00428,3.95E-13,0.01452
5350,0.10064,0.99575,0.00425,3.94E-13,0.01443
5351,0.10064,0.99577,0.00423,3.93E-13,0.01434
5352,0.10063,0.9958,0.0042,3.92E-13,0.01426
5353,0.10063,0.99582,0.00418,3.92E-13,0.01417
5354,0.10063,0.99585,0.00415,3.91E-13,0.01409
5355,0.10063,0.99587,0.00413,3.90E-13,0.014
5356,0.10063,0.9959,0.0041,3.89E-13,0.01392
5357,0.10063,0.99592,0.00408,3.88E-13,0.01383
5358,0.10063,0.99595,0.00405,3.87E-13,0.01375
5359,0.10063,0.99597,0.00403,3.87E-13,0.01367
5360,0.10063,0.996,0.004,3.86E-13,0.01359
5361,0.10063,0.99602,0.00398,3.85E-13,0.01351
5362,0.10062,0.99604,0.00396,3.84E-13,0.01342
5363,0.10062,0.99607,0.00393,3.83E-13,0.01334
5364,0.10062,0.99609,0.00391,3.82E-13,0.01326
5365,0.10062,0.99611,0.00389,3.81E-13,0.01318
5366,0.10062,0.99614,0.00386,3.81E-13,0.01311
5367,0.10062,0.99616,0.00384,3.80E-13,0.01303
5368,0.10062,0.99618,0.00382,3.79E-13,0.01295
5369,0.10062,0.99621,0.00379,3.78E-13,0.01287
5370,0.10062,0.99623,0.00377,3.77E-13,0.01279
5371,0.10062,0.99625,0.00375,3.76E-13,0.01272
5372,0.10062,0.99627,0.00373,3.75E-13,0.01264
5373,0.10061,0.9963,0.0037,3.74E-13,0.01256
5374,0.10061,0.99632,0.00368,3.74E-13,0.01249
5375,0.10061,0.99634,0.00366,3.73E-13,0.01241
5376,0.10061,0.99636,0.00364,3.72E-13,0.01234
5377,0.10061,0.99639,0.00361,3.71E-13,0.01227
5378,0.10061,0.99641,0.00359,3.70E-13,0.01219
5379,0.10061,0.99643,0.00357,3.69E-13,0.01212
5380,0.10061,0.99645,0.00355,3.68E-13,0.01205
5381,0.10061,0.99647,0.00353,3.67E-13,0.01197
5382,0.10061,0.99649,0.00351,3.67E-13,0.0119
5383,0.10061,0.99651,0.00349,3.66E-13,0.01183
5384,0.1006,0.99653,0.00347,3.65E-13,0.01176
5385,0.1006,0.99656,0.00344,3.64E-13,0.01169
5386,0.1006,0.99658,0.00342,3.63E-13,0.01162
5387,0.1006,0.9966,0.0034,3.62E-13,0.01155
5388,0.1006,0.99662,0.00338,3.61E-13,0.01148
5389,0.1006,0.99664,0.00336,3.60E-13,0.01141
5390,0.1006,0.99666,0.00334,3.59E-13,0.01134
5391,0.1006,0.99668,0.00332,3.59E-13,0.01127
5392,0.1006,0.9967,0.0033,3.58E-13,0.0112
5393,0.1006,0.99672,0.00328,3.57E-13,0.01114
5394,0.1006,0.99674,0.00326,3.56E-13,0.01107
5395,0.10059,0.99676,0.00324,3.55E-13,0.011
5396,0.10059,0.99678,0.00322,3.54E-13,0.01094
5397,0.10059,0.9968,0.0032,3.53E-13,0.01087
5398,0.10059,0.99681,0.00319,3.52E-13,0.01081
5399,0.10059,0.99683,0.00317,3.51E-13,0.01074
5400,0.10059,0.99685,0.00315,3.50E-13,0.01068
5401,0.10059,0.99687,0.00313,3.50E-13,0.01061
5402,0.10059,0.99689,0.00311,3.49E-13,0.01055
5403,0.10059,0.99691,0.00309,3.48E-13,0.01049
5404,0.10059,0.99693,0.00307,3.47E-13,0.01042
5405,0.10059,0.99695,0.00305,3.46E-13,0.01036
5406,0.10058,0.99696,0.00304,3.45E-13,0.0103
5407,0.10058,0.99698,0.00302,3.44E-13,0.01024
5408,0.10058,0.997,0.003,3.43E-13,0.01018
5409,0.10058,0.99702,0.00298,3.42E-13,0.01012
5410,0.10058,0.99704,0.00296,3.41E-13,0.01005
5411,0.10058,0.99705,0.00295,3.40E-13,0.00999
5412,0.10058,0.99707,0.00293,3.40E-13,0.00993
5413,0.10058,0.99709,0.00291,3.39E-13,0.00987
5414,0.10058,0.99711,0.00289,3.38E-13,0.00982
5415,0.10058,0.99712,0.00288,3.37E-13,0.00976
5416,0.10058,0.99714,0.00286,3.36E-13,0.0097
5417,0.10057,0.99716,0.00284,3.35E-13,0.00964
5418,0.10057,0.99718,0.00282,3.34E-13,0.00958
5419,0.10057,0.99719,0.00281,3.33E-13,0.00952
5420,0.10057,0.99721,0.00279,3.32E-13,0.00947
5421,0.10057,0.99723,0.00277,3.31E-13,0.00941
5422,0.10057,0.99724,0.00276,3.30E-13,0.00935
5423,0.10057,0.99726,0.00274,3.30E-13,0.0093
5424,0.10057,0.99728,0.00272,3.29E-13,0.00924
5425,0.10057,0.99729,0.00271,3.28E-13,0.00919
5426,0.10057,0.99731,0.00269,3.27E-13,0.00913
5427,0.10057,0.99733,0.00267,3.26E-13,0.00907
5428,0.10057,0.99734,0.00266,3.25E-13,0.00902
5429,0.10056,0.99736,0.00264,3.24E-13,0.00897
5430,0.10056,0.99737,0.00263,3.23E-13,0.00891
5431,0.10056,0.99739,0.00261,3.22E-13,0.00886
5432,0.10056,0.9974,0.0026,3.21E-13,0.00881
5433,0.10056,0.99742,0.00258,3.20E-13,0.00875
5434,0.10056,0.99744,0.00256,3.20E-13,0.0087
5435,0.10056,0.99745,0.00255,3.19E-13,0.00865
5436,0.10056,0.99747,0.00253,3.18E-13,0.0086
5437,0.10056,0.99748,0.00252,3.17E-13,0.00854
5438,0.10056,0.9975,0.0025,3.16E-13,0.00849
5439,0.10056,0.99751,0.00249,3.15E-13,0.00844
5440,0.10056,0.99753,0.00247,3.14E-13,0.00839
5441,0.10055,0.99754,0.00246,3.13E-13,0.00834
5442,0.10055,0.99756,0.00244,3.12E-13,0.00829
5443,0.10055,0.99757,0.00243,3.11E-13,0.00824
5444,0.10055,0.99759,0.00241,3.11E-13,0.00819
5445,0.10055,0.9976,0.0024,3.10E-13,0.00814
5446,0.10055,0.99761,0.00239,3.09E-13,0.00809
5447,0.10055,0.99763,0.00237,3.08E-13,0.00805
5448,0.10055,0.99764,0.00236,3.07E-13,0.008
5449,0.10055,0.99766,0.00234,3.06E-13,0.00795
5450,0.10055,0.99767,0.00233,3.05E-13,0.0079
5451,0.10055,0.99769,0.00231,3.04E-13,0.00785
5452,0.10055,0.9977,0.0023,3.03E-13,0.00781
5453,0.10054,0.99771,0.00229,3.02E-13,0.00776
5454,0.10054,0.99773,0.00227,3.02E-13,0.00771
5455,0.10054,0.99774,0.00226,3.01E-13,0.00767
5456,0.10054,0.99775,0.00225,3.00E-13,0.00762
5457,0.10054,0.99777,0.00223,2.99E-13,0.00757
5458,0.10054,0.99778,0.00222,2.98E-13,0.00753
5459,0.10054,0.99779,0.00221,2.97E-13,0.00748
5460,0.10054,0.99781,0.00219,2.96E-13,0.00744
5461,0.10054,0.99782,0.00218,2.95E-13,0.00739
5462,0.10054,0.99783,0.00217,2.94E-13,0.00735
5463,0.10054,0.99785,0.00215,2.94E-13,0.0073
5464,0.10054,0.99786,0.00214,2.93E-13,0.00726
5465,0.10053,0.99787,0.00213,2.92E-13,0.00722
5466,0.10053,0.99789,0.00211,2.91E-13,0.00717
5467,0.10053,0.9979,0.0021,2.90E-13,0.00713
5468,0.10053,0.99791,0.00209,2.89E-13,0.00709
5469,0.10053,0.99792,0.00208,2.88E-13,0.00705
5470,0.10053,0.99794,0.00206,2.87E-13,0.007
5471,0.10053,0.99795,0.00205,2.86E-13,0.00696
5472,0.10053,0.99796,0.00204,2.86E-13,0.00692
5473,0.10053,0.99797,0.00203,2.85E-13,0.00688
5474,0.10053,0.99799,0.00201,2.84E-13,0.00684
5475,0.10053,0.998,0.002,2.83E-13,0.0068
5476,0.10053,0.99801,0.00199,2.82E-13,0.00675
5477,0.10052,0.99802,0.00198,2.81E-13,0.00671
5478,0.10052,0.99803,0.00197,2.80E-13,0.00667
5479,0.10052,0.99804,0.00196,2.79E-13,0.00663
5480,0.10052,0.99806,0.00194,2.79E-13,0.00659
5481,0.10052,0.99807,0.00193,2.78E-13,0.00655
5482,0.10052,0.99808,0.00192,2.77E-13,0.00651
5483,0.10052,0.99809,0.00191,2.76E-13,0.00648
5484,0.10052,0.9981,0.0019,2.75E-13,0.00644
5485,0.10052,0.99811,0.00189,2.74E-13,0.0064
5486,0.10052,0.99813,0.00187,2.73E-13,0.00636
5487,0.10052,0.99814,0.00186,2.73E-13,0.00632
5488,0.10052,0.99815,0.00185,2.72E-13,0.00628
5489,0.10052,0.99816,0.00184,2.71E-13,0.00625
5490,0.10051,0.99817,0.00183,2.70E-13,0.00621
5491,0.10051,0.99818,0.00182,2.69E-13,0.00617
5492,0.10051,0.99819,0.00181,2.68E-13,0.00613
5493,0.10051,0.9982,0.0018,2.67E-13,0.0061
5494,0.10051,0.99821,0.00179,2.67E-13,0.00606
5495,0.10051,0.99822,0.00178,2.66E-13,0.00602
5496,0.10051,0.99824,0.00176,2.65E-13,0.00599
5497,0.10051,0.99825,0.00175,2.64E-13,0.00595
5498,0.10051,0.99826,0.00174,2.63E-13,0.00592
5499,0.10051,0.99827,0.00173,2.62E-13,0.00588
5500,0.10051,0.99828,0.00172,2.61E-13,0.00584
5501,0.10051,0.99829,0.00171,2.61E-13,0.00581
5502,0.10051,0.9983,0.0017,2.60E-13,0.00577
5503,0.1005,0.99831,0.00169,2.59E-13,0.00574
5504,0.1005,0.99832,0.00168,2.58E-13,0.0057
5505,0.1005,0.99833,0.00167,2.57E-13,0.00567
5506,0.1005,0.99834,0.00166,2.56E-13,0.00564
5507,0.1005,0.99835,0.00165,2.56E-13,0.0056
5508,0.1005,0.99836,0.00164,2.55E-13,0.00557
5509,0.1005,0.99837,0.00163,2.54E-13,0.00554
5510,0.1005,0.99838,0.00162,2.53E-13,0.0055
5511,0.1005,0.99839,0.00161,2.52E-13,0.00547
5512,0.1005,0.9984,0.0016,2.51E-13,0.00544
5513,0.1005,0.99841,0.00159,2.51E-13,0.0054
5514,0.1005,0.99842,0.00158,2.50E-13,0.00537
5515,0.1005,0.99843,0.00157,2.49E-13,0.00534
5516,0.10049,0.99844,0.00156,2.48E-13,0.00531
5517,0.10049,0.99845,0.00155,2.47E-13,0.00527
5518,0.10049,0.99845,0.00155,2.47E-13,0.00524
5519,0.10049,0.99846,0.00154,2.46E-13,0.00521
5520,0.10049,0.99847,0.00153,2.45E-13,0.00518
5521,0.10049,0.99848,0.00152,2.44E-13,0.00515
5522,0.10049,0.99849,0.00151,2.43E-13,0.00512
5523,0.10049,0.9985,0.0015,2.42E-13,0.00509
5524,0.10049,0.99851,0.00149,2.42E-13,0.00506
5525,0.10049,0.99852,0.00148,2.41E-13,0.00503
5526,0.10049,0.99853,0.00147,2.40E-13,0.005
5527,0.10049,0.99854,0.00146,2.39E-13,0.00497
5528,0.10049,0.99855,0.00145,2.38E-13,0.00494
5529,0.10048,0.99855,0.00145,2.38E-13,0.00491
5530,0.10048,0.99856,0.00144,2.37E-13,0.00488
5531,0.10048,0.99857,0.00143,2.36E-13,0.00485
5532,0.10048,0.99858,0.00142,2.35E-13,0.00482
5533,0.10048,0.99859,0.00141,2.34E-13,0.00479
5534,0.10048,0.9986,0.0014,2.34E-13,0.00476
5535,0.10048,0.99861,0.00139,2.33E-13,0.00473
5536,0.10048,0.99861,0.00139,2.32E-13,0.0047
5537,0.10048,0.99862,0.00138,2.31E-13,0.00467
5538,0.10048,0.99863,0.00137,2.30E-13,0.00465
5539,0.10048,0.99864,0.00136,2.30E-13,0.00462
5540,0.10048,0.99865,0.00135,2.29E-13,0.00459
5541,0.10048,0.99866,0.00134,2.28E-13,0.00456
5542,0.10048,0.99866,0.00134,2.27E-13,0.00454
5543,0.10047,0.99867,0.00133,2.27E-13,0.00451
5544,0.10047,0.99868,0.00132,2.26E-13,0.00448
5545,0.10047,0.99869,0.00131,2.25E-13,0.00445
5546,0.10047,0.9987,0.0013,2.24E-13,0.00443
5547,0.10047,0.9987,0.0013,2.24E-13,0.0044
5548,0.10047,0.99871,0.00129,2.23E-13,0.00437
5549,0.10047,0.99872,0.00128,2.22E-13,0.00435
5550,0.10047,0.99873,0.00127,2.21E-13,0.00432
5551,0.10047,0.99873,0.00127,2.20E-13,0.0043
5552,0.10047,0.99874,0.00126,2.20E-13,0.00427
5553,0.10047,0.99875,0.00125,2.19E-13,0.00424
5554,0.10047,0.99876,0.00124,2.18E-13,0.00422
5555,0.10047,0.99876,0.00124,2.17E-13,0.00419
5556,0.10047,0.99877,0.00123,2.17E-13,0.00417
5557,0.10046,0.99878,0.00122,2.16E-13,0.00414
5558,0.10046,0.99879,0.00121,2.15E-13,0.00412
5559,0.10046,0.99879,0.00121,2.14E-13,0.00409
5560,0.10046,0.9988,0.0012,2.14E-13,0.00407
5561,0.10046,0.99881,0.00119,2.13E-13,0.00404
5562,0.10046,0.99882,0.00118,2.12E-13,0.00402
5563,0.10046,0.99882,0.00118,2.11E-13,0.004
5564,0.10046,0.99883,0.00117,2.11E-13,0.00397
5565,0.10046,0.99884,0.00116,2.10E-13,0.00395
5566,0.10046,0.99884,0.00116,2.09E-13,0.00392
5567,0.10046,0.99885,0.00115,2.09E-13,0.0039
5568,0.10046,0.99886,0.00114,2.08E-13,0.00388
5569,0.10046,0.99886,0.00114,2.07E-13,0.00385
5570,0.10046,0.99887,0.00113,2.06E-13,0.00383
5571,0.10045,0.99888,0.00112,2.06E-13,0.00381
5572,0.10045,0.99888,0.00112,2.05E-13,0.00378
5573,0.10045,0.99889,0.00111,2.04E-13,0.00376
5574,0.10045,0.9989,0.0011,2.03E-13,0.00374
5575,0.10045,0.9989,0.0011,2.03E-13,0.00372
5576,0.10045,0.99891,0.00109,2.02E-13,0.00369
5577,0.10045,0.99892,0.00108,2.01E-13,0.00367
5578,0.10045,0.99892,0.00108,2.01E-13,0.00365
5579,0.10045,0.99893,0.00107,2.00E-13,0.00363
5580,0.10045,0.99894,0.00106,1.99E-13,0.00361
5581,0.10045,0.99894,0.00106,1.98E-13,0.00358
5582,0.10045,0.99895,0.00105,1.98E-13,0.00356
5583,0.10045,0.99896,0.00104,1.97E-13,0.00354
5584,0.10045,0.99896,0.00104,1.96E-13,0.00352
5585,0.10045,0.99897,0.00103,1.96E-13,0.0035
5586,0.10044,0.99898,0.00102,1.95E-13,0.00348
5587,0.10044,0.99898,0.00102,1.94E-13,0.00346
5588,0.10044,0.99899,0.00101,1.94E-13,0.00344
5589,0.10044,0.99899,0.00101,1.93E-13,0.00342
5590,0.10044,0.999,0.001,1.92E-13,0.00339
5591,0.10044,0.99901,9.94E-04,1.91E-13,0.00337
5592,0.10044,0.99901,9.88E-04,1.91E-13,0.00335
5593,0.10044,0.99902,9.83E-04,1.90E-13,0.00333
5594,0.10044,0.99902,9.77E-04,1.89E-13,0.00331
5595,0.10044,0.99903,9.71E-04,1.89E-13,0.00329
5596,0.10044,0.99904,9.65E-04,1.88E-13,0.00327
5597,0.10044,0.99904,9.59E-04,1.87E-13,0.00325
5598,0.10044,0.99905,9.53E-04,1.87E-13,0.00323
5599,0.10044,0.99905,9.48E-04,1.86E-13,0.00322
5600,0.10044,0.99906,9.43E-04,1.85E-13,0.0032
5601,0.10044,0.999,0.001,1.85E-13,0.0034
5602,0.10044,0.99894,0.00106,1.84E-13,0.00361
5603,0.10044,0.99887,0.00113,1.83E-13,0.00382
5604,0.10044,0.99881,0.00119,1.83E-13,0.00404
5605,0.10044,0.99875,0.00125,1.82E-13,0.00425
5606,0.10044,0.99869,0.00131,1.82E-13,0.00446
5607,0.10044,0.99863,0.00137,1.81E-13,0.00466
5608,0.10045,0.99856,0.00144,1.81E-13,0.00487
5609,0.10045,0.9985,0.0015,1.80E-13,0.00508
5610,0.10045,0.99844,0.00156,1.80E-13,0.00528
5611,0.10045,0.99838,0.00162,1.79E-13,0.00548
5612,0.10045,0.99832,0.00168,1.79E-13,0.00569
5613,0.10045,0.99827,0.00173,1.78E-13,0.00589
5614,0.10045,0.99821,0.00179,1.78E-13,0.00609
5615,0.10045,0.99815,0.00185,1.77E-13,0.00628
5616,0.10045,0.99809,0.00191,1.77E-13,0.00648
5617,0.10046,0.99803,0.00197,1.76E-13,0.00668
5618,0.10046,0.99797,0.00203,1.76E-13,0.00687
5619,0.10046,0.99792,0.00208,1.76E-13,0.00707
5620,0.10046,0.99786,0.00214,1.75E-13,0.00726
5621,0.10046,0.9978,0.0022,1.75E-13,0.00745
5622,0.10046,0.99775,0.00225,1.75E-13,0.00764
5623,0.10046,0.99769,0.00231,1.75E-13,0.00783
5624,0.10046,0.99764,0.00236,1.74E-13,0.00802
5625,0.10047,0.99758,0.00242,1.74E-13,0.0082
5626,0.10047,0.99753,0.00247,1.74E-13,0.00839
5627,0.10047,0.99747,0.00253,1.74E-13,0.00857
5628,0.10047,0.99742,0.00258,1.73E-13,0.00876
5629,0.10047,0.99737,0.00263,1.73E-13,0.00894
5630,0.10047,0.99731,0.00269,1.73E-13,0.00912
5631,0.10047,0.99726,0.00274,1.73E-13,0.0093
5632,0.10047,0.99721,0.00279,1.73E-13,0.00948
5633,0.10047,0.99715,0.00285,1.73E-13,0.00965
5634,0.10048,0.9971,0.0029,1.72E-13,0.00983
5635,0.10048,0.99705,0.00295,1.72E-13,0.01001
5636,0.10048,0.997,0.003,1.72E-13,0.01018
5637,0.10048,0.99695,0.00305,1.72E-13,0.01035
5638,0.10048,0.9969,0.0031,1.72E-13,0.01053
5639,0.10048,0.99685,0.00315,1.72E-13,0.0107
5640,0.10048,0.9968,0.0032,1.72E-13,0.01087
5641,0.10048,0.99675,0.00325,1.72E-13,0.01104
5642,0.10049,0.9967,0.0033,1.72E-13,0.0112
5643,0.10049,0.99665,0.00335,1.72E-13,0.01137
5644,0.10049,0.9966,0.0034,1.72E-13,0.01154
5645,0.10049,0.99655,0.00345,1.72E-13,0.0117
5646,0.10049,0.9965,0.0035,1.72E-13,0.01186
5647,0.10049,0.99646,0.00354,1.72E-13,0.01203
5648,0.10049,0.99641,0.00359,1.72E-13,0.01219
5649,0.10049,0.99636,0.00364,1.72E-13,0.01235
5650,0.10049,0.99631,0.00369,1.72E-13,0.01251
5651,0.1005,0.99627,0.00373,1.72E-13,0.01267
5652,0.1005,0.99622,0.00378,1.72E-13,0.01283
5653,0.1005,0.99617,0.00383,1.73E-13,0.01298
5654,0.1005,0.99613,0.00387,1.73E-13,0.01314
5655,0.1005,0.99608,0.00392,1.73E-13,0.0133
5656,0.1005,0.99604,0.00396,1.73E-13,0.01345
5657,0.1005,0.99599,0.00401,1.73E-13,0.0136
5658,0.1005,0.99595,0.00405,1.73E-13,0.01375
5659,0.1005,0.9959,0.0041,1.74E-13,0.0139
5660,0.10051,0.99586,0.00414,1.74E-13,0.01406
5661,0.10051,0.99581,0.00419,1.74E-13,0.0142
5662,0.10051,0.99577,0.00423,1.74E-13,0.01435
5663,0.10051,0.99573,0.00427,1.74E-13,0.0145
5664,0.10051,0.99568,0.00432,1.75E-13,0.01465
5665,0.10051,0.99564,0.00436,1.75E-13,0.01479
5666,0.10051,0.9956,0.0044,1.75E-13,0.01494
5667,0.10051,0.99556,0.00445,1.75E-13,0.01508
5668,0.10051,0.99551,0.00449,1.76E-13,0.01522
5669,0.10052,0.99547,0.00453,1.76E-13,0.01537
5670,0.10052,0.99543,0.00457,1.76E-13,0.01551
5671,0.10052,0.99539,0.00461,1.77E-13,0.01565
5672,0.10052,0.99535,0.00465,1.77E-13,0.01579
5673,0.10052,0.99531,0.00469,1.77E-13,0.01593
5674,0.10052,0.99527,0.00473,1.78E-13,0.01606
5675,0.10052,0.99523,0.00477,1.78E-13,0.0162
5676,0.10052,0.99519,0.00481,1.78E-13,0.01634
5677,0.10052,0.99515,0.00485,1.79E-13,0.01647
5678,0.10053,0.99511,0.00489,1.79E-13,0.01661
5679,0.10053,0.99507,0.00493,1.79E-13,0.01674
5680,0.10053,0.99503,0.00497,1.80E-13,0.01687
5681,0.10053,0.99499,0.00501,1.80E-13,0.017
5682,0.10053,0.99495,0.00505,1.81E-13,0.01713
5683,0.10053,0.99491,0.00509,1.81E-13,0.01726
5684,0.10053,0.99487,0.00513,1.82E-13,0.01739
5685,0.10053,0.99484,0.00516,1.82E-13,0.01752
5686,0.10053,0.9948,0.0052,1.82E-13,0.01765
5687,0.10053,0.99476,0.00524,1.83E-13,0.01778
5688,0.10054,0.99472,0.00528,1.83E-13,0.0179
5689,0.10054,0.99469,0.00531,1.84E-13,0.01803
5690,0.10054,0.99465,0.00535,1.84E-13,0.01815
5691,0.10054,0.99461,0.00539,1.85E-13,0.01828
5692,0.10054,0.99458,0.00542,1.85E-13,0.0184
5693,0.10054,0.99454,0.00546,1.86E-13,0.01852
5694,0.10054,0.99451,0.00549,1.86E-13,0.01864
5695,0.10054,0.99447,0.00553,1.87E-13,0.01876
5696,0.10054,0.99443,0.00557,1.87E-13,0.01888
5697,0.10055,0.9944,0.0056,1.88E-13,0.019
5698,0.10055,0.99436,0.00564,1.88E-13,0.01912
5699,0.10055,0.99433,0.00567,1.89E-13,0.01924
5700,0.10055,0.9943,0.0057,1.89E-13,0.01936
5701,0.10055,0.99426,0.00574,1.90E-13,0.01947
5702,0.10055,0.99423,0.00577,1.91E-13,0.01959
5703,0.10055,0.99419,0.00581,1.91E-13,0.0197
5704,0.10055,0.99416,0.00584,1.92E-13,0.01982
5705,0.10055,0.99413,0.00587,1.92E-13,0.01993
5706,0.10055,0.99409,0.00591,1.93E-13,0.02004
5707,0.10056,0.99406,0.00594,1.93E-13,0.02016
5708,0.10056,0.99403,0.00597,1.94E-13,0.02027
5709,0.10056,0.99399,0.00601,1.95E-13,0.02038
5710,0.10056,0.99396,0.00604,1.95E-13,0.02049
5711,0.10056,0.99393,0.00607,1.96E-13,0.0206
5712,0.10056,0.9939,0.0061,1.96E-13,0.02071
5713,0.10056,0.99387,0.00613,1.97E-13,0.02081
5714,0.10056,0.99383,0.00617,1.98E-13,0.02092
5715,0.10056,0.9938,0.0062,1.98E-13,0.02103
5716,0.10056,0.99377,0.00623,1.99E-13,0.02113
5717,0.10057,0.99374,0.00626,2.00E-13,0.02124
5718,0.10057,0.99371,0.00629,2.00E-13,0.02134
5719,0.10057,0.99368,0.00632,2.01E-13,0.02145
5720,0.10057,0.99365,0.00635,2.02E-13,0.02155
5721,0.10057,0.99362,0.00638,2.02E-13,0.02165
5722,0.10057,0.99359,0.00641,2.03E-13,0.02176
5723,0.10057,0.99356,0.00644,2.04E-13,0.02186
5724,0.10057,0.99353,0.00647,2.04E-13,0.02196
5725,0.10057,0.9935,0.0065,2.05E-13,0.02206
5726,0.10058,0.99347,0.00653,2.06E-13,0.02216
5727,0.10058,0.99344,0.00656,2.06E-13,0.02226
5728,0.10058,0.99341,0.00659,2.07E-13,0.02235
5729,0.10058,0.99338,0.00662,2.08E-13,0.02245
5730,0.10058,0.99335,0.00665,2.09E-13,0.02255
5731,0.10058,0.99333,0.00667,2.09E-13,0.02265
5732,0.10058,0.9933,0.0067,2.10E-13,0.02274
5733,0.10058,0.99327,0.00673,2.11E-13,0.02284
5734,0.10058,0.99324,0.00676,2.11E-13,0.02293
5735,0.10058,0.99321,0.00679,2.12E-13,0.02303
5736,0.10058,0.99319,0.00681,2.13E-13,0.02312
5737,0.10059,0.99316,0.00684,2.14E-13,0.02321
5738,0.10059,0.99313,0.00687,2.14E-13,0.0233
5739,0.10059,0.9931,0.0069,2.15E-13,0.0234
5740,0.10059,0.99308,0.00692,2.16E-13,0.02349
5741,0.10059,0.99305,0.00695,2.17E-13,0.02358
5742,0.10059,0.99302,0.00698,2.17E-13,0.02367
5743,0.10059,0.993,0.007,2.18E-13,0.02376
5744,0.10059,0.99297,0.00703,2.19E-13,0.02385
5745,0.10059,0.99295,0.00705,2.20E-13,0.02394
5746,0.10059,0.99292,0.00708,2.21E-13,0.02403
5747,0.1006,0.99289,0.00711,2.21E-13,0.02411
5748,0.1006,0.99287,0.00713,2.22E-13,0.0242
5749,0.1006,0.99284,0.00716,2.23E-13,0.02429
5750,0.1006,0.99282,0.00718,2.24E-13,0.02437
5751,0.1006,0.99279,0.00721,2.24E-13,0.02446
5752,0.1006,0.99277,0.00723,2.25E-13,0.02454
5753,0.1006,0.99274,0.00726,2.26E-13,0.02463
5754,0.1006,0.99272,0.00728,2.27E-13,0.02471
5755,0.1006,0.99269,0.00731,2.28E-13,0.0248
5756,0.1006,0.99267,0.00733,2.28E-13,0.02488
5757,0.10061,0.99264,0.00736,2.29E-13,0.02496
5758,0.10061,0.99262,0.00738,2.30E-13,0.02504
5759,0.10061,0.9926,0.0074,2.31E-13,0.02512
5760,0.10061,0.99257,0.00743,2.32E-13,0.0252
5761,0.10061,0.99255,0.00745,2.32E-13,0.02528
5762,0.10061,0.99252,0.00748,2.33E-13,0.02536
5763,0.10061,0.9925,0.0075,2.34E-13,0.02544
5764,0.10061,0.99248,0.00752,2.35E-13,0.02552
5765,0.10061,0.99246,0.00754,2.36E-13,0.0256
5766,0.10061,0.99243,0.00757,2.37E-13,0.02568
5767,0.10061,0.99241,0.00759,2.37E-13,0.02575
5768,0.10062,0.99239,0.00761,2.38E-13,0.02583
5769,0.10062,0.99236,0.00764,2.39E-13,0.02591
5770,0.10062,0.99234,0.00766,2.40E-13,0.02598
5771,0.10062,0.99232,0.00768,2.41E-13,0.02606
5772,0.10062,0.9923,0.0077,2.42E-13,0.02613
5773,0.10062,0.99228,0.00772,2.43E-13,0.02621
5774,0.10062,0.99225,0.00775,2.43E-13,0.02628
5775,0.10062,0.99223,0.00777,2.44E-13,0.02636
5776,0.10062,0.99221,0.00779,2.45E-13,0.02643
5777,0.10062,0.99219,0.00781,2.46E-13,0.0265
5778,0.10062,0.99217,0.00783,2.47E-13,0.02657
5779,0.10063,0.99215,0.00785,2.48E-13,0.02665
5780,0.10063,0.99213,0.00787,2.48E-13,0.02672
5781,0.10063,0.9921,0.0079,2.49E-13,0.02679
5782,0.10063,0.99208,0.00792,2.50E-13,0.02686
5783,0.10063,0.99206,0.00794,2.51E-13,0.02693
5784,0.10063,0.99204,0.00796,2.52E-13,0.027
5785,0.10063,0.99202,0.00798,2.53E-13,0.02707
5786,0.10063,0.992,0.008,2.54E-13,0.02714
5787,0.10063,0.99198,0.00802,2.54E-13,0.02721
5788,0.10063,0.99196,0.00804,2.55E-13,0.02728
5789,0.10063,0.99194,0.00806,2.56E-13,0.02734
5790,0.10064,0.99192,0.00808,2.57E-13,0.02741
5791,0.10064,0.9919,0.0081,2.58E-13,0.02748
5792,0.10064,0.99188,0.00812,2.59E-13,0.02754
5793,0.10064,0.99186,0.00814,2.60E-13,0.02761
5794,0.10064,0.99184,0.00816,2.61E-13,0.02767
5795,0.10064,0.99182,0.00818,2.61E-13,0.02774
5796,0.10064,0.99181,0.00819,2.62E-13,0.0278
5797,0.10064,0.99179,0.00821,2.63E-13,0.02787
5798,0.10064,0.99177,0.00823,2.64E-13,0.02793
5799,0.10064,0.99175,0.00825,2.65E-13,0.028
5800,0.10064,0.99173,0.00827,2.66E-13,0.02806
5801,0.10065,0.99171,0.00829,2.67E-13,0.02812
5802,0.10065,0.99169,0.00831,2.68E-13,0.02818
5803,0.10065,0.99168,0.00832,2.69E-13,0.02825
5804,0.10065,0.99166,0.00834,2.69E-13,0.02831
5805,0.10065,0.99164,0.00836,2.70E-13,0.02837
5806,0.10065,0.99162,0.00838,2.71E-13,0.02843
5807,0.10065,0.9916,0.0084,2.72E-13,0.02849
5808,0.10065,0.99159,0.00841,2.73E-13,0.02855
5809,0.10065,0.99157,0.00843,2.74E-13,0.02861
5810,0.10065,0.99155,0.00845,2.75E-13,0.02867
5811,0.10065,0.99153,0.00847,2.76E-13,0.02873
5812,0.10066,0.99152,0.00848,2.77E-13,0.02879
5813,0.10066,0.9915,0.0085,2.77E-13,0.02885
5814,0.10066,0.99148,0.00852,2.78E-13,0.0289
5815,0.10066,0.99146,0.00854,2.79E-13,0.02896
5816,0.10066,0.99145,0.00855,2.80E-13,0.02902
5817,0.10066,0.99143,0.00857,2.81E-13,0.02908
5818,0.10066,0.99141,0.00859,2.82E-13,0.02913
5819,0.10066,0.9914,0.0086,2.83E-13,0.02919
5820,0.10066,0.99138,0.00862,2.84E-13,0.02924
5821,0.10066,0.99136,0.00864,2.85E-13,0.0293
5822,0.10066,0.99135,0.00865,2.86E-13,0.02935
5823,0.10066,0.99133,0.00867,2.86E-13,0.02941
5824,0.10067,0.99132,0.00868,2.87E-13,0.02946
5825,0.10067,0.9913,0.0087,2.88E-13,0.02952
5826,0.10067,0.99128,0.00872,2.89E-13,0.02957
5827,0.10067,0.99127,0.00873,2.90E-13,0.02963
5828,0.10067,0.99125,0.00875,2.91E-13,0.02968
5829,0.10067,0.99124,0.00876,2.92E-13,0.02973
5830,0.10067,0.99122,0.00878,2.93E-13,0.02979
5831,0.10067,0.99121,0.00879,2.94E-13,0.02984
5832,0.10067,0.99119,0.00881,2.95E-13,0.02989
5833,0.10067,0.99118,0.00882,2.95E-13,0.02994
5834,0.10067,0.99116,0.00884,2.96E-13,0.02999
5835,0.10067,0.99115,0.00885,2.97E-13,0.03004
5836,0.10068,0.99113,0.00887,2.98E-13,0.03009
5837,0.10068,0.99112,0.00888,2.99E-13,0.03014
5838,0.10068,0.9911,0.0089,3.00E-13,0.03019
5839,0.10068,0.99109,0.00891,3.01E-13,0.03024
5840,0.10068,0.99107,0.00893,3.02E-13,0.03029
5841,0.10068,0.99106,0.00894,3.03E-13,0.03034
5842,0.10068,0.99104,0.00896,3.04E-13,0.03039
5843,0.10068,0.99103,0.00897,3.04E-13,0.03044
5844,0.10068,0.99101,0.00899,3.05E-13,0.03049
5845,0.10068,0.991,0.009,3.06E-13,0.03053
5846,0.10068,0.99099,0.00901,3.07E-13,0.03058
5847,0.10068,0.99097,0.00903,3.08E-13,0.03063
5848,0.10069,0.99096,0.00904,3.09E-13,0.03068
5849,0.10069,0.99095,0.00905,3.10E-13,0.03072
5850,0.10069,0.99093,0.00907,3.11E-13,0.03077
5851,0.10069,0.99092,0.00908,3.12E-13,0.03082
5852,0.10069,0.9909,0.0091,3.13E-13,0.03086
5853,0.10069,0.99089,0.00911,3.13E-13,0.03091
5854,0.10069,0.99088,0.00912,3.14E-13,0.03095
5855,0.10069,0.99086,0.00914,3.15E-13,0.031
5856,0.10069,0.99085,0.00915,3.16E-13,0.03104
5857,0.10069,0.99084,0.00916,3.17E-13,0.03109
5858,0.10069,0.99082,0.00918,3.18E-13,0.03113
5859,0.10069,0.99081,0.00919,3.19E-13,0.03118
5860,0.1007,0.9908,0.0092,3.20E-13,0.03122
5861,0.1007,0.99079,0.00921,3.21E-13,0.03126
5862,0.1007,0.99077,0.00923,3.21E-13,0.03131
5863,0.1007,0.99076,0.00924,3.22E-13,0.03135
5864,0.1007,0.99075,0.00925,3.23E-13,0.03139
5865,0.1007,0.99074,0.00926,3.24E-13,0.03143
5866,0.1007,0.99072,0.00928,3.25E-13,0.03148
5867,0.1007,0.99071,0.00929,3.26E-13,0.03152
5868,0.1007,0.9907,0.0093,3.27E-13,0.03156
5869,0.1007,0.99069,0.00931,3.28E-13,0.0316
5870,0.1007,0.99067,0.00933,3.29E-13,0.03164
5871,0.1007,0.99066,0.00934,3.29E-13,0.03168
5872,0.1007,0.99065,0.00935,3.30E-13,0.03172
5873,0.10071,0.99064,0.00936,3.31E-13,0.03176
5874,0.10071,0.99063,0.00937,3.32E-13,0.0318
5875,0.10071,0.99062,0.00938,3.33E-13,0.03184
5876,0.10071,0.9906,0.0094,3.34E-13,0.03188
5877,0.10071,0.99059,0.00941,3.35E-13,0.03192
5878,0.10071,0.99058,0.00942,3.36E-13,0.03196
5879,0.10071,0.99057,0.00943,3.37E-13,0.032
5880,0.10071,0.99056,0.00944,3.37E-13,0.03204
5881,0.10071,0.99055,0.00945,3.38E-13,0.03207
5882,0.10071,0.99054,0.00946,3.39E-13,0.03211
5883,0.10071,0.99052,0.00948,3.40E-13,0.03215
5884,0.10071,0.99051,0.00949,3.41E-13,0.03219
5885,0.10072,0.9905,0.0095,3.42E-13,0.03223
5886,0.10072,0.99049,0.00951,3.43E-13,0.03226
5887,0.10072,0.99048,0.00952,3.44E-13,0.0323
5888,0.10072,0.99047,0.00953,3.44E-13,0.03234
5889,0.10072,0.99046,0.00954,3.45E-13,0.03237
5890,0.10072,0.99045,0.00955,3.46E-13,0.03241
5891,0.10072,0.99044,0.00956,3.47E-13,0.03244
5892,0.10072,0.99043,0.00957,3.48E-13,0.03248
5893,0.10072,0.99042,0.00958,3.49E-13,0.03251
5894,0.10072,0.99041,0.00959,3.50E-13,0.03255
5895,0.10072,0.9904,0.0096,3.51E-13,0.03258
5896,0.10072,0.99039,0.00961,3.51E-13,0.03262
5897,0.10072,0.99038,0.00962,3.52E-13,0.03265
5898,0.10073,0.99037,0.00963,3.53E-13,0.03269
5899,0.10073,0.99036,0.00964,3.54E-13,0.03272
5900,0.10073,0.99035,0.00965,3.55E-13,0.03276
5901,0.10073,0.99034,0.00966,3.56E-13,0.03279
5902,0.10073,0.99033,0.00967,3.57E-13,0.03282
5903,0.10073,0.99032,0.00968,3.57E-13,0.03286
5904,0.10073,0.99031,0.00969,3.58E-13,0.03289
5905,0.10073,0.9903,0.0097,3.59E-13,0.03292
5906,0.10073,0.99029,0.00971,3.60E-13,0.03296
5907,0.10073,0.99028,0.00972,3.61E-13,0.03299
5908,0.10073,0.99027,0.00973,3.62E-13,0.03302
5909,0.10073,0.99026,0.00974,3.63E-13,0.03305
5910,0.10073,0.99025,0.00975,3.63E-13,0.03309
5911,0.10073,0.99024,0.00976,3.64E-13,0.03312
5912,0.10074,0.99023,0.00977,3.65E-13,0.03315
5913,0.10074,0.99022,0.00978,3.66E-13,0.03318
5914,0.10074,0.99021,0.00979,3.67E-13,0.03321
5915,0.10074,0.9902,0.0098,3.68E-13,0.03324
5916,0.10074,0.99019,0.00981,3.69E-13,0.03327
5917,0.10074,0.99018,0.00982,3.69E-13,0.03331
5918,0.10074,0.99018,0.00982,3.70E-13,0.03334
5919,0.10074,0.99017,0.00983,3.71E-13,0.03337
5920,0.10074,0.99016,0.00984,3.72E-13,0.0334
5921,0.10074,0.99015,0.00985,3.73E-13,0.03343
5922,0.10074,0.99014,0.00986,3.74E-13,0.03346
5923,0.10074,0.99013,0.00987,3.74E-13,0.03349
5924,0.10074,0.99012,0.00988,3.75E-13,0.03352
5925,0.10075,0.99011,0.00989,3.76E-13,0.03354
5926,0.10075,0.99011,0.00989,3.77E-13,0.03357
5927,0.10075,0.9901,0.0099,3.78E-13,0.0336
5928,0.10075,0.99009,0.00991,3.78E-13,0.03363
5929,0.10075,0.99008,0.00992,3.79E-13,0.03366
5930,0.10075,0.99007,0.00993,3.80E-13,0.03369
5931,0.10075,0.99006,0.00994,3.81E-13,0.03372
5932,0.10075,0.99006,0.00994,3.82E-13,0.03374
5933,0.10075,0.99005,0.00995,3.83E-13,0.03377
5934,0.10075,0.99004,0.00996,3.83E-13,0.0338
5935,0.10075,0.99003,0.00997,3.84E-13,0.03383
5936,0.10075,0.99002,0.00998,3.85E-13,0.03385
5937,0.10075,0.99001,0.00999,3.86E-13,0.03388
5938,0.10075,0.99001,0.00999,3.87E-13,0.03391
5939,0.10076,0.99,0.01,3.88E-13,0.03393
5940,0.10076,0.98999,0.01001,3.88E-13,0.03396
5941,0.10076,0.98998,0.01002,3.89E-13,0.03399
5942,0.10076,0.98998,0.01002,3.90E-13,0.03401
5943,0.10076,0.98997,0.01003,3.91E-13,0.03404
5944,0.10076,0.98996,0.01004,3.92E-13,0.03406
5945,0.10076,0.98995,0.01005,3.92E-13,0.03409
5946,0.10076,0.98995,0.01005,3.93E-13,0.03411
5947,0.10076,0.98994,0.01006,3.94E-13,0.03414
5948,0.10076,0.98993,0.01007,3.95E-13,0.03417
5949,0.10076,0.98992,0.01008,3.96E-13,0.03419
5950,0.10076,0.98992,0.01008,3.96E-13,0.03422
5951,0.10076,0.98991,0.01009,3.97E-13,0.03424
5952,0.10076,0.9899,0.0101,3.98E-13,0.03426
5953,0.10077,0.98989,0.01011,3.99E-13,0.03429
5954,0.10077,0.98989,0.01011,4.00E-13,0.03431
5955,0.10077,0.98988,0.01012,4.00E-13,0.03434
5956,0.10077,0.98987,0.01013,4.01E-13,0.03436
5957,0.10077,0.98987,0.01013,4.02E-13,0.03439
5958,0.10077,0.98986,0.01014,4.03E-13,0.03441
5959,0.10077,0.98985,0.01015,4.03E-13,0.03443
5960,0.10077,0.98984,0.01016,4.04E-13,0.03446
5961,0.10077,0.98984,0.01016,4.05E-13,0.03448
5962,0.10077,0.98983,0.01017,4.06E-13,0.0345
5963,0.10077,0.98982,0.01018,4.07E-13,0.03453
5964,0.10077,0.98982,0.01018,4.07E-13,0.03455
5965,0.10077,0.98981,0.01019,4.08E-13,0.03457
5966,0.10077,0.9898,0.0102,4.09E-13,0.0346
5967,0.10077,0.9898,0.0102,4.10E-13,0.03462
5968,0.10078,0.98979,0.01021,4.10E-13,0.03464
5969,0.10078,0.98978,0.01022,4.11E-13,0.03466
5970,0.10078,0.98978,0.01022,4.12E-13,0.03468
5971,0.10078,0.98977,0.01023,4.13E-13,0.03471
5972,0.10078,0.98976,0.01024,4.13E-13,0.03473
5973,0.10078,0.98976,0.01024,4.14E-13,0.03475
5974,0.10078,0.98975,0.01025,4.15E-13,0.03477
5975,0.10078,0.98975,0.01025,4.16E-13,0.03479
5976,0.10078,0.98974,0.01026,4.17E-13,0.03482
5977,0.10078,0.98973,0.01027,4.17E-13,0.03484
5978,0.10078,0.98973,0.01027,4.18E-13,0.03486
5979,0.10078,0.98972,0.01028,4.19E-13,0.03488
5980,0.10078,0.98971,0.01029,4.19E-13,0.0349
5981,0.10078,0.98971,0.01029,4.20E-13,0.03492
5982,0.10078,0.9897,0.0103,4.21E-13,0.03494
5983,0.10079,0.9897,0.0103,4.22E-13,0.03496
5984,0.10079,0.98969,0.01031,4.22E-13,0.03498
5985,0.10079,0.98968,0.01032,4.23E-13,0.035
5986,0.10079,0.98968,0.01032,4.24E-13,0.03502
5987,0.10079,0.98967,0.01033,4.25E-13,0.03504
5988,0.10079,0.98967,0.01033,4.25E-13,0.03506
5989,0.10079,0.98966,0.01034,4.26E-13,0.03508
5990,0.10079,0.98965,0.01035,4.27E-13,0.0351
5991,0.10079,0.98965,0.01035,4.28E-13,0.03512
5992,0.10079,0.98964,0.01036,4.28E-13,0.03514
5993,0.10079,0.98964,0.01036,4.29E-13,0.03516
5994,0.10079,0.98963,0.01037,4.30E-13,0.03518
5995,0.10079,0.98963,0.01037,4.30E-13,0.0352
5996,0.10079,0.98962,0.01038,4.31E-13,0.03522
5997,0.10079,0.98961,0.01039,4.32E-13,0.03524
5998,0.1008,0.98961,0.01039,4.33E-13,0.03526
5999,0.1008,0.9896,0.0104,4.33E-13,0.03528
6000,0.1008,0.98961,0.01039,4.34E-13,0.03525
6001,0.1008,0.98964,0.01036,4.35E-13,0.03515
6002,0.1008,0.98969,0.01031,4.35E-13,0.03499
6003,0.10079,0.98974,0.01026,4.36E-13,0.03481
6004,0.10079,0.98981,0.01019,4.37E-13,0.03459
6005,0.10079,0.98987,0.01013,4.37E-13,0.03437
6006,0.10079,0.98993,0.01007,4.38E-13,0.03415
6007,0.10079,0.99,0.01,4.39E-13,0.03393
6008,0.10079,0.99006,0.00994,4.39E-13,0.03372
6009,0.10079,0.99012,0.00988,4.40E-13,0.03351
6010,0.10079,0.99018,0.00982,4.40E-13,0.0333
6011,0.10078,0.99024,0.00976,4.41E-13,0.0331
6012,0.10078,0.9903,0.0097,4.41E-13,0.03291
6013,0.10078,0.99036,0.00964,4.42E-13,0.03271
6014,0.10078,0.99042,0.00958,4.42E-13,0.03251
6015,0.10078,0.99047,0.00953,4.43E-13,0.03232
6016,0.10078,0.99053,0.00947,4.43E-13,0.03213
6017,0.10078,0.99059,0.00941,4.43E-13,0.03194
6018,0.10078,0.99064,0.00936,4.44E-13,0.03175
6019,0.10077,0.9907,0.0093,4.44E-13,0.03156
6020,0.10077,0.99076,0.00924,4.44E-13,0.03137
6021,0.10077,0.99081,0.00919,4.45E-13,0.03118
6022,0.10077,0.99087,0.00913,4.45E-13,0.03099
6023,0.10077,0.99092,0.00908,4.45E-13,0.0308
6024,0.10077,0.99098,0.00902,4.46E-13,0.03062
6025,0.10077,0.99103,0.00897,4.46E-13,0.03043
6026,0.10077,0.99108,0.00892,4.46E-13,0.03025
6027,0.10077,0.99114,0.00886,4.46E-13,0.03007
6028,0.10076,0.99119,0.00881,4.47E-13,0.02989
6029,0.10076,0.99124,0.00876,4.47E-13,0.02971
6030,0.10076,0.9913,0.0087,4.47E-13,0.02953
6031,0.10076,0.99135,0.00865,4.47E-13,0.02935
6032,0.10076,0.9914,0.0086,4.47E-13,0.02917
6033,0.10076,0.99145,0.00855,4.47E-13,0.029
6034,0.10076,0.9915,0.0085,4.48E-13,0.02882
6035,0.10076,0.99156,0.00844,4.48E-13,0.02865
6036,0.10076,0.99161,0.00839,4.48E-13,0.02848
6037,0.10075,0.99166,0.00834,4.48E-13,0.02831
6038,0.10075,0.99171,0.00829,4.48E-13,0.02814
6039,0.10075,0.99176,0.00824,4.48E-13,0.02797
6040,0.10075,0.99181,0.00819,4.48E-13,0.0278
6041,0.10075,0.99186,0.00814,4.48E-13,0.02763
6042,0.10075,0.99191,0.00809,4.48E-13,0.02746
6043,0.10075,0.99195,0.00805,4.48E-13,0.0273
6044,0.10075,0.992,0.008,4.48E-13,0.02713
6045,0.10074,0.99205,0.00795,4.48E-13,0.02697
6046,0.10074,0.9921,0.0079,4.48E-13,0.02681
6047,0.10074,0.99215,0.00785,4.48E-13,0.02665
6048,0.10074,0.99219,0.00781,4.48E-13,0.02649
6049,0.10074,0.99224,0.00776,4.48E-13,0.02633
6050,0.10074,0.99229,0.00771,4.47E-13,0.02617
6051,0.10074,0.99233,0.00767,4.47E-13,0.02601
6052,0.10074,0.99238,0.00762,4.47E-13,0.02585
6053,0.10074,0.99243,0.00757,4.47E-13,0.0257
6054,0.10073,0.99247,0.00753,4.47E-13,0.02554
6055,0.10073,0.99252,0.00748,4.47E-13,0.02539
6056,0.10073,0.99256,0.00744,4.47E-13,0.02524
6057,0.10073,0.99261,0.00739,4.46E-13,0.02508
6058,0.10073,0.99265,0.00735,4.46E-13,0.02493
6059,0.10073,0.9927,0.0073,4.46E-13,0.02478
6060,0.10073,0.99274,0.00726,4.46E-13,0.02463
6061,0.10073,0.99278,0.00722,4.46E-13,0.02449
6062,0.10073,0.99283,0.00717,4.45E-13,0.02434
6063,0.10072,0.99287,0.00713,4.45E-13,0.02419
6064,0.10072,0.99291,0.00709,4.45E-13,0.02405
6065,0.10072,0.99296,0.00704,4.44E-13,0.0239
6066,0.10072,0.993,0.007,4.44E-13,0.02376
6067,0.10072,0.99304,0.00696,4.44E-13,0.02361
6068,0.10072,0.99308,0.00692,4.44E-13,0.02347
6069,0.10072,0.99312,0.00688,4.43E-13,0.02333
6070,0.10072,0.99317,0.00683,4.43E-13,0.02319
6071,0.10072,0.99321,0.00679,4.43E-13,0.02305
6072,0.10072,0.99325,0.00675,4.42E-13,0.02291
6073,0.10071,0.99329,0.00671,4.42E-13,0.02277
6074,0.10071,0.99333,0.00667,4.41E-13,0.02264
6075,0.10071,0.99337,0.00663,4.41E-13,0.0225
6076,0.10071,0.99341,0.00659,4.41E-13,0.02237
6077,0.10071,0.99345,0.00655,4.40E-13,0.02223
6078,0.10071,0.99349,0.00651,4.40E-13,0.0221
6079,0.10071,0.99353,0.00647,4.39E-13,0.02196
6080,0.10071,0.99357,0.00643,4.39E-13,0.02183
6081,0.10071,0.9936,0.0064,4.39E-13,0.0217
6082,0.1007,0.99364,0.00636,4.38E-13,0.02157
6083,0.1007,0.99368,0.00632,4.38E-13,0.02144
6084,0.1007,0.99372,0.00628,4.37E-13,0.02131
6085,0.1007,0.99376,0.00624,4.37E-13,0.02118
6086,0.1007,0.99379,0.00621,4.36E-13,0.02106
6087,0.1007,0.99383,0.00617,4.36E-13,0.02093
6088,0.1007,0.99387,0.00613,4.35E-13,0.0208
6089,0.1007,0.99391,0.00609,4.35E-13,0.02068
6090,0.1007,0.99394,0.00606,4.34E-13,0.02055
6091,0.10069,0.99398,0.00602,4.34E-13,0.02043
6092,0.10069,0.99401,0.00599,4.33E-13,0.02031
6093,0.10069,0.99405,0.00595,4.33E-13,0.02019
6094,0.10069,0.99409,0.00591,4.32E-13,0.02006
6095,0.10069,0.99412,0.00588,4.32E-13,0.01994
6096,0.10069,0.99416,0.00584,4.31E-13,0.01982
6097,0.10069,0.99419,0.00581,4.30E-13,0.0197
6098,0.10069,0.99423,0.00577,4.30E-13,0.01959
6099,0.10069,0.99426,0.00574,4.29E-13,0.01947
6100,0.10069,0.9943,0.0057,4.29E-13,0.01935
6101,0.10068,0.99433,0.00567,4.28E-13,0.01924
6102,0.10068,0.99437,0.00563,4.28E-13,0.01912
6103,0.10068,0.9944,0.0056,4.27E-13,0.019
6104,0.10068,0.99443,0.00557,4.26E-13,0.01889
6105,0.10068,0.99447,0.00553,4.26E-13,0.01878
6106,0.10068,0.9945,0.0055,4.25E-13,0.01866
6107,0.10068,0.99453,0.00547,4.24E-13,0.01855
6108,0.10068,0.99457,0.00543,4.24E-13,0.01844
6109,0.10068,0.9946,0.0054,4.23E-13,0.01833
6110,0.10067,0.99463,0.00537,4.23E-13,0.01822
6111,0.10067,0.99466,0.00534,4.22E-13,0.01811
6112,0.10067,0.99469,0.00531,4.21E-13,0.018
6113,0.10067,0.99473,0.00527,4.21E-13,0.01789
6114,0.10067,0.99476,0.00524,4.20E-13,0.01779
6115,0.10067,0.99479,0.00521,4.19E-13,0.01768
6116,0.10067,0.99482,0.00518,4.19E-13,0.01757
6117,0.10067,0.99485,0.00515,4.18E-13,0.01747
6118,0.10067,0.99488,0.00512,4.17E-13,0.01736
6119,0.10067,0.99491,0.00509,4.16E-13,0.01726
6120,0.10066,0.99494,0.00506,4.16E-13,0.01715
6121,0.10066,0.99497,0.00503,4.15E-13,0.01705
6122,0.10066,0.995,0.005,4.14E-13,0.01695
6123,0.10066,0.99503,0.00497,4.14E-13,0.01685
6124,0.10066,0.99506,0.00494,4.13E-13,0.01675
6125,0.10066,0.99509,0.00491,4.12E-13,0.01664
6126,0.10066,0.99512,0.00488,4.11E-13,0.01654
6127,0.10066,0.99515,0.00485,4.11E-13,0.01645
6128,0.10066,0.99518,0.00482,4.10E-13,0.01635
6129,0.10066,0.99521,0.00479,4.09E-13,0.01625
6130,0.10065,0.99524,0.00476,4.09E-13,0.01615
6131,0.10065,0.99527,0.00473,4.08E-13,0.01605
6132,0.10065,0.9953,0.0047,4.07E-13,0.01596
6133,0.10065,0.99533,0.00467,4.06E-13,0.01586
6134,0.10065,0.99535,0.00465,4.05E-13,0.01577
6135,0.10065,0.99538,0.00462,4.05E-13,0.01567
6136,0.10065,0.99541,0.00459,4.04E-13,0.01558
6137,0.10065,0.99544,0.00456,4.03E-13,0.01548
6138,0.10065,0.99546,0.00454,4.02E-13,0.01539
6139,0.10065,0.99549,0.00451,4.02E-13,0.0153
6140,0.10064,0.99552,0.00448,4.01E-13,0.01521
6141,0.10064,0.99555,0.00445,4.00E-13,0.01511
6142,0.10064,0.99557,0.00443,3.99E-13,0.01502
6143,0.10064,0.9956,0.0044,3.98E-13,0.01493
6144,0.10064,0.99563,0.00437,3.98E-13,0.01484
6145,0.10064,0.99565,0.00435,3.97E-13,0.01475
6146,0.10064,0.99568,0.00432,3.96E-13,0.01467
6147,0.10064,0.9957,0.0043,3.95E-13,0.01458
6148,0.10064,0.99573,0.00427,3.94E-13,0.01449
6149,0.10064,0.99576,0.00424,3.94E-13,0.0144
6150,0.10064,0.99578,0.00422,3.93E-13,0.01432
6151,0.10063,0.99581,0.00419,3.92E-13,0.01423
6152,0.10063,0.99583,0.00417,3.91E-13,0.01414
6153,0.10063,0.99586,0.00414,3.90E-13,0.01406
6154,0.10063,0.99588,0.00412,3.89E-13,0.01398
6155,0.10063,0.99591,0.00409,3.89E-13,0.01389
6156,0.10063,0.99593,0.00407,3.88E-13,0.01381
6157,0.10063,0.99596,0.00405,3.87E-13,0.01372
6158,0.10063,0.99598,0.00402,3.86E-13,0.01364
6159,0.10063,0.996,0.004,3.85E-13,0.01356
6160,0.10063,0.99603,0.00397,3.84E-13,0.01348
6161,0.10062,0.99605,0.00395,3.84E-13,0.0134
6162,0.10062,0.99608,0.00392,3.83E-13,0.01332
6163,0.10062,0.9961,0.0039,3.82E-13,0.01324
6164,0.10062,0.99612,0.00388,3.81E-13,0.01316
6165,0.10062,0.99615,0.00385,3.80E-13,0.01308
6166,0.10062,0.99617,0.00383,3.79E-13,0.013
6167,0.10062,0.99619,0.00381,3.78E-13,0.01292
6168,0.10062,0.99621,0.00379,3.78E-13,0.01284
6169,0.10062,0.99624,0.00376,3.77E-13,0.01277
6170,0.10062,0.99626,0.00374,3.76E-13,0.01269
6171,0.10062,0.99628,0.00372,3.75E-13,0.01261
6172,0.10061,0.9963,0.0037,3.74E-13,0.01254
6173,0.10061,0.99633,0.00367,3.73E-13,0.01246
6174,0.10061,0.99635,0.00365,3.72E-13,0.01239
6175,0.10061,0.99637,0.00363,3.72E-13,0.01231
6176,0.10061,0.99639,0.00361,3.71E-13,0.01224
6177,0.10061,0.99641,0.00359,3.70E-13,0.01217
6178,0.10061,0.99644,0.00356,3.69E-13,0.01209
6179,0.10061,0.99646,0.00354,3.68E-13,0.01202
6180,0.10061,0.99648,0.00352,3.67E-13,0.01195
6181,0.10061,0.9965,0.0035,3.66E-13,0.01188
6182,0.10061,0.99652,0.00348,3.65E-13,0.0118
6183,0.1006,0.99654,0.00346,3.64E-13,0.01173
6184,0.1006,0.99656,0.00344,3.64E-13,0.01166
6185,0.1006,0.99658,0.00342,3.63E-13,0.01159
6186,0.1006,0.9966,0.0034,3.62E-13,0.01152
6187,0.1006,0.99662,0.00338,3.61E-13,0.01145
6188,0.1006,0.99664,0.00336,3.60E-13,0.01138
6189,0.1006,0.99666,0.00334,3.59E-13,0.01132
6190,0.1006,0.99668,0.00332,3.58E-13,0.01125
6191,0.1006,0.9967,0.0033,3.57E-13,0.01118
6192,0.1006,0.99672,0.00328,3.56E-13,0.01111
6193,0.1006,0.99674,0.00326,3.56E-13,0.01105
6194,0.10059,0.99676,0.00324,3.55E-13,0.01098
6195,0.10059,0.99678,0.00322,3.54E-13,0.01091
6196,0.10059,0.9968,0.0032,3.53E-13,0.01085
6197,0.10059,0.99682,0.00318,3.52E-13,0.01078
6198,0.10059,0.99684,0.00316,3.51E-13,0.01072
6199,0.10059,0.99686,0.00314,3.50E-13,0.01065
6200,0.10059,0.99688,0.00312,3.49E-13,0.01059
6201,0.10059,0.9969,0.0031,3.48E-13,0.01053
6202,0.10059,0.99692,0.00308,3.47E-13,0.01046
6203,0.10059,0.99693,0.00307,3.47E-13,0.0104
6204,0.10059,0.99695,0.00305,3.46E-13,0.01034
6205,0.10058,0.99697,0.00303,3.45E-13,0.01028
6206,0.10058,0.99699,0.00301,3.44E-13,0.01021
6207,0.10058,0.99701,0.00299,3.43E-13,0.01015
6208,0.10058,0.99703,0.00297,3.42E-13,0.01009
6209,0.10058,0.99704,0.00296,3.41E-13,0.01003
6210,0.10058,0.99706,0.00294,3.40E-13,0.00997
6211,0.10058,0.99708,0.00292,3.39E-13,0.00991
6212,0.10058,0.9971,0.0029,3.38E-13,0.00985
6213,0.10058,0.99711,0.00289,3.37E-13,0.00979
6214,0.10058,0.99713,0.00287,3.37E-13,0.00973
6215,0.10058,0.99715,0.00285,3.36E-13,0.00967
6216,0.10057,0.99717,0.00283,3.35E-13,0.00962
6217,0.10057,0.99718,0.00282,3.34E-13,0.00956
6218,0.10057,0.9972,0.0028,3.33E-13,0.0095
6219,0.10057,0.99722,0.00278,3.32E-13,0.00944
6220,0.10057,0.99723,0.00277,3.31E-13,0.00939
6221,0.10057,0.99725,0.00275,3.30E-13,0.00933
6222,0.10057,0.99727,0.00273,3.29E-13,0.00927
6223,0.10057,0.99728,0.00272,3.28E-13,0.00922
6224,0.10057,0.9973,0.0027,3.28E-13,0.00916
6225,0.10057,0.99732,0.00268,3.27E-13,0.00911
6226,0.10057,0.99733,0.00267,3.26E-13,0.00905
6227,0.10057,0.99735,0.00265,3.25E-13,0.009
6228,0.10056,0.99736,0.00264,3.24E-13,0.00894
6229,0.10056,0.99738,0.00262,3.23E-13,0.00889
6230,0.10056,0.9974,0.0026,3.22E-13,0.00884
6231,0.10056,0.99741,0.00259,3.21E-13,0.00878
6232,0.10056,0.99743,0.00257,3.20E-13,0.00873
6233,0.10056,0.99744,0.00256,3.19E-13,0.00868
6234,0.10056,0.99746,0.00254,3.18E-13,0.00863
6235,0.10056,0.99747,0.00253,3.18E-13,0.00858
6236,0.10056,0.99749,0.00251,3.17E-13,0.00852
6237,0.10056,0.9975,0.0025,3.16E-13,0.00847
6238,0.10056,0.99752,0.00248,3.15E-13,0.00842
6239,0.10056,0.99753,0.00247,3.14E-13,0.00837
6240,0.10055,0.99755,0.00245,3.13E-13,0.00832
6241,0.10055,0.99756,0.00244,3.12E-13,0.00827
6242,0.10055,0.99758,0.00242,3.11E-13,0.00822
6243,0.10055,0.99759,0.00241,3.10E-13,0.00817
6244,0.10055,0.99761,0.00239,3.09E-13,0.00812
6245,0.10055,0.99762,0.00238,3.08E-13,0.00807
6246,0.10055,0.99763,0.00237,3.08E-13,0.00803
6247,0.10055,0.99765,0.00235,3.07E-13,0.00798
6248,0.10055,0.99766,0.00234,3.06E-13,0.00793
6249,0.10055,0.99768,0.00232,3.05E-13,0.00788
6250,0.10055,0.99769,0.00231,3.04E-13,0.00783
6251,0.10055,0.9977,0.0023,3.03E-13,0.00779
6252,0.10054,0.99772,0.00228,3.02E-13,0.00774
6253,0.10054,0.99773,0.00227,3.01E-13,0.00769
6254,0.10054,0.99775,0.00225,3.00E-13,0.00765
6255,0.10054,0.99776,0.00224,2.99E-13,0.0076
6256,0.10054,0.99777,0.00223,2.99E-13,0.00756
6257,0.10054,0.99779,0.00221,2.98E-13,0.00751
6258,0.10054,0.9978,0.0022,2.97E-13,0.00747
6259,0.10054,0.99781,0.00219,2.96E-13,0.00742
6260,0.10054,0.99783,0.00217,2.95E-13,0.00738
6261,0.10054,0.99784,0.00216,2.94E-13,0.00733
6262,0.10054,0.99785,0.00215,2.93E-13,0.00729
6263,0.10054,0.99787,0.00213,2.92E-13,0.00724
6264,0.10053,0.99788,0.00212,2.91E-13,0.0072
6265,0.10053,0.99789,0.00211,2.91E-13,0.00716
6266,0.10053,0.9979,0.0021,2.90E-13,0.00711
6267,0.10053,0.99792,0.00208,2.89E-13,0.00707
6268,0.10053,0.99793,0.00207,2.88E-13,0.00703
6269,0.10053,0.99794,0.00206,2.87E-13,0.00699
6270,0.10053,0.99795,0.00205,2.86E-13,0.00694
6271,0.10053,0.99797,0.00203,2.85E-13,0.0069
6272,0.10053,0.99798,0.00202,2.84E-13,0.00686
6273,0.10053,0.99799,0.00201,2.84E-13,0.00682
6274,0.10053,0.998,0.002,2.83E-13,0.00678
6275,0.10053,0.99801,0.00199,2.82E-13,0.00674
6276,0.10052,0.99803,0.00197,2.81E-13,0.0067
6277,0.10052,0.99804,0.00196,2.80E-13,0.00666
6278,0.10052,0.99805,0.00195,2.79E-13,0.00662
6279,0.10052,0.99806,0.00194,2.78E-13,0.00658
6280,0.10052,0.99807,0.00193,2.77E-13,0.00654
6281,0.10052,0.99808,0.00192,2.77E-13,0.0065
6282,0.10052,0.9981,0.0019,2.76E-13,0.00646
6283,0.10052,0.99811,0.00189,2.75E-13,0.00642
6284,0.10052,0.99812,0.00188,2.74E-13,0.00638
6285,0.10052,0.99813,0.00187,2.73E-13,0.00635
6286,0.10052,0.99814,0.00186,2.72E-13,0.00631
6287,0.10052,0.99815,0.00185,2.71E-13,0.00627
6288,0.10052,0.99816,0.00184,2.70E-13,0.00623
6289,0.10051,0.99817,0.00183,2.70E-13,0.00619
6290,0.10051,0.99819,0.00181,2.69E-13,0.00616
6291,0.10051,0.9982,0.0018,2.68E-13,0.00612
6292,0.10051,0.99821,0.00179,2.67E-13,0.00608
6293,0.10051,0.99822,0.00178,2.66E-13,0.00605
6294,0.10051,0.99823,0.00177,2.65E-13,0.00601
6295,0.10051,0.99824,0.00176,2.64E-13,0.00598
6296,0.10051,0.99825,0.00175,2.64E-13,0.00594
6297,0.10051,0.99826,0.00174,2.63E-13,0.0059
6298,0.10051,0.99827,0.00173,2.62E-13,0.00587
6299,0.10051,0.99828,0.00172,2.61E-13,0.00583
6300,0.10051,0.99829,0.00171,2.60E-13,0.0058
6301,0.10051,0.9983,0.0017,2.59E-13,0.00576
6302,0.1005,0.99831,0.00169,2.59E-13,0.00573
6303,0.1005,0.99832,0.00168,2.58E-13,0.00569
6304,0.1005,0.99833,0.00167,2.57E-13,0.00566
6305,0.1005,0.99834,0.00166,2.56E-13,0.00563
6306,0.1005,0.99835,0.00165,2.55E-13,0.00559
6307,0.1005,0.99836,0.00164,2.54E-13,0.00556
6308,0.1005,0.99837,0.00163,2.54E-13,0.00552
6309,0.1005,0.99838,0.00162,2.53E-13,0.00549
6310,0.1005,0.99839,0.00161,2.52E-13,0.00546
6311,0.1005,0.9984,0.0016,2.51E-13,0.00543
6312,0.1005,0.99841,0.00159,2.50E-13,0.00539
6313,0.1005,0.99842,0.00158,2.49E-13,0.00536
6314,0.1005,0.99843,0.00157,2.49E-13,0.00533
6315,0.10049,0.99844,0.00156,2.48E-13,0.0053
6316,0.10049,0.99845,0.00155,2.47E-13,0.00526
6317,0.10049,0.99846,0.00154,2.46E-13,0.00523
6318,0.10049,0.99847,0.00153,2.45E-13,0.0052
6319,0.10049,0.99848,0.00152,2.45E-13,0.00517
6320,0.10049,0.99849,0.00151,2.44E-13,0.00514
6321,0.10049,0.99849,0.00151,2.43E-13,0.00511
6322,0.10049,0.9985,0.0015,2.42E-13,0.00508
6323,0.10049,0.99851,0.00149,2.41E-13,0.00505
6324,0.10049,0.99852,0.00148,2.40E-13,0.00502
6325,0.10049,0.99853,0.00147,2.40E-13,0.00499
6326,0.10049,0.99854,0.00146,2.39E-13,0.00496
6327,0.10049,0.99855,0.00145,2.38E-13,0.00493
6328,0.10049,0.99856,0.00144,2.37E-13,0.0049
6329,0.10048,0.99857,0.00143,2.36E-13,0.00487
6330,0.10048,0.99857,0.00143,2.36E-13,0.00484
6331,0.10048,0.99858,0.00142,2.35E-13,0.00481
6332,0.10048,0.99859,0.00141,2.34E-13,0.00478
6333,0.10048,0.9986,0.0014,2.33E-13,0.00475
6334,0.10048,0.99861,0.00139,2.32E-13,0.00472
6335,0.10048,0.99862,0.00138,2.32E-13,0.0047
6336,0.10048,0.99862,0.00138,2.31E-13,0.00467
6337,0.10048,0.99863,0.00137,2.30E-13,0.00464
6338,0.10048,0.99864,0.00136,2.29E-13,0.00461
6339,0.10048,0.99865,0.00135,2.29E-13,0.00458
6340,0.10048,0.99866,0.00134,2.28E-13,0.00456
6341,0.10048,0.99867,0.00133,2.27E-13,0.00453
6342,0.10047,0.99867,0.00133,2.26E-13,0.0045
6343,0.10047,0.99868,0.00132,2.25E-13,0.00447
6344,0.10047,0.99869,0.00131,2.25E-13,0.00445
6345,0.10047,0.9987,0.0013,2.24E-13,0.00442
6346,0.10047,0.99871,0.00129,2.23E-13,0.00439
6347,0.10047,0.99871,0.00129,2.22E-13,0.00437
6348,0.10047,0.99872,0.00128,2.22E-13,0.00434
6349,0.10047,0.99873,0.00127,2.21E-13,0.00431
6350,0.10047,0.99874,0.00126,2.20E-13,0.00429
6351,0.10047,0.99874,0.00126,2.19E-13,0.00426
6352,0.10047,0.99875,0.00125,2.19E-13,0.00424
6353,0.10047,0.99876,0.00124,2.18E-13,0.00421
6354,0.10047,0.99877,0.00123,2.17E-13,0.00419
6355,0.10047,0.99877,0.00123,2.16E-13,0.00416
6356,0.10046,0.99878,0.00122,2.16E-13,0.00414
6357,0.10046,0.99879,0.00121,2.15E-13,0.00411
6358,0.10046,0.9988,0.0012,2.14E-13,0.00409
6359,0.10046,0.9988,0.0012,2.13E-13,0.00406
6360,0.10046,0.99881,0.00119,2.13E-13,0.00404
6361,0.10046,0.99882,0.00118,2.12E-13,0.00401
6362,0.10046,0.99882,0.00118,2.11E-13,0.00399
6363,0.10046,0.99883,0.00117,2.10E-13,0.00397
6364,0.10046,0.99884,0.00116,2.10E-13,0.00394
6365,0.10046,0.99885,0.00115,2.09E-13,0.00392
6366,0.10046,0.99885,0.00115,2.08E-13,0.0039
6367,0.10046,0.99886,0.00114,2.07E-13,0.00387
6368,0.10046,0.99887,0.00113,2.07E-13,0.00385
6369,0.10046,0.99887,0.00113,2.06E-13,0.00383
6370,0.10046,0.99888,0.00112,2.05E-13,0.0038
6371,0.10045,0.99889,0.00111,2.05E-13,0.00378
6372,0.10045,0.99889,0.00111,2.04E-13,0.00376
6373,0.10045,0.9989,0.0011,2.03E-13,0.00373
6374,0.10045,0.99891,0.00109,2.02E-13,0.00371
6375,0.10045,0.99891,0.00109,2.02E-13,0.00369
6376,0.10045,0.99892,0.00108,2.01E-13,0.00367
6377,0.10045,0.99893,0.00107,2.00E-13,0.00365
6378,0.10045,0.99893,0.00107,1.99E-13,0.00362
6379,0.10045,0.99894,0.00106,1.99E-13,0.0036
6380,0.10045,0.99894,0.00106,1.98E-13,0.00358
6381,0.10045,0.99895,0.00105,1.97E-13,0.00356
6382,0.10045,0.99896,0.00104,1.97E-13,0.00354
6383,0.10045,0.99896,0.00104,1.96E-13,0.00352
6384,0.10045,0.99897,0.00103,1.95E-13,0.00349
6385,0.10044,0.99898,0.00102,1.95E-13,0.00347
6386,0.10044,0.99898,0.00102,1.94E-13,0.00345
6387,0.10044,0.99899,0.00101,1.93E-13,0.00343
6388,0.10044,0.99899,0.00101,1.92E-13,0.00341
6389,0.10044,0.999,9.99E-04,1.92E-13,0.00339
6390,0.10044,0.99901,9.93E-04,1.91E-13,0.00337
6391,0.10044,0.99901,9.87E-04,1.90E-13,0.00335
6392,0.10044,0.99902,9.81E-04,1.90E-13,0.00333
6393,0.10044,0.99902,9.75E-04,1.89E-13,0.00331
6394,0.10044,0.99903,9.69E-04,1.88E-13,0.00329
6395,0.10044,0.99904,9.64E-04,1.88E-13,0.00327
6396,0.10044,0.99904,9.58E-04,1.87E-13,0.00325
6397,0.10044,0.99905,9.52E-04,1.86E-13,0.00323
6398,0.10044,0.99905,9.46E-04,1.86E-13,0.00321
6399,0.10044,0.99906,9.41E-04,1.85E-13,0.00319
6400,0.10043,0.99906,9.36E-04,1.84E-13,0.00318
6401,0.10044,0.999,9.97E-04,1.84E-13,0.00338
6402,0.10044,0.99894,0.00106,1.83E-13,0.0036
6403,0.10044,0.99888,0.00112,1.82E-13,0.00381
6404,0.10044,0.99881,0.00119,1.82E-13,0.00402
6405,0.10044,0.99875,0.00125,1.81E-13,0.00423
6406,0.10044,0.99869,0.00131,1.81E-13,0.00444
6407,0.10044,0.99863,0.00137,1.80E-13,0.00465
6408,0.10044,0.99857,0.00143,1.80E-13,0.00486
6409,0.10045,0.99851,0.00149,1.79E-13,0.00506
6410,0.10045,0.99845,0.00155,1.79E-13,0.00527
6411,0.10045,0.99839,0.00161,1.78E-13,0.00547
6412,0.10045,0.99833,0.00167,1.78E-13,0.00567
6413,0.10045,0.99827,0.00173,1.77E-13,0.00587
6414,0.10045,0.99821,0.00179,1.77E-13,0.00607
6415,0.10045,0.99815,0.00185,1.76E-13,0.00627
6416,0.10045,0.99809,0.00191,1.76E-13,0.00647
6417,0.10046,0.99804,0.00196,1.76E-13,0.00666
6418,0.10046,0.99798,0.00202,1.75E-13,0.00686
6419,0.10046,0.99792,0.00208,1.75E-13,0.00705
6420,0.10046,0.99786,0.00214,1.75E-13,0.00725
6421,0.10046,0.99781,0.00219,1.74E-13,0.00744
6422,0.10046,0.99775,0.00225,1.74E-13,0.00763
6423,0.10046,0.9977,0.0023,1.74E-13,0.00782
6424,0.10046,0.99764,0.00236,1.73E-13,0.008
6425,0.10046,0.99759,0.00241,1.73E-13,0.00819
6426,0.10047,0.99753,0.00247,1.73E-13,0.00837
6427,0.10047,0.99748,0.00252,1.73E-13,0.00856
6428,0.10047,0.99742,0.00258,1.72E-13,0.00874
6429,0.10047,0.99737,0.00263,1.72E-13,0.00892
6430,0.10047,0.99732,0.00268,1.72E-13,0.00911
6431,0.10047,0.99726,0.00274,1.72E-13,0.00928
6432,0.10047,0.99721,0.00279,1.72E-13,0.00946
6433,0.10047,0.99716,0.00284,1.72E-13,0.00964
6434,0.10048,0.99711,0.00289,1.72E-13,0.00982
6435,0.10048,0.99706,0.00294,1.71E-13,0.00999
6436,0.10048,0.997,0.003,1.71E-13,0.01017
6437,0.10048,0.99695,0.00305,1.71E-13,0.01034
6438,0.10048,0.9969,0.0031,1.71E-13,0.01051
6439,0.10048,0.99685,0.00315,1.71E-13,0.01068
6440,0.10048,0.9968,0.0032,1.71E-13,0.01085
6441,0.10048,0.99675,0.00325,1.71E-13,0.01102
6442,0.10048,0.9967,0.0033,1.71E-13,0.01119
6443,0.10049,0.99665,0.00335,1.71E-13,0.01136
6444,0.10049,0.9966,0.0034,1.71E-13,0.01152
6445,0.10049,0.99656,0.00344,1.71E-13,0.01169
6446,0.10049,0.99651,0.00349,1.71E-13,0.01185
6447,0.10049,0.99646,0.00354,1.71E-13,0.01201
6448,0.10049,0.99641,0.00359,1.71E-13,0.01217
6449,0.10049,0.99636,0.00364,1.71E-13,0.01234
6450,0.10049,0.99632,0.00368,1.72E-13,0.0125
6451,0.10049,0.99627,0.00373,1.72E-13,0.01265
6452,0.1005,0.99622,0.00378,1.72E-13,0.01281
6453,0.1005,0.99618,0.00382,1.72E-13,0.01297
6454,0.1005,0.99613,0.00387,1.72E-13,0.01312
6455,0.1005,0.99609,0.00391,1.72E-13,0.01328
6456,0.1005,0.99604,0.00396,1.72E-13,0.01343
6457,0.1005,0.996,0.004,1.73E-13,0.01359
6458,0.1005,0.99595,0.00405,1.73E-13,0.01374
6459,0.1005,0.99591,0.00409,1.73E-13,0.01389
6460,0.10051,0.99586,0.00414,1.73E-13,0.01404
6461,0.10051,0.99582,0.00418,1.73E-13,0.01419
6462,0.10051,0.99578,0.00422,1.74E-13,0.01434
6463,0.10051,0.99573,0.00427,1.74E-13,0.01448
6464,0.10051,0.99569,0.00431,1.74E-13,0.01463
6465,0.10051,0.99565,0.00435,1.74E-13,0.01477
6466,0.10051,0.9956,0.0044,1.75E-13,0.01492
6467,0.10051,0.99556,0.00444,1.75E-13,0.01506
6468,0.10051,0.99552,0.00448,1.75E-13,0.01521
6469,0.10051,0.99548,0.00452,1.75E-13,0.01535
6470,0.10052,0.99544,0.00456,1.76E-13,0.01549
6471,0.10052,0.99539,0.00461,1.76E-13,0.01563
6472,0.10052,0.99535,0.00465,1.76E-13,0.01577
6473,0.10052,0.99531,0.00469,1.77E-13,0.01591
6474,0.10052,0.99527,0.00473,1.77E-13,0.01604
6475,0.10052,0.99523,0.00477,1.77E-13,0.01618
6476,0.10052,0.99519,0.00481,1.78E-13,0.01632
6477,0.10052,0.99515,0.00485,1.78E-13,0.01645
6478,0.10052,0.99511,0.00489,1.79E-13,0.01659
6479,0.10053,0.99507,0.00493,1.79E-13,0.01672
6480,0.10053,0.99503,0.00497,1.79E-13,0.01685
6481,0.10053,0.99499,0.00501,1.80E-13,0.01698
6482,0.10053,0.99496,0.00504,1.80E-13,0.01712
6483,0.10053,0.99492,0.00508,1.81E-13,0.01725
6484,0.10053,0.99488,0.00512,1.81E-13,0.01737
6485,0.10053,0.99484,0.00516,1.81E-13,0.0175
6486,0.10053,0.9948,0.0052,1.82E-13,0.01763
6487,0.10053,0.99477,0.00523,1.82E-13,0.01776
6488,0.10054,0.99473,0.00527,1.83E-13,0.01788
6489,0.10054,0.99469,0.00531,1.83E-13,0.01801
6490,0.10054,0.99466,0.00534,1.84E-13,0.01813
6491,0.10054,0.99462,0.00538,1.84E-13,0.01826
6492,0.10054,0.99458,0.00542,1.85E-13,0.01838
6493,0.10054,0.99455,0.00545,1.85E-13,0.0185
6494,0.10054,0.99451,0.00549,1.86E-13,0.01862
6495,0.10054,0.99448,0.00552,1.86E-13,0.01874
6496,0.10054,0.99444,0.00556,1.87E-13,0.01886
6497,0.10054,0.99441,0.00559,1.87E-13,0.01898
6498,0.10055,0.99437,0.00563,1.88E-13,0.0191
6499,0.10055,0.99434,0.00566,1.88E-13,0.01922
6500,0.10055,0.9943,0.0057,1.89E-13,0.01934
6501,0.10055,0.99427,0.00573,1.90E-13,0.01945
6502,0.10055,0.99423,0.00577,1.90E-13,0.01957
6503,0.10055,0.9942,0.0058,1.91E-13,0.01968
6504,0.10055,0.99416,0.00584,1.91E-13,0.0198
6505,0.10055,0.99413,0.00587,1.92E-13,0.01991
6506,0.10055,0.9941,0.0059,1.92E-13,0.02003
6507,0.10056,0.99407,0.00593,1.93E-13,0.02014
6508,0.10056,0.99403,0.00597,1.94E-13,0.02025
6509,0.10056,0.994,0.006,1.94E-13,0.02036
6510,0.10056,0.99397,0.00603,1.95E-13,0.02047
6511,0.10056,0.99393,0.00607,1.95E-13,0.02058
6512,0.10056,0.9939,0.0061,1.96E-13,0.02069
6513,0.10056,0.99387,0.00613,1.97E-13,0.0208
6514,0.10056,0.99384,0.00616,1.97E-13,0.0209
6515,0.10056,0.99381,0.00619,1.98E-13,0.02101
6516,0.10056,0.99378,0.00622,1.99E-13,0.02112
6517,0.10057,0.99375,0.00625,1.99E-13,0.02122
6518,0.10057,0.99371,0.00629,2.00E-13,0.02133
6519,0.10057,0.99368,0.00632,2.01E-13,0.02143
6520,0.10057,0.99365,0.00635,2.01E-13,0.02153
6521,0.10057,0.99362,0.00638,2.02E-13,0.02164
6522,0.10057,0.99359,0.00641,2.03E-13,0.02174
6523,0.10057,0.99356,0.00644,2.03E-13,0.02184
6524,0.10057,0.99353,0.00647,2.04E-13,0.02194
6525,0.10057,0.9935,0.0065,2.05E-13,0.02204
6526,0.10057,0.99347,0.00653,2.05E-13,0.02214
6527,0.10058,0.99344,0.00656,2.06E-13,0.02224
6528,0.10058,0.99342,0.00658,2.07E-13,0.02234
6529,0.10058,0.99339,0.00661,2.07E-13,0.02244
6530,0.10058,0.99336,0.00664,2.08E-13,0.02254
6531,0.10058,0.99333,0.00667,2.09E-13,0.02263
6532,0.10058,0.9933,0.0067,2.10E-13,0.02273
6533,0.10058,0.99327,0.00673,2.10E-13,0.02282
6534,0.10058,0.99325,0.00675,2.11E-13,0.02292
6535,0.10058,0.99322,0.00678,2.12E-13,0.02301
6536,0.10058,0.99319,0.00681,2.12E-13,0.02311
6537,0.10059,0.99316,0.00684,2.13E-13,0.0232
6538,0.10059,0.99314,0.00686,2.14E-13,0.02329
6539,0.10059,0.99311,0.00689,2.15E-13,0.02339
6540,0.10059,0.99308,0.00692,2.15E-13,0.02348
6541,0.10059,0.99305,0.00695,2.16E-13,0.02357
6542,0.10059,0.99303,0.00697,2.17E-13,0.02366
6543,0.10059,0.993,0.007,2.18E-13,0.02375
6544,0.10059,0.99297,0.00703,2.18E-13,0.02384
6545,0.10059,0.99295,0.00705,2.19E-13,0.02393
6546,0.10059,0.99292,0.00708,2.20E-13,0.02402
6547,0.1006,0.9929,0.0071,2.21E-13,0.0241
6548,0.1006,0.99287,0.00713,2.22E-13,0.02419
6549,0.1006,0.99285,0.00715,2.22E-13,0.02428
6550,0.1006,0.99282,0.00718,2.23E-13,0.02436
6551,0.1006,0.99279,0.00721,2.24E-13,0.02445
6552,0.1006,0.99277,0.00723,2.25E-13,0.02453
6553,0.1006,0.99274,0.00726,2.26E-13,0.02462
6554,0.1006,0.99272,0.00728,2.26E-13,0.0247
6555,0.1006,0.9927,0.0073,2.27E-13,0.02478
6556,0.1006,0.99267,0.00733,2.28E-13,0.02487
6557,0.1006,0.99265,0.00735,2.29E-13,0.02495
6558,0.10061,0.99262,0.00738,2.30E-13,0.02503
6559,0.10061,0.9926,0.0074,2.30E-13,0.02511
6560,0.10061,0.99257,0.00743,2.31E-13,0.02519
6561,0.10061,0.99255,0.00745,2.32E-13,0.02527
6562,0.10061,0.99253,0.00747,2.33E-13,0.02535
6563,0.10061,0.9925,0.0075,2.34E-13,0.02543
6564,0.10061,0.99248,0.00752,2.34E-13,0.02551
6565,0.10061,0.99246,0.00754,2.35E-13,0.02559
6566,0.10061,0.99243,0.00757,2.36E-13,0.02567
6567,0.10061,0.99241,0.00759,2.37E-13,0.02575
6568,0.10062,0.99239,0.00761,2.38E-13,0.02582
6569,0.10062,0.99237,0.00763,2.39E-13,0.0259
6570,0.10062,0.99234,0.00766,2.39E-13,0.02598
6571,0.10062,0.99232,0.00768,2.40E-13,0.02605
6572,0.10062,0.9923,0.0077,2.41E-13,0.02613
6573,0.10062,0.99228,0.00772,2.42E-13,0.0262
6574,0.10062,0.99226,0.00774,2.43E-13,0.02628
6575,0.10062,0.99223,0.00777,2.44E-13,0.02635
6576,0.10062,0.99221,0.00779,2.45E-13,0.02642
6577,0.10062,0.99219,0.00781,2.45E-13,0.0265
6578,0.10062,0.99217,0.00783,2.46E-13,0.02657
6579,0.10063,0.99215,0.00785,2.47E-13,0.02664
6580,0.10063,0.99213,0.00787,2.48E-13,0.02671
6581,0.10063,0.99211,0.00789,2.49E-13,0.02678
6582,0.10063,0.99209,0.00791,2.50E-13,0.02686
6583,0.10063,0.99206,0.00794,2.50E-13,0.02693
6584,0.10063,0.99204,0.00796,2.51E-13,0.027
6585,0.10063,0.99202,0.00798,2.52E-13,0.02706
6586,0.10063,0.992,0.008,2.53E-13,0.02713
6587,0.10063,0.99198,0.00802,2.54E-13,0.0272
6588,0.10063,0.99196,0.00804,2.55E-13,0.02727
6589,0.10063,0.99194,0.00806,2.56E-13,0.02734
6590,0.10064,0.99192,0.00808,2.57E-13,0.02741
6591,0.10064,0.9919,0.0081,2.57E-13,0.02747
6592,0.10064,0.99188,0.00812,2.58E-13,0.02754
6593,0.10064,0.99186,0.00814,2.59E-13,0.0276
6594,0.10064,0.99185,0.00816,2.60E-13,0.02767
6595,0.10064,0.99183,0.00817,2.61E-13,0.02774
6596,0.10064,0.99181,0.00819,2.62E-13,0.0278
6597,0.10064,0.99179,0.00821,2.63E-13,0.02786
6598,0.10064,0.99177,0.00823,2.64E-13,0.02793
6599,0.10064,0.99175,0.00825,2.65E-13,0.02799
6600,0.10064,0.99173,0.00827,2.65E-13,0.02806
6601,0.10065,0.99171,0.00829,2.66E-13,0.02812
6602,0.10065,0.99169,0.00831,2.67E-13,0.02818
6603,0.10065,0.99168,0.00832,2.68E-13,0.02824
6604,0.10065,0.99166,0.00834,2.69E-13,0.0283
6605,0.10065,0.99164,0.00836,2.70E-13,0.02837
6606,0.10065,0.99162,0.00838,2.71E-13,0.02843
6607,0.10065,0.9916,0.0084,2.72E-13,0.02849
6608,0.10065,0.99159,0.00841,2.72E-13,0.02855
6609,0.10065,0.99157,0.00843,2.73E-13,0.02861
6610,0.10065,0.99155,0.00845,2.74E-13,0.02867
6611,0.10065,0.99153,0.00847,2.75E-13,0.02873
6612,0.10065,0.99152,0.00848,2.76E-13,0.02879
6613,0.10066,0.9915,0.0085,2.77E-13,0.02884
6614,0.10066,0.99148,0.00852,2.78E-13,0.0289
6615,0.10066,0.99146,0.00854,2.79E-13,0.02896
6616,0.10066,0.99145,0.00855,2.80E-13,0.02902
6617,0.10066,0.99143,0.00857,2.81E-13,0.02907
6618,0.10066,0.99141,0.00859,2.81E-13,0.02913
6619,0.10066,0.9914,0.0086,2.82E-13,0.02919
6620,0.10066,0.99138,0.00862,2.83E-13,0.02924
6621,0.10066,0.99137,0.00863,2.84E-13,0.0293
6622,0.10066,0.99135,0.00865,2.85E-13,0.02935
6623,0.10066,0.99133,0.00867,2.86E-13,0.02941
6624,0.10067,0.99132,0.00868,2.87E-13,0.02946
6625,0.10067,0.9913,0.0087,2.88E-13,0.02951
6626,0.10067,0.99129,0.00871,2.89E-13,0.02957
6627,0.10067,0.99127,0.00873,2.90E-13,0.02962
6628,0.10067,0.99125,0.00875,2.90E-13,0.02967
6629,0.10067,0.99124,0.00876,2.91E-13,0.02973
6630,0.10067,0.99122,0.00878,2.92E-13,0.02978
6631,0.10067,0.99121,0.00879,2.93E-13,0.02983
6632,0.10067,0.99119,0.00881,2.94E-13,0.02988
6633,0.10067,0.99118,0.00882,2.95E-13,0.02993
6634,0.10067,0.99116,0.00884,2.96E-13,0.02999
6635,0.10067,0.99115,0.00885,2.97E-13,0.03004
6636,0.10068,0.99113,0.00887,2.98E-13,0.03009
6637,0.10068,0.99112,0.00888,2.99E-13,0.03014
6638,0.10068,0.9911,0.0089,3.00E-13,0.03019
6639,0.10068,0.99109,0.00891,3.00E-13,0.03024
6640,0.10068,0.99107,0.00893,3.01E-13,0.03029
6641,0.10068,0.99106,0.00894,3.02E-13,0.03033
6642,0.10068,0.99105,0.00895,3.03E-13,0.03038
6643,0.10068,0.99103,0.00897,3.04E-13,0.03043
6644,0.10068,0.99102,0.00898,3.05E-13,0.03048
6645,0.10068,0.991,0.009,3.06E-13,0.03053
6646,0.10068,0.99099,0.00901,3.07E-13,0.03058
6647,0.10068,0.99097,0.00903,3.08E-13,0.03062
6648,0.10069,0.99096,0.00904,3.09E-13,0.03067
6649,0.10069,0.99095,0.00905,3.09E-13,0.03072
6650,0.10069,0.99093,0.00907,3.10E-13,0.03076
6651,0.10069,0.99092,0.00908,3.11E-13,0.03081
6652,0.10069,0.99091,0.00909,3.12E-13,0.03085
6653,0.10069,0.99089,0.00911,3.13E-13,0.0309
6654,0.10069,0.99088,0.00912,3.14E-13,0.03095
6655,0.10069,0.99087,0.00913,3.15E-13,0.03099
6656,0.10069,0.99085,0.00915,3.16E-13,0.03104
6657,0.10069,0.99084,0.00916,3.17E-13,0.03108
6658,0.10069,0.99083,0.00917,3.18E-13,0.03112
6659,0.10069,0.99081,0.00919,3.18E-13,0.03117
6660,0.10069,0.9908,0.0092,3.19E-13,0.03121
6661,0.1007,0.99079,0.00921,3.20E-13,0.03126
6662,0.1007,0.99078,0.00922,3.21E-13,0.0313
6663,0.1007,0.99076,0.00924,3.22E-13,0.03134
6664,0.1007,0.99075,0.00925,3.23E-13,0.03138
6665,0.1007,0.99074,0.00926,3.24E-13,0.03143
6666,0.1007,0.99073,0.00927,3.25E-13,0.03147
6667,0.1007,0.99071,0.00929,3.26E-13,0.03151
6668,0.1007,0.9907,0.0093,3.26E-13,0.03155
6669,0.1007,0.99069,0.00931,3.27E-13,0.03159
6670,0.1007,0.99068,0.00932,3.28E-13,0.03163
6671,0.1007,0.99066,0.00934,3.29E-13,0.03167
6672,0.1007,0.99065,0.00935,3.30E-13,0.03171
6673,0.10071,0.99064,0.00936,3.31E-13,0.03175
6674,0.10071,0.99063,0.00937,3.32E-13,0.03179
6675,0.10071,0.99062,0.00938,3.33E-13,0.03183
6676,0.10071,0.99061,0.00939,3.34E-13,0.03187
6677,0.10071,0.99059,0.00941,3.34E-13,0.03191
6678,0.10071,0.99058,0.00942,3.35E-13,0.03195
6679,0.10071,0.99057,0.00943,3.36E-13,0.03199
6680,0.10071,0.99056,0.00944,3.37E-13,0.03203
6681,0.10071,0.99055,0.00945,3.38E-13,0.03207
6682,0.10071,0.99054,0.00946,3.39E-13,0.0321
6683,0.10071,0.99053,0.00947,3.40E-13,0.03214
6684,0.10071,0.99052,0.00948,3.41E-13,0.03218
6685,0.10071,0.99051,0.00949,3.42E-13,0.03222
6686,0.10072,0.99049,0.00951,3.42E-13,0.03225
6687,0.10072,0.99048,0.00952,3.43E-13,0.03229
6688,0.10072,0.99047,0.00953,3.44E-13,0.03233
6689,0.10072,0.99046,0.00954,3.45E-13,0.03236
6690,0.10072,0.99045,0.00955,3.46E-13,0.0324
6691,0.10072,0.99044,0.00956,3.47E-13,0.03244
6692,0.10072,0.99043,0.00957,3.48E-13,0.03247
6693,0.10072,0.99042,0.00958,3.49E-13,0.03251
6694,0.10072,0.99041,0.00959,3.49E-13,0.03254
6695,0.10072,0.9904,0.0096,3.50E-13,0.03258
6696,0.10072,0.99039,0.00961,3.51E-13,0.03261
6697,0.10072,0.99038,0.00962,3.52E-13,0.03265
6698,0.10072,0.99037,0.00963,3.53E-13,0.03268
6699,0.10073,0.99036,0.00964,3.54E-13,0.03272
6700,0.10073,0.99035,0.00965,3.55E-13,0.03275
6701,0.10073,0.99034,0.00966,3.55E-13,0.03278
6702,0.10073,0.99033,0.00967,3.56E-13,0.03282
6703,0.10073,0.99032,0.00968,3.57E-13,0.03285
6704,0.10073,0.99031,0.00969,3.58E-13,0.03288
6705,0.10073,0.9903,0.0097,3.59E-13,0.03292
6706,0.10073,0.99029,0.00971,3.60E-13,0.03295
6707,0.10073,0.99028,0.00972,3.61E-13,0.03298
6708,0.10073,0.99027,0.00973,3.61E-13,0.03302
6709,0.10073,0.99026,0.00974,3.62E-13,0.03305
6710,0.10073,0.99025,0.00975,3.63E-13,0.03308
6711,0.10073,0.99024,0.00976,3.64E-13,0.03311
6712,0.10074,0.99023,0.00977,3.65E-13,0.03314
6713,0.10074,0.99022,0.00978,3.66E-13,0.03318
6714,0.10074,0.99021,0.00979,3.67E-13,0.03321
6715,0.10074,0.9902,0.0098,3.67E-13,0.03324
6716,0.10074,0.99019,0.00981,3.68E-13,0.03327
6717,0.10074,0.99019,0.00981,3.69E-13,0.0333
6718,0.10074,0.99018,0.00982,3.70E-13,0.03333
6719,0.10074,0.99017,0.00983,3.71E-13,0.03336
6720,0.10074,0.99016,0.00984,3.72E-13,0.03339
6721,0.10074,0.99015,0.00985,3.72E-13,0.03342
6722,0.10074,0.99014,0.00986,3.73E-13,0.03345
6723,0.10074,0.99013,0.00987,3.74E-13,0.03348
6724,0.10074,0.99012,0.00988,3.75E-13,0.03351
6725,0.10074,0.99012,0.00988,3.76E-13,0.03354
6726,0.10075,0.99011,0.00989,3.77E-13,0.03357
6727,0.10075,0.9901,0.0099,3.77E-13,0.0336
6728,0.10075,0.99009,0.00991,3.78E-13,0.03362
6729,0.10075,0.99008,0.00992,3.79E-13,0.03365
6730,0.10075,0.99007,0.00993,3.80E-13,0.03368
6731,0.10075,0.99007,0.00993,3.81E-13,0.03371
6732,0.10075,0.99006,0.00994,3.82E-13,0.03374
6733,0.10075,0.99005,0.00995,3.82E-13,0.03377
6734,0.10075,0.99004,0.00996,3.83E-13,0.03379
6735,0.10075,0.99003,0.00997,3.84E-13,0.03382
6736,0.10075,0.99002,0.00998,3.85E-13,0.03385
6737,0.10075,0.99002,0.00998,3.86E-13,0.03387
6738,0.10075,0.99001,0.00999,3.86E-13,0.0339
6739,0.10075,0.99,0.01,3.87E-13,0.03393
6740,0.10076,0.98999,0.01001,3.88E-13,0.03395
6741,0.10076,0.98998,0.01002,3.89E-13,0.03398
6742,0.10076,0.98998,0.01002,3.90E-13,0.03401
6743,0.10076,0.98997,0.01003,3.91E-13,0.03403
6744,0.10076,0.98996,0.01004,3.91E-13,0.03406
6745,0.10076,0.98995,0.01005,3.92E-13,0.03409
6746,0.10076,0.98995,0.01005,3.93E-13,0.03411
6747,0.10076,0.98994,0.01006,3.94E-13,0.03414
6748,0.10076,0.98993,0.01007,3.95E-13,0.03416
6749,0.10076,0.98992,0.01008,3.95E-13,0.03419
6750,0.10076,0.98992,0.01008,3.96E-13,0.03421
6751,0.10076,0.98991,0.01009,3.97E-13,0.03424
6752,0.10076,0.9899,0.0101,3.98E-13,0.03426
6753,0.10076,0.98989,0.01011,3.98E-13,0.03429
6754,0.10077,0.98989,0.01011,3.99E-13,0.03431
6755,0.10077,0.98988,0.01012,4.00E-13,0.03434
6756,0.10077,0.98987,0.01013,4.01E-13,0.03436
6757,0.10077,0.98987,0.01013,4.02E-13,0.03438
6758,0.10077,0.98986,0.01014,4.02E-13,0.03441
6759,0.10077,0.98985,0.01015,4.03E-13,0.03443
6760,0.10077,0.98984,0.01016,4.04E-13,0.03446
6761,0.10077,0.98984,0.01016,4.05E-13,0.03448
6762,0.10077,0.98983,0.01017,4.06E-13,0.0345
6763,0.10077,0.98982,0.01018,4.06E-13,0.03453
6764,0.10077,0.98982,0.01018,4.07E-13,0.03455
6765,0.10077,0.98981,0.01019,4.08E-13,0.03457
6766,0.10077,0.9898,0.0102,4.09E-13,0.0346
6767,0.10077,0.9898,0.0102,4.09E-13,0.03462
6768,0.10078,0.98979,0.01021,4.10E-13,0.03464
6769,0.10078,0.98978,0.01022,4.11E-13,0.03466
6770,0.10078,0.98978,0.01022,4.12E-13,0.03469
6771,0.10078,0.98977,0.01023,4.12E-13,0.03471
6772,0.10078,0.98976,0.01024,4.13E-13,0.03473
6773,0.10078,0.98976,0.01024,4.14E-13,0.03475
6774,0.10078,0.98975,0.01025,4.15E-13,0.03477
6775,0.10078,0.98974,0.01026,4.15E-13,0.0348
6776,0.10078,0.98974,0.01026,4.16E-13,0.03482
6777,0.10078,0.98973,0.01027,4.17E-13,0.03484
6778,0.10078,0.98973,0.01027,4.18E-13,0.03486
6779,0.10078,0.98972,0.01028,4.18E-13,0.03488
6780,0.10078,0.98971,0.01029,4.19E-13,0.0349
6781,0.10078,0.98971,0.01029,4.20E-13,0.03492
6782,0.10078,0.9897,0.0103,4.21E-13,0.03494
6783,0.10079,0.9897,0.0103,4.21E-13,0.03496
6784,0.10079,0.98969,0.01031,4.22E-13,0.03498
6785,0.10079,0.98968,0.01032,4.23E-13,0.035
6786,0.10079,0.98968,0.01032,4.24E-13,0.03502
6787,0.10079,0.98967,0.01033,4.24E-13,0.03504
6788,0.10079,0.98967,0.01033,4.25E-13,0.03506
6789,0.10079,0.98966,0.01034,4.26E-13,0.03508
6790,0.10079,0.98965,0.01035,4.27E-13,0.0351
6791,0.10079,0.98965,0.01035,4.27E-13,0.03512
6792,0.10079,0.98964,0.01036,4.28E-13,0.03514
6793,0.10079,0.98964,0.01036,4.29E-13,0.03516
6794,0.10079,0.98963,0.01037,4.29E-13,0.03518
6795,0.10079,0.98963,0.01037,4.30E-13,0.0352
6796,0.10079,0.98962,0.01038,4.31E-13,0.03522
6797,0.10079,0.98961,0.01039,4.32E-13,0.03524
6798,0.1008,0.98961,0.01039,4.32E-13,0.03526
6799,0.1008,0.9896,0.0104,4.33E-13,0.03528
6800,0.1008,0.98962,0.01038,4.34E-13,0.03522
6801,0.1008,0.98966,0.01034,4.34E-13,0.03507
6802,0.10079,0.98972,0.01028,4.35E-13,0.03488
6803,0.10079,0.98979,0.01021,4.36E-13,0.03466
6804,0.10079,0.98985,0.01015,4.36E-13,0.03444
6805,0.10079,0.98992,0.01008,4.37E-13,0.03422
6806,0.10079,0.98998,0.01002,4.38E-13,0.03401
6807,0.10079,0.99004,0.00996,4.38E-13,0.0338
6808,0.10079,0.9901,0.0099,4.39E-13,0.03359
6809,0.10079,0.99016,0.00984,4.39E-13,0.03339
6810,0.10078,0.99022,0.00978,4.40E-13,0.03319
6811,0.10078,0.99028,0.00972,4.40E-13,0.033
6812,0.10078,0.99033,0.00967,4.41E-13,0.0328
6813,0.10078,0.99039,0.00961,4.41E-13,0.0326
6814,0.10078,0.99045,0.00955,4.42E-13,0.03241
6815,0.10078,0.99051,0.00949,4.42E-13,0.03221
6816,0.10078,0.99056,0.00944,4.43E-13,0.03202
6817,0.10078,0.99062,0.00938,4.43E-13,0.03183
6818,0.10077,0.99068,0.00932,4.43E-13,0.03163
6819,0.10077,0.99073,0.00927,4.44E-13,0.03144
6820,0.10077,0.99079,0.00921,4.44E-13,0.03126
6821,0.10077,0.99084,0.00916,4.44E-13,0.03107
6822,0.10077,0.9909,0.0091,4.45E-13,0.03088
6823,0.10077,0.99095,0.00905,4.45E-13,0.03069
6824,0.10077,0.99101,0.00899,4.45E-13,0.03051
6825,0.10077,0.99106,0.00894,4.45E-13,0.03033
6826,0.10077,0.99112,0.00888,4.46E-13,0.03014
6827,0.10076,0.99117,0.00883,4.46E-13,0.02996
6828,0.10076,0.99122,0.00878,4.46E-13,0.02978
6829,0.10076,0.99128,0.00872,4.46E-13,0.0296
6830,0.10076,0.99133,0.00867,4.47E-13,0.02942
6831,0.10076,0.99138,0.00862,4.47E-13,0.02925
6832,0.10076,0.99143,0.00857,4.47E-13,0.02907
6833,0.10076,0.99148,0.00852,4.47E-13,0.0289
6834,0.10076,0.99154,0.00846,4.47E-13,0.02872
6835,0.10076,0.99159,0.00841,4.47E-13,0.02855
6836,0.10075,0.99164,0.00836,4.47E-13,0.02838
6837,0.10075,0.99169,0.00831,4.47E-13,0.02821
6838,0.10075,0.99174,0.00826,4.47E-13,0.02804
6839,0.10075,0.99179,0.00821,4.47E-13,0.02787
6840,0.10075,0.99184,0.00816,4.47E-13,0.0277
6841,0.10075,0.99189,0.00811,4.47E-13,0.02753
6842,0.10075,0.99193,0.00807,4.47E-13,0.02737
6843,0.10075,0.99198,0.00802,4.47E-13,0.0272
6844,0.10074,0.99203,0.00797,4.47E-13,0.02704
6845,0.10074,0.99208,0.00792,4.47E-13,0.02688
6846,0.10074,0.99213,0.00787,4.47E-13,0.02671
6847,0.10074,0.99217,0.00783,4.47E-13,0.02655
6848,0.10074,0.99222,0.00778,4.47E-13,0.02639
6849,0.10074,0.99227,0.00773,4.47E-13,0.02623
6850,0.10074,0.99231,0.00769,4.47E-13,0.02608
6851,0.10074,0.99236,0.00764,4.47E-13,0.02592
6852,0.10074,0.99241,0.00759,4.47E-13,0.02576
6853,0.10073,0.99245,0.00755,4.46E-13,0.02561
6854,0.10073,0.9925,0.0075,4.46E-13,0.02545
6855,0.10073,0.99254,0.00746,4.46E-13,0.0253
6856,0.10073,0.99259,0.00741,4.46E-13,0.02515
6857,0.10073,0.99263,0.00737,4.46E-13,0.025
6858,0.10073,0.99268,0.00732,4.46E-13,0.02485
6859,0.10073,0.99272,0.00728,4.45E-13,0.0247
6860,0.10073,0.99277,0.00723,4.45E-13,0.02455
6861,0.10073,0.99281,0.00719,4.45E-13,0.0244
6862,0.10072,0.99285,0.00715,4.45E-13,0.02425
6863,0.10072,0.99289,0.00711,4.44E-13,0.02411
6864,0.10072,0.99294,0.00706,4.44E-13,0.02396
6865,0.10072,0.99298,0.00702,4.44E-13,0.02382
6866,0.10072,0.99302,0.00698,4.43E-13,0.02368
6867,0.10072,0.99306,0.00694,4.43E-13,0.02353
6868,0.10072,0.99311,0.00689,4.43E-13,0.02339
6869,0.10072,0.99315,0.00685,4.42E-13,0.02325
6870,0.10072,0.99319,0.00681,4.42E-13,0.02311
6871,0.10071,0.99323,0.00677,4.42E-13,0.02297
6872,0.10071,0.99327,0.00673,4.41E-13,0.02283
6873,0.10071,0.99331,0.00669,4.41E-13,0.0227
6874,0.10071,0.99335,0.00665,4.41E-13,0.02256
6875,0.10071,0.99339,0.00661,4.40E-13,0.02242
6876,0.10071,0.99343,0.00657,4.40E-13,0.02229
6877,0.10071,0.99347,0.00653,4.40E-13,0.02215
6878,0.10071,0.99351,0.00649,4.39E-13,0.02202
6879,0.10071,0.99355,0.00645,4.39E-13,0.02189
6880,0.10071,0.99359,0.00641,4.38E-13,0.02176
6881,0.1007,0.99363,0.00637,4.38E-13,0.02163
6882,0.1007,0.99366,0.00634,4.37E-13,0.0215
6883,0.1007,0.9937,0.0063,4.37E-13,0.02137
6884,0.1007,0.99374,0.00626,4.36E-13,0.02124
6885,0.1007,0.99378,0.00622,4.36E-13,0.02111
6886,0.1007,0.99382,0.00618,4.35E-13,0.02098
6887,0.1007,0.99385,0.00615,4.35E-13,0.02086
6888,0.1007,0.99389,0.00611,4.34E-13,0.02073
6889,0.1007,0.99393,0.00607,4.34E-13,0.02061
6890,0.10069,0.99396,0.00604,4.33E-13,0.02048
6891,0.10069,0.994,0.006,4.33E-13,0.02036
6892,0.10069,0.99404,0.00596,4.32E-13,0.02024
6893,0.10069,0.99407,0.00593,4.32E-13,0.02012
6894,0.10069,0.99411,0.00589,4.31E-13,0.02
6895,0.10069,0.99414,0.00586,4.31E-13,0.01988
6896,0.10069,0.99418,0.00582,4.30E-13,0.01976
6897,0.10069,0.99421,0.00579,4.30E-13,0.01964
6898,0.10069,0.99425,0.00575,4.29E-13,0.01952
6899,0.10069,0.99428,0.00572,4.29E-13,0.0194
6900,0.10068,0.99432,0.00568,4.28E-13,0.01929
6901,0.10068,0.99435,0.00565,4.27E-13,0.01917
6902,0.10068,0.99438,0.00562,4.27E-13,0.01905
6903,0.10068,0.99442,0.00558,4.26E-13,0.01894
6904,0.10068,0.99445,0.00555,4.26E-13,0.01883
6905,0.10068,0.99449,0.00551,4.25E-13,0.01871
6906,0.10068,0.99452,0.00548,4.24E-13,0.0186
6907,0.10068,0.99455,0.00545,4.24E-13,0.01849
6908,0.10068,0.99458,0.00542,4.23E-13,0.01838
6909,0.10067,0.99462,0.00538,4.22E-13,0.01827
6910,0.10067,0.99465,0.00535,4.22E-13,0.01816
6911,0.10067,0.99468,0.00532,4.21E-13,0.01805
6912,0.10067,0.99471,0.00529,4.20E-13,0.01794
6913,0.10067,0.99474,0.00526,4.20E-13,0.01783
6914,0.10067,0.99478,0.00522,4.19E-13,0.01772
6915,0.10067,0.99481,0.00519,4.18E-13,0.01762
6916,0.10067,0.99484,0.00516,4.18E-13,0.01751
6917,0.10067,0.99487,0.00513,4.17E-13,0.01741
6918,0.10067,0.9949,0.0051,4.16E-13,0.0173
6919,0.10066,0.99493,0.00507,4.16E-13,0.0172
6920,0.10066,0.99496,0.00504,4.15E-13,0.01709
6921,0.10066,0.99499,0.00501,4.14E-13,0.01699
6922,0.10066,0.99502,0.00498,4.14E-13,0.01689
6923,0.10066,0.99505,0.00495,4.13E-13,0.01679
6924,0.10066,0.99508,0.00492,4.12E-13,0.01669
6925,0.10066,0.99511,0.00489,4.11E-13,0.01659
6926,0.10066,0.99514,0.00486,4.11E-13,0.01649
6927,0.10066,0.99517,0.00483,4.10E-13,0.01639
6928,0.10066,0.9952,0.0048,4.09E-13,0.01629
6929,0.10065,0.99523,0.00477,4.08E-13,0.01619
6930,0.10065,0.99526,0.00474,4.08E-13,0.01609
6931,0.10065,0.99529,0.00471,4.07E-13,0.016
6932,0.10065,0.99531,0.00469,4.06E-13,0.0159
6933,0.10065,0.99534,0.00466,4.05E-13,0.0158
6934,0.10065,0.99537,0.00463,4.05E-13,0.01571
6935,0.10065,0.9954,0.0046,4.04E-13,0.01561
6936,0.10065,0.99543,0.00457,4.03E-13,0.01552
6937,0.10065,0.99545,0.00455,4.02E-13,0.01543
6938,0.10065,0.99548,0.00452,4.02E-13,0.01533
6939,0.10064,0.99551,0.00449,4.01E-13,0.01524
6940,0.10064,0.99553,0.00447,4.00E-13,0.01515
6941,0.10064,0.99556,0.00444,3.99E-13,0.01506
6942,0.10064,0.99559,0.00441,3.98E-13,0.01497
6943,0.10064,0.99561,0.00439,3.98E-13,0.01488
6944,0.10064,0.99564,0.00436,3.97E-13,0.01479
6945,0.10064,0.99567,0.00433,3.96E-13,0.0147
6946,0.10064,0.99569,0.00431,3.95E-13,0.01461
6947,0.10064,0.99572,0.00428,3.94E-13,0.01452
6948,0.10064,0.99574,0.00426,3.94E-13,0.01444
6949,0.10064,0.99577,0.00423,3.93E-13,0.01435
6950,0.10063,0.9958,0.0042,3.92E-13,0.01426
6951,0.10063,0.99582,0.00418,3.91E-13,0.01418
6952,0.10063,0.99585,0.00415,3.90E-13,0.01409
6953,0.10063,0.99587,0.00413,3.90E-13,0.01401
6954,0.10063,0.9959,0.0041,3.89E-13,0.01392
6955,0.10063,0.99592,0.00408,3.88E-13,0.01384
6956,0.10063,0.99595,0.00405,3.87E-13,0.01376
6957,0.10063,0.99597,0.00403,3.86E-13,0.01367
6958,0.10063,0.99599,0.00401,3.85E-13,0.01359
6959,0.10063,0.99602,0.00398,3.85E-13,0.01351
6960,0.10062,0.99604,0.00396,3.84E-13,0.01343
6961,0.10062,0.99607,0.00393,3.83E-13,0.01335
6962,0.10062,0.99609,0.00391,3.82E-13,0.01327
6963,0.10062,0.99611,0.00389,3.81E-13,0.01319
6964,0.10062,0.99614,0.00386,3.80E-13,0.01311
6965,0.10062,0.99616,0.00384,3.79E-13,0.01303
6966,0.10062,0.99618,0.00382,3.79E-13,0.01295
6967,0.10062,0.99621,0.00379,3.78E-13,0.01287
6968,0.10062,0.99623,0.00377,3.77E-13,0.0128
6969,0.10062,0.99625,0.00375,3.76E-13,0.01272
6970,0.10062,0.99627,0.00373,3.75E-13,0.01264
6971,0.10061,0.9963,0.0037,3.74E-13,0.01257
6972,0.10061,0.99632,0.00368,3.73E-13,0.01249
6973,0.10061,0.99634,0.00366,3.73E-13,0.01242
6974,0.10061,0.99636,0.00364,3.72E-13,0.01234
6975,0.10061,0.99638,0.00362,3.71E-13,0.01227
6976,0.10061,0.99641,0.00359,3.70E-13,0.01219
6977,0.10061,0.99643,0.00357,3.69E-13,0.01212
6978,0.10061,0.99645,0.00355,3.68E-13,0.01205
6979,0.10061,0.99647,0.00353,3.67E-13,0.01197
6980,0.10061,0.99649,0.00351,3.66E-13,0.0119
6981,0.10061,0.99651,0.00349,3.66E-13,0.01183
6982,0.1006,0.99653,0.00347,3.65E-13,0.01176
6983,0.1006,0.99655,0.00345,3.64E-13,0.01169
6984,0.1006,0.99658,0.00342,3.63E-13,0.01162
6985,0.1006,0.9966,0.0034,3.62E-13,0.01155
6986,0.1006,0.99662,0.00338,3.61E-13,0.01148
6987,0.1006,0.99664,0.00336,3.60E-13,0.01141
6988,0.1006,0.99666,0.00334,3.59E-13,0.01134
6989,0.1006,0.99668,0.00332,3.58E-13,0.01127
6990,0.1006,0.9967,0.0033,3.58E-13,0.01121
6991,0.1006,0.99672,0.00328,3.57E-13,0.01114
6992,0.1006,0.99674,0.00326,3.56E-13,0.01107
6993,0.10059,0.99676,0.00324,3.55E-13,0.01101
6994,0.10059,0.99678,0.00322,3.54E-13,0.01094
6995,0.10059,0.9968,0.0032,3.53E-13,0.01087
6996,0.10059,0.99681,0.00319,3.52E-13,0.01081
6997,0.10059,0.99683,0.00317,3.51E-13,0.01074
6998,0.10059,0.99685,0.00315,3.50E-13,0.01068
6999,0.10059,0.99687,0.00313,3.49E-13,0.01062
7000,0.10059,0.99689,0.00311,3.48E-13,0.01055
7001,0.10059,0.99691,0.00309,3.48E-13,0.01049
7002,0.10059,0.99693,0.00307,3.47E-13,0.01043
7003,0.10059,0.99695,0.00305,3.46E-13,0.01036
7004,0.10058,0.99696,0.00304,3.45E-13,0.0103
7005,0.10058,0.99698,0.00302,3.44E-13,0.01024
7006,0.10058,0.997,0.003,3.43E-13,0.01018
7007,0.10058,0.99702,0.00298,3.42E-13,0.01012
7008,0.10058,0.99704,0.00296,3.41E-13,0.01006
7009,0.10058,0.99705,0.00295,3.40E-13,0.01
7010,0.10058,0.99707,0.00293,3.39E-13,0.00994
7011,0.10058,0.99709,0.00291,3.39E-13,0.00988
7012,0.10058,0.99711,0.00289,3.38E-13,0.00982
7013,0.10058,0.99712,0.00288,3.37E-13,0.00976
7014,0.10058,0.99714,0.00286,3.36E-13,0.0097
7015,0.10057,0.99716,0.00284,3.35E-13,0.00964
7016,0.10057,0.99718,0.00282,3.34E-13,0.00958
7017,0.10057,0.99719,0.00281,3.33E-13,0.00953
7018,0.10057,0.99721,0.00279,3.32E-13,0.00947
7019,0.10057,0.99723,0.00277,3.31E-13,0.00941
7020,0.10057,0.99724,0.00276,3.30E-13,0.00935
7021,0.10057,0.99726,0.00274,3.29E-13,0.0093
7022,0.10057,0.99728,0.00272,3.29E-13,0.00924
7023,0.10057,0.99729,0.00271,3.28E-13,0.00919
7024,0.10057,0.99731,0.00269,3.27E-13,0.00913
7025,0.10057,0.99733,0.00267,3.26E-13,0.00908
7026,0.10057,0.99734,0.00266,3.25E-13,0.00902
7027,0.10056,0.99736,0.00264,3.24E-13,0.00897
7028,0.10056,0.99737,0.00263,3.23E-13,0.00891
7029,0.10056,0.99739,0.00261,3.22E-13,0.00886
7030,0.10056,0.9974,0.0026,3.21E-13,0.00881
7031,0.10056,0.99742,0.00258,3.20E-13,0.00875
7032,0.10056,0.99744,0.00256,3.19E-13,0.0087
7033,0.10056,0.99745,0.00255,3.19E-13,0.00865
7034,0.10056,0.99747,0.00253,3.18E-13,0.0086
7035,0.10056,0.99748,0.00252,3.17E-13,0.00855
7036,0.10056,0.9975,0.0025,3.16E-13,0.0085
7037,0.10056,0.99751,0.00249,3.15E-13,0.00844
7038,0.10056,0.99753,0.00247,3.14E-13,0.00839
7039,0.10055,0.99754,0.00246,3.13E-13,0.00834
7040,0.10055,0.99756,0.00244,3.12E-13,0.00829
7041,0.10055,0.99757,0.00243,3.11E-13,0.00824
7042,0.10055,0.99758,0.00242,3.10E-13,0.00819
7043,0.10055,0.9976,0.0024,3.09E-13,0.00815
7044,0.10055,0.99761,0.00239,3.09E-13,0.0081
7045,0.10055,0.99763,0.00237,3.08E-13,0.00805
7046,0.10055,0.99764,0.00236,3.07E-13,0.008
7047,0.10055,0.99766,0.00234,3.06E-13,0.00795
7048,0.10055,0.99767,0.00233,3.05E-13,0.0079
7049,0.10055,0.99768,0.00232,3.04E-13,0.00786
7050,0.10055,0.9977,0.0023,3.03E-13,0.00781
7051,0.10054,0.99771,0.00229,3.02E-13,0.00776
7052,0.10054,0.99773,0.00227,3.01E-13,0.00772
7053,0.10054,0.99774,0.00226,3.00E-13,0.00767
7054,0.10054,0.99775,0.00225,3.00E-13,0.00762
7055,0.10054,0.99777,0.00223,2.99E-13,0.00758
7056,0.10054,0.99778,0.00222,2.98E-13,0.00753
7057,0.10054,0.99779,0.00221,2.97E-13,0.00749
7058,0.10054,0.99781,0.00219,2.96E-13,0.00744
7059,0.10054,0.99782,0.00218,2.95E-13,0.0074
7060,0.10054,0.99783,0.00217,2.94E-13,0.00735
7061,0.10054,0.99785,0.00215,2.93E-13,0.00731
7062,0.10054,0.99786,0.00214,2.92E-13,0.00726
7063,0.10053,0.99787,0.00213,2.92E-13,0.00722
7064,0.10053,0.99788,0.00212,2.91E-13,0.00718
7065,0.10053,0.9979,0.0021,2.90E-13,0.00713
7066,0.10053,0.99791,0.00209,2.89E-13,0.00709
7067,0.10053,0.99792,0.00208,2.88E-13,0.00705
7068,0.10053,0.99794,0.00206,2.87E-13,0.00701
7069,0.10053,0.99795,0.00205,2.86E-13,0.00696
7070,0.10053,0.99796,0.00204,2.85E-13,0.00692
7071,0.10053,0.99797,0.00203,2.85E-13,0.00688
7072,0.10053,0.99798,0.00202,2.84E-13,0.00684
7073,0.10053,0.998,0.002,2.83E-13,0.0068
7074,0.10053,0.99801,0.00199,2.82E-13,0.00676
7075,0.10052,0.99802,0.00198,2.81E-13,0.00672
7076,0.10052,0.99803,0.00197,2.80E-13,0.00668
7077,0.10052,0.99804,0.00196,2.79E-13,0.00664
7078,0.10052,0.99806,0.00194,2.78E-13,0.0066
7079,0.10052,0.99807,0.00193,2.78E-13,0.00656
7080,0.10052,0.99808,0.00192,2.77E-13,0.00652
7081,0.10052,0.99809,0.00191,2.76E-13,0.00648
7082,0.10052,0.9981,0.0019,2.75E-13,0.00644
7083,0.10052,0.99811,0.00189,2.74E-13,0.0064
7084,0.10052,0.99812,0.00188,2.73E-13,0.00636
7085,0.10052,0.99814,0.00186,2.72E-13,0.00633
7086,0.10052,0.99815,0.00185,2.71E-13,0.00629
7087,0.10052,0.99816,0.00184,2.71E-13,0.00625
7088,0.10051,0.99817,0.00183,2.70E-13,0.00621
7089,0.10051,0.99818,0.00182,2.69E-13,0.00617
7090,0.10051,0.99819,0.00181,2.68E-13,0.00614
7091,0.10051,0.9982,0.0018,2.67E-13,0.0061
7092,0.10051,0.99821,0.00179,2.66E-13,0.00606
7093,0.10051,0.99822,0.00178,2.65E-13,0.00603
7094,0.10051,0.99823,0.00177,2.65E-13,0.00599
7095,0.10051,0.99824,0.00176,2.64E-13,0.00596
7096,0.10051,0.99826,0.00174,2.63E-13,0.00592
7097,0.10051,0.99827,0.00173,2.62E-13,0.00588
7098,0.10051,0.99828,0.00172,2.61E-13,0.00585
7099,0.10051,0.99829,0.00171,2.60E-13,0.00581
7100,0.10051,0.9983,0.0017,2.60E-13,0.00578
7101,0.1005,0.99831,0.00169,2.59E-13,0.00574
7102,0.1005,0.99832,0.00168,2.58E-13,0.00571
7103,0.1005,0.99833,0.00167,2.57E-13,0.00568
7104,0.1005,0.99834,0.00166,2.56E-13,0.00564
7105,0.1005,0.99835,0.00165,2.55E-13,0.00561
7106,0.1005,0.99836,0.00164,2.55E-13,0.00557
7107,0.1005,0.99837,0.00163,2.54E-13,0.00554
7108,0.1005,0.99838,0.00162,2.53E-13,0.00551
7109,0.1005,0.99839,0.00161,2.52E-13,0.00547
7110,0.1005,0.9984,0.0016,2.51E-13,0.00544
7111,0.1005,0.99841,0.00159,2.50E-13,0.00541
7112,0.1005,0.99842,0.00158,2.50E-13,0.00537
7113,0.1005,0.99843,0.00157,2.49E-13,0.00534
7114,0.10049,0.99843,0.00157,2.48E-13,0.00531
7115,0.10049,0.99844,0.00156,2.47E-13,0.00528
7116,0.10049,0.99845,0.00155,2.46E-13,0.00525
7117,0.10049,0.99846,0.00154,2.45E-13,0.00522
7118,0.10049,0.99847,0.00153,2.45E-13,0.00518
7119,0.10049,0.99848,0.00152,2.44E-13,0.00515
7120,0.10049,0.99849,0.00151,2.43E-13,0.00512
7121,0.10049,0.9985,0.0015,2.42E-13,0.00509
7122,0.10049,0.99851,0.00149,2.41E-13,0.00506
7123,0.10049,0.99852,0.00148,2.41E-13,0.00503
7124,0.10049,0.99853,0.00147,2.40E-13,0.005
7125,0.10049,0.99854,0.00146,2.39E-13,0.00497
7126,0.10049,0.99854,0.00146,2.38E-13,0.00494
7127,0.10048,0.99855,0.00145,2.37E-13,0.00491
7128,0.10048,0.99856,0.00144,2.37E-13,0.00488
7129,0.10048,0.99857,0.00143,2.36E-13,0.00485
7130,0.10048,0.99858,0.00142,2.35E-13,0.00482
7131,0.10048,0.99859,0.00141,2.34E-13,0.00479
7132,0.10048,0.9986,0.0014,2.33E-13,0.00477
7133,0.10048,0.9986,0.0014,2.33E-13,0.00474
7134,0.10048,0.99861,0.00139,2.32E-13,0.00471
7135,0.10048,0.99862,0.00138,2.31E-13,0.00468
7136,0.10048,0.99863,0.00137,2.30E-13,0.00465
7137,0.10048,0.99864,0.00136,2.30E-13,0.00462
7138,0.10048,0.99865,0.00135,2.29E-13,0.0046
7139,0.10048,0.99865,0.00135,2.28E-13,0.00457
7140,0.10048,0.99866,0.00134,2.27E-13,0.00454
7141,0.10047,0.99867,0.00133,2.26E-13,0.00451
7142,0.10047,0.99868,0.00132,2.26E-13,0.00449
7143,0.10047,0.99869,0.00131,2.25E-13,0.00446
7144,0.10047,0.99869,0.00131,2.24E-13,0.00443
7145,0.10047,0.9987,0.0013,2.23E-13,0.00441
7146,0.10047,0.99871,0.00129,2.23E-13,0.00438
7147,0.10047,0.99872,0.00128,2.22E-13,0.00435
7148,0.10047,0.99872,0.00128,2.21E-13,0.00433
7149,0.10047,0.99873,0.00127,2.20E-13,0.0043
7150,0.10047,0.99874,0.00126,2.20E-13,0.00427
7151,0.10047,0.99875,0.00125,2.19E-13,0.00425
7152,0.10047,0.99876,0.00124,2.18E-13,0.00422
7153,0.10047,0.99876,0.00124,2.17E-13,0.0042
7154,0.10047,0.99877,0.00123,2.16E-13,0.00417
7155,0.10046,0.99878,0.00122,2.16E-13,0.00415
7156,0.10046,0.99878,0.00122,2.15E-13,0.00412
7157,0.10046,0.99879,0.00121,2.14E-13,0.0041
7158,0.10046,0.9988,0.0012,2.13E-13,0.00407
7159,0.10046,0.99881,0.00119,2.13E-13,0.00405
7160,0.10046,0.99881,0.00119,2.12E-13,0.00402
7161,0.10046,0.99882,0.00118,2.11E-13,0.004
7162,0.10046,0.99883,0.00117,2.11E-13,0.00398
7163,0.10046,0.99884,0.00116,2.10E-13,0.00395
7164,0.10046,0.99884,0.00116,2.09E-13,0.00393
7165,0.10046,0.99885,0.00115,2.08E-13,0.00391
7166,0.10046,0.99886,0.00114,2.08E-13,0.00388
7167,0.10046,0.99886,0.00114,2.07E-13,0.00386
7168,0.10046,0.99887,0.00113,2.06E-13,0.00384
7169,0.10046,0.99888,0.00112,2.05E-13,0.00381
7170,0.10045,0.99888,0.00112,2.05E-13,0.00379
7171,0.10045,0.99889,0.00111,2.04E-13,0.00377
7172,0.10045,0.9989,0.0011,2.03E-13,0.00374
7173,0.10045,0.9989,0.0011,2.03E-13,0.00372
7174,0.10045,0.99891,0.00109,2.02E-13,0.0037
7175,0.10045,0.99892,0.00108,2.01E-13,0.00368
7176,0.10045,0.99892,0.00108,2.00E-13,0.00366
7177,0.10045,0.99893,0.00107,2.00E-13,0.00363
7178,0.10045,0.99894,0.00106,1.99E-13,0.00361
7179,0.10045,0.99894,0.00106,1.98E-13,0.00359
7180,0.10045,0.99895,0.00105,1.98E-13,0.00357
7181,0.10045,0.99895,0.00105,1.97E-13,0.00355
7182,0.10045,0.99896,0.00104,1.96E-13,0.00353
7183,0.10045,0.99897,0.00103,1.95E-13,0.0035
7184,0.10044,0.99897,0.00103,1.95E-13,0.00348
7185,0.10044,0.99898,0.00102,1.94E-13,0.00346
7186,0.10044,0.99899,0.00101,1.93E-13,0.00344
7187,0.10044,0.99899,0.00101,1.93E-13,0.00342
7188,0.10044,0.999,0.001,1.92E-13,0.0034
7189,0.10044,0.999,9.96E-04,1.91E-13,0.00338
7190,0.10044,0.99901,9.90E-04,1.91E-13,0.00336
7191,0.10044,0.99902,9.84E-04,1.90E-13,0.00334
7192,0.10044,0.99902,9.78E-04,1.89E-13,0.00332
7193,0.10044,0.99903,9.72E-04,1.89E-13,0.0033
7194,0.10044,0.99903,9.66E-04,1.88E-13,0.00328
7195,0.10044,0.99904,9.60E-04,1.87E-13,0.00326
7196,0.10044,0.99905,9.55E-04,1.87E-13,0.00324
7197,0.10044,0.99905,9.49E-04,1.86E-13,0.00322
7198,0.10044,0.99906,9.43E-04,1.85E-13,0.0032
7199,0.10043,0.99906,9.37E-04,1.84E-13,0.00318
7200,0.10043,0.99906,9.40E-04,1.84E-13,0.00319
7201,0.10044,0.999,0.001,1.83E-13,0.0034
7202,0.10044,0.99894,0.00106,1.83E-13,0.00361
7203,0.10044,0.99887,0.00113,1.82E-13,0.00382
7204,0.10044,0.99881,0.00119,1.81E-13,0.00403
7205,0.10044,0.99875,0.00125,1.81E-13,0.00424
7206,0.10044,0.99869,0.00131,1.80E-13,0.00445
7207,0.10044,0.99863,0.00137,1.80E-13,0.00466
7208,0.10044,0.99857,0.00143,1.79E-13,0.00486
7209,0.10045,0.99851,0.00149,1.79E-13,0.00507
7210,0.10045,0.99845,0.00155,1.78E-13,0.00527
7211,0.10045,0.99839,0.00161,1.78E-13,0.00548
7212,0.10045,0.99833,0.00167,1.77E-13,0.00568
7213,0.10045,0.99827,0.00173,1.77E-13,0.00588
7214,0.10045,0.99821,0.00179,1.76E-13,0.00608
7215,0.10045,0.99815,0.00185,1.76E-13,0.00627
7216,0.10045,0.99809,0.00191,1.76E-13,0.00647
7217,0.10045,0.99804,0.00196,1.75E-13,0.00667
7218,0.10046,0.99798,0.00202,1.75E-13,0.00686
7219,0.10046,0.99792,0.00208,1.75E-13,0.00705
7220,0.10046,0.99786,0.00214,1.74E-13,0.00725
7221,0.10046,0.99781,0.00219,1.74E-13,0.00744
7222,0.10046,0.99775,0.00225,1.74E-13,0.00763
7223,0.10046,0.9977,0.0023,1.73E-13,0.00782
7224,0.10046,0.99764,0.00236,1.73E-13,0.008
7225,0.10046,0.99759,0.00241,1.73E-13,0.00819
7226,0.10047,0.99753,0.00247,1.73E-13,0.00838
7227,0.10047,0.99748,0.00252,1.72E-13,0.00856
7228,0.10047,0.99742,0.00258,1.72E-13,0.00874
7229,0.10047,0.99737,0.00263,1.72E-13,0.00892
7230,0.10047,0.99732,0.00268,1.72E-13,0.0091
7231,0.10047,0.99726,0.00274,1.72E-13,0.00928
7232,0.10047,0.99721,0.00279,1.72E-13,0.00946
7233,0.10047,0.99716,0.00284,1.71E-13,0.00964
7234,0.10047,0.99711,0.00289,1.71E-13,0.00982
7235,0.10048,0.99706,0.00294,1.71E-13,0.00999
7236,0.10048,0.997,0.003,1.71E-13,0.01017
7237,0.10048,0.99695,0.00305,1.71E-13,0.01034
7238,0.10048,0.9969,0.0031,1.71E-13,0.01051
7239,0.10048,0.99685,0.00315,1.71E-13,0.01068
7240,0.10048,0.9968,0.0032,1.71E-13,0.01085
7241,0.10048,0.99675,0.00325,1.71E-13,0.01102
7242,0.10048,0.9967,0.0033,1.71E-13,0.01119
7243,0.10049,0.99665,0.00335,1.71E-13,0.01136
7244,0.10049,0.9966,0.0034,1.71E-13,0.01152
7245,0.10049,0.99656,0.00344,1.71E-13,0.01169
7246,0.10049,0.99651,0.00349,1.71E-13,0.01185
7247,0.10049,0.99646,0.00354,1.71E-13,0.01201
7248,0.10049,0.99641,0.00359,1.71E-13,0.01218
7249,0.10049,0.99636,0.00364,1.71E-13,0.01234
7250,0.10049,0.99632,0.00368,1.71E-13,0.0125
7251,0.10049,0.99627,0.00373,1.71E-13,0.01265
7252,0.1005,0.99622,0.00378,1.72E-13,0.01281
7253,0.1005,0.99618,0.00382,1.72E-13,0.01297
7254,0.1005,0.99613,0.00387,1.72E-13,0.01312
7255,0.1005,0.99609,0.00391,1.72E-13,0.01328
7256,0.1005,0.99604,0.00396,1.72E-13,0.01343
7257,0.1005,0.996,0.004,1.72E-13,0.01359
7258,0.1005,0.99595,0.00405,1.72E-13,0.01374
7259,0.1005,0.99591,0.00409,1.73E-13,0.01389
7260,0.1005,0.99586,0.00414,1.73E-13,0.01404
7261,0.10051,0.99582,0.00418,1.73E-13,0.01419
7262,0.10051,0.99577,0.00423,1.73E-13,0.01434
7263,0.10051,0.99573,0.00427,1.74E-13,0.01448
7264,0.10051,0.99569,0.00431,1.74E-13,0.01463
7265,0.10051,0.99564,0.00436,1.74E-13,0.01478
7266,0.10051,0.9956,0.0044,1.74E-13,0.01492
7267,0.10051,0.99556,0.00444,1.75E-13,0.01507
7268,0.10051,0.99552,0.00448,1.75E-13,0.01521
7269,0.10051,0.99548,0.00452,1.75E-13,0.01535
7270,0.10052,0.99543,0.00457,1.76E-13,0.01549
7271,0.10052,0.99539,0.00461,1.76E-13,0.01563
7272,0.10052,0.99535,0.00465,1.76E-13,0.01577
7273,0.10052,0.99531,0.00469,1.76E-13,0.01591
7274,0.10052,0.99527,0.00473,1.77E-13,0.01605
7275,0.10052,0.99523,0.00477,1.77E-13,0.01618
7276,0.10052,0.99519,0.00481,1.78E-13,0.01632
7277,0.10052,0.99515,0.00485,1.78E-13,0.01645
7278,0.10052,0.99511,0.00489,1.78E-13,0.01659
7279,0.10053,0.99507,0.00493,1.79E-13,0.01672
7280,0.10053,0.99503,0.00497,1.79E-13,0.01686
7281,0.10053,0.99499,0.00501,1.79E-13,0.01699
7282,0.10053,0.99495,0.00505,1.80E-13,0.01712
7283,0.10053,0.99492,0.00508,1.80E-13,0.01725
7284,0.10053,0.99488,0.00512,1.81E-13,0.01738
7285,0.10053,0.99484,0.00516,1.81E-13,0.01751
7286,0.10053,0.9948,0.0052,1.82E-13,0.01763
7287,0.10053,0.99477,0.00523,1.82E-13,0.01776
7288,0.10053,0.99473,0.00527,1.83E-13,0.01789
7289,0.10054,0.99469,0.00531,1.83E-13,0.01801
7290,0.10054,0.99465,0.00535,1.84E-13,0.01814
7291,0.10054,0.99462,0.00538,1.84E-13,0.01826
7292,0.10054,0.99458,0.00542,1.84E-13,0.01838
7293,0.10054,0.99455,0.00545,1.85E-13,0.01851
7294,0.10054,0.99451,0.00549,1.85E-13,0.01863
7295,0.10054,0.99447,0.00553,1.86E-13,0.01875
7296,0.10054,0.99444,0.00556,1.87E-13,0.01887
7297,0.10054,0.9944,0.0056,1.87E-13,0.01899
7298,0.10055,0.99437,0.00563,1.88E-13,0.01911
7299,0.10055,0.99433,0.00567,1.88E-13,0.01923
7300,0.10055,0.9943,0.0057,1.89E-13,0.01934
7301,0.10055,0.99426,0.00574,1.89E-13,0.01946
7302,0.10055,0.99423,0.00577,1.90E-13,0.01958
7303,0.10055,0.9942,0.0058,1.90E-13,0.01969
7304,0.10055,0.99416,0.00584,1.91E-13,0.0198
7305,0.10055,0.99413,0.00587,1.91E-13,0.01992
7306,0.10055,0.9941,0.0059,1.92E-13,0.02003
7307,0.10055,0.99406,0.00594,1.93E-13,0.02014
7308,0.10056,0.99403,0.00597,1.93E-13,0.02026
7309,0.10056,0.994,0.006,1.94E-13,0.02037
7310,0.10056,0.99397,0.00603,1.94E-13,0.02048
7311,0.10056,0.99393,0.00607,1.95E-13,0.02059
7312,0.10056,0.9939,0.0061,1.96E-13,0.02069
7313,0.10056,0.99387,0.00613,1.96E-13,0.0208
7314,0.10056,0.99384,0.00616,1.97E-13,0.02091
7315,0.10056,0.99381,0.00619,1.98E-13,0.02102
7316,0.10056,0.99377,0.00623,1.98E-13,0.02112
7317,0.10057,0.99374,0.00626,1.99E-13,0.02123
7318,0.10057,0.99371,0.00629,2.00E-13,0.02133
7319,0.10057,0.99368,0.00632,2.00E-13,0.02144
7320,0.10057,0.99365,0.00635,2.01E-13,0.02154
7321,0.10057,0.99362,0.00638,2.02E-13,0.02164
7322,0.10057,0.99359,0.00641,2.02E-13,0.02175
7323,0.10057,0.99356,0.00644,2.03E-13,0.02185
7324,0.10057,0.99353,0.00647,2.04E-13,0.02195
7325,0.10057,0.9935,0.0065,2.04E-13,0.02205
7326,0.10057,0.99347,0.00653,2.05E-13,0.02215
7327,0.10058,0.99344,0.00656,2.06E-13,0.02225
7328,0.10058,0.99341,0.00659,2.06E-13,0.02235
7329,0.10058,0.99338,0.00662,2.07E-13,0.02245
7330,0.10058,0.99336,0.00664,2.08E-13,0.02254
7331,0.10058,0.99333,0.00667,2.08E-13,0.02264
7332,0.10058,0.9933,0.0067,2.09E-13,0.02274
7333,0.10058,0.99327,0.00673,2.10E-13,0.02283
7334,0.10058,0.99324,0.00676,2.11E-13,0.02293
7335,0.10058,0.99321,0.00679,2.11E-13,0.02302
7336,0.10058,0.99319,0.00681,2.12E-13,0.02312
7337,0.10059,0.99316,0.00684,2.13E-13,0.02321
7338,0.10059,0.99313,0.00687,2.14E-13,0.0233
7339,0.10059,0.99311,0.00689,2.14E-13,0.02339
7340,0.10059,0.99308,0.00692,2.15E-13,0.02349
7341,0.10059,0.99305,0.00695,2.16E-13,0.02358
7342,0.10059,0.99302,0.00698,2.17E-13,0.02367
7343,0.10059,0.993,0.007,2.17E-13,0.02376
7344,0.10059,0.99297,0.00703,2.18E-13,0.02385
7345,0.10059,0.99295,0.00705,2.19E-13,0.02394
7346,0.10059,0.99292,0.00708,2.20E-13,0.02402
7347,0.10059,0.99289,0.00711,2.20E-13,0.02411
7348,0.1006,0.99287,0.00713,2.21E-13,0.0242
7349,0.1006,0.99284,0.00716,2.22E-13,0.02429
7350,0.1006,0.99282,0.00718,2.23E-13,0.02437
7351,0.1006,0.99279,0.00721,2.24E-13,0.02446
7352,0.1006,0.99277,0.00723,2.24E-13,0.02454
7353,0.1006,0.99274,0.00726,2.25E-13,0.02463
7354,0.1006,0.99272,0.00728,2.26E-13,0.02471
7355,0.1006,0.99269,0.00731,2.27E-13,0.02479
7356,0.1006,0.99267,0.00733,2.28E-13,0.02488
7357,0.1006,0.99264,0.00736,2.28E-13,0.02496
7358,0.10061,0.99262,0.00738,2.29E-13,0.02504
7359,0.10061,0.9926,0.0074,2.30E-13,0.02512
7360,0.10061,0.99257,0.00743,2.31E-13,0.0252
7361,0.10061,0.99255,0.00745,2.32E-13,0.02529
7362,0.10061,0.99252,0.00748,2.32E-13,0.02537
7363,0.10061,0.9925,0.0075,2.33E-13,0.02544
7364,0.10061,0.99248,0.00752,2.34E-13,0.02552
7365,0.10061,0.99245,0.00755,2.35E-13,0.0256
7366,0.10061,0.99243,0.00757,2.36E-13,0.02568
7367,0.10061,0.99241,0.00759,2.37E-13,0.02576
7368,0.10061,0.99239,0.00761,2.37E-13,0.02584
7369,0.10062,0.99236,0.00764,2.38E-13,0.02591
7370,0.10062,0.99234,0.00766,2.39E-13,0.02599
7371,0.10062,0.99232,0.00768,2.40E-13,0.02606
7372,0.10062,0.9923,0.0077,2.41E-13,0.02614
7373,0.10062,0.99227,0.00773,2.42E-13,0.02621
7374,0.10062,0.99225,0.00775,2.42E-13,0.02629
7375,0.10062,0.99223,0.00777,2.43E-13,0.02636
7376,0.10062,0.99221,0.00779,2.44E-13,0.02644
7377,0.10062,0.99219,0.00781,2.45E-13,0.02651
7378,0.10062,0.99217,0.00783,2.46E-13,0.02658
7379,0.10062,0.99214,0.00786,2.47E-13,0.02665
7380,0.10063,0.99212,0.00788,2.48E-13,0.02672
7381,0.10063,0.9921,0.0079,2.48E-13,0.0268
7382,0.10063,0.99208,0.00792,2.49E-13,0.02687
7383,0.10063,0.99206,0.00794,2.50E-13,0.02694
7384,0.10063,0.99204,0.00796,2.51E-13,0.02701
7385,0.10063,0.99202,0.00798,2.52E-13,0.02708
7386,0.10063,0.992,0.008,2.53E-13,0.02715
7387,0.10063,0.99198,0.00802,2.54E-13,0.02721
7388,0.10063,0.99196,0.00804,2.54E-13,0.02728
7389,0.10063,0.99194,0.00806,2.55E-13,0.02735
7390,0.10063,0.99192,0.00808,2.56E-13,0.02742
7391,0.10064,0.9919,0.0081,2.57E-13,0.02748
7392,0.10064,0.99188,0.00812,2.58E-13,0.02755
7393,0.10064,0.99186,0.00814,2.59E-13,0.02762
7394,0.10064,0.99184,0.00816,2.60E-13,0.02768
7395,0.10064,0.99182,0.00818,2.61E-13,0.02775
7396,0.10064,0.9918,0.0082,2.61E-13,0.02781
7397,0.10064,0.99178,0.00822,2.62E-13,0.02788
7398,0.10064,0.99177,0.00823,2.63E-13,0.02794
7399,0.10064,0.99175,0.00825,2.64E-13,0.028
7400,0.10064,0.99173,0.00827,2.65E-13,0.02807
7401,0.10064,0.99171,0.00829,2.66E-13,0.02813
7402,0.10065,0.99169,0.00831,2.67E-13,0.02819
7403,0.10065,0.99167,0.00833,2.68E-13,0.02826
7404,0.10065,0.99165,0.00835,2.68E-13,0.02832
7405,0.10065,0.99164,0.00836,2.69E-13,0.02838
7406,0.10065,0.99162,0.00838,2.70E-13,0.02844
7407,0.10065,0.9916,0.0084,2.71E-13,0.0285
7408,0.10065,0.99158,0.00842,2.72E-13,0.02856
7409,0.10065,0.99156,0.00844,2.73E-13,0.02862
7410,0.10065,0.99155,0.00845,2.74E-13,0.02868
7411,0.10065,0.99153,0.00847,2.75E-13,0.02874
7412,0.10065,0.99151,0.00849,2.76E-13,0.0288
7413,0.10066,0.9915,0.0085,2.76E-13,0.02886
7414,0.10066,0.99148,0.00852,2.77E-13,0.02892
7415,0.10066,0.99146,0.00854,2.78E-13,0.02897
7416,0.10066,0.99144,0.00856,2.79E-13,0.02903
7417,0.10066,0.99143,0.00857,2.80E-13,0.02909
7418,0.10066,0.99141,0.00859,2.81E-13,0.02914
7419,0.10066,0.99139,0.00861,2.82E-13,0.0292
7420,0.10066,0.99138,0.00862,2.83E-13,0.02926
7421,0.10066,0.99136,0.00864,2.84E-13,0.02931
7422,0.10066,0.99134,0.00866,2.85E-13,0.02937
7423,0.10066,0.99133,0.00867,2.85E-13,0.02942
7424,0.10066,0.99131,0.00869,2.86E-13,0.02948
7425,0.10067,0.9913,0.0087,2.87E-13,0.02953
7426,0.10067,0.99128,0.00872,2.88E-13,0.02959
7427,0.10067,0.99126,0.00874,2.89E-13,0.02964
7428,0.10067,0.99125,0.00875,2.90E-13,0.02969
7429,0.10067,0.99123,0.00877,2.91E-13,0.02975
7430,0.10067,0.99122,0.00878,2.92E-13,0.0298
7431,0.10067,0.9912,0.0088,2.93E-13,0.02985
7432,0.10067,0.99119,0.00881,2.94E-13,0.0299
7433,0.10067,0.99117,0.00883,2.94E-13,0.02995
7434,0.10067,0.99116,0.00884,2.95E-13,0.03
7435,0.10067,0.99114,0.00886,2.96E-13,0.03006
7436,0.10067,0.99113,0.00887,2.97E-13,0.03011
7437,0.10068,0.99111,0.00889,2.98E-13,0.03016
7438,0.10068,0.9911,0.0089,2.99E-13,0.03021
7439,0.10068,0.99108,0.00892,3.00E-13,0.03026
7440,0.10068,0.99107,0.00893,3.01E-13,0.03031
7441,0.10068,0.99105,0.00895,3.02E-13,0.03035
7442,0.10068,0.99104,0.00896,3.03E-13,0.0304
7443,0.10068,0.99103,0.00898,3.03E-13,0.03045
7444,0.10068,0.99101,0.00899,3.04E-13,0.0305
7445,0.10068,0.991,0.009,3.05E-13,0.03055
7446,0.10068,0.99098,0.00902,3.06E-13,0.0306
7447,0.10068,0.99097,0.00903,3.07E-13,0.03064
7448,0.10068,0.99095,0.00905,3.08E-13,0.03069
7449,0.10069,0.99094,0.00906,3.09E-13,0.03074
7450,0.10069,0.99093,0.00907,3.10E-13,0.03078
7451,0.10069,0.99091,0.00909,3.11E-13,0.03083
7452,0.10069,0.9909,0.0091,3.12E-13,0.03088
7453,0.10069,0.99089,0.00911,3.12E-13,0.03092
7454,0.10069,0.99087,0.00913,3.13E-13,0.03097
7455,0.10069,0.99086,0.00914,3.14E-13,0.03101
7456,0.10069,0.99085,0.00915,3.15E-13,0.03106
7457,0.10069,0.99083,0.00917,3.16E-13,0.0311
7458,0.10069,0.99082,0.00918,3.17E-13,0.03115
7459,0.10069,0.99081,0.00919,3.18E-13,0.03119
7460,0.10069,0.99079,0.00921,3.19E-13,0.03123
7461,0.1007,0.99078,0.00922,3.20E-13,0.03128
7462,0.1007,0.99077,0.00923,3.21E-13,0.03132
7463,0.1007,0.99076,0.00924,3.21E-13,0.03136
7464,0.1007,0.99074,0.00926,3.22E-13,0.03141
7465,0.1007,0.99073,0.00927,3.23E-13,0.03145
7466,0.1007,0.99072,0.00928,3.24E-13,0.03149
7467,0.1007,0.99071,0.00929,3.25E-13,0.03153
7468,0.1007,0.99069,0.00931,3.26E-13,0.03157
7469,0.1007,0.99068,0.00932,3.27E-13,0.03162
7470,0.1007,0.99067,0.00933,3.28E-13,0.03166
7471,0.1007,0.99066,0.00934,3.29E-13,0.0317
7472,0.1007,0.99065,0.00935,3.29E-13,0.03174
7473,0.10071,0.99063,0.00937,3.30E-13,0.03178
7474,0.10071,0.99062,0.00938,3.31E-13,0.03182
7475,0.10071,0.99061,0.00939,3.32E-13,0.03186
7476,0.10071,0.9906,0.0094,3.33E-13,0.0319
7477,0.10071,0.99059,0.00941,3.34E-13,0.03194
7478,0.10071,0.99058,0.00942,3.35E-13,0.03198
7479,0.10071,0.99056,0.00944,3.36E-13,0.03201
7480,0.10071,0.99055,0.00945,3.36E-13,0.03205
7481,0.10071,0.99054,0.00946,3.37E-13,0.03209
7482,0.10071,0.99053,0.00947,3.38E-13,0.03213
7483,0.10071,0.99052,0.00948,3.39E-13,0.03217
7484,0.10071,0.99051,0.00949,3.40E-13,0.03221
7485,0.10071,0.9905,0.0095,3.41E-13,0.03224
7486,0.10072,0.99049,0.00951,3.42E-13,0.03228
7487,0.10072,0.99048,0.00952,3.43E-13,0.03232
7488,0.10072,0.99046,0.00954,3.44E-13,0.03235
7489,0.10072,0.99045,0.00955,3.44E-13,0.03239
7490,0.10072,0.99044,0.00956,3.45E-13,0.03243
7491,0.10072,0.99043,0.00957,3.46E-13,0.03246
7492,0.10072,0.99042,0.00958,3.47E-13,0.0325
7493,0.10072,0.99041,0.00959,3.48E-13,0.03253
7494,0.10072,0.9904,0.0096,3.49E-13,0.03257
7495,0.10072,0.99039,0.00961,3.50E-13,0.0326
7496,0.10072,0.99038,0.00962,3.50E-13,0.03264
7497,0.10072,0.99037,0.00963,3.51E-13,0.03267
7498,0.10072,0.99036,0.00964,3.52E-13,0.03271
7499,0.10073,0.99035,0.00965,3.53E-13,0.03274
7500,0.10073,0.99034,0.00966,3.54E-13,0.03278
7501,0.10073,0.99033,0.00967,3.55E-13,0.03281
7502,0.10073,0.99032,0.00968,3.56E-13,0.03284
7503,0.10073,0.99031,0.00969,3.57E-13,0.03288
7504,0.10073,0.9903,0.0097,3.57E-13,0.03291
7505,0.10073,0.99029,0.00971,3.58E-13,0.03294
7506,0.10073,0.99028,0.00972,3.59E-13,0.03298
7507,0.10073,0.99027,0.00973,3.60E-13,0.03301
7508,0.10073,0.99026,0.00974,3.61E-13,0.03304
7509,0.10073,0.99025,0.00975,3.62E-13,0.03307
7510,0.10073,0.99024,0.00976,3.63E-13,0.03311
7511,0.10073,0.99023,0.00977,3.63E-13,0.03314
7512,0.10073,0.99022,0.00978,3.64E-13,0.03317
7513,0.10074,0.99021,0.00979,3.65E-13,0.0332
7514,0.10074,0.99021,0.00979,3.66E-13,0.03323
7515,0.10074,0.9902,0.0098,3.67E-13,0.03326
7516,0.10074,0.99019,0.00981,3.68E-13,0.03329
7517,0.10074,0.99018,0.00982,3.68E-13,0.03333
7518,0.10074,0.99017,0.00983,3.69E-13,0.03336
7519,0.10074,0.99016,0.00984,3.70E-13,0.03339
7520,0.10074,0.99015,0.00985,3.71E-13,0.03342
7521,0.10074,0.99014,0.00986,3.72E-13,0.03345
7522,0.10074,0.99013,0.00987,3.73E-13,0.03348
7523,0.10074,0.99013,0.00987,3.73E-13,0.03351
7524,0.10074,0.99012,0.00988,3.74E-13,0.03354
7525,0.10074,0.99011,0.00989,3.75E-13,0.03356
7526,0.10075,0.9901,0.0099,3.76E-13,0.03359
7527,0.10075,0.99009,0.00991,3.77E-13,0.03362
7528,0.10075,0.99008,0.00992,3.78E-13,0.03365
7529,0.10075,0.99007,0.00993,3.78E-13,0.03368
7530,0.10075,0.99007,0.00993,3.79E-13,0.03371
7531,0.10075,0.99006,0.00994,3.80E-13,0.03374
7532,0.10075,0.99005,0.00995,3.81E-13,0.03376
7533,0.10075,0.99004,0.00996,3.82E-13,0.03379
7534,0.10075,0.99003,0.00997,3.83E-13,0.03382
7535,0.10075,0.99002,0.00998,3.83E-13,0.03385
7536,0.10075,0.99002,0.00998,3.84E-13,0.03387
7537,0.10075,0.99001,0.00999,3.85E-13,0.0339
7538,0.10075,0.99,0.01,3.86E-13,0.03393
7539,0.10075,0.98999,0.01001,3.87E-13,0.03395
7540,0.10076,0.98998,0.01002,3.87E-13,0.03398
7541,0.10076,0.98998,0.01002,3.88E-13,0.03401
7542,0.10076,0.98997,0.01003,3.89E-13,0.03403
7543,0.10076,0.98996,0.01004,3.90E-13,0.03406
7544,0.10076,0.98995,0.01005,3.91E-13,0.03409
7545,0.10076,0.98995,0.01005,3.91E-13,0.03411
7546,0.10076,0.98994,0.01006,3.92E-13,0.03414
7547,0.10076,0.98993,0.01007,3.93E-13,0.03416
7548,0.10076,0.98992,0.01008,3.94E-13,0.03419
7549,0.10076,0.98992,0.01008,3.95E-13,0.03421
7550,0.10076,0.98991,0.01009,3.96E-13,0.03424
7551,0.10076,0.9899,0.0101,3.96E-13,0.03426
7552,0.10076,0.98989,0.01011,3.97E-13,0.03429
7553,0.10076,0.98989,0.01011,3.98E-13,0.03431
7554,0.10077,0.98988,0.01012,3.99E-13,0.03434
7555,0.10077,0.98987,0.01013,3.99E-13,0.03436
7556,0.10077,0.98987,0.01013,4.00E-13,0.03439
7557,0.10077,0.98986,0.01014,4.01E-13,0.03441
7558,0.10077,0.98985,0.01015,4.02E-13,0.03443
7559,0.10077,0.98984,0.01016,4.03E-13,0.03446
7560,0.10077,0.98984,0.01016,4.03E-13,0.03448
7561,0.10077,0.98983,0.01017,4.04E-13,0.0345
7562,0.10077,0.98982,0.01018,4.05E-13,0.03453
7563,0.10077,0.98982,0.01018,4.06E-13,0.03455
7564,0.10077,0.98981,0.01019,4.07E-13,0.03457
7565,0.10077,0.9898,0.0102,4.07E-13,0.0346
7566,0.10077,0.9898,0.0102,4.08E-13,0.03462
7567,0.10077,0.98979,0.01021,4.09E-13,0.03464
7568,0.10077,0.98978,0.01022,4.10E-13,0.03466
7569,0.10078,0.98978,0.01022,4.10E-13,0.03469
7570,0.10078,0.98977,0.01023,4.11E-13,0.03471
7571,0.10078,0.98976,0.01024,4.12E-13,0.03473
7572,0.10078,0.98976,0.01024,4.13E-13,0.03475
7573,0.10078,0.98975,0.01025,4.13E-13,0.03477
7574,0.10078,0.98975,0.01025,4.14E-13,0.0348
7575,0.10078,0.98974,0.01026,4.15E-13,0.03482
7576,0.10078,0.98973,0.01027,4.16E-13,0.03484
7577,0.10078,0.98973,0.01027,4.16E-13,0.03486
7578,0.10078,0.98972,0.01028,4.17E-13,0.03488
7579,0.10078,0.98971,0.01029,4.18E-13,0.0349
7580,0.10078,0.98971,0.01029,4.19E-13,0.03492
7581,0.10078,0.9897,0.0103,4.19E-13,0.03494
7582,0.10078,0.9897,0.0103,4.20E-13,0.03496
7583,0.10079,0.98969,0.01031,4.21E-13,0.03498
7584,0.10079,0.98968,0.01032,4.22E-13,0.035
7585,0.10079,0.98968,0.01032,4.22E-13,0.03502
7586,0.10079,0.98967,0.01033,4.23E-13,0.03504
7587,0.10079,0.98967,0.01033,4.24E-13,0.03506
7588,0.10079,0.98966,0.01034,4.25E-13,0.03508
7589,0.10079,0.98965,0.01035,4.25E-13,0.0351
7590,0.10079,0.98965,0.01035,4.26E-13,0.03512
7591,0.10079,0.98964,0.01036,4.27E-13,0.03514
7592,0.10079,0.98964,0.01036,4.28E-13,0.03516
7593,0.10079,0.98963,0.01037,4.28E-13,0.03518
7594,0.10079,0.98963,0.01037,4.29E-13,0.0352
7595,0.10079,0.98962,0.01038,4.30E-13,0.03522
7596,0.10079,0.98961,0.01039,4.31E-13,0.03524
7597,0.10079,0.98961,0.01039,4.31E-13,0.03526
7598,0.10079,0.98961,0.01039,4.32E-13,0.03526
7599,0.10079,0.98962,0.01038,4.33E-13,0.0352
7600,0.10079,0.98966,0.01034,4.33E-13,0.03509
7601,0.10079,0.98971,0.01029,4.34E-13,0.03492
7602,0.10079,0.98976,0.01024,4.35E-13,0.03474
7603,0.10079,0.98982,0.01018,4.35E-13,0.03453
7604,0.10079,0.98989,0.01011,4.36E-13,0.03431
7605,0.10079,0.98995,0.01005,4.37E-13,0.0341
7606,0.10079,0.99002,0.00998,4.37E-13,0.03388
7607,0.10079,0.99008,0.00992,4.38E-13,0.03367
7608,0.10079,0.99014,0.00986,4.38E-13,0.03346
7609,0.10078,0.9902,0.0098,4.39E-13,0.03326
7610,0.10078,0.99026,0.00974,4.39E-13,0.03306
7611,0.10078,0.99031,0.00969,4.40E-13,0.03286
7612,0.10078,0.99037,0.00963,4.40E-13,0.03267
7613,0.10078,0.99043,0.00957,4.41E-13,0.03247
7614,0.10078,0.99049,0.00951,4.41E-13,0.03228
7615,0.10078,0.99054,0.00946,4.42E-13,0.03208
7616,0.10078,0.9906,0.0094,4.42E-13,0.03189
7617,0.10077,0.99066,0.00934,4.42E-13,0.0317
7618,0.10077,0.99071,0.00929,4.43E-13,0.03151
7619,0.10077,0.99077,0.00923,4.43E-13,0.03132
7620,0.10077,0.99082,0.00918,4.43E-13,0.03113
7621,0.10077,0.99088,0.00912,4.44E-13,0.03094
7622,0.10077,0.99093,0.00907,4.44E-13,0.03076
7623,0.10077,0.99099,0.00901,4.44E-13,0.03057
7624,0.10077,0.99104,0.00896,4.45E-13,0.03039
7625,0.10077,0.9911,0.0089,4.45E-13,0.03021
7626,0.10076,0.99115,0.00885,4.45E-13,0.03003
7627,0.10076,0.9912,0.0088,4.45E-13,0.02984
7628,0.10076,0.99126,0.00874,4.45E-13,0.02967
7629,0.10076,0.99131,0.00869,4.46E-13,0.02949
7630,0.10076,0.99136,0.00864,4.46E-13,0.02931
7631,0.10076,0.99141,0.00859,4.46E-13,0.02913
7632,0.10076,0.99147,0.00853,4.46E-13,0.02896
7633,0.10076,0.99152,0.00848,4.46E-13,0.02878
7634,0.10075,0.99157,0.00843,4.46E-13,0.02861
7635,0.10075,0.99162,0.00838,4.47E-13,0.02843
7636,0.10075,0.99167,0.00833,4.47E-13,0.02826
7637,0.10075,0.99172,0.00828,4.47E-13,0.02809
7638,0.10075,0.99177,0.00823,4.47E-13,0.02792
7639,0.10075,0.99182,0.00818,4.47E-13,0.02775
7640,0.10075,0.99187,0.00813,4.47E-13,0.02758
7641,0.10075,0.99192,0.00808,4.47E-13,0.02741
7642,0.10075,0.99197,0.00803,4.47E-13,0.02725
7643,0.10074,0.99202,0.00798,4.47E-13,0.02708
7644,0.10074,0.99207,0.00793,4.47E-13,0.02692
7645,0.10074,0.99212,0.00788,4.47E-13,0.02675
7646,0.10074,0.99216,0.00784,4.47E-13,0.02659
7647,0.10074,0.99221,0.00779,4.47E-13,0.02643
7648,0.10074,0.99226,0.00774,4.47E-13,0.02627
7649,0.10074,0.99231,0.00769,4.47E-13,0.02611
7650,0.10074,0.99235,0.00765,4.47E-13,0.02595
7651,0.10074,0.9924,0.0076,4.47E-13,0.02579
7652,0.10073,0.99244,0.00756,4.47E-13,0.02563
7653,0.10073,0.99249,0.00751,4.46E-13,0.02548
7654,0.10073,0.99254,0.00746,4.46E-13,0.02532
7655,0.10073,0.99258,0.00742,4.46E-13,0.02517
7656,0.10073,0.99263,0.00737,4.46E-13,0.02502
7657,0.10073,0.99267,0.00733,4.46E-13,0.02487
7658,0.10073,0.99272,0.00728,4.46E-13,0.02472
7659,0.10073,0.99276,0.00724,4.45E-13,0.02457
7660,0.10073,0.9928,0.0072,4.45E-13,0.02442
7661,0.10072,0.99285,0.00715,4.45E-13,0.02427
7662,0.10072,0.99289,0.00711,4.45E-13,0.02412
7663,0.10072,0.99293,0.00707,4.44E-13,0.02398
7664,0.10072,0.99298,0.00702,4.44E-13,0.02383
7665,0.10072,0.99302,0.00698,4.44E-13,0.02369
7666,0.10072,0.99306,0.00694,4.44E-13,0.02355
7667,0.10072,0.9931,0.0069,4.43E-13,0.0234
7668,0.10072,0.99314,0.00686,4.43E-13,0.02326
7669,0.10072,0.99319,0.00681,4.43E-13,0.02312
7670,0.10071,0.99323,0.00677,4.42E-13,0.02298
7671,0.10071,0.99327,0.00673,4.42E-13,0.02285
7672,0.10071,0.99331,0.00669,4.42E-13,0.02271
7673,0.10071,0.99335,0.00665,4.41E-13,0.02257
7674,0.10071,0.99339,0.00661,4.41E-13,0.02243
7675,0.10071,0.99343,0.00657,4.41E-13,0.02229
7676,0.10071,0.99347,0.00653,4.40E-13,0.02216
7677,0.10071,0.99351,0.00649,4.40E-13,0.02202
7678,0.10071,0.99355,0.00645,4.39E-13,0.02189
7679,0.10071,0.99359,0.00641,4.39E-13,0.02176
7680,0.1007,0.99363,0.00637,4.39E-13,0.02163
7681,0.1007,0.99367,0.00633,4.38E-13,0.02149
7682,0.1007,0.9937,0.0063,4.38E-13,0.02136
7683,0.1007,0.99374,0.00626,4.37E-13,0.02123
7684,0.1007,0.99378,0.00622,4.37E-13,0.02111
7685,0.1007,0.99382,0.00618,4.36E-13,0.02098
7686,0.1007,0.99385,0.00615,4.36E-13,0.02085
7687,0.1007,0.99389,0.00611,4.35E-13,0.02072
7688,0.1007,0.99393,0.00607,4.35E-13,0.0206
7689,0.10069,0.99397,0.00603,4.34E-13,0.02048
7690,0.10069,0.994,0.006,4.34E-13,0.02035
7691,0.10069,0.99404,0.00596,4.33E-13,0.02023
7692,0.10069,0.99407,0.00593,4.33E-13,0.02011
7693,0.10069,0.99411,0.00589,4.32E-13,0.01999
7694,0.10069,0.99415,0.00585,4.32E-13,0.01987
7695,0.10069,0.99418,0.00582,4.31E-13,0.01975
7696,0.10069,0.99422,0.00578,4.31E-13,0.01963
7697,0.10069,0.99425,0.00575,4.30E-13,0.01951
7698,0.10069,0.99428,0.00572,4.29E-13,0.01939
7699,0.10068,0.99432,0.00568,4.29E-13,0.01928
7700,0.10068,0.99435,0.00565,4.28E-13,0.01916
7701,0.10068,0.99439,0.00561,4.28E-13,0.01904
7702,0.10068,0.99442,0.00558,4.27E-13,0.01893
7703,0.10068,0.99446,0.00554,4.26E-13,0.01881
7704,0.10068,0.99449,0.00551,4.26E-13,0.0187
7705,0.10068,0.99452,0.00548,4.25E-13,0.01858
7706,0.10068,0.99456,0.00544,4.25E-13,0.01847
7707,0.10068,0.99459,0.00541,4.24E-13,0.01836
7708,0.10067,0.99462,0.00538,4.23E-13,0.01825
7709,0.10067,0.99465,0.00535,4.23E-13,0.01814
7710,0.10067,0.99469,0.00531,4.22E-13,0.01803
7711,0.10067,0.99472,0.00528,4.22E-13,0.01792
7712,0.10067,0.99475,0.00525,4.21E-13,0.01781
7713,0.10067,0.99478,0.00522,4.20E-13,0.0177
7714,0.10067,0.99481,0.00519,4.20E-13,0.01759
7715,0.10067,0.99485,0.00515,4.19E-13,0.01749
7716,0.10067,0.99488,0.00512,4.18E-13,0.01738
7717,0.10067,0.99491,0.00509,4.17E-13,0.01728
7718,0.10066,0.99494,0.00506,4.17E-13,0.01717
7719,0.10066,0.99497,0.00503,4.16E-13,0.01707
7720,0.10066,0.995,0.005,4.15E-13,0.01697
7721,0.10066,0.99503,0.00497,4.15E-13,0.01687
7722,0.10066,0.99506,0.00494,4.14E-13,0.01676
7723,0.10066,0.99509,0.00491,4.13E-13,0.01666
7724,0.10066,0.99512,0.00488,4.12E-13,0.01656
7725,0.10066,0.99515,0.00485,4.12E-13,0.01646
7726,0.10066,0.99518,0.00482,4.11E-13,0.01636
7727,0.10066,0.99521,0.00479,4.10E-13,0.01627
7728,0.10065,0.99524,0.00476,4.10E-13,0.01617
7729,0.10065,0.99526,0.00474,4.09E-13,0.01607
7730,0.10065,0.99529,0.00471,4.08E-13,0.01597
7731,0.10065,0.99532,0.00468,4.07E-13,0.01587
7732,0.10065,0.99535,0.00465,4.07E-13,0.01578
7733,0.10065,0.99538,0.00462,4.06E-13,0.01568
7734,0.10065,0.99541,0.00459,4.05E-13,0.01559
7735,0.10065,0.99543,0.00457,4.04E-13,0.01549
7736,0.10065,0.99546,0.00454,4.04E-13,0.0154
7737,0.10065,0.99549,0.00451,4.03E-13,0.01531
7738,0.10064,0.99552,0.00448,4.02E-13,0.01521
7739,0.10064,0.99554,0.00446,4.01E-13,0.01512
7740,0.10064,0.99557,0.00443,4.00E-13,0.01503
7741,0.10064,0.9956,0.0044,4.00E-13,0.01494
7742,0.10064,0.99562,0.00438,3.99E-13,0.01485
7743,0.10064,0.99565,0.00435,3.98E-13,0.01476
7744,0.10064,0.99568,0.00432,3.97E-13,0.01467
7745,0.10064,0.9957,0.0043,3.96E-13,0.01458
7746,0.10064,0.99573,0.00427,3.96E-13,0.01449
7747,0.10064,0.99575,0.00425,3.95E-13,0.01441
7748,0.10064,0.99578,0.00422,3.94E-13,0.01432
7749,0.10063,0.9958,0.0042,3.93E-13,0.01423
7750,0.10063,0.99583,0.00417,3.92E-13,0.01415
7751,0.10063,0.99586,0.00414,3.91E-13,0.01406
7752,0.10063,0.99588,0.00412,3.91E-13,0.01398
7753,0.10063,0.9959,0.0041,3.90E-13,0.01389
7754,0.10063,0.99593,0.00407,3.89E-13,0.01381
7755,0.10063,0.99595,0.00405,3.88E-13,0.01373
7756,0.10063,0.99598,0.00402,3.87E-13,0.01364
7757,0.10063,0.996,0.004,3.87E-13,0.01356
7758,0.10063,0.99603,0.00397,3.86E-13,0.01348
7759,0.10062,0.99605,0.00395,3.85E-13,0.0134
7760,0.10062,0.99608,0.00392,3.84E-13,0.01332
7761,0.10062,0.9961,0.0039,3.83E-13,0.01323
7762,0.10062,0.99612,0.00388,3.82E-13,0.01315
7763,0.10062,0.99615,0.00385,3.81E-13,0.01307
7764,0.10062,0.99617,0.00383,3.81E-13,0.013
7765,0.10062,0.99619,0.00381,3.80E-13,0.01292
7766,0.10062,0.99622,0.00378,3.79E-13,0.01284
7767,0.10062,0.99624,0.00376,3.78E-13,0.01276
7768,0.10062,0.99626,0.00374,3.77E-13,0.01268
7769,0.10062,0.99628,0.00372,3.76E-13,0.01261
7770,0.10061,0.99631,0.00369,3.75E-13,0.01253
7771,0.10061,0.99633,0.00367,3.75E-13,0.01246
7772,0.10061,0.99635,0.00365,3.74E-13,0.01238
7773,0.10061,0.99637,0.00363,3.73E-13,0.01231
7774,0.10061,0.99639,0.00361,3.72E-13,0.01223
7775,0.10061,0.99642,0.00358,3.71E-13,0.01216
7776,0.10061,0.99644,0.00356,3.70E-13,0.01209
7777,0.10061,0.99646,0.00354,3.69E-13,0.01201
7778,0.10061,0.99648,0.00352,3.68E-13,0.01194
7779,0.10061,0.9965,0.0035,3.68E-13,0.01187
7780,0.10061,0.99652,0.00348,3.67E-13,0.0118
7781,0.1006,0.99654,0.00346,3.66E-13,0.01173
7782,0.1006,0.99656,0.00344,3.65E-13,0.01166
7783,0.1006,0.99659,0.00341,3.64E-13,0.01159
7784,0.1006,0.99661,0.00339,3.63E-13,0.01152
7785,0.1006,0.99663,0.00337,3.62E-13,0.01145
7786,0.1006,0.99665,0.00335,3.61E-13,0.01138
7787,0.1006,0.99667,0.00333,3.60E-13,0.01131
7788,0.1006,0.99669,0.00331,3.59E-13,0.01124
7789,0.1006,0.99671,0.00329,3.59E-13,0.01117
7790,0.1006,0.99673,0.00327,3.58E-13,0.01111
7791,0.10059,0.99675,0.00325,3.57E-13,0.01104
7792,0.10059,0.99677,0.00323,3.56E-13,0.01097
7793,0.10059,0.99679,0.00321,3.55E-13,0.01091
7794,0.10059,0.99681,0.00319,3.54E-13,0.01084
7795,0.10059,0.99682,0.00318,3.53E-13,0.01078
7796,0.10059,0.99684,0.00316,3.52E-13,0.01071
7797,0.10059,0.99686,0.00314,3.51E-13,0.01065
7798,0.10059,0.99688,0.00312,3.50E-13,0.01058
7799,0.10059,0.9969,0.0031,3.50E-13,0.01052
7800,0.10059,0.99692,0.00308,3.49E-13,0.01045
7801,0.10059,0.99694,0.00306,3.48E-13,0.01039
7802,0.10059,0.99696,0.00304,3.47E-13,0.01033
7803,0.10058,0.99697,0.00303,3.46E-13,0.01027
7804,0.10058,0.99699,0.00301,3.45E-13,0.01021
7805,0.10058,0.99701,0.00299,3.44E-13,0.01014
7806,0.10058,0.99703,0.00297,3.43E-13,0.01008
7807,0.10058,0.99705,0.00295,3.42E-13,0.01002
7808,0.10058,0.99706,0.00294,3.41E-13,0.00996
7809,0.10058,0.99708,0.00292,3.40E-13,0.0099
7810,0.10058,0.9971,0.0029,3.40E-13,0.00984
7811,0.10058,0.99712,0.00288,3.39E-13,0.00978
7812,0.10058,0.99713,0.00287,3.38E-13,0.00972
7813,0.10058,0.99715,0.00285,3.37E-13,0.00966
7814,0.10057,0.99717,0.00283,3.36E-13,0.00961
7815,0.10057,0.99719,0.00281,3.35E-13,0.00955
7816,0.10057,0.9972,0.0028,3.34E-13,0.00949
7817,0.10057,0.99722,0.00278,3.33E-13,0.00943
7818,0.10057,0.99724,0.00276,3.32E-13,0.00938
7819,0.10057,0.99725,0.00275,3.31E-13,0.00932
7820,0.10057,0.99727,0.00273,3.30E-13,0.00927
7821,0.10057,0.99729,0.00271,3.29E-13,0.00921
7822,0.10057,0.9973,0.0027,3.29E-13,0.00915
7823,0.10057,0.99732,0.00268,3.28E-13,0.0091
7824,0.10057,0.99733,0.00267,3.27E-13,0.00904
7825,0.10057,0.99735,0.00265,3.26E-13,0.00899
7826,0.10056,0.99737,0.00263,3.25E-13,0.00894
7827,0.10056,0.99738,0.00262,3.24E-13,0.00888
7828,0.10056,0.9974,0.0026,3.23E-13,0.00883
7829,0.10056,0.99741,0.00259,3.22E-13,0.00878
7830,0.10056,0.99743,0.00257,3.21E-13,0.00872
7831,0.10056,0.99744,0.00256,3.20E-13,0.00867
7832,0.10056,0.99746,0.00254,3.19E-13,0.00862
7833,0.10056,0.99748,0.00253,3.18E-13,0.00857
7834,0.10056,0.99749,0.00251,3.18E-13,0.00852
7835,0.10056,0.99751,0.00249,3.17E-13,0.00846
7836,0.10056,0.99752,0.00248,3.16E-13,0.00841
7837,0.10055,0.99754,0.00246,3.15E-13,0.00836
7838,0.10055,0.99755,0.00245,3.14E-13,0.00831
7839,0.10055,0.99756,0.00244,3.13E-13,0.00826
7840,0.10055,0.99758,0.00242,3.12E-13,0.00821
7841,0.10055,0.99759,0.00241,3.11E-13,0.00816
7842,0.10055,0.99761,0.00239,3.10E-13,0.00811
7843,0.10055,0.99762,0.00238,3.09E-13,0.00807
7844,0.10055,0.99764,0.00236,3.08E-13,0.00802
7845,0.10055,0.99765,0.00235,3.08E-13,0.00797
7846,0.10055,0.99767,0.00233,3.07E-13,0.00792
7847,0.10055,0.99768,0.00232,3.06E-13,0.00787
7848,0.10055,0.99769,0.00231,3.05E-13,0.00783
7849,0.10054,0.99771,0.00229,3.04E-13,0.00778
7850,0.10054,0.99772,0.00228,3.03E-13,0.00773
7851,0.10054,0.99773,0.00227,3.02E-13,0.00769
7852,0.10054,0.99775,0.00225,3.01E-13,0.00764
7853,0.10054,0.99776,0.00224,3.00E-13,0.00759
7854,0.10054,0.99778,0.00222,2.99E-13,0.00755
7855,0.10054,0.99779,0.00221,2.99E-13,0.0075
7856,0.10054,0.9978,0.0022,2.98E-13,0.00746
7857,0.10054,0.99782,0.00218,2.97E-13,0.00741
7858,0.10054,0.99783,0.00217,2.96E-13,0.00737
7859,0.10054,0.99784,0.00216,2.95E-13,0.00732
7860,0.10054,0.99785,0.00215,2.94E-13,0.00728
7861,0.10054,0.99787,0.00213,2.93E-13,0.00724
7862,0.10053,0.99788,0.00212,2.92E-13,0.00719
7863,0.10053,0.99789,0.00211,2.91E-13,0.00715
7864,0.10053,0.99791,0.00209,2.91E-13,0.00711
7865,0.10053,0.99792,0.00208,2.90E-13,0.00706
7866,0.10053,0.99793,0.00207,2.89E-13,0.00702
7867,0.10053,0.99794,0.00206,2.88E-13,0.00698
7868,0.10053,0.99796,0.00204,2.87E-13,0.00694
7869,0.10053,0.99797,0.00203,2.86E-13,0.0069
7870,0.10053,0.99798,0.00202,2.85E-13,0.00686
7871,0.10053,0.99799,0.00201,2.84E-13,0.00681
7872,0.10053,0.998,0.002,2.83E-13,0.00677
7873,0.10053,0.99802,0.00198,2.83E-13,0.00673
7874,0.10052,0.99803,0.00197,2.82E-13,0.00669
7875,0.10052,0.99804,0.00196,2.81E-13,0.00665
7876,0.10052,0.99805,0.00195,2.80E-13,0.00661
7877,0.10052,0.99806,0.00194,2.79E-13,0.00657
7878,0.10052,0.99807,0.00193,2.78E-13,0.00653
7879,0.10052,0.99809,0.00191,2.77E-13,0.00649
7880,0.10052,0.9981,0.0019,2.76E-13,0.00645
7881,0.10052,0.99811,0.00189,2.76E-13,0.00642
7882,0.10052,0.99812,0.00188,2.75E-13,0.00638
7883,0.10052,0.99813,0.00187,2.74E-13,0.00634
7884,0.10052,0.99814,0.00186,2.73E-13,0.0063
7885,0.10052,0.99815,0.00185,2.72E-13,0.00626
7886,0.10052,0.99817,0.00183,2.71E-13,0.00622
7887,0.10051,0.99818,0.00182,2.70E-13,0.00619
7888,0.10051,0.99819,0.00181,2.70E-13,0.00615
7889,0.10051,0.9982,0.0018,2.69E-13,0.00611
7890,0.10051,0.99821,0.00179,2.68E-13,0.00608
7891,0.10051,0.99822,0.00178,2.67E-13,0.00604
7892,0.10051,0.99823,0.00177,2.66E-13,0.006
7893,0.10051,0.99824,0.00176,2.65E-13,0.00597
7894,0.10051,0.99825,0.00175,2.64E-13,0.00593
7895,0.10051,0.99826,0.00174,2.64E-13,0.0059
7896,0.10051,0.99827,0.00173,2.63E-13,0.00586
7897,0.10051,0.99828,0.00172,2.62E-13,0.00583
7898,0.10051,0.99829,0.00171,2.61E-13,0.00579
7899,0.10051,0.9983,0.0017,2.60E-13,0.00576
7900,0.1005,0.99831,0.00169,2.59E-13,0.00572
7901,0.1005,0.99832,0.00168,2.58E-13,0.00569
7902,0.1005,0.99833,0.00167,2.58E-13,0.00565
7903,0.1005,0.99834,0.00166,2.57E-13,0.00562
7904,0.1005,0.99835,0.00165,2.56E-13,0.00559
7905,0.1005,0.99836,0.00164,2.55E-13,0.00555
7906,0.1005,0.99837,0.00163,2.54E-13,0.00552
7907,0.1005,0.99838,0.00162,2.53E-13,0.00549
7908,0.1005,0.99839,0.00161,2.53E-13,0.00545
7909,0.1005,0.9984,0.0016,2.52E-13,0.00542
7910,0.1005,0.99841,0.00159,2.51E-13,0.00539
7911,0.1005,0.99842,0.00158,2.50E-13,0.00535
7912,0.1005,0.99843,0.00157,2.49E-13,0.00532
7913,0.10049,0.99844,0.00156,2.48E-13,0.00529
7914,0.10049,0.99845,0.00155,2.48E-13,0.00526
7915,0.10049,0.99846,0.00154,2.47E-13,0.00523
7916,0.10049,0.99847,0.00153,2.46E-13,0.00519
7917,0.10049,0.99848,0.00152,2.45E-13,0.00516
7918,0.10049,0.99849,0.00151,2.44E-13,0.00513
7919,0.10049,0.9985,0.0015,2.44E-13,0.0051
7920,0.10049,0.99851,0.00149,2.43E-13,0.00507
7921,0.10049,0.99851,0.00149,2.42E-13,0.00504
7922,0.10049,0.99852,0.00148,2.41E-13,0.00501
7923,0.10049,0.99853,0.00147,2.40E-13,0.00498
7924,0.10049,0.99854,0.00146,2.40E-13,0.00495
7925,0.10049,0.99855,0.00145,2.39E-13,0.00492
7926,0.10048,0.99856,0.00144,2.38E-13,0.00489
7927,0.10048,0.99857,0.00143,2.37E-13,0.00486
7928,0.10048,0.99858,0.00142,2.36E-13,0.00483
7929,0.10048,0.99858,0.00142,2.36E-13,0.0048
7930,0.10048,0.99859,0.00141,2.35E-13,0.00477
7931,0.10048,0.9986,0.0014,2.34E-13,0.00475
7932,0.10048,0.99861,0.00139,2.33E-13,0.00472
7933,0.10048,0.99862,0.00138,2.32E-13,0.00469
7934,0.10048,0.99863,0.00137,2.32E-13,0.00466
7935,0.10048,0.99863,0.00137,2.31E-13,0.00463
7936,0.10048,0.99864,0.00136,2.30E-13,0.00461
7937,0.10048,0.99865,0.00135,2.29E-13,0.00458
7938,0.10048,0.99866,0.00134,2.28E-13,0.00455
7939,0.10048,0.99867,0.00133,2.28E-13,0.00452
7940,0.10047,0.99868,0.00132,2.27E-13,0.0045
7941,0.10047,0.99868,0.00132,2.26E-13,0.00447
7942,0.10047,0.99869,0.00131,2.25E-13,0.00444
7943,0.10047,0.9987,0.0013,2.25E-13,0.00441
7944,0.10047,0.99871,0.00129,2.24E-13,0.00439
7945,0.10047,0.99871,0.00129,2.23E-13,0.00436
7946,0.10047,0.99872,0.00128,2.22E-13,0.00434
7947,0.10047,0.99873,0.00127,2.21E-13,0.00431
7948,0.10047,0.99874,0.00126,2.21E-13,0.00428
7949,0.10047,0.99875,0.00125,2.20E-13,0.00426
7950,0.10047,0.99875,0.00125,2.19E-13,0.00423
7951,0.10047,0.99876,0.00124,2.18E-13,0.00421
7952,0.10047,0.99877,0.00123,2.18E-13,0.00418
7953,0.10047,0.99878,0.00122,2.17E-13,0.00416
7954,0.10046,0.99878,0.00122,2.16E-13,0.00413
7955,0.10046,0.99879,0.00121,2.15E-13,0.00411
7956,0.10046,0.9988,0.0012,2.15E-13,0.00408
7957,0.10046,0.9988,0.0012,2.14E-13,0.00406
7958,0.10046,0.99881,0.00119,2.13E-13,0.00403
7959,0.10046,0.99882,0.00118,2.12E-13,0.00401
7960,0.10046,0.99883,0.00117,2.12E-13,0.00398
7961,0.10046,0.99883,0.00117,2.11E-13,0.00396
7962,0.10046,0.99884,0.00116,2.10E-13,0.00394
7963,0.10046,0.99885,0.00115,2.09E-13,0.00391
7964,0.10046,0.99885,0.00115,2.09E-13,0.00389
7965,0.10046,0.99886,0.00114,2.08E-13,0.00387
7966,0.10046,0.99887,0.00113,2.07E-13,0.00384
7967,0.10046,0.99887,0.00113,2.06E-13,0.00382
7968,0.10045,0.99888,0.00112,2.06E-13,0.0038
7969,0.10045,0.99889,0.00111,2.05E-13,0.00377
7970,0.10045,0.99889,0.00111,2.04E-13,0.00375
7971,0.10045,0.9989,0.0011,2.04E-13,0.00373
7972,0.10045,0.99891,0.00109,2.03E-13,0.00371
7973,0.10045,0.99891,0.00109,2.02E-13,0.00368
7974,0.10045,0.99892,0.00108,2.01E-13,0.00366
7975,0.10045,0.99893,0.00107,2.01E-13,0.00364
7976,0.10045,0.99893,0.00107,2.00E-13,0.00362
7977,0.10045,0.99894,0.00106,1.99E-13,0.0036
7978,0.10045,0.99895,0.00105,1.99E-13,0.00358
7979,0.10045,0.99895,0.00105,1.98E-13,0.00355
7980,0.10045,0.99896,0.00104,1.97E-13,0.00353
7981,0.10045,0.99897,0.00103,1.96E-13,0.00351
7982,0.10045,0.99897,0.00103,1.96E-13,0.00349
7983,0.10044,0.99898,0.00102,1.95E-13,0.00347
7984,0.10044,0.99898,0.00102,1.94E-13,0.00345
7985,0.10044,0.99899,0.00101,1.94E-13,0.00343
7986,0.10044,0.999,0.001,1.93E-13,0.00341
7987,0.10044,0.999,9.98E-04,1.92E-13,0.00339
7988,0.10044,0.99901,9.92E-04,1.92E-13,0.00337
7989,0.10044,0.99901,9.86E-04,1.91E-13,0.00335
7990,0.10044,0.99902,9.80E-04,1.90E-13,0.00333
7991,0.10044,0.99903,9.74E-04,1.90E-13,0.00331
7992,0.10044,0.99903,9.68E-04,1.89E-13,0.00329
7993,0.10044,0.99904,9.62E-04,1.88E-13,0.00327
7994,0.10044,0.99904,9.57E-04,1.87E-13,0.00325
7995,0.10044,0.99905,9.51E-04,1.87E-13,0.00323
7996,0.10044,0.99905,9.45E-04,1.86E-13,0.00321
7997,0.10044,0.99906,9.39E-04,1.85E-13,0.00319
7998,0.10043,0.99907,9.34E-04,1.85E-13,0.00317
7999,0.10043,0.99907,9.28E-04,1.84E-13,0.00315
8000,0.10043,0.99907,9.28E-04,1.83E-13,0.00315
8001,0.10043,0.99901,9.87E-04,1.83E-13,0.00335
8002,0.10044,0.99895,0.00105,1.82E-13,0.00356
8003,0.10044,0.99889,0.00111,1.82E-13,0.00378
8004,0.10044,0.99882,0.00118,1.81E-13,0.00399
8005,0.10044,0.99876,0.00124,1.80E-13,0.0042
8006,0.10044,0.9987,0.0013,1.80E-13,0.00441
8007,0.10044,0.99864,0.00136,1.79E-13,0.00461
8008,0.10044,0.99858,0.00142,1.79E-13,0.00482
8009,0.10044,0.99852,0.00148,1.78E-13,0.00502
8010,0.10045,0.99846,0.00154,1.78E-13,0.00523
8011,0.10045,0.9984,0.0016,1.77E-13,0.00543
8012,0.10045,0.99834,0.00166,1.77E-13,0.00563
8013,0.10045,0.99828,0.00172,1.76E-13,0.00583
8014,0.10045,0.99822,0.00178,1.76E-13,0.00603
8015,0.10045,0.99816,0.00184,1.76E-13,0.00623
8016,0.10045,0.99811,0.00189,1.75E-13,0.00643
8017,0.10045,0.99805,0.00195,1.75E-13,0.00662
8018,0.10046,0.99799,0.00201,1.75E-13,0.00682
8019,0.10046,0.99793,0.00207,1.74E-13,0.00701
8020,0.10046,0.99788,0.00212,1.74E-13,0.00721
8021,0.10046,0.99782,0.00218,1.74E-13,0.0074
8022,0.10046,0.99776,0.00224,1.73E-13,0.00759
8023,0.10046,0.99771,0.00229,1.73E-13,0.00778
8024,0.10046,0.99765,0.00235,1.73E-13,0.00796
8025,0.10046,0.9976,0.0024,1.72E-13,0.00815
8026,0.10046,0.99754,0.00246,1.72E-13,0.00834
8027,0.10047,0.99749,0.00251,1.72E-13,0.00852
8028,0.10047,0.99743,0.00257,1.72E-13,0.0087
8029,0.10047,0.99738,0.00262,1.72E-13,0.00889
8030,0.10047,0.99733,0.00267,1.71E-13,0.00907
8031,0.10047,0.99727,0.00273,1.71E-13,0.00925
8032,0.10047,0.99722,0.00278,1.71E-13,0.00943
8033,0.10047,0.99717,0.00283,1.71E-13,0.0096
8034,0.10047,0.99712,0.00288,1.71E-13,0.00978
8035,0.10048,0.99707,0.00293,1.71E-13,0.00995
8036,0.10048,0.99701,0.00299,1.71E-13,0.01013
8037,0.10048,0.99696,0.00304,1.71E-13,0.0103
8038,0.10048,0.99691,0.00309,1.71E-13,0.01048
8039,0.10048,0.99686,0.00314,1.71E-13,0.01065
8040,0.10048,0.99681,0.00319,1.70E-13,0.01082
8041,0.10048,0.99676,0.00324,1.70E-13,0.01099
8042,0.10048,0.99671,0.00329,1.70E-13,0.01115
8043,0.10048,0.99666,0.00334,1.70E-13,0.01132
8044,0.10049,0.99661,0.00339,1.70E-13,0.01149
8045,0.10049,0.99657,0.00343,1.71E-13,0.01165
8046,0.10049,0.99652,0.00348,1.71E-13,0.01182
8047,0.10049,0.99647,0.00353,1.71E-13,0.01198
8048,0.10049,0.99642,0.00358,1.71E-13,0.01214
8049,0.10049,0.99637,0.00363,1.71E-13,0.0123
8050,0.10049,0.99633,0.00367,1.71E-13,0.01246
8051,0.10049,0.99628,0.00372,1.71E-13,0.01262
8052,0.10049,0.99623,0.00377,1.71E-13,0.01278
8053,0.1005,0.99619,0.00381,1.71E-13,0.01294
8054,0.1005,0.99614,0.00386,1.71E-13,0.01309
8055,0.1005,0.9961,0.0039,1.72E-13,0.01325
8056,0.1005,0.99605,0.00395,1.72E-13,0.0134
8057,0.1005,0.99601,0.00399,1.72E-13,0.01355
8058,0.1005,0.99596,0.00404,1.72E-13,0.01371
8059,0.1005,0.99592,0.00408,1.72E-13,0.01386
8060,0.1005,0.99587,0.00413,1.72E-13,0.01401
8061,0.1005,0.99583,0.00417,1.73E-13,0.01416
8062,0.10051,0.99578,0.00422,1.73E-13,0.01431
8063,0.10051,0.99574,0.00426,1.73E-13,0.01445
8064,0.10051,0.9957,0.0043,1.73E-13,0.0146
8065,0.10051,0.99565,0.00435,1.74E-13,0.01475
8066,0.10051,0.99561,0.00439,1.74E-13,0.01489
8067,0.10051,0.99557,0.00443,1.74E-13,0.01503
8068,0.10051,0.99553,0.00447,1.74E-13,0.01518
8069,0.10051,0.99548,0.00452,1.75E-13,0.01532
8070,0.10051,0.99544,0.00456,1.75E-13,0.01546
8071,0.10052,0.9954,0.0046,1.75E-13,0.0156
8072,0.10052,0.99536,0.00464,1.76E-13,0.01574
8073,0.10052,0.99532,0.00468,1.76E-13,0.01588
8074,0.10052,0.99528,0.00472,1.76E-13,0.01602
8075,0.10052,0.99524,0.00476,1.77E-13,0.01615
8076,0.10052,0.9952,0.0048,1.77E-13,0.01629
8077,0.10052,0.99516,0.00484,1.77E-13,0.01643
8078,0.10052,0.99512,0.00488,1.78E-13,0.01656
8079,0.10052,0.99508,0.00492,1.78E-13,0.01669
8080,0.10053,0.99504,0.00496,1.79E-13,0.01683
8081,0.10053,0.995,0.005,1.79E-13,0.01696
8082,0.10053,0.99496,0.00504,1.79E-13,0.01709
8083,0.10053,0.99492,0.00508,1.80E-13,0.01722
8084,0.10053,0.99489,0.00511,1.80E-13,0.01735
8085,0.10053,0.99485,0.00515,1.81E-13,0.01748
8086,0.10053,0.99481,0.00519,1.81E-13,0.01761
8087,0.10053,0.99477,0.00523,1.82E-13,0.01773
8088,0.10053,0.99474,0.00526,1.82E-13,0.01786
8089,0.10054,0.9947,0.0053,1.83E-13,0.01799
8090,0.10054,0.99466,0.00534,1.83E-13,0.01811
8091,0.10054,0.99463,0.00537,1.84E-13,0.01823
8092,0.10054,0.99459,0.00541,1.84E-13,0.01836
8093,0.10054,0.99455,0.00545,1.85E-13,0.01848
8094,0.10054,0.99452,0.00548,1.85E-13,0.0186
8095,0.10054,0.99448,0.00552,1.86E-13,0.01872
8096,0.10054,0.99445,0.00555,1.86E-13,0.01884
8097,0.10054,0.99441,0.00559,1.87E-13,0.01896
8098,0.10054,0.99438,0.00562,1.87E-13,0.01908
8099,0.10055,0.99434,0.00566,1.88E-13,0.0192
8100,0.10055,0.99431,0.00569,1.88E-13,0.01932
8101,0.10055,0.99427,0.00573,1.89E-13,0.01943
8102,0.10055,0.99424,0.00576,1.89E-13,0.01955
8103,0.10055,0.9942,0.0058,1.90E-13,0.01967
8104,0.10055,0.99417,0.00583,1.90E-13,0.01978
8105,0.10055,0.99414,0.00586,1.91E-13,0.01989
8106,0.10055,0.9941,0.0059,1.92E-13,0.02001
8107,0.10055,0.99407,0.00593,1.92E-13,0.02012
8108,0.10056,0.99404,0.00596,1.93E-13,0.02023
8109,0.10056,0.994,0.006,1.93E-13,0.02034
8110,0.10056,0.99397,0.00603,1.94E-13,0.02045
8111,0.10056,0.99394,0.00606,1.95E-13,0.02056
8112,0.10056,0.99391,0.00609,1.95E-13,0.02067
8113,0.10056,0.99388,0.00612,1.96E-13,0.02078
8114,0.10056,0.99384,0.00616,1.97E-13,0.02089
8115,0.10056,0.99381,0.00619,1.97E-13,0.02099
8116,0.10056,0.99378,0.00622,1.98E-13,0.0211
8117,0.10056,0.99375,0.00625,1.98E-13,0.02121
8118,0.10057,0.99372,0.00628,1.99E-13,0.02131
8119,0.10057,0.99369,0.00631,2.00E-13,0.02142
8120,0.10057,0.99366,0.00634,2.00E-13,0.02152
8121,0.10057,0.99363,0.00637,2.01E-13,0.02162
8122,0.10057,0.9936,0.0064,2.02E-13,0.02173
8123,0.10057,0.99357,0.00643,2.02E-13,0.02183
8124,0.10057,0.99354,0.00646,2.03E-13,0.02193
8125,0.10057,0.99351,0.00649,2.04E-13,0.02203
8126,0.10057,0.99348,0.00652,2.04E-13,0.02213
8127,0.10057,0.99345,0.00655,2.05E-13,0.02223
8128,0.10058,0.99342,0.00658,2.06E-13,0.02233
8129,0.10058,0.99339,0.00661,2.07E-13,0.02243
8130,0.10058,0.99336,0.00664,2.07E-13,0.02252
8131,0.10058,0.99333,0.00667,2.08E-13,0.02262
8132,0.10058,0.9933,0.0067,2.09E-13,0.02272
8133,0.10058,0.99328,0.00672,2.09E-13,0.02281
8134,0.10058,0.99325,0.00675,2.10E-13,0.02291
8135,0.10058,0.99322,0.00678,2.11E-13,0.023
8136,0.10058,0.99319,0.00681,2.12E-13,0.0231
8137,0.10058,0.99317,0.00683,2.12E-13,0.02319
8138,0.10059,0.99314,0.00686,2.13E-13,0.02328
8139,0.10059,0.99311,0.00689,2.14E-13,0.02337
8140,0.10059,0.99308,0.00692,2.15E-13,0.02347
8141,0.10059,0.99306,0.00694,2.15E-13,0.02356
8142,0.10059,0.99303,0.00697,2.16E-13,0.02365
8143,0.10059,0.993,0.007,2.17E-13,0.02374
8144,0.10059,0.99298,0.00702,2.18E-13,0.02383
8145,0.10059,0.99295,0.00705,2.18E-13,0.02392
8146,0.10059,0.99293,0.00707,2.19E-13,0.024
8147,0.10059,0.9929,0.0071,2.20E-13,0.02409
8148,0.1006,0.99287,0.00713,2.21E-13,0.02418
8149,0.1006,0.99285,0.00715,2.22E-13,0.02427
8150,0.1006,0.99282,0.00718,2.22E-13,0.02435
8151,0.1006,0.9928,0.0072,2.23E-13,0.02444
8152,0.1006,0.99277,0.00723,2.24E-13,0.02452
8153,0.1006,0.99275,0.00725,2.25E-13,0.02461
8154,0.1006,0.99272,0.00728,2.25E-13,0.02469
8155,0.1006,0.9927,0.0073,2.26E-13,0.02478
8156,0.1006,0.99267,0.00733,2.27E-13,0.02486
8157,0.1006,0.99265,0.00735,2.28E-13,0.02494
8158,0.1006,0.99262,0.00738,2.29E-13,0.02502
8159,0.10061,0.9926,0.0074,2.30E-13,0.02511
8160,0.10061,0.99258,0.00742,2.30E-13,0.02519
8161,0.10061,0.99255,0.00745,2.31E-13,0.02527
8162,0.10061,0.99253,0.00747,2.32E-13,0.02535
8163,0.10061,0.99251,0.00749,2.33E-13,0.02543
8164,0.10061,0.99248,0.00752,2.34E-13,0.02551
8165,0.10061,0.99246,0.00754,2.34E-13,0.02559
8166,0.10061,0.99244,0.00756,2.35E-13,0.02566
8167,0.10061,0.99241,0.00759,2.36E-13,0.02574
8168,0.10061,0.99239,0.00761,2.37E-13,0.02582
8169,0.10062,0.99237,0.00763,2.38E-13,0.0259
8170,0.10062,0.99235,0.00765,2.39E-13,0.02597
8171,0.10062,0.99232,0.00768,2.39E-13,0.02605
8172,0.10062,0.9923,0.0077,2.40E-13,0.02612
8173,0.10062,0.99228,0.00772,2.41E-13,0.0262
8174,0.10062,0.99226,0.00774,2.42E-13,0.02627
8175,0.10062,0.99224,0.00777,2.43E-13,0.02635
8176,0.10062,0.99221,0.00779,2.44E-13,0.02642
8177,0.10062,0.99219,0.00781,2.45E-13,0.02649
8178,0.10062,0.99217,0.00783,2.45E-13,0.02657
8179,0.10062,0.99215,0.00785,2.46E-13,0.02664
8180,0.10063,0.99213,0.00787,2.47E-13,0.02671
8181,0.10063,0.99211,0.00789,2.48E-13,0.02678
8182,0.10063,0.99209,0.00791,2.49E-13,0.02685
8183,0.10063,0.99207,0.00793,2.50E-13,0.02692
8184,0.10063,0.99204,0.00796,2.51E-13,0.02699
8185,0.10063,0.99202,0.00798,2.51E-13,0.02706
8186,0.10063,0.992,0.008,2.52E-13,0.02713
8187,0.10063,0.99198,0.00802,2.53E-13,0.0272
8188,0.10063,0.99196,0.00804,2.54E-13,0.02727
8189,0.10063,0.99194,0.00806,2.55E-13,0.02734
8190,0.10063,0.99192,0.00808,2.56E-13,0.0274
8191,0.10064,0.9919,0.0081,2.57E-13,0.02747
8192,0.10064,0.99188,0.00812,2.57E-13,0.02754
8193,0.10064,0.99186,0.00814,2.58E-13,0.0276
8194,0.10064,0.99185,0.00815,2.59E-13,0.02767
8195,0.10064,0.99183,0.00817,2.60E-13,0.02773
8196,0.10064,0.99181,0.00819,2.61E-13,0.0278
8197,0.10064,0.99179,0.00821,2.62E-13,0.02786
8198,0.10064,0.99177,0.00823,2.63E-13,0.02793
8199,0.10064,0.99175,0.00825,2.64E-13,0.02799
8200,0.10064,0.99173,0.00827,2.65E-13,0.02805
8201,0.10064,0.99171,0.00829,2.65E-13,0.02812
8202,0.10065,0.99169,0.00831,2.66E-13,0.02818
8203,0.10065,0.99168,0.00832,2.67E-13,0.02824
8204,0.10065,0.99166,0.00834,2.68E-13,0.0283
8205,0.10065,0.99164,0.00836,2.69E-13,0.02837
8206,0.10065,0.99162,0.00838,2.70E-13,0.02843
8207,0.10065,0.9916,0.0084,2.71E-13,0.02849
8208,0.10065,0.99159,0.00841,2.72E-13,0.02855
8209,0.10065,0.99157,0.00843,2.73E-13,0.02861
8210,0.10065,0.99155,0.00845,2.73E-13,0.02867
8211,0.10065,0.99153,0.00847,2.74E-13,0.02873
8212,0.10065,0.99152,0.00848,2.75E-13,0.02879
8213,0.10065,0.9915,0.0085,2.76E-13,0.02885
8214,0.10066,0.99148,0.00852,2.77E-13,0.0289
8215,0.10066,0.99146,0.00854,2.78E-13,0.02896
8216,0.10066,0.99145,0.00855,2.79E-13,0.02902
8217,0.10066,0.99143,0.00857,2.80E-13,0.02908
8218,0.10066,0.99141,0.00859,2.81E-13,0.02913
8219,0.10066,0.9914,0.0086,2.81E-13,0.02919
8220,0.10066,0.99138,0.00862,2.82E-13,0.02925
8221,0.10066,0.99136,0.00864,2.83E-13,0.0293
8222,0.10066,0.99135,0.00865,2.84E-13,0.02936
8223,0.10066,0.99133,0.00867,2.85E-13,0.02941
8224,0.10066,0.99132,0.00868,2.86E-13,0.02947
8225,0.10067,0.9913,0.0087,2.87E-13,0.02952
8226,0.10067,0.99128,0.00872,2.88E-13,0.02957
8227,0.10067,0.99127,0.00873,2.89E-13,0.02963
8228,0.10067,0.99125,0.00875,2.90E-13,0.02968
8229,0.10067,0.99124,0.00876,2.90E-13,0.02973
8230,0.10067,0.99122,0.00878,2.91E-13,0.02979
8231,0.10067,0.99121,0.00879,2.92E-13,0.02984
8232,0.10067,0.99119,0.00881,2.93E-13,0.02989
8233,0.10067,0.99118,0.00882,2.94E-13,0.02994
8234,0.10067,0.99116,0.00884,2.95E-13,0.02999
8235,0.10067,0.99115,0.00886,2.96E-13,0.03005
8236,0.10067,0.99113,0.00887,2.97E-13,0.0301
8237,0.10068,0.99112,0.00888,2.98E-13,0.03015
8238,0.10068,0.9911,0.0089,2.99E-13,0.0302
8239,0.10068,0.99109,0.00891,2.99E-13,0.03025
8240,0.10068,0.99107,0.00893,3.00E-13,0.0303
8241,0.10068,0.99106,0.00894,3.01E-13,0.03034
8242,0.10068,0.99104,0.00896,3.02E-13,0.03039
8243,0.10068,0.99103,0.00897,3.03E-13,0.03044
8244,0.10068,0.99101,0.00899,3.04E-13,0.03049
8245,0.10068,0.991,0.009,3.05E-13,0.03054
8246,0.10068,0.99099,0.00901,3.06E-13,0.03059
8247,0.10068,0.99097,0.00903,3.07E-13,0.03063
8248,0.10068,0.99096,0.00904,3.08E-13,0.03068
8249,0.10069,0.99094,0.00906,3.08E-13,0.03073
8250,0.10069,0.99093,0.00907,3.09E-13,0.03077
8251,0.10069,0.99092,0.00908,3.10E-13,0.03082
8252,0.10069,0.9909,0.0091,3.11E-13,0.03087
8253,0.10069,0.99089,0.00911,3.12E-13,0.03091
8254,0.10069,0.99088,0.00912,3.13E-13,0.03096
8255,0.10069,0.99086,0.00914,3.14E-13,0.031
8256,0.10069,0.99085,0.00915,3.15E-13,0.03105
8257,0.10069,0.99084,0.00916,3.16E-13,0.03109
8258,0.10069,0.99082,0.00918,3.17E-13,0.03114
8259,0.10069,0.99081,0.00919,3.17E-13,0.03118
8260,0.10069,0.9908,0.0092,3.18E-13,0.03122
8261,0.1007,0.99078,0.00922,3.19E-13,0.03127
8262,0.1007,0.99077,0.00923,3.20E-13,0.03131
8263,0.1007,0.99076,0.00924,3.21E-13,0.03135
8264,0.1007,0.99075,0.00925,3.22E-13,0.0314
8265,0.1007,0.99073,0.00927,3.23E-13,0.03144
8266,0.1007,0.99072,0.00928,3.24E-13,0.03148
8267,0.1007,0.99071,0.00929,3.25E-13,0.03152
8268,0.1007,0.9907,0.0093,3.25E-13,0.03157
8269,0.1007,0.99068,0.00932,3.26E-13,0.03161
8270,0.1007,0.99067,0.00933,3.27E-13,0.03165
8271,0.1007,0.99066,0.00934,3.28E-13,0.03169
8272,0.1007,0.99065,0.00935,3.29E-13,0.03173
8273,0.1007,0.99064,0.00936,3.30E-13,0.03177
8274,0.10071,0.99062,0.00938,3.31E-13,0.03181
8275,0.10071,0.99061,0.00939,3.32E-13,0.03185
8276,0.10071,0.9906,0.0094,3.33E-13,0.03189
8277,0.10071,0.99059,0.00941,3.33E-13,0.03193
8278,0.10071,0.99058,0.00942,3.34E-13,0.03197
8279,0.10071,0.99057,0.00943,3.35E-13,0.03201
8280,0.10071,0.99056,0.00944,3.36E-13,0.03205
8281,0.10071,0.99054,0.00946,3.37E-13,0.03208
8282,0.10071,0.99053,0.00947,3.38E-13,0.03212
8283,0.10071,0.99052,0.00948,3.39E-13,0.03216
8284,0.10071,0.99051,0.00949,3.40E-13,0.0322
8285,0.10071,0.9905,0.0095,3.41E-13,0.03223
8286,0.10071,0.99049,0.00951,3.41E-13,0.03227
8287,0.10072,0.99048,0.00952,3.42E-13,0.03231
8288,0.10072,0.99047,0.00953,3.43E-13,0.03235
8289,0.10072,0.99046,0.00954,3.44E-13,0.03238
8290,0.10072,0.99045,0.00955,3.45E-13,0.03242
8291,0.10072,0.99043,0.00957,3.46E-13,0.03245
8292,0.10072,0.99042,0.00958,3.47E-13,0.03249
8293,0.10072,0.99041,0.00959,3.48E-13,0.03253
8294,0.10072,0.9904,0.0096,3.48E-13,0.03256
8295,0.10072,0.99039,0.00961,3.49E-13,0.0326
8296,0.10072,0.99038,0.00962,3.50E-13,0.03263
8297,0.10072,0.99037,0.00963,3.51E-13,0.03267
8298,0.10072,0.99036,0.00964,3.52E-13,0.0327
8299,0.10072,0.99035,0.00965,3.53E-13,0.03274
8300,0.10073,0.99034,0.00966,3.54E-13,0.03277
8301,0.10073,0.99033,0.00967,3.54E-13,0.0328
8302,0.10073,0.99032,0.00968,3.55E-13,0.03284
8303,0.10073,0.99031,0.00969,3.56E-13,0.03287
8304,0.10073,0.9903,0.0097,3.57E-13,0.0329
8305,0.10073,0.99029,0.00971,3.58E-13,0.03294
8306,0.10073,0.99028,0.00972,3.59E-13,0.03297
8307,0.10073,0.99027,0.00973,3.60E-13,0.033
8308,0.10073,0.99026,0.00974,3.60E-13,0.03304
8309,0.10073,0.99025,0.00975,3.61E-13,0.03307
8310,0.10073,0.99024,0.00976,3.62E-13,0.0331
8311,0.10073,0.99024,0.00976,3.63E-13,0.03313
8312,0.10073,0.99023,0.00977,3.64E-13,0.03316
8313,0.10074,0.99022,0.00978,3.65E-13,0.03319
8314,0.10074,0.99021,0.00979,3.66E-13,0.03323
8315,0.10074,0.9902,0.0098,3.66E-13,0.03326
8316,0.10074,0.99019,0.00981,3.67E-13,0.03329
8317,0.10074,0.99018,0.00982,3.68E-13,0.03332
8318,0.10074,0.99017,0.00983,3.69E-13,0.03335
8319,0.10074,0.99016,0.00984,3.70E-13,0.03338
8320,0.10074,0.99015,0.00985,3.71E-13,0.03341
8321,0.10074,0.99014,0.00986,3.71E-13,0.03344
8322,0.10074,0.99014,0.00986,3.72E-13,0.03347
8323,0.10074,0.99013,0.00987,3.73E-13,0.0335
8324,0.10074,0.99012,0.00988,3.74E-13,0.03353
8325,0.10074,0.99011,0.00989,3.75E-13,0.03356
8326,0.10075,0.9901,0.0099,3.76E-13,0.03359
8327,0.10075,0.99009,0.00991,3.76E-13,0.03362
8328,0.10075,0.99008,0.00992,3.77E-13,0.03364
8329,0.10075,0.99008,0.00992,3.78E-13,0.03367
8330,0.10075,0.99007,0.00993,3.79E-13,0.0337
8331,0.10075,0.99006,0.00994,3.80E-13,0.03373
8332,0.10075,0.99005,0.00995,3.81E-13,0.03376
8333,0.10075,0.99004,0.00996,3.81E-13,0.03379
8334,0.10075,0.99003,0.00997,3.82E-13,0.03381
8335,0.10075,0.99003,0.00997,3.83E-13,0.03384
8336,0.10075,0.99002,0.00998,3.84E-13,0.03387
8337,0.10075,0.99001,0.00999,3.85E-13,0.0339
8338,0.10075,0.99,0.01,3.86E-13,0.03392
8339,0.10075,0.98999,0.01001,3.86E-13,0.03395
8340,0.10076,0.98999,0.01001,3.87E-13,0.03398
8341,0.10076,0.98998,0.01002,3.88E-13,0.034
8342,0.10076,0.98997,0.01003,3.89E-13,0.03403
8343,0.10076,0.98996,0.01004,3.90E-13,0.03405
8344,0.10076,0.98996,0.01004,3.90E-13,0.03408
8345,0.10076,0.98995,0.01005,3.91E-13,0.03411
8346,0.10076,0.98994,0.01006,3.92E-13,0.03413
8347,0.10076,0.98993,0.01007,3.93E-13,0.03416
8348,0.10076,0.98993,0.01007,3.94E-13,0.03418
8349,0.10076,0.98992,0.01008,3.94E-13,0.03421
8350,0.10076,0.98991,0.01009,3.95E-13,0.03423
8351,0.10076,0.9899,0.0101,3.96E-13,0.03426
8352,0.10076,0.9899,0.0101,3.97E-13,0.03428
8353,0.10076,0.98989,0.01011,3.98E-13,0.03431
8354,0.10077,0.98988,0.01012,3.98E-13,0.03433
8355,0.10077,0.98987,0.01013,3.99E-13,0.03436
8356,0.10077,0.98987,0.01013,4.00E-13,0.03438
8357,0.10077,0.98986,0.01014,4.01E-13,0.0344
8358,0.10077,0.98985,0.01015,4.02E-13,0.03443
8359,0.10077,0.98985,0.01015,4.02E-13,0.03445
8360,0.10077,0.98984,0.01016,4.03E-13,0.03448
8361,0.10077,0.98983,0.01017,4.04E-13,0.0345
8362,0.10077,0.98983,0.01017,4.05E-13,0.03452
8363,0.10077,0.98982,0.01018,4.05E-13,0.03455
8364,0.10077,0.98981,0.01019,4.06E-13,0.03457
8365,0.10077,0.98981,0.01019,4.07E-13,0.03459
8366,0.10077,0.9898,0.0102,4.08E-13,0.03461
8367,0.10077,0.98979,0.01021,4.09E-13,0.03464
8368,0.10077,0.98979,0.01021,4.09E-13,0.03466
8369,0.10078,0.98978,0.01022,4.10E-13,0.03468
8370,0.10078,0.98977,0.01023,4.11E-13,0.0347
8371,0.10078,0.98977,0.01023,4.12E-13,0.03473
8372,0.10078,0.98976,0.01024,4.12E-13,0.03475
8373,0.10078,0.98975,0.01025,4.13E-13,0.03477
8374,0.10078,0.98975,0.01025,4.14E-13,0.03479
8375,0.10078,0.98974,0.01026,4.15E-13,0.03481
8376,0.10078,0.98973,0.01027,4.15E-13,0.03483
8377,0.10078,0.98973,0.01027,4.16E-13,0.03485
8378,0.10078,0.98972,0.01028,4.17E-13,0.03488
8379,0.10078,0.98972,0.01028,4.18E-13,0.0349
8380,0.10078,0.98971,0.01029,4.18E-13,0.03492
8381,0.10078,0.9897,0.0103,4.19E-13,0.03494
8382,0.10078,0.9897,0.0103,4.20E-13,0.03496
8383,0.10078,0.98969,0.01031,4.21E-13,0.03498
8384,0.10079,0.98968,0.01032,4.21E-13,0.035
8385,0.10079,0.98968,0.01032,4.22E-13,0.03502
8386,0.10079,0.98967,0.01033,4.23E-13,0.03504
8387,0.10079,0.98967,0.01033,4.24E-13,0.03506
8388,0.10079,0.98966,0.01034,4.24E-13,0.03508
8389,0.10079,0.98966,0.01034,4.25E-13,0.0351
8390,0.10079,0.98965,0.01035,4.26E-13,0.03512
8391,0.10079,0.98964,0.01036,4.27E-13,0.03514
8392,0.10079,0.98964,0.01036,4.27E-13,0.03516
8393,0.10079,0.98963,0.01037,4.28E-13,0.03518
8394,0.10079,0.98963,0.01037,4.29E-13,0.0352
8395,0.10079,0.98962,0.01038,4.30E-13,0.03521
8396,0.10079,0.98962,0.01038,4.30E-13,0.03523
8397,0.10079,0.98961,0.01039,4.31E-13,0.03525
8398,0.10079,0.9896,0.0104,4.32E-13,0.03527
8399,0.1008,0.9896,0.0104,4.32E-13,0.03529
8400,0.1008,0.98959,0.01041,4.33E-13,0.03531
8401,0.1008,0.9896,0.0104,4.34E-13,0.03528
8402,0.1008,0.98963,0.01037,4.35E-13,0.03518
8403,0.1008,0.98968,0.01032,4.35E-13,0.03501
8404,0.10079,0.98973,0.01027,4.36E-13,0.03483
8405,0.10079,0.9898,0.0102,4.37E-13,0.03462
8406,0.10079,0.98986,0.01014,4.37E-13,0.0344
8407,0.10079,0.98992,0.01008,4.38E-13,0.03419
8408,0.10079,0.98999,0.01001,4.38E-13,0.03397
8409,0.10079,0.99005,0.00995,4.39E-13,0.03376
8410,0.10079,0.99011,0.00989,4.40E-13,0.03356
8411,0.10079,0.99017,0.00983,4.40E-13,0.03335
8412,0.10078,0.99023,0.00977,4.41E-13,0.03316
8413,0.10078,0.99029,0.00971,4.41E-13,0.03296
8414,0.10078,0.99034,0.00966,4.42E-13,0.03276
8415,0.10078,0.9904,0.0096,4.42E-13,0.03256
8416,0.10078,0.99046,0.00954,4.42E-13,0.03237
8417,0.10078,0.99052,0.00948,4.43E-13,0.03217
8418,0.10078,0.99057,0.00943,4.43E-13,0.03198
8419,0.10078,0.99063,0.00937,4.44E-13,0.03179
8420,0.10077,0.99069,0.00931,4.44E-13,0.0316
8421,0.10077,0.99074,0.00926,4.44E-13,0.03141
8422,0.10077,0.9908,0.0092,4.45E-13,0.03122
8423,0.10077,0.99085,0.00915,4.45E-13,0.03103
8424,0.10077,0.99091,0.00909,4.45E-13,0.03084
8425,0.10077,0.99096,0.00904,4.46E-13,0.03066
8426,0.10077,0.99102,0.00898,4.46E-13,0.03047
8427,0.10077,0.99107,0.00893,4.46E-13,0.03029
8428,0.10077,0.99113,0.00887,4.46E-13,0.03011
8429,0.10076,0.99118,0.00882,4.47E-13,0.02993
8430,0.10076,0.99123,0.00877,4.47E-13,0.02975
8431,0.10076,0.99129,0.00871,4.47E-13,0.02957
8432,0.10076,0.99134,0.00866,4.47E-13,0.02939
8433,0.10076,0.99139,0.00861,4.47E-13,0.02921
8434,0.10076,0.99144,0.00856,4.47E-13,0.02903
8435,0.10076,0.99149,0.00851,4.48E-13,0.02886
8436,0.10076,0.99155,0.00845,4.48E-13,0.02868
8437,0.10076,0.9916,0.0084,4.48E-13,0.02851
8438,0.10075,0.99165,0.00835,4.48E-13,0.02833
8439,0.10075,0.9917,0.0083,4.48E-13,0.02816
8440,0.10075,0.99175,0.00825,4.48E-13,0.02799
8441,0.10075,0.9918,0.0082,4.48E-13,0.02782
8442,0.10075,0.99185,0.00815,4.48E-13,0.02765
8443,0.10075,0.9919,0.0081,4.48E-13,0.02748
8444,0.10075,0.99195,0.00805,4.49E-13,0.02731
8445,0.10075,0.992,0.008,4.49E-13,0.02715
8446,0.10074,0.99205,0.00795,4.49E-13,0.02698
8447,0.10074,0.9921,0.0079,4.49E-13,0.02682
8448,0.10074,0.99214,0.00786,4.49E-13,0.02665
8449,0.10074,0.99219,0.00781,4.49E-13,0.02649
8450,0.10074,0.99224,0.00776,4.48E-13,0.02633
8451,0.10074,0.99229,0.00771,4.48E-13,0.02617
8452,0.10074,0.99233,0.00767,4.48E-13,0.02601
8453,0.10074,0.99238,0.00762,4.48E-13,0.02585
8454,0.10074,0.99243,0.00757,4.48E-13,0.02569
8455,0.10073,0.99247,0.00753,4.48E-13,0.02554
8456,0.10073,0.99252,0.00748,4.48E-13,0.02538
8457,0.10073,0.99257,0.00743,4.48E-13,0.02523
8458,0.10073,0.99261,0.00739,4.48E-13,0.02507
8459,0.10073,0.99266,0.00734,4.47E-13,0.02492
8460,0.10073,0.9927,0.0073,4.47E-13,0.02477
8461,0.10073,0.99274,0.00726,4.47E-13,0.02462
8462,0.10073,0.99279,0.00721,4.47E-13,0.02447
8463,0.10073,0.99283,0.00717,4.47E-13,0.02432
8464,0.10072,0.99288,0.00712,4.46E-13,0.02417
8465,0.10072,0.99292,0.00708,4.46E-13,0.02403
8466,0.10072,0.99296,0.00704,4.46E-13,0.02388
8467,0.10072,0.993,0.007,4.46E-13,0.02373
8468,0.10072,0.99305,0.00695,4.45E-13,0.02359
8469,0.10072,0.99309,0.00691,4.45E-13,0.02345
8470,0.10072,0.99313,0.00687,4.45E-13,0.02331
8471,0.10072,0.99317,0.00683,4.44E-13,0.02317
8472,0.10072,0.99321,0.00679,4.44E-13,0.02303
8473,0.10072,0.99325,0.00675,4.44E-13,0.02289
8474,0.10071,0.99329,0.00671,4.43E-13,0.02275
8475,0.10071,0.99333,0.00667,4.43E-13,0.02261
8476,0.10071,0.99337,0.00663,4.42E-13,0.02248
8477,0.10071,0.99342,0.00658,4.42E-13,0.02234
8478,0.10071,0.99346,0.00654,4.42E-13,0.02221
8479,0.10071,0.9935,0.0065,4.41E-13,0.02207
8480,0.10071,0.99353,0.00647,4.41E-13,0.02194
8481,0.10071,0.99357,0.00643,4.41E-13,0.0218
8482,0.10071,0.99361,0.00639,4.40E-13,0.02167
8483,0.1007,0.99365,0.00635,4.40E-13,0.02154
8484,0.1007,0.99369,0.00631,4.39E-13,0.02141
8485,0.1007,0.99373,0.00627,4.39E-13,0.02128
8486,0.1007,0.99377,0.00623,4.38E-13,0.02115
8487,0.1007,0.9938,0.0062,4.38E-13,0.02102
8488,0.1007,0.99384,0.00616,4.37E-13,0.02089
8489,0.1007,0.99388,0.00612,4.37E-13,0.02077
8490,0.1007,0.99392,0.00608,4.37E-13,0.02064
8491,0.1007,0.99395,0.00605,4.36E-13,0.02052
8492,0.10069,0.99399,0.00601,4.35E-13,0.02039
8493,0.10069,0.99403,0.00597,4.35E-13,0.02027
8494,0.10069,0.99406,0.00594,4.34E-13,0.02015
8495,0.10069,0.9941,0.0059,4.34E-13,0.02002
8496,0.10069,0.99413,0.00587,4.33E-13,0.0199
8497,0.10069,0.99417,0.00583,4.33E-13,0.01978
8498,0.10069,0.9942,0.0058,4.32E-13,0.01966
8499,0.10069,0.99424,0.00576,4.32E-13,0.01955
8500,0.10069,0.99427,0.00573,4.31E-13,0.01943
8501,0.10069,0.99431,0.00569,4.30E-13,0.01931
8502,0.10068,0.99434,0.00566,4.30E-13,0.0192
8503,0.10068,0.99438,0.00562,4.29E-13,0.01908
8504,0.10068,0.99441,0.00559,4.29E-13,0.01897
8505,0.10068,0.99444,0.00556,4.28E-13,0.01885
8506,0.10068,0.99448,0.00552,4.27E-13,0.01874
8507,0.10068,0.99451,0.00549,4.27E-13,0.01862
8508,0.10068,0.99454,0.00546,4.26E-13,0.01851
8509,0.10068,0.99458,0.00542,4.26E-13,0.0184
8510,0.10068,0.99461,0.00539,4.25E-13,0.01829
8511,0.10067,0.99464,0.00536,4.24E-13,0.01817
8512,0.10067,0.99468,0.00532,4.24E-13,0.01806
8513,0.10067,0.99471,0.00529,4.23E-13,0.01795
8514,0.10067,0.99474,0.00526,4.22E-13,0.01785
8515,0.10067,0.99477,0.00523,4.22E-13,0.01774
8516,0.10067,0.9948,0.0052,4.21E-13,0.01763
8517,0.10067,0.99484,0.00516,4.20E-13,0.01752
8518,0.10067,0.99487,0.00513,4.20E-13,0.01742
8519,0.10067,0.9949,0.0051,4.19E-13,0.01731
8520,0.10067,0.99493,0.00507,4.18E-13,0.01721
8521,0.10066,0.99496,0.00504,4.18E-13,0.0171
8522,0.10066,0.99499,0.00501,4.17E-13,0.017
8523,0.10066,0.99502,0.00498,4.16E-13,0.0169
8524,0.10066,0.99505,0.00495,4.15E-13,0.0168
8525,0.10066,0.99508,0.00492,4.15E-13,0.0167
8526,0.10066,0.99511,0.00489,4.14E-13,0.0166
8527,0.10066,0.99514,0.00486,4.13E-13,0.0165
8528,0.10066,0.99517,0.00483,4.12E-13,0.0164
8529,0.10066,0.9952,0.0048,4.12E-13,0.0163
8530,0.10066,0.99523,0.00477,4.11E-13,0.0162
8531,0.10065,0.99525,0.00475,4.10E-13,0.0161
8532,0.10065,0.99528,0.00472,4.09E-13,0.016
8533,0.10065,0.99531,0.00469,4.09E-13,0.01591
8534,0.10065,0.99534,0.00466,4.08E-13,0.01581
8535,0.10065,0.99537,0.00463,4.07E-13,0.01572
8536,0.10065,0.9954,0.0046,4.06E-13,0.01562
8537,0.10065,0.99542,0.00458,4.06E-13,0.01552
8538,0.10065,0.99545,0.00455,4.05E-13,0.01543
8539,0.10065,0.99548,0.00452,4.04E-13,0.01534
8540,0.10065,0.99551,0.00449,4.03E-13,0.01524
8541,0.10064,0.99553,0.00447,4.03E-13,0.01515
8542,0.10064,0.99556,0.00444,4.02E-13,0.01506
8543,0.10064,0.99559,0.00441,4.01E-13,0.01497
8544,0.10064,0.99562,0.00439,4.00E-13,0.01488
8545,0.10064,0.99564,0.00436,3.99E-13,0.01479
8546,0.10064,0.99567,0.00433,3.99E-13,0.0147
8547,0.10064,0.99569,0.00431,3.98E-13,0.01461
8548,0.10064,0.99572,0.00428,3.97E-13,0.01452
8549,0.10064,0.99575,0.00425,3.96E-13,0.01443
8550,0.10064,0.99577,0.00423,3.95E-13,0.01435
8551,0.10064,0.9958,0.0042,3.95E-13,0.01426
8552,0.10063,0.99582,0.00418,3.94E-13,0.01418
8553,0.10063,0.99585,0.00415,3.93E-13,0.01409
8554,0.10063,0.99587,0.00413,3.92E-13,0.01401
8555,0.10063,0.9959,0.0041,3.91E-13,0.01392
8556,0.10063,0.99592,0.00408,3.90E-13,0.01384
8557,0.10063,0.99595,0.00405,3.90E-13,0.01376
8558,0.10063,0.99597,0.00403,3.89E-13,0.01367
8559,0.10063,0.996,0.004,3.88E-13,0.01359
8560,0.10063,0.99602,0.00398,3.87E-13,0.01351
8561,0.10063,0.99604,0.00396,3.86E-13,0.01342
8562,0.10062,0.99607,0.00393,3.85E-13,0.01334
8563,0.10062,0.99609,0.00391,3.84E-13,0.01326
8564,0.10062,0.99612,0.00388,3.84E-13,0.01318
8565,0.10062,0.99614,0.00386,3.83E-13,0.0131
8566,0.10062,0.99616,0.00384,3.82E-13,0.01302
8567,0.10062,0.99619,0.00381,3.81E-13,0.01294
8568,0.10062,0.99621,0.00379,3.80E-13,0.01286
8569,0.10062,0.99623,0.00377,3.79E-13,0.01279
8570,0.10062,0.99625,0.00375,3.78E-13,0.01271
8571,0.10062,0.99628,0.00372,3.78E-13,0.01263
8572,0.10062,0.9963,0.0037,3.77E-13,0.01256
8573,0.10061,0.99632,0.00368,3.76E-13,0.01248
8574,0.10061,0.99634,0.00366,3.75E-13,0.01241
8575,0.10061,0.99637,0.00363,3.74E-13,0.01233
8576,0.10061,0.99639,0.00361,3.73E-13,0.01226
8577,0.10061,0.99641,0.00359,3.72E-13,0.01218
8578,0.10061,0.99643,0.00357,3.71E-13,0.01211
8579,0.10061,0.99645,0.00355,3.71E-13,0.01204
8580,0.10061,0.99647,0.00353,3.70E-13,0.01196
8581,0.10061,0.9965,0.0035,3.69E-13,0.01189
8582,0.10061,0.99652,0.00348,3.68E-13,0.01182
8583,0.10061,0.99654,0.00346,3.67E-13,0.01175
8584,0.1006,0.99656,0.00344,3.66E-13,0.01168
8585,0.1006,0.99658,0.00342,3.65E-13,0.01161
8586,0.1006,0.9966,0.0034,3.64E-13,0.01154
8587,0.1006,0.99662,0.00338,3.63E-13,0.01147
8588,0.1006,0.99664,0.00336,3.62E-13,0.0114
8589,0.1006,0.99666,0.00334,3.62E-13,0.01133
8590,0.1006,0.99668,0.00332,3.61E-13,0.01126
8591,0.1006,0.9967,0.0033,3.60E-13,0.0112
8592,0.1006,0.99672,0.00328,3.59E-13,0.01113
8593,0.1006,0.99674,0.00326,3.58E-13,0.01106
8594,0.1006,0.99676,0.00324,3.57E-13,0.01099
8595,0.10059,0.99678,0.00322,3.56E-13,0.01093
8596,0.10059,0.9968,0.0032,3.55E-13,0.01086
8597,0.10059,0.99682,0.00318,3.54E-13,0.0108
8598,0.10059,0.99684,0.00316,3.53E-13,0.01073
8599,0.10059,0.99686,0.00314,3.53E-13,0.01067
8600,0.10059,0.99688,0.00312,3.52E-13,0.0106
8601,0.10059,0.99689,0.00311,3.51E-13,0.01054
8602,0.10059,0.99691,0.00309,3.50E-13,0.01048
8603,0.10059,0.99693,0.00307,3.49E-13,0.01041
8604,0.10059,0.99695,0.00305,3.48E-13,0.01035
8605,0.10059,0.99697,0.00303,3.47E-13,0.01029
8606,0.10058,0.99699,0.00301,3.46E-13,0.01022
8607,0.10058,0.997,0.003,3.45E-13,0.01016
8608,0.10058,0.99702,0.00298,3.44E-13,0.0101
8609,0.10058,0.99704,0.00296,3.43E-13,0.01004
8610,0.10058,0.99706,0.00294,3.42E-13,0.00998
8611,0.10058,0.99708,0.00292,3.42E-13,0.00992
8612,0.10058,0.99709,0.00291,3.41E-13,0.00986
8613,0.10058,0.99711,0.00289,3.40E-13,0.0098
8614,0.10058,0.99713,0.00287,3.39E-13,0.00974
8615,0.10058,0.99715,0.00285,3.38E-13,0.00968
8616,0.10058,0.99716,0.00284,3.37E-13,0.00963
8617,0.10057,0.99718,0.00282,3.36E-13,0.00957
8618,0.10057,0.9972,0.0028,3.35E-13,0.00951
8619,0.10057,0.99721,0.00279,3.34E-13,0.00945
8620,0.10057,0.99723,0.00277,3.33E-13,0.0094
8621,0.10057,0.99725,0.00275,3.32E-13,0.00934
8622,0.10057,0.99726,0.00274,3.31E-13,0.00928
8623,0.10057,0.99728,0.00272,3.31E-13,0.00923
8624,0.10057,0.9973,0.0027,3.30E-13,0.00917
8625,0.10057,0.99731,0.00269,3.29E-13,0.00912
8626,0.10057,0.99733,0.00267,3.28E-13,0.00906
8627,0.10057,0.99735,0.00265,3.27E-13,0.00901
8628,0.10057,0.99736,0.00264,3.26E-13,0.00895
8629,0.10056,0.99738,0.00262,3.25E-13,0.0089
8630,0.10056,0.99739,0.00261,3.24E-13,0.00885
8631,0.10056,0.99741,0.00259,3.23E-13,0.00879
8632,0.10056,0.99742,0.00258,3.22E-13,0.00874
8633,0.10056,0.99744,0.00256,3.21E-13,0.00869
8634,0.10056,0.99745,0.00255,3.20E-13,0.00864
8635,0.10056,0.99747,0.00253,3.20E-13,0.00858
8636,0.10056,0.99749,0.00251,3.19E-13,0.00853
8637,0.10056,0.9975,0.0025,3.18E-13,0.00848
8638,0.10056,0.99752,0.00248,3.17E-13,0.00843
8639,0.10056,0.99753,0.00247,3.16E-13,0.00838
8640,0.10055,0.99755,0.00245,3.15E-13,0.00833
8641,0.10055,0.99756,0.00244,3.14E-13,0.00828
8642,0.10055,0.99757,0.00243,3.13E-13,0.00823
8643,0.10055,0.99759,0.00241,3.12E-13,0.00818
8644,0.10055,0.9976,0.0024,3.11E-13,0.00813
8645,0.10055,0.99762,0.00238,3.10E-13,0.00808
8646,0.10055,0.99763,0.00237,3.10E-13,0.00803
8647,0.10055,0.99765,0.00235,3.09E-13,0.00798
8648,0.10055,0.99766,0.00234,3.08E-13,0.00794
8649,0.10055,0.99768,0.00232,3.07E-13,0.00789
8650,0.10055,0.99769,0.00231,3.06E-13,0.00784
8651,0.10055,0.9977,0.0023,3.05E-13,0.00779
8652,0.10054,0.99772,0.00228,3.04E-13,0.00775
8653,0.10054,0.99773,0.00227,3.03E-13,0.0077
8654,0.10054,0.99774,0.00226,3.02E-13,0.00765
8655,0.10054,0.99776,0.00224,3.01E-13,0.00761
8656,0.10054,0.99777,0.00223,3.00E-13,0.00756
8657,0.10054,0.99778,0.00222,3.00E-13,0.00752
8658,0.10054,0.9978,0.0022,2.99E-13,0.00747
8659,0.10054,0.99781,0.00219,2.98E-13,0.00743
8660,0.10054,0.99782,0.00218,2.97E-13,0.00738
8661,0.10054,0.99784,0.00216,2.96E-13,0.00734
8662,0.10054,0.99785,0.00215,2.95E-13,0.00729
8663,0.10054,0.99786,0.00214,2.94E-13,0.00725
8664,0.10054,0.99788,0.00212,2.93E-13,0.00721
8665,0.10053,0.99789,0.00211,2.92E-13,0.00716
8666,0.10053,0.9979,0.0021,2.91E-13,0.00712
8667,0.10053,0.99791,0.00209,2.91E-13,0.00708
8668,0.10053,0.99793,0.00207,2.90E-13,0.00704
8669,0.10053,0.99794,0.00206,2.89E-13,0.00699
8670,0.10053,0.99795,0.00205,2.88E-13,0.00695
8671,0.10053,0.99796,0.00204,2.87E-13,0.00691
8672,0.10053,0.99798,0.00202,2.86E-13,0.00687
8673,0.10053,0.99799,0.00201,2.85E-13,0.00683
8674,0.10053,0.998,0.002,2.84E-13,0.00679
8675,0.10053,0.99801,0.00199,2.83E-13,0.00675
8676,0.10053,0.99802,0.00198,2.83E-13,0.0067
8677,0.10052,0.99804,0.00196,2.82E-13,0.00666
8678,0.10052,0.99805,0.00195,2.81E-13,0.00662
8679,0.10052,0.99806,0.00194,2.80E-13,0.00658
8680,0.10052,0.99807,0.00193,2.79E-13,0.00654
8681,0.10052,0.99808,0.00192,2.78E-13,0.00651
8682,0.10052,0.99809,0.00191,2.77E-13,0.00647
8683,0.10052,0.99811,0.00189,2.76E-13,0.00643
8684,0.10052,0.99812,0.00188,2.76E-13,0.00639
8685,0.10052,0.99813,0.00187,2.75E-13,0.00635
8686,0.10052,0.99814,0.00186,2.74E-13,0.00631
8687,0.10052,0.99815,0.00185,2.73E-13,0.00627
8688,0.10052,0.99816,0.00184,2.72E-13,0.00624
8689,0.10052,0.99817,0.00183,2.71E-13,0.0062
8690,0.10051,0.99818,0.00182,2.70E-13,0.00616
8691,0.10051,0.99819,0.00181,2.70E-13,0.00612
8692,0.10051,0.99821,0.00179,2.69E-13,0.00609
8693,0.10051,0.99822,0.00178,2.68E-13,0.00605
8694,0.10051,0.99823,0.00177,2.67E-13,0.00601
8695,0.10051,0.99824,0.00176,2.66E-13,0.00598
8696,0.10051,0.99825,0.00175,2.65E-13,0.00594
8697,0.10051,0.99826,0.00174,2.64E-13,0.00591
8698,0.10051,0.99827,0.00173,2.64E-13,0.00587
8699,0.10051,0.99828,0.00172,2.63E-13,0.00584
8700,0.10051,0.99829,0.00171,2.62E-13,0.0058
8701,0.10051,0.9983,0.0017,2.61E-13,0.00577
8702,0.10051,0.99831,0.00169,2.60E-13,0.00573
8703,0.1005,0.99832,0.00168,2.59E-13,0.0057
8704,0.1005,0.99833,0.00167,2.58E-13,0.00566
8705,0.1005,0.99834,0.00166,2.58E-13,0.00563
8706,0.1005,0.99835,0.00165,2.57E-13,0.0056
8707,0.1005,0.99836,0.00164,2.56E-13,0.00556
8708,0.1005,0.99837,0.00163,2.55E-13,0.00553
8709,0.1005,0.99838,0.00162,2.54E-13,0.0055
8710,0.1005,0.99839,0.00161,2.53E-13,0.00546
8711,0.1005,0.9984,0.0016,2.53E-13,0.00543
8712,0.1005,0.99841,0.00159,2.52E-13,0.0054
8713,0.1005,0.99842,0.00158,2.51E-13,0.00536
8714,0.1005,0.99843,0.00157,2.50E-13,0.00533
8715,0.1005,0.99844,0.00156,2.49E-13,0.0053
8716,0.10049,0.99845,0.00155,2.48E-13,0.00527
8717,0.10049,0.99846,0.00154,2.48E-13,0.00524
8718,0.10049,0.99847,0.00153,2.47E-13,0.0052
8719,0.10049,0.99848,0.00152,2.46E-13,0.00517
8720,0.10049,0.99848,0.00152,2.45E-13,0.00514
8721,0.10049,0.99849,0.00151,2.44E-13,0.00511
8722,0.10049,0.9985,0.0015,2.44E-13,0.00508
8723,0.10049,0.99851,0.00149,2.43E-13,0.00505
8724,0.10049,0.99852,0.00148,2.42E-13,0.00502
8725,0.10049,0.99853,0.00147,2.41E-13,0.00499
8726,0.10049,0.99854,0.00146,2.40E-13,0.00496
8727,0.10049,0.99855,0.00145,2.39E-13,0.00493
8728,0.10049,0.99856,0.00144,2.39E-13,0.0049
8729,0.10048,0.99856,0.00144,2.38E-13,0.00487
8730,0.10048,0.99857,0.00143,2.37E-13,0.00484
8731,0.10048,0.99858,0.00142,2.36E-13,0.00481
8732,0.10048,0.99859,0.00141,2.35E-13,0.00478
8733,0.10048,0.9986,0.0014,2.35E-13,0.00475
8734,0.10048,0.99861,0.00139,2.34E-13,0.00473
8735,0.10048,0.99862,0.00138,2.33E-13,0.0047
8736,0.10048,0.99862,0.00138,2.32E-13,0.00467
8737,0.10048,0.99863,0.00137,2.31E-13,0.00464
8738,0.10048,0.99864,0.00136,2.31E-13,0.00461
8739,0.10048,0.99865,0.00135,2.30E-13,0.00459
8740,0.10048,0.99866,0.00134,2.29E-13,0.00456
8741,0.10048,0.99866,0.00134,2.28E-13,0.00453
8742,0.10048,0.99867,0.00133,2.28E-13,0.0045
8743,0.10047,0.99868,0.00132,2.27E-13,0.00448
8744,0.10047,0.99869,0.00131,2.26E-13,0.00445
8745,0.10047,0.9987,0.0013,2.25E-13,0.00442
8746,0.10047,0.9987,0.0013,2.24E-13,0.0044
8747,0.10047,0.99871,0.00129,2.24E-13,0.00437
8748,0.10047,0.99872,0.00128,2.23E-13,0.00434
8749,0.10047,0.99873,0.00127,2.22E-13,0.00432
8750,0.10047,0.99874,0.00126,2.21E-13,0.00429
8751,0.10047,0.99874,0.00126,2.21E-13,0.00427
8752,0.10047,0.99875,0.00125,2.20E-13,0.00424
8753,0.10047,0.99876,0.00124,2.19E-13,0.00421
8754,0.10047,0.99877,0.00123,2.18E-13,0.00419
8755,0.10047,0.99877,0.00123,2.18E-13,0.00416
8756,0.10047,0.99878,0.00122,2.17E-13,0.00414
8757,0.10046,0.99879,0.00121,2.16E-13,0.00411
8758,0.10046,0.99879,0.00121,2.15E-13,0.00409
8759,0.10046,0.9988,0.0012,2.15E-13,0.00406
8760,0.10046,0.99881,0.00119,2.14E-13,0.00404
8761,0.10046,0.99882,0.00118,2.13E-13,0.00402
8762,0.10046,0.99882,0.00118,2.12E-13,0.00399
8763,0.10046,0.99883,0.00117,2.12E-13,0.00397
8764,0.10046,0.99884,0.00116,2.11E-13,0.00394
8765,0.10046,0.99884,0.00116,2.10E-13,0.00392
8766,0.10046,0.99885,0.00115,2.09E-13,0.0039
8767,0.10046,0.99886,0.00114,2.09E-13,0.00387
8768,0.10046,0.99887,0.00113,2.08E-13,0.00385
8769,0.10046,0.99887,0.00113,2.07E-13,0.00383
8770,0.10046,0.99888,0.00112,2.06E-13,0.0038
8771,0.10045,0.99889,0.00111,2.06E-13,0.00378
8772,0.10045,0.99889,0.00111,2.05E-13,0.00376
8773,0.10045,0.9989,0.0011,2.04E-13,0.00374
8774,0.10045,0.99891,0.00109,2.03E-13,0.00371
8775,0.10045,0.99891,0.00109,2.03E-13,0.00369
8776,0.10045,0.99892,0.00108,2.02E-13,0.00367
8777,0.10045,0.99893,0.00107,2.01E-13,0.00365
8778,0.10045,0.99893,0.00107,2.01E-13,0.00363
8779,0.10045,0.99894,0.00106,2.00E-13,0.0036
8780,0.10045,0.99894,0.00106,1.99E-13,0.00358
8781,0.10045,0.99895,0.00105,1.98E-13,0.00356
8782,0.10045,0.99896,0.00104,1.98E-13,0.00354
8783,0.10045,0.99896,0.00104,1.97E-13,0.00352
8784,0.10045,0.99897,0.00103,1.96E-13,0.0035
8785,0.10045,0.99898,0.00102,1.96E-13,0.00348
8786,0.10044,0.99898,0.00102,1.95E-13,0.00345
8787,0.10044,0.99899,0.00101,1.94E-13,0.00343
8788,0.10044,0.99899,0.00101,1.94E-13,0.00341
8789,0.10044,0.999,1.00E-03,1.93E-13,0.00339
8790,0.10044,0.99901,9.94E-04,1.92E-13,0.00337
8791,0.10044,0.99901,9.88E-04,1.91E-13,0.00335
8792,0.10044,0.99902,9.82E-04,1.91E-13,0.00333
8793,0.10044,0.99902,9.76E-04,1.90E-13,0.00331
8794,0.10044,0.99903,9.70E-04,1.89E-13,0.00329
8795,0.10044,0.99904,9.64E-04,1.89E-13,0.00327
8796,0.10044,0.99904,9.58E-04,1.88E-13,0.00325
8797,0.10044,0.99905,9.53E-04,1.87E-13,0.00323
8798,0.10044,0.99905,9.47E-04,1.87E-13,0.00321
8799,0.10044,0.99906,9.41E-04,1.86E-13,0.00319
8800,0.10044,0.99906,9.37E-04,1.85E-13,0.00318
