0,106000000,1.03E-06,66.48575,4.10E-07,9.42E-07
0,106025000,1.22E-06,69.36574,4.31E-07,1.15E-06
0,106050000,1.23E-06,87.93515,4.44E-08,1.23E-06
0,106075000,1.40E-06,78.23082,2.86E-07,1.37E-06
0,106100000,7.90E-07,99.64053,-1.32E-07,7.79E-07
0,106125000,1.13E-06,77.7096,2.40E-07,1.10E-06
0,106150000,9.83E-07,14.40726,9.52E-07,2.45E-07
0,106175000,1.04E-06,75.47394,2.62E-07,1.01E-06
0,106200000,5.37E-07,72.843,1.58E-07,5.13E-07
0,106225000,4.27E-07,32.80696,3.59E-07,2.31E-07
0,106250000,6.88E-07,68.55958,2.51E-07,6.40E-07
0,106275000,5.49E-07,50.96195,3.46E-07,4.26E-07
0,106300000,1.07E-06,34.11975,8.89E-07,6.02E-07
0,106325000,8.05E-07,44.14202,5.78E-07,5.61E-07
0,106350000,7.36E-07,54.09262,4.32E-07,5.97E-07
0,106375000,8.19E-07,47.41446,5.54E-07,6.03E-07
0,106400000,6.84E-07,9.422297,6.74E-07,1.12E-07
0,106425000,3.23E-07,-89.90615,5.29E-10,-3.23E-07
0,106450000,5.75E-07,97.1063,-7.11E-08,5.71E-07
0,106475000,5.74E-07,176.6106,-5.73E-07,3.39E-08
0,106500000,5.47E-07,-111.485,-2.00E-07,-5.09E-07
0,106525000,1.00E-06,-91.60483,-2.80E-08,-1.00E-06
0,106550000,2.95E-07,42.76672,2.17E-07,2.00E-07
0,106575000,6.25E-07,-98.96975,-9.74E-08,-6.17E-07
0,106600000,1.50E-06,-77.70304,3.18E-07,-1.46E-06
0,106625000,2.07E-06,-87.94761,7.43E-08,-2.07E-06
0,106650000,1.71E-06,-74.49631,4.58E-07,-1.65E-06
0,106675000,1.33E-06,-88.07312,4.46E-08,-1.32E-06
0,106700000,1.18E-06,-72.64345,3.52E-07,-1.13E-06
0,106725000,1.82E-06,-68.5372,6.64E-07,-1.69E-06
0,106750000,1.87E-06,-110.5175,-6.54E-07,-1.75E-06
0,106775000,2.30E-06,-90.31285,-1.26E-08,-2.30E-06
0,106800000,2.86E-06,-95.73966,-2.86E-07,-2.85E-06
0,106825000,2.78E-06,-99.46098,-4.57E-07,-2.74E-06
0,106850000,3.04E-06,-106.3692,-8.56E-07,-2.92E-06
0,106875000,3.05E-06,-106.6867,-8.74E-07,-2.92E-06
0,106900000,2.91E-06,-101.3209,-5.71E-07,-2.85E-06
0,106925000,4.02E-06,-87.21621,1.95E-07,-4.01E-06
0,106950000,4.04E-06,-89.17723,5.80E-08,-4.04E-06
0,106975000,4.27E-06,-87.03156,2.21E-07,-4.26E-06
0,107000000,4.26E-06,-89.30713,5.15E-08,-4.26E-06
0,107025000,4.59E-06,-81.16712,7.06E-07,-4.54E-06
0,107050000,5.50E-06,-91.35856,-1.30E-07,-5.49E-06
0,107075000,5.40E-06,-87.21898,2.62E-07,-5.39E-06
0,107100000,6.04E-06,-94.44225,-4.67E-07,-6.02E-06
0,107125000,7.15E-06,-102.1971,-1.51E-06,-6.99E-06
0,107150000,6.66E-06,-96.40157,-7.43E-07,-6.62E-06
0,107175000,7.17E-06,-88.20216,2.25E-07,-7.17E-06
0,107200000,8.57E-06,-88.76745,1.84E-07,-8.57E-06
0,107225000,8.35E-06,-94.19091,-6.10E-07,-8.32E-06
0,107250000,1.01E-05,-91.90535,-3.34E-07,-1.00E-05
0,107275000,9.42E-06,-92.27815,-3.74E-07,-9.41E-06
0,107300000,1.01E-05,-87.34235,4.70E-07,-1.01E-05
0,107325000,1.08E-05,-92.47387,-4.65E-07,-1.08E-05
0,107350000,1.15E-05,-93.71125,-7.42E-07,-1.14E-05
0,107375000,1.23E-05,-92.232,-4.81E-07,-1.23E-05
0,107400000,1.28E-05,-90.24636,-5.51E-08,-1.28E-05
0,107425000,1.29E-05,-91.47504,-3.33E-07,-1.29E-05
0,107450000,1.38E-05,-93.78219,-9.10E-07,-1.38E-05
0,107475000,1.49E-05,-92.85204,-7.40E-07,-1.49E-05
0,107500000,1.55E-05,-92.0787,-5.61E-07,-1.55E-05
0,107525000,1.66E-05,-94.32573,-1.25E-06,-1.65E-05
0,107550000,1.82E-05,-92.67377,-8.51E-07,-1.82E-05
0,107575000,1.89E-05,-93.39226,-1.12E-06,-1.89E-05
0,107600000,2.02E-05,-94.00777,-1.41E-06,-2.01E-05
0,107625000,2.07E-05,-92.84772,-1.03E-06,-2.06E-05
0,107650000,2.16E-05,-92.42771,-9.14E-07,-2.16E-05
0,107675000,2.20E-05,-93.83042,-1.47E-06,-2.20E-05
0,107700000,2.41E-05,-91.24123,-5.22E-07,-2.41E-05
0,107725000,2.49E-05,-94.6103,-2.00E-06,-2.48E-05
0,107750000,2.56E-05,-90.97537,-4.36E-07,-2.56E-05
0,107775000,2.66E-05,-92.03316,-9.43E-07,-2.66E-05
0,107800000,2.95E-05,-93.697,-1.90E-06,-2.95E-05
0,107825000,3.01E-05,-92.71643,-1.43E-06,-3.01E-05
0,107850000,3.06E-05,-92.6247,-1.40E-06,-3.06E-05
0,107875000,3.18E-05,-92.64249,-1.46E-06,-3.17E-05
0,107900000,3.49E-05,-93.19256,-1.94E-06,-3.49E-05
0,107925000,3.63E-05,-93.60547,-2.28E-06,-3.62E-05
0,107950000,3.72E-05,-93.18886,-2.07E-06,-3.71E-05
0,107975000,3.77E-05,-92.7122,-1.78E-06,-3.76E-05
0,108000000,3.91E-05,-92.97187,-2.03E-06,-3.90E-05
0,108025000,4.05E-05,-93.8396,-2.71E-06,-4.04E-05
0,108050000,4.10E-05,-93.1703,-2.27E-06,-4.10E-05
0,108075000,4.27E-05,-91.67588,-1.25E-06,-4.27E-05
0,108100000,4.78E-05,-91.88001,-1.57E-06,-4.77E-05
0,108125000,4.74E-05,-93.61715,-2.99E-06,-4.73E-05
0,108150000,4.42E-05,-92.93696,-2.27E-06,-4.42E-05
0,108175000,4.18E-05,-93.17929,-2.32E-06,-4.17E-05
0,108200000,4.26E-05,-92.68334,-2.00E-06,-4.26E-05
0,108225000,4.08E-05,-92.84642,-2.02E-06,-4.07E-05
0,108250000,3.59E-05,-91.61836,-1.01E-06,-3.58E-05
0,108275000,3.10E-05,-92.96707,-1.61E-06,-3.10E-05
0,108300000,2.66E-05,-92.22159,-1.03E-06,-2.66E-05
0,108325000,2.12E-05,-93.24517,-1.20E-06,-2.12E-05
0,108350000,1.47E-05,-90.80264,-2.06E-07,-1.47E-05
0,108375000,9.33E-06,-86.87089,5.09E-07,-9.31E-06
0,108400000,1.97E-06,-99.68523,-3.31E-07,-1.94E-06
0,108425000,4.10E-06,91.38469,-9.90E-08,4.09E-06
0,108450000,9.86E-06,87.41757,4.44E-07,9.85E-06
0,108475000,1.57E-05,93.84079,-1.05E-06,1.56E-05
0,108500000,2.15E-05,88.40029,6.00E-07,2.15E-05
0,108525000,2.65E-05,88.84301,5.34E-07,2.64E-05
0,108550000,3.16E-05,88.25932,9.59E-07,3.16E-05
0,108575000,3.51E-05,88.30057,1.04E-06,3.51E-05
0,108600000,3.72E-05,87.49251,1.63E-06,3.71E-05
0,108625000,4.03E-05,86.52859,2.44E-06,4.02E-05
0,108650000,4.42E-05,87.44924,1.97E-06,4.42E-05
0,108675000,4.50E-05,88.44516,1.22E-06,4.50E-05
0,108700000,4.48E-05,89.04671,7.46E-07,4.48E-05
0,108725000,4.42E-05,88.216,1.38E-06,4.42E-05
0,108750000,4.38E-05,86.77821,2.46E-06,4.38E-05
0,108775000,4.48E-05,89.40636,4.64E-07,4.48E-05
0,108800000,4.16E-05,86.84603,2.29E-06,4.15E-05
0,108825000,3.98E-05,86.97685,2.10E-06,3.98E-05
0,108850000,3.93E-05,87.89724,1.44E-06,3.92E-05
0,108875000,3.72E-05,90.06266,-4.07E-08,3.72E-05
0,108900000,3.48E-05,86.80165,1.94E-06,3.48E-05
0,108925000,3.38E-05,88.06008,1.14E-06,3.38E-05
0,108950000,3.12E-05,88.82753,6.39E-07,3.12E-05
0,108975000,2.88E-05,88.05853,9.76E-07,2.88E-05
0,109000000,2.80E-05,88.20644,8.76E-07,2.80E-05
0,109025000,2.81E-05,88.78539,5.95E-07,2.81E-05
0,109050000,2.55E-05,88.24795,7.80E-07,2.55E-05
0,109075000,2.46E-05,92.28543,-9.82E-07,2.46E-05
0,109100000,2.23E-05,88.16683,7.14E-07,2.23E-05
0,109125000,1.98E-05,88.48832,5.22E-07,1.98E-05
0,109150000,1.78E-05,88.09103,5.93E-07,1.78E-05
0,109175000,1.77E-05,90.51571,-1.59E-07,1.77E-05
0,109200000,1.61E-05,88.0328,5.52E-07,1.61E-05
0,109225000,1.52E-05,88.03965,5.19E-07,1.52E-05
0,109250000,1.49E-05,88.73762,3.27E-07,1.49E-05
0,109275000,1.30E-05,87.87729,4.82E-07,1.30E-05
0,109300000,1.24E-05,91.51356,-3.29E-07,1.24E-05
0,109325000,1.09E-05,91.44314,-2.75E-07,1.09E-05
0,109350000,1.05E-05,88.88439,2.04E-07,1.05E-05
0,109375000,9.66E-06,93.02848,-5.11E-07,9.65E-06
0,109400000,9.04E-06,87.09599,4.58E-07,9.03E-06
0,109425000,7.35E-06,95.58308,-7.15E-07,7.32E-06
0,109450000,6.54E-06,93.20284,-3.65E-07,6.53E-06
0,109475000,5.80E-06,86.74249,3.29E-07,5.79E-06
0,109500000,5.45E-06,90.41957,-3.99E-08,5.45E-06
0,109525000,4.58E-06,87.32388,2.14E-07,4.57E-06
0,109550000,3.49E-06,84.89878,3.10E-07,3.47E-06
0,109575000,3.04E-06,87.63315,1.26E-07,3.04E-06
0,109600000,2.31E-06,85.64036,1.76E-07,2.30E-06
0,109625000,2.70E-06,83.31002,3.14E-07,2.68E-06
0,109650000,2.61E-06,83.2977,3.04E-07,2.59E-06
0,109675000,2.12E-06,92.53431,-9.38E-08,2.12E-06
0,109700000,1.46E-06,67.36273,5.62E-07,1.35E-06
0,109725000,8.84E-07,71.69511,2.78E-07,8.39E-07
0,109750000,5.64E-07,134.122,-3.93E-07,4.05E-07
0,109775000,4.34E-07,128.3297,-2.69E-07,3.40E-07
0,109800000,3.67E-07,-46.61113,2.52E-07,-2.67E-07
0,109825000,2.11E-07,-1.094536,2.11E-07,-4.03E-09
0,109850000,6.91E-07,-86.09169,4.71E-08,-6.89E-07
0,109875000,9.02E-07,-96.47007,-1.02E-07,-8.96E-07
0,109900000,1.01E-06,-84.34292,9.92E-08,-1.00E-06
0,109925000,8.98E-07,-92.35383,-3.69E-08,-8.97E-07
0,109950000,1.49E-06,-89.75839,6.28E-09,-1.49E-06
0,109975000,1.84E-06,-79.1247,3.48E-07,-1.81E-06
0,110000000,1.65E-06,-97.28771,-2.09E-07,-1.64E-06
0,110025000,1.51E-06,-71.40083,4.81E-07,-1.43E-06
0,110050000,2.23E-06,-100.1026,-3.92E-07,-2.20E-06
0,110075000,1.89E-06,-87.53021,8.13E-08,-1.89E-06
0,110100000,2.16E-06,-95.93771,-2.23E-07,-2.15E-06
0,110125000,1.42E-06,-94.50443,-1.12E-07,-1.42E-06
0,110150000,3.23E-06,-77.95614,6.75E-07,-3.16E-06
0,110175000,2.87E-06,-87.74227,1.13E-07,-2.87E-06
0,110200000,2.76E-06,-89.68242,1.53E-08,-2.76E-06
0,110225000,2.17E-06,-90.2917,-1.10E-08,-2.17E-06
0,110250000,2.75E-06,-86.06344,1.89E-07,-2.75E-06
0,110275000,2.90E-06,-73.47978,8.26E-07,-2.78E-06
0,110300000,3.27E-06,-86.09404,2.23E-07,-3.26E-06
0,110325000,2.55E-06,-89.70487,1.32E-08,-2.55E-06
0,110350000,2.39E-06,-82.72157,3.03E-07,-2.37E-06
0,110375000,2.69E-06,-84.45083,2.60E-07,-2.68E-06
0,110400000,3.30E-06,-88.99545,5.78E-08,-3.29E-06
0,110425000,2.99E-06,-94.62202,-2.41E-07,-2.98E-06
0,110450000,3.03E-06,-102.462,-6.54E-07,-2.96E-06
0,110475000,3.83E-06,-91.41521,-9.47E-08,-3.83E-06
0,110500000,3.22E-06,-94.82037,-2.70E-07,-3.20E-06
0,110525000,2.85E-06,-81.28026,4.32E-07,-2.82E-06
0,110550000,2.61E-06,-91.91381,-8.73E-08,-2.61E-06
0,110575000,2.80E-06,-88.94051,5.18E-08,-2.80E-06
0,110600000,2.97E-06,-101.1675,-5.75E-07,-2.91E-06
0,110625000,3.27E-06,-89.81588,1.05E-08,-3.27E-06
0,110650000,2.79E-06,-86.7088,1.60E-07,-2.79E-06
0,110675000,3.11E-06,-86.46931,1.91E-07,-3.10E-06
0,110700000,2.95E-06,-100.4094,-5.33E-07,-2.90E-06
0,110725000,2.84E-06,-94.79496,-2.38E-07,-2.83E-06
0,110750000,2.11E-06,-83.81359,2.27E-07,-2.09E-06
0,110775000,2.69E-06,-92.80406,-1.32E-07,-2.69E-06
0,110800000,3.31E-06,-87.67337,1.34E-07,-3.31E-06
0,110825000,2.65E-06,-91.57835,-7.29E-08,-2.65E-06
0,110850000,2.72E-06,-77.26795,5.99E-07,-2.65E-06
0,110875000,2.79E-06,-80.97781,4.37E-07,-2.76E-06
0,110900000,2.83E-06,-84.18481,2.87E-07,-2.82E-06
0,110925000,3.06E-06,-102.1332,-6.44E-07,-3.00E-06
0,110950000,2.33E-06,-79.26054,4.34E-07,-2.29E-06
0,110975000,2.48E-06,-74.28846,6.72E-07,-2.39E-06
0,111000000,2.78E-06,-87.2751,1.32E-07,-2.78E-06
-4,106000000,1.40E-06,61.68077,6.65E-07,1.23E-06
-4,106025000,1.51E-06,96.02634,-1.59E-07,1.51E-06
-4,106050000,1.66E-06,104.5614,-4.17E-07,1.61E-06
-4,106075000,2.18E-06,79.51423,3.97E-07,2.14E-06
-4,106100000,2.11E-06,82.11052,2.89E-07,2.09E-06
-4,106125000,2.27E-06,89.95991,1.59E-09,2.27E-06
-4,106150000,1.40E-06,95.74106,-1.40E-07,1.39E-06
-4,106175000,1.84E-06,68.57663,6.72E-07,1.71E-06
-4,106200000,1.58E-06,74.95714,4.11E-07,1.53E-06
-4,106225000,1.81E-06,89.38632,1.94E-08,1.81E-06
-4,106250000,2.11E-06,78.92942,4.05E-07,2.07E-06
-4,106275000,1.75E-06,107.6082,-5.30E-07,1.67E-06
-4,106300000,1.22E-06,69.02354,4.37E-07,1.14E-06
-4,106325000,9.93E-07,71.68331,3.12E-07,9.43E-07
-4,106350000,5.43E-07,114.7318,-2.27E-07,4.94E-07
-4,106375000,1.08E-06,87.8474,4.07E-08,1.08E-06
-4,106400000,1.19E-06,86.69814,6.86E-08,1.19E-06
-4,106425000,7.17E-07,64.59584,3.07E-07,6.47E-07
-4,106450000,1.48E-06,83.88704,1.58E-07,1.47E-06
-4,106475000,1.20E-06,67.29237,4.62E-07,1.10E-06
-4,106500000,1.06E-06,42.90431,7.73E-07,7.19E-07
-4,106525000,3.35E-07,-11.48967,3.28E-07,-6.67E-08
-4,106550000,3.82E-07,44.05504,2.75E-07,2.66E-07
-4,106575000,7.97E-07,158.526,-7.42E-07,2.92E-07
-4,106600000,8.46E-07,-54.32064,4.93E-07,-6.87E-07
-4,106625000,7.55E-07,-78.13984,1.55E-07,-7.38E-07
-4,106650000,2.10E-07,77.71135,4.48E-08,2.05E-07
-4,106675000,5.02E-07,-33.85966,4.16E-07,-2.79E-07
-4,106700000,6.91E-07,-64.7095,2.95E-07,-6.25E-07
-4,106725000,7.54E-07,-88.55269,1.90E-08,-7.54E-07
-4,106750000,4.77E-07,-32.49419,4.02E-07,-2.56E-07
-4,106775000,1.01E-06,-71.59933,3.20E-07,-9.61E-07
-4,106800000,1.64E-06,-80.878,2.61E-07,-1.62E-06
-4,106825000,2.17E-06,-92.80314,-1.06E-07,-2.17E-06
-4,106850000,1.42E-06,-86.24065,9.33E-08,-1.42E-06
-4,106875000,2.04E-06,-84.7744,1.86E-07,-2.03E-06
-4,106900000,2.43E-06,-77.29382,5.33E-07,-2.37E-06
-4,106925000,1.99E-06,-75.92226,4.84E-07,-1.93E-06
-4,106950000,1.80E-06,-79.59269,3.24E-07,-1.77E-06
-4,106975000,2.26E-06,-94.00602,-1.58E-07,-2.26E-06
-4,107000000,3.51E-06,-87.97719,1.24E-07,-3.51E-06
-4,107025000,3.27E-06,-73.37022,9.37E-07,-3.14E-06
-4,107050000,3.76E-06,-74.89484,9.80E-07,-3.63E-06
-4,107075000,4.22E-06,-77.25318,9.32E-07,-4.12E-06
-4,107100000,4.90E-06,-85.3346,3.99E-07,-4.89E-06
-4,107125000,4.69E-06,-92.87894,-2.35E-07,-4.68E-06
-4,107150000,5.14E-06,-87.18229,2.53E-07,-5.13E-06
-4,107175000,5.21E-06,-80.70102,8.41E-07,-5.14E-06
-4,107200000,6.79E-06,-87.52517,2.93E-07,-6.78E-06
-4,107225000,6.57E-06,-82.5078,8.57E-07,-6.52E-06
-4,107250000,6.90E-06,-84.8517,6.20E-07,-6.88E-06
-4,107275000,6.77E-06,-81.01957,1.06E-06,-6.69E-06
-4,107300000,7.07E-06,-85.35329,5.73E-07,-7.05E-06
-4,107325000,8.72E-06,-84.55606,8.28E-07,-8.68E-06
-4,107350000,8.81E-06,-84.39332,8.61E-07,-8.77E-06
-4,107375000,9.21E-06,-84.96837,8.08E-07,-9.18E-06
-4,107400000,1.01E-05,-84.59178,9.56E-07,-1.01E-05
-4,107425000,1.02E-05,-85.8924,7.30E-07,-1.02E-05
-4,107450000,1.06E-05,-88.08154,3.56E-07,-1.06E-05
-4,107475000,1.19E-05,-87.93137,4.28E-07,-1.19E-05
-4,107500000,1.18E-05,-86.75873,6.68E-07,-1.18E-05
-4,107525000,1.36E-05,-84.48209,1.31E-06,-1.36E-05
-4,107550000,1.37E-05,-85.42843,1.09E-06,-1.36E-05
-4,107575000,1.49E-05,-85.50622,1.17E-06,-1.49E-05
-4,107600000,1.62E-05,-89.09498,2.56E-07,-1.62E-05
-4,107625000,1.71E-05,-85.57576,1.32E-06,-1.70E-05
-4,107650000,1.73E-05,-87.8866,6.39E-07,-1.73E-05
-4,107675000,1.70E-05,-88.67651,3.92E-07,-1.70E-05
-4,107700000,1.87E-05,-87.86276,6.97E-07,-1.87E-05
-4,107725000,2.10E-05,-89.00771,3.64E-07,-2.10E-05
-4,107750000,2.22E-05,-87.3136,1.04E-06,-2.22E-05
-4,107775000,2.16E-05,-87.15004,1.08E-06,-2.16E-05
-4,107800000,2.37E-05,-86.0617,1.63E-06,-2.37E-05
-4,107825000,2.42E-05,-87.51028,1.05E-06,-2.42E-05
-4,107850000,2.51E-05,-87.21694,1.22E-06,-2.51E-05
-4,107875000,2.81E-05,-87.70198,1.13E-06,-2.80E-05
-4,107900000,2.81E-05,-87.78163,1.09E-06,-2.81E-05
-4,107925000,2.97E-05,-86.91751,1.60E-06,-2.97E-05
-4,107950000,3.15E-05,-87.52419,1.36E-06,-3.15E-05
-4,107975000,3.40E-05,-87.88633,1.26E-06,-3.40E-05
-4,108000000,3.46E-05,-87.56999,1.47E-06,-3.46E-05
-4,108025000,3.69E-05,-86.8845,2.01E-06,-3.69E-05
-4,108050000,3.78E-05,-86.80078,2.11E-06,-3.77E-05
-4,108075000,3.94E-05,-87.7817,1.53E-06,-3.94E-05
-4,108100000,4.09E-05,-87.83396,1.55E-06,-4.09E-05
-4,108125000,4.14E-05,-88.21204,1.29E-06,-4.14E-05
-4,108150000,4.03E-05,-87.73505,1.59E-06,-4.03E-05
-4,108175000,3.98E-05,-87.52134,1.72E-06,-3.98E-05
-4,108200000,3.98E-05,-86.59921,2.36E-06,-3.98E-05
-4,108225000,3.89E-05,-86.06086,2.67E-06,-3.88E-05
-4,108250000,3.85E-05,-86.83433,2.12E-06,-3.84E-05
-4,108275000,3.36E-05,-87.62228,1.39E-06,-3.36E-05
-4,108300000,3.14E-05,-88.21225,9.80E-07,-3.14E-05
-4,108325000,2.62E-05,-86.05787,1.80E-06,-2.61E-05
-4,108350000,2.17E-05,-89.04407,3.63E-07,-2.17E-05
-4,108375000,1.67E-05,-86.78836,9.38E-07,-1.67E-05
-4,108400000,9.42E-06,-88.84996,1.89E-07,-9.41E-06
-4,108425000,5.58E-06,-87.3233,2.61E-07,-5.58E-06
-4,108450000,1.43E-06,98.84164,-2.19E-07,1.41E-06
-4,108475000,7.62E-06,91.88087,-2.50E-07,7.61E-06
-4,108500000,1.09E-05,95.90987,-1.12E-06,1.08E-05
-4,108525000,1.61E-05,93.50543,-9.86E-07,1.61E-05
-4,108550000,2.04E-05,92.88114,-1.02E-06,2.04E-05
-4,108575000,2.43E-05,93.46843,-1.47E-06,2.43E-05
-4,108600000,2.74E-05,94.57404,-2.19E-06,2.74E-05
-4,108625000,2.93E-05,94.80953,-2.46E-06,2.92E-05
-4,108650000,3.20E-05,93.36962,-1.88E-06,3.19E-05
-4,108675000,3.29E-05,93.78682,-2.17E-06,3.28E-05
-4,108700000,3.49E-05,91.78376,-1.09E-06,3.49E-05
-4,108725000,3.60E-05,93.09252,-1.94E-06,3.59E-05
-4,108750000,3.59E-05,92.02781,-1.27E-06,3.58E-05
-4,108775000,3.60E-05,94.69004,-2.94E-06,3.59E-05
-4,108800000,3.34E-05,92.73574,-1.60E-06,3.34E-05
-4,108825000,3.25E-05,93.70022,-2.10E-06,3.24E-05
-4,108850000,3.11E-05,92.44701,-1.33E-06,3.11E-05
-4,108875000,2.96E-05,95.11486,-2.64E-06,2.95E-05
-4,108900000,2.83E-05,94.21347,-2.08E-06,2.82E-05
-4,108925000,2.91E-05,93.22348,-1.63E-06,2.90E-05
-4,108950000,2.78E-05,92.65675,-1.29E-06,2.78E-05
-4,108975000,2.62E-05,95.24132,-2.39E-06,2.61E-05
-4,109000000,2.52E-05,93.02122,-1.33E-06,2.51E-05
-4,109025000,2.32E-05,94.74597,-1.92E-06,2.31E-05
-4,109050000,2.25E-05,94.52793,-1.77E-06,2.24E-05
-4,109075000,2.05E-05,93.65165,-1.31E-06,2.05E-05
-4,109100000,1.95E-05,92.38103,-8.12E-07,1.95E-05
-4,109125000,1.84E-05,93.55256,-1.14E-06,1.84E-05
-4,109150000,1.74E-05,94.38974,-1.34E-06,1.74E-05
-4,109175000,1.54E-05,92.0961,-5.65E-07,1.54E-05
-4,109200000,1.47E-05,93.16939,-8.10E-07,1.46E-05
-4,109225000,1.39E-05,95.39325,-1.30E-06,1.38E-05
-4,109250000,1.31E-05,95.29917,-1.21E-06,1.31E-05
-4,109275000,1.14E-05,92.17722,-4.34E-07,1.14E-05
-4,109300000,1.06E-05,93.59959,-6.68E-07,1.06E-05
-4,109325000,9.30E-06,93.46675,-5.63E-07,9.29E-06
-4,109350000,9.90E-06,92.65069,-4.58E-07,9.89E-06
-4,109375000,9.25E-06,95.50252,-8.87E-07,9.20E-06
-4,109400000,6.98E-06,104.9854,-1.80E-06,6.74E-06
-4,109425000,6.25E-06,90.65145,-7.11E-08,6.25E-06
-4,109450000,5.36E-06,92.10852,-1.97E-07,5.36E-06
-4,109475000,5.48E-06,97.30224,-6.96E-07,5.43E-06
-4,109500000,5.52E-06,102.2253,-1.17E-06,5.39E-06
-4,109525000,4.99E-06,96.52084,-5.67E-07,4.96E-06
-4,109550000,4.66E-06,92.73885,-2.23E-07,4.66E-06
-4,109575000,3.62E-06,95.37213,-3.39E-07,3.61E-06
-4,109600000,2.55E-06,90.60048,-2.67E-08,2.55E-06
-4,109625000,2.43E-06,97.34989,-3.11E-07,2.41E-06
-4,109650000,2.48E-06,95.9264,-2.56E-07,2.47E-06
-4,109675000,1.94E-06,96.3074,-2.13E-07,1.93E-06
-4,109700000,1.88E-06,94.80173,-1.57E-07,1.87E-06
-4,109725000,1.93E-06,100.4561,-3.51E-07,1.90E-06
-4,109750000,1.11E-06,88.03695,3.79E-08,1.11E-06
-4,109775000,2.94E-07,80.21992,4.99E-08,2.90E-07
-4,109800000,1.98E-07,87.10877,9.98E-09,1.98E-07
-4,109825000,1.20E-07,179.2425,-1.20E-07,1.59E-09
-4,109850000,1.54E-07,49.43605,1.00E-07,1.17E-07
-4,109875000,5.70E-07,-98.20414,-8.14E-08,-5.64E-07
-4,109900000,3.63E-07,-15.61121,3.49E-07,-9.76E-08
-4,109925000,9.28E-07,-88.97502,1.66E-08,-9.27E-07
-4,109950000,8.62E-07,-73.76468,2.41E-07,-8.27E-07
-4,109975000,8.30E-07,-56.44654,4.59E-07,-6.92E-07
-4,110000000,1.37E-06,-84.79134,1.24E-07,-1.36E-06
-4,110025000,1.25E-06,-93.31654,-7.25E-08,-1.25E-06
-4,110050000,1.85E-06,-88.10618,6.10E-08,-1.85E-06
-4,110075000,2.09E-06,-75.5123,5.22E-07,-2.02E-06
-4,110100000,1.66E-06,-92.09839,-6.09E-08,-1.66E-06
-4,110125000,1.95E-06,-70.20961,6.61E-07,-1.84E-06
-4,110150000,1.81E-06,-77.69293,3.86E-07,-1.77E-06
-4,110175000,1.35E-06,-73.97477,3.72E-07,-1.30E-06
-4,110200000,1.51E-06,-92.95067,-7.79E-08,-1.51E-06
-4,110225000,2.57E-06,-81.68838,3.72E-07,-2.55E-06
-4,110250000,2.42E-06,-88.49095,6.38E-08,-2.42E-06
-4,110275000,2.61E-06,-88.57846,6.47E-08,-2.61E-06
-4,110300000,2.66E-06,-80.62791,4.32E-07,-2.62E-06
-4,110325000,3.01E-06,-76.01236,7.26E-07,-2.92E-06
-4,110350000,2.01E-06,-80.52095,3.31E-07,-1.98E-06
-4,110375000,1.94E-06,-97.67626,-2.59E-07,-1.92E-06
-4,110400000,3.05E-06,-61.92699,1.44E-06,-2.69E-06
-4,110425000,2.67E-06,-80.28329,4.50E-07,-2.63E-06
-4,110450000,2.63E-06,-71.50459,8.36E-07,-2.50E-06
-4,110475000,3.13E-06,-74.18565,8.53E-07,-3.01E-06
-4,110500000,2.51E-06,-82.25737,3.38E-07,-2.49E-06
-4,110525000,2.76E-06,-84.91868,2.44E-07,-2.75E-06
-4,110550000,2.35E-06,-91.11371,-4.57E-08,-2.35E-06
-4,110575000,1.85E-06,-88.02419,6.37E-08,-1.85E-06
-4,110600000,2.78E-06,-83.57809,3.11E-07,-2.76E-06
-4,110625000,2.60E-06,-80.46281,4.31E-07,-2.57E-06
-4,110650000,2.96E-06,-78.28388,6.01E-07,-2.90E-06
-4,110675000,2.51E-06,-66.50556,1.00E-06,-2.30E-06
-4,110700000,2.44E-06,-74.95332,6.34E-07,-2.36E-06
-4,110725000,2.43E-06,-77.28079,5.34E-07,-2.37E-06
-4,110750000,2.38E-06,-69.00884,8.51E-07,-2.22E-06
-4,110775000,2.74E-06,-70.31578,9.23E-07,-2.58E-06
-4,110800000,2.28E-06,-87.15861,1.13E-07,-2.27E-06
-4,110825000,2.75E-06,-82.59896,3.54E-07,-2.72E-06
-4,110850000,3.26E-06,-82.02603,4.53E-07,-3.23E-06
-4,110875000,3.59E-06,-87.96933,1.27E-07,-3.59E-06
-4,110900000,2.72E-06,-87.06596,1.39E-07,-2.71E-06
-4,110925000,2.35E-06,-91.06658,-4.38E-08,-2.35E-06
-4,110950000,2.31E-06,-67.27226,8.94E-07,-2.13E-06
-4,110975000,2.82E-06,-71.9228,8.74E-07,-2.68E-06
-4,111000000,1.96E-06,-81.56243,2.87E-07,-1.94E-06
-8,106000000,2.37E-06,95.19788,-2.15E-07,2.36E-06
-8,106025000,2.94E-06,87.45606,1.30E-07,2.93E-06
-8,106050000,3.16E-06,77.43712,6.87E-07,3.08E-06
-8,106075000,2.33E-06,106.0455,-6.45E-07,2.24E-06
-8,106100000,2.66E-06,99.1857,-4.24E-07,2.62E-06
-8,106125000,2.45E-06,110.8341,-8.72E-07,2.29E-06
-8,106150000,1.99E-06,72.765,5.88E-07,1.90E-06
-8,106175000,1.74E-06,85.76931,1.28E-07,1.73E-06
-8,106200000,1.42E-06,95.904,-1.46E-07,1.41E-06
-8,106225000,2.17E-06,77.49356,4.70E-07,2.12E-06
-8,106250000,2.28E-06,94.43378,-1.77E-07,2.28E-06
-8,106275000,2.31E-06,113.549,-9.24E-07,2.12E-06
-8,106300000,2.51E-06,93.46779,-1.52E-07,2.50E-06
-8,106325000,1.71E-06,122.1572,-9.12E-07,1.45E-06
-8,106350000,1.73E-06,101.361,-3.40E-07,1.69E-06
-8,106375000,1.66E-06,84.7142,1.53E-07,1.66E-06
-8,106400000,1.24E-06,103.0527,-2.81E-07,1.21E-06
-8,106425000,1.44E-06,72.56696,4.32E-07,1.38E-06
-8,106450000,1.25E-06,66.77087,4.94E-07,1.15E-06
-8,106475000,2.37E-06,115.6556,-1.03E-06,2.14E-06
-8,106500000,1.62E-06,83.86868,1.73E-07,1.61E-06
-8,106525000,1.07E-06,82.34739,1.43E-07,1.06E-06
-8,106550000,1.46E-06,107.2069,-4.31E-07,1.39E-06
-8,106575000,1.45E-06,44.30906,1.04E-06,1.02E-06
-8,106600000,7.02E-07,99.70993,-1.18E-07,6.92E-07
-8,106625000,5.07E-07,82.72868,6.42E-08,5.03E-07
-8,106650000,1.23E-06,48.16161,8.18E-07,9.14E-07
-8,106675000,4.86E-07,99.14723,-7.73E-08,4.80E-07
-8,106700000,1.17E-06,24.93291,1.06E-06,4.93E-07
-8,106725000,5.17E-07,77.51564,1.12E-07,5.05E-07
-8,106750000,3.49E-07,94.57077,-2.78E-08,3.48E-07
-8,106775000,2.18E-07,-4.442253,2.18E-07,-1.69E-08
-8,106800000,3.36E-07,33.36144,2.80E-07,1.85E-07
-8,106825000,3.62E-07,-87.65637,1.48E-08,-3.62E-07
-8,106850000,1.04E-06,-80.02272,1.81E-07,-1.03E-06
-8,106875000,7.97E-07,-78.42649,1.60E-07,-7.81E-07
-8,106900000,1.14E-06,-87.35919,5.28E-08,-1.14E-06
-8,106925000,1.56E-06,-73.40328,4.45E-07,-1.49E-06
-8,106950000,1.72E-06,-58.08306,9.09E-07,-1.46E-06
-8,106975000,2.41E-06,-69.36954,8.48E-07,-2.25E-06
-8,107000000,2.07E-06,-75.57814,5.16E-07,-2.01E-06
-8,107025000,2.32E-06,-70.77069,7.65E-07,-2.19E-06
-8,107050000,2.63E-06,-66.03268,1.07E-06,-2.40E-06
-8,107075000,2.24E-06,-65.86906,9.16E-07,-2.04E-06
-8,107100000,3.03E-06,-75.98832,7.33E-07,-2.94E-06
-8,107125000,4.06E-06,-76.83466,9.26E-07,-3.96E-06
-8,107150000,4.01E-06,-71.6071,1.27E-06,-3.81E-06
-8,107175000,4.12E-06,-76.79877,9.40E-07,-4.01E-06
-8,107200000,4.27E-06,-86.18393,2.85E-07,-4.27E-06
-8,107225000,5.41E-06,-76.75111,1.24E-06,-5.26E-06
-8,107250000,5.27E-06,-72.16716,1.61E-06,-5.01E-06
-8,107275000,5.74E-06,-84.3466,5.65E-07,-5.71E-06
-8,107300000,6.81E-06,-71.27731,2.19E-06,-6.45E-06
-8,107325000,6.93E-06,-76.01493,1.67E-06,-6.72E-06
-8,107350000,7.23E-06,-80.32067,1.21E-06,-7.12E-06
-8,107375000,8.06E-06,-80.2658,1.36E-06,-7.95E-06
-8,107400000,8.82E-06,-83.09432,1.06E-06,-8.76E-06
-8,107425000,8.79E-06,-84.10243,9.04E-07,-8.75E-06
-8,107450000,8.98E-06,-85.21328,7.49E-07,-8.95E-06
-8,107475000,9.61E-06,-80.60991,1.57E-06,-9.48E-06
-8,107500000,9.60E-06,-79.37628,1.77E-06,-9.43E-06
-8,107525000,1.14E-05,-79.27308,2.12E-06,-1.12E-05
-8,107550000,1.20E-05,-83.68565,1.32E-06,-1.19E-05
-8,107575000,1.31E-05,-82.75304,1.65E-06,-1.30E-05
-8,107600000,1.44E-05,-82.03215,1.99E-06,-1.42E-05
-8,107625000,1.44E-05,-83.85907,1.55E-06,-1.44E-05
-8,107650000,1.56E-05,-81.58547,2.28E-06,-1.54E-05
-8,107675000,1.56E-05,-80.14415,2.66E-06,-1.53E-05
-8,107700000,1.72E-05,-81.09755,2.66E-06,-1.70E-05
-8,107725000,1.80E-05,-79.72935,3.20E-06,-1.77E-05
-8,107750000,1.88E-05,-80.68652,3.03E-06,-1.85E-05
-8,107775000,2.15E-05,-83.32919,2.50E-06,-2.13E-05
-8,107800000,2.25E-05,-82.42908,2.96E-06,-2.23E-05
-8,107825000,2.31E-05,-81.72996,3.33E-06,-2.29E-05
-8,107850000,2.50E-05,-81.76873,3.59E-06,-2.48E-05
-8,107875000,2.70E-05,-80.28259,4.56E-06,-2.66E-05
-8,107900000,2.91E-05,-82.25578,3.92E-06,-2.88E-05
-8,107925000,2.89E-05,-81.92938,4.06E-06,-2.86E-05
-8,107950000,2.90E-05,-81.16554,4.45E-06,-2.86E-05
-8,107975000,3.26E-05,-82.97258,3.99E-06,-3.23E-05
-8,108000000,3.50E-05,-82.72668,4.43E-06,-3.47E-05
-8,108025000,3.52E-05,-83.32485,4.09E-06,-3.50E-05
-8,108050000,3.56E-05,-81.74949,5.11E-06,-3.52E-05
-8,108075000,3.80E-05,-80.54799,6.23E-06,-3.75E-05
-8,108100000,4.01E-05,-81.79655,5.72E-06,-3.97E-05
-8,108125000,4.08E-05,-83.07695,4.92E-06,-4.05E-05
-8,108150000,4.04E-05,-82.13255,5.54E-06,-4.01E-05
-8,108175000,4.30E-05,-81.59105,6.28E-06,-4.25E-05
-8,108200000,4.40E-05,-82.05973,6.08E-06,-4.36E-05
-8,108225000,4.41E-05,-81.29,6.67E-06,-4.36E-05
-8,108250000,4.29E-05,-81.99695,5.97E-06,-4.25E-05
-8,108275000,3.81E-05,-81.92593,5.34E-06,-3.77E-05
-8,108300000,3.37E-05,-82.6738,4.30E-06,-3.34E-05
-8,108325000,2.91E-05,-82.60892,3.74E-06,-2.88E-05
-8,108350000,2.68E-05,-81.02554,4.18E-06,-2.65E-05
-8,108375000,2.55E-05,-80.49735,4.21E-06,-2.52E-05
-8,108400000,2.13E-05,-84.15503,2.17E-06,-2.12E-05
-8,108425000,1.52E-05,-82.51821,1.98E-06,-1.51E-05
-8,108450000,7.24E-06,-80.33387,1.22E-06,-7.14E-06
-8,108475000,1.47E-06,-63.37746,6.61E-07,-1.32E-06
-8,108500000,2.18E-06,101.613,-4.38E-07,2.13E-06
-8,108525000,7.23E-06,98.50302,-1.07E-06,7.15E-06
-8,108550000,1.13E-05,98.59911,-1.69E-06,1.12E-05
-8,108575000,1.52E-05,96.66426,-1.76E-06,1.51E-05
-8,108600000,1.90E-05,101.9614,-3.93E-06,1.86E-05
-8,108625000,2.30E-05,97.52453,-3.01E-06,2.28E-05
-8,108650000,2.60E-05,98.78151,-3.96E-06,2.57E-05
-8,108675000,2.66E-05,100.108,-4.67E-06,2.62E-05
-8,108700000,2.75E-05,98.84451,-4.23E-06,2.72E-05
-8,108725000,2.88E-05,99.22798,-4.62E-06,2.85E-05
-8,108750000,3.05E-05,98.68084,-4.60E-06,3.01E-05
-8,108775000,3.07E-05,100.6893,-5.70E-06,3.02E-05
-8,108800000,2.78E-05,100.0935,-4.87E-06,2.74E-05
-8,108825000,2.86E-05,98.06131,-4.02E-06,2.84E-05
-8,108850000,3.01E-05,100.8905,-5.68E-06,2.95E-05
-8,108875000,2.75E-05,98.08964,-3.87E-06,2.72E-05
-8,108900000,2.75E-05,100.1489,-4.85E-06,2.71E-05
-8,108925000,2.68E-05,100.7453,-4.99E-06,2.63E-05
-8,108950000,2.62E-05,99.33188,-4.26E-06,2.59E-05
-8,108975000,2.62E-05,99.83804,-4.48E-06,2.58E-05
-8,109000000,2.43E-05,98.8729,-3.75E-06,2.40E-05
-8,109025000,2.23E-05,98.97915,-3.47E-06,2.20E-05
-8,109050000,2.07E-05,100.9832,-3.94E-06,2.03E-05
-8,109075000,2.07E-05,101.2588,-4.05E-06,2.03E-05
-8,109100000,1.96E-05,98.98162,-3.07E-06,1.94E-05
-8,109125000,1.76E-05,100.5379,-3.21E-06,1.73E-05
-8,109150000,1.68E-05,100.4815,-3.05E-06,1.65E-05
-8,109175000,1.45E-05,97.68595,-1.94E-06,1.44E-05
-8,109200000,1.47E-05,101.1511,-2.84E-06,1.44E-05
-8,109225000,1.38E-05,100.3172,-2.47E-06,1.36E-05
-8,109250000,1.28E-05,99.45554,-2.10E-06,1.26E-05
-8,109275000,1.20E-05,98.44901,-1.77E-06,1.19E-05
-8,109300000,1.08E-05,99.48114,-1.78E-06,1.06E-05
-8,109325000,9.54E-06,98.24943,-1.37E-06,9.44E-06
-8,109350000,9.68E-06,100.3977,-1.75E-06,9.52E-06
-8,109375000,8.60E-06,101.7011,-1.74E-06,8.42E-06
-8,109400000,7.85E-06,97.34278,-1.00E-06,7.78E-06
-8,109425000,7.27E-06,98.61289,-1.09E-06,7.19E-06
-8,109450000,6.89E-06,100.7662,-1.29E-06,6.77E-06
-8,109475000,5.98E-06,99.24602,-9.62E-07,5.91E-06
-8,109500000,5.57E-06,103.0806,-1.26E-06,5.42E-06
-8,109525000,5.55E-06,94.97963,-4.82E-07,5.53E-06
-8,109550000,4.82E-06,95.18924,-4.36E-07,4.80E-06
-8,109575000,4.73E-06,106.5406,-1.35E-06,4.53E-06
-8,109600000,4.00E-06,99.35661,-6.50E-07,3.95E-06
-8,109625000,3.53E-06,99.65138,-5.92E-07,3.48E-06
-8,109650000,3.14E-06,107.0011,-9.18E-07,3.00E-06
-8,109675000,2.39E-06,97.58312,-3.15E-07,2.37E-06
-8,109700000,2.36E-06,95.08986,-2.09E-07,2.35E-06
-8,109725000,2.19E-06,99.91749,-3.77E-07,2.15E-06
-8,109750000,2.16E-06,96.63271,-2.50E-07,2.15E-06
-8,109775000,1.79E-06,106.0804,-4.95E-07,1.72E-06
-8,109800000,1.46E-06,71.29455,4.68E-07,1.38E-06
-8,109825000,9.68E-07,73.30974,2.78E-07,9.27E-07
-8,109850000,4.78E-07,77.24669,1.05E-07,4.66E-07
-8,109875000,8.31E-07,45.22239,5.85E-07,5.90E-07
-8,109900000,4.33E-07,93.554,-2.68E-08,4.32E-07
-8,109925000,3.28E-07,133.2953,-2.25E-07,2.39E-07
-8,109950000,1.51E-07,121.5551,-7.88E-08,1.28E-07
-8,109975000,9.10E-07,-124.2719,-5.12E-07,-7.52E-07
-8,110000000,6.12E-07,-109.5218,-2.04E-07,-5.77E-07
-8,110025000,8.75E-07,-74.08552,2.40E-07,-8.41E-07
-8,110050000,1.22E-06,-75.96968,2.96E-07,-1.19E-06
-8,110075000,9.16E-07,-56.80748,5.02E-07,-7.67E-07
-8,110100000,1.70E-06,-77.26117,3.76E-07,-1.66E-06
-8,110125000,1.49E-06,-65.63467,6.14E-07,-1.35E-06
-8,110150000,1.39E-06,-78.00259,2.89E-07,-1.36E-06
-8,110175000,1.23E-06,-60.91526,5.99E-07,-1.08E-06
-8,110200000,1.51E-06,-86.3784,9.57E-08,-1.51E-06
-8,110225000,2.13E-06,-93.02312,-1.12E-07,-2.13E-06
-8,110250000,1.68E-06,-74.81135,4.41E-07,-1.63E-06
-8,110275000,1.95E-06,-80.48473,3.23E-07,-1.93E-06
-8,110300000,1.97E-06,-62.88116,8.97E-07,-1.75E-06
-8,110325000,1.95E-06,-79.68736,3.49E-07,-1.92E-06
-8,110350000,2.54E-06,-91.02855,-4.55E-08,-2.54E-06
-8,110375000,2.08E-06,-72.71738,6.19E-07,-1.99E-06
-8,110400000,2.71E-06,-73.33596,7.76E-07,-2.59E-06
-8,110425000,2.03E-06,-76.78552,4.65E-07,-1.98E-06
-8,110450000,2.62E-06,-63.51964,1.17E-06,-2.34E-06
-8,110475000,2.50E-06,-90.8485,-3.70E-08,-2.50E-06
-8,110500000,2.25E-06,-82.11825,3.08E-07,-2.23E-06
-8,110525000,2.36E-06,-57.87662,1.25E-06,-2.00E-06
-8,110550000,2.00E-06,-60.433,9.88E-07,-1.74E-06
-8,110575000,2.58E-06,-79.79899,4.57E-07,-2.54E-06
-8,110600000,2.56E-06,-80.10774,4.40E-07,-2.52E-06
-8,110625000,1.45E-06,-80.26265,2.45E-07,-1.43E-06
-8,110650000,1.86E-06,-84.27421,1.85E-07,-1.85E-06
-8,110675000,2.98E-06,-88.11432,9.82E-08,-2.98E-06
-8,110700000,2.60E-06,-78.7385,5.09E-07,-2.55E-06
-8,110725000,2.54E-06,-70.93119,8.30E-07,-2.40E-06
-8,110750000,2.75E-06,-64.22283,1.20E-06,-2.48E-06
-8,110775000,2.10E-06,-78.41371,4.22E-07,-2.06E-06
-8,110800000,2.43E-06,-83.8404,2.61E-07,-2.42E-06
-8,110825000,1.40E-06,-63.9696,6.16E-07,-1.26E-06
-8,110850000,1.88E-06,-67.25415,7.29E-07,-1.74E-06
-8,110875000,2.71E-06,-91.43724,-6.79E-08,-2.71E-06
-8,110900000,3.08E-06,-75.24538,7.83E-07,-2.97E-06
-8,110925000,1.51E-06,-80.34208,2.53E-07,-1.48E-06
-8,110950000,2.69E-06,-67.44201,1.03E-06,-2.49E-06
-8,110975000,2.11E-06,-71.27783,6.79E-07,-2.00E-06
-8,111000000,2.62E-06,-78.83773,5.07E-07,-2.57E-06
-12,106000000,4.12E-06,99.38863,-6.72E-07,4.06E-06
-12,106025000,3.69E-06,96.3123,-4.06E-07,3.67E-06
-12,106050000,3.25E-06,94.4947,-2.54E-07,3.24E-06
-12,106075000,4.75E-06,96.84526,-5.66E-07,4.72E-06
-12,106100000,3.81E-06,99.88053,-6.54E-07,3.76E-06
-12,106125000,3.62E-06,99.1979,-5.79E-07,3.57E-06
-12,106150000,3.59E-06,87.88663,1.33E-07,3.59E-06
-12,106175000,3.66E-06,97.13261,-4.54E-07,3.63E-06
-12,106200000,3.68E-06,100.5357,-6.73E-07,3.62E-06
-12,106225000,2.97E-06,100.3596,-5.34E-07,2.92E-06
-12,106250000,2.86E-06,101.9255,-5.90E-07,2.79E-06
-12,106275000,3.45E-06,85.93987,2.44E-07,3.44E-06
-12,106300000,3.41E-06,100.7108,-6.34E-07,3.35E-06
-12,106325000,2.26E-06,112.9522,-8.80E-07,2.08E-06
-12,106350000,3.00E-06,91.57499,-8.24E-08,3.00E-06
-12,106375000,3.29E-06,96.60397,-3.78E-07,3.27E-06
-12,106400000,3.79E-06,95.27698,-3.48E-07,3.77E-06
-12,106425000,3.96E-06,99.87285,-6.79E-07,3.90E-06
-12,106450000,3.26E-06,97.9248,-4.50E-07,3.23E-06
-12,106475000,2.84E-06,94.86932,-2.41E-07,2.83E-06
-12,106500000,2.94E-06,101.2665,-5.75E-07,2.89E-06
-12,106525000,2.11E-06,100.1519,-3.72E-07,2.08E-06
-12,106550000,2.79E-06,107.4665,-8.37E-07,2.66E-06
-12,106575000,2.36E-06,107.2649,-7.01E-07,2.26E-06
-12,106600000,2.55E-06,100.5478,-4.67E-07,2.51E-06
-12,106625000,3.13E-06,90.98077,-5.35E-08,3.13E-06
-12,106650000,2.63E-06,82.81914,3.29E-07,2.61E-06
-12,106675000,2.94E-06,99.82367,-5.01E-07,2.89E-06
-12,106700000,1.87E-06,92.5839,-8.43E-08,1.87E-06
-12,106725000,2.17E-06,86.87928,1.18E-07,2.16E-06
-12,106750000,1.91E-06,92.09975,-6.98E-08,1.90E-06
-12,106775000,2.04E-06,78.21432,4.16E-07,2.00E-06
-12,106800000,1.23E-06,64.06063,5.39E-07,1.11E-06
-12,106825000,1.29E-06,117.8139,-6.00E-07,1.14E-06
-12,106850000,9.25E-07,60.44251,4.56E-07,8.04E-07
-12,106875000,1.28E-06,79.01848,2.45E-07,1.26E-06
-12,106900000,5.21E-07,123.9057,-2.91E-07,4.32E-07
-12,106925000,6.58E-07,-3.039082,6.57E-07,-3.49E-08
-12,106950000,5.91E-07,80.33432,9.93E-08,5.83E-07
-12,106975000,4.18E-07,112.2423,-1.58E-07,3.87E-07
-12,107000000,1.23E-06,47.52527,8.27E-07,9.04E-07
-12,107025000,3.96E-07,97.7868,-5.37E-08,3.93E-07
-12,107050000,2.51E-07,-13.32669,2.44E-07,-5.79E-08
-12,107075000,8.01E-07,-115.9838,-3.51E-07,-7.20E-07
-12,107100000,1.21E-06,-97.99879,-1.58E-07,-1.24E-06
-12,107125000,1.63E-06,-78.31224,3.31E-07,-1.60E-06
-12,107150000,1.14E-06,-95.24668,-1.04E-07,-1.14E-06
-12,107175000,1.71E-06,-83.46269,1.95E-07,-1.70E-06
-12,107200000,2.28E-06,-65.5761,9.43E-07,-2.08E-06
-12,107225000,2.70E-06,-62.73689,1.24E-06,-2.40E-06
-12,107250000,3.68E-06,-73.84571,1.02E-06,-3.54E-06
-12,107275000,4.01E-06,-63.71188,1.78E-06,-3.60E-06
-12,107300000,4.44E-06,-66.52254,1.77E-06,-4.08E-06
-12,107325000,4.44E-06,-71.11309,1.44E-06,-4.20E-06
-12,107350000,4.96E-06,-69.93247,1.70E-06,-4.66E-06
-12,107375000,5.24E-06,-77.92139,1.10E-06,-5.12E-06
-12,107400000,6.42E-06,-70.43498,2.15E-06,-6.05E-06
-12,107425000,7.18E-06,-79.68181,1.29E-06,-7.06E-06
-12,107450000,6.91E-06,-74.68387,1.82E-06,-6.66E-06
-12,107475000,8.23E-06,-77.67384,1.76E-06,-8.04E-06
-12,107500000,8.71E-06,-74.54681,2.32E-06,-8.40E-06
-12,107525000,1.03E-05,-74.96383,2.67E-06,-9.93E-06
-12,107550000,1.08E-05,-77.79118,2.29E-06,-1.06E-05
-12,107575000,1.15E-05,-76.44752,2.69E-06,-1.11E-05
-12,107600000,1.24E-05,-74.89761,3.24E-06,-1.20E-05
-12,107625000,1.37E-05,-76.59734,3.17E-06,-1.33E-05
-12,107650000,1.38E-05,-77.12413,3.08E-06,-1.35E-05
-12,107675000,1.48E-05,-74.68929,3.90E-06,-1.42E-05
-12,107700000,1.58E-05,-75.57542,3.93E-06,-1.53E-05
-12,107725000,1.75E-05,-74.95748,4.55E-06,-1.69E-05
-12,107750000,1.91E-05,-77.68778,4.07E-06,-1.87E-05
-12,107775000,2.12E-05,-77.77824,4.48E-06,-2.07E-05
-12,107800000,2.34E-05,-75.08235,6.01E-06,-2.26E-05
-12,107825000,2.42E-05,-75.29001,6.16E-06,-2.34E-05
-12,107850000,2.50E-05,-75.06928,6.43E-06,-2.41E-05
-12,107875000,2.67E-05,-78.37471,5.37E-06,-2.61E-05
-12,107900000,2.76E-05,-75.87409,6.74E-06,-2.68E-05
-12,107925000,3.02E-05,-76.11259,7.25E-06,-2.93E-05
-12,107950000,3.45E-05,-76.87564,7.84E-06,-3.36E-05
-12,107975000,3.49E-05,-76.78052,7.98E-06,-3.40E-05
-12,108000000,3.75E-05,-74.93854,9.76E-06,-3.63E-05
-12,108025000,4.07E-05,-76.1747,9.73E-06,-3.95E-05
-12,108050000,4.07E-05,-76.7215,9.34E-06,-3.96E-05
-12,108075000,4.28E-05,-77.21772,9.47E-06,-4.17E-05
-12,108100000,4.53E-05,-76.56214,1.05E-05,-4.41E-05
-12,108125000,4.78E-05,-76.41436,1.12E-05,-4.64E-05
-12,108150000,4.64E-05,-75.80639,1.14E-05,-4.50E-05
-12,108175000,4.73E-05,-76.03522,1.14E-05,-4.59E-05
-12,108200000,4.96E-05,-75.49918,1.24E-05,-4.80E-05
-12,108225000,5.15E-05,-77.24127,1.14E-05,-5.02E-05
-12,108250000,5.22E-05,-76.25486,1.24E-05,-5.07E-05
-12,108275000,4.72E-05,-76.36186,1.11E-05,-4.58E-05
-12,108300000,3.98E-05,-75.91378,9.68E-06,-3.86E-05
-12,108325000,3.99E-05,-76.14797,9.56E-06,-3.88E-05
-12,108350000,3.81E-05,-77.17468,8.45E-06,-3.71E-05
-12,108375000,3.54E-05,-75.52282,8.84E-06,-3.42E-05
-12,108400000,3.07E-05,-77.00601,6.89E-06,-2.99E-05
-12,108425000,2.57E-05,-75.38672,6.49E-06,-2.49E-05
-12,108450000,1.95E-05,-76.86693,4.42E-06,-1.89E-05
-12,108475000,1.34E-05,-79.98764,2.33E-06,-1.32E-05
-12,108500000,5.87E-06,-84.4465,5.68E-07,-5.84E-06
-12,108525000,1.74E-06,-90.73968,-2.24E-08,-1.74E-06
-12,108550000,3.95E-06,103.5034,-9.23E-07,3.85E-06
-12,108575000,8.83E-06,111.3271,-3.21E-06,8.22E-06
-12,108600000,1.24E-05,102.1838,-2.63E-06,1.22E-05
-12,108625000,1.55E-05,106.2177,-4.33E-06,1.49E-05
-12,108650000,1.82E-05,106.7874,-5.26E-06,1.74E-05
-12,108675000,1.98E-05,103.8849,-4.76E-06,1.93E-05
-12,108700000,2.27E-05,108.519,-7.20E-06,2.15E-05
-12,108725000,2.37E-05,106.2296,-6.63E-06,2.28E-05
-12,108750000,2.52E-05,103.4485,-5.86E-06,2.45E-05
-12,108775000,2.52E-05,105.8768,-6.90E-06,2.43E-05
-12,108800000,2.60E-05,106.5765,-7.41E-06,2.49E-05
-12,108825000,2.68E-05,106.4126,-7.56E-06,2.57E-05
-12,108850000,2.78E-05,103.7253,-6.59E-06,2.70E-05
-12,108875000,2.68E-05,107.0897,-7.87E-06,2.56E-05
-12,108900000,2.56E-05,105.7985,-6.96E-06,2.46E-05
-12,108925000,2.52E-05,102.7929,-5.59E-06,2.46E-05
-12,108950000,2.50E-05,104.5981,-6.31E-06,2.42E-05
-12,108975000,2.37E-05,103.6086,-5.59E-06,2.31E-05
-12,109000000,2.31E-05,103.9096,-5.55E-06,2.24E-05
-12,109025000,2.40E-05,104.5784,-6.04E-06,2.32E-05
-12,109050000,2.23E-05,104.6935,-5.65E-06,2.15E-05
-12,109075000,2.20E-05,108.0122,-6.79E-06,2.09E-05
-12,109100000,2.04E-05,106.0256,-5.62E-06,1.96E-05
-12,109125000,1.94E-05,105.9873,-5.35E-06,1.87E-05
-12,109150000,1.74E-05,103.5821,-4.08E-06,1.69E-05
-12,109175000,1.57E-05,103.4038,-3.65E-06,1.53E-05
-12,109200000,1.45E-05,105.1668,-3.80E-06,1.40E-05
-12,109225000,1.27E-05,104.2258,-3.12E-06,1.23E-05
-12,109250000,1.21E-05,104.298,-2.99E-06,1.17E-05
-12,109275000,1.11E-05,105.6102,-2.99E-06,1.07E-05
-12,109300000,1.10E-05,106.0903,-3.06E-06,1.06E-05
-12,109325000,1.06E-05,105.8616,-2.89E-06,1.02E-05
-12,109350000,9.64E-06,104.0566,-2.34E-06,9.35E-06
-12,109375000,9.36E-06,100.9845,-1.78E-06,9.19E-06
-12,109400000,7.98E-06,103.4256,-1.85E-06,7.77E-06
-12,109425000,7.86E-06,102.9961,-1.77E-06,7.66E-06
-12,109450000,7.39E-06,105.2233,-1.94E-06,7.13E-06
-12,109475000,6.42E-06,105.9077,-1.76E-06,6.17E-06
-12,109500000,6.56E-06,100.7845,-1.23E-06,6.44E-06
-12,109525000,5.65E-06,108.984,-1.84E-06,5.35E-06
-12,109550000,5.00E-06,103.4662,-1.17E-06,4.87E-06
-12,109575000,4.47E-06,102.2562,-9.50E-07,4.37E-06
-12,109600000,4.70E-06,105.3276,-1.24E-06,4.53E-06
-12,109625000,4.43E-06,109.2278,-1.46E-06,4.18E-06
-12,109650000,3.78E-06,100.4483,-6.86E-07,3.72E-06
-12,109675000,2.81E-06,98.98882,-4.39E-07,2.78E-06
-12,109700000,2.55E-06,95.88045,-2.62E-07,2.54E-06
-12,109725000,2.40E-06,110.7342,-8.48E-07,2.24E-06
-12,109750000,2.05E-06,94.70081,-1.68E-07,2.04E-06
-12,109775000,1.48E-06,106.1849,-4.12E-07,1.42E-06
-12,109800000,1.06E-06,68.08935,3.94E-07,9.79E-07
-12,109825000,1.35E-06,80.96423,2.13E-07,1.34E-06
-12,109850000,1.05E-06,107.6933,-3.20E-07,1.00E-06
-12,109875000,2.41E-07,4.142929,2.40E-07,1.74E-08
-12,109900000,8.93E-07,115.5108,-3.85E-07,8.06E-07
-12,109925000,4.17E-07,170.6674,-4.12E-07,6.77E-08
-12,109950000,3.95E-07,13.6482,3.84E-07,9.33E-08
-12,109975000,3.40E-07,7.556216,3.37E-07,4.47E-08
-12,110000000,1.56E-07,-134.1599,-1.09E-07,-1.12E-07
-12,110025000,1.23E-07,178.0939,-1.23E-07,4.10E-09
-12,110050000,9.64E-07,-90.08248,-1.39E-09,-9.64E-07
-12,110075000,3.07E-07,-117.657,-1.43E-07,-2.72E-07
-12,110100000,3.07E-07,-89.97521,1.32E-10,-3.07E-07
-12,110125000,9.42E-07,-69.35962,3.32E-07,-8.82E-07
-12,110150000,1.06E-06,-93.74874,-6.91E-08,-1.05E-06
-12,110175000,1.03E-06,-50.93922,6.49E-07,-8.00E-07
-12,110200000,9.29E-07,-83.41807,1.06E-07,-9.23E-07
-12,110225000,1.02E-06,-24.64578,9.27E-07,-4.26E-07
-12,110250000,1.76E-06,-84.31141,1.75E-07,-1.75E-06
-12,110275000,1.24E-06,-79.4474,2.27E-07,-1.22E-06
-12,110300000,1.46E-06,-49.38151,9.52E-07,-1.11E-06
-12,110325000,1.62E-06,-62.81593,7.39E-07,-1.44E-06
-12,110350000,1.61E-06,-55.03888,9.20E-07,-1.32E-06
-12,110375000,2.12E-06,-57.95274,1.13E-06,-1.80E-06
-12,110400000,1.54E-06,-49.28447,1.00E-06,-1.17E-06
-12,110425000,1.31E-06,-82.41815,1.72E-07,-1.30E-06
-12,110450000,1.49E-06,-70.21256,5.03E-07,-1.40E-06
-12,110475000,2.04E-06,-59.30005,1.04E-06,-1.76E-06
-12,110500000,1.25E-06,-69.66949,4.35E-07,-1.17E-06
-12,110525000,1.98E-06,-65.05169,8.34E-07,-1.79E-06
-12,110550000,1.99E-06,-65.65749,8.19E-07,-1.81E-06
-12,110575000,1.44E-06,-63.1095,6.52E-07,-1.29E-06
-12,110600000,2.04E-06,-74.80356,5.34E-07,-1.97E-06
-12,110625000,1.81E-06,-79.29789,3.37E-07,-1.78E-06
-12,110650000,1.82E-06,-54.31706,1.06E-06,-1.47E-06
-12,110675000,2.00E-06,-62.56316,9.20E-07,-1.77E-06
-12,110700000,2.00E-06,-75.36105,5.04E-07,-1.93E-06
-12,110725000,2.26E-06,-83.81982,2.43E-07,-2.25E-06
-12,110750000,1.68E-06,-51.48841,1.05E-06,-1.32E-06
-12,110775000,1.97E-06,-69.33643,6.95E-07,-1.84E-06
-12,110800000,1.67E-06,-37.29742,1.33E-06,-1.01E-06
-12,110825000,2.42E-06,-73.44131,6.89E-07,-2.32E-06
-12,110850000,1.79E-06,-50.00736,1.15E-06,-1.37E-06
-12,110875000,1.71E-06,-82.93675,2.11E-07,-1.70E-06
-12,110900000,2.23E-06,-56.48162,1.23E-06,-1.86E-06
-12,110925000,2.66E-06,-54.5342,1.55E-06,-2.17E-06
-12,110950000,2.26E-06,-67.72181,8.58E-07,-2.10E-06
-12,110975000,2.50E-06,-69.83041,8.61E-07,-2.34E-06
-12,111000000,2.56E-06,-64.86086,1.09E-06,-2.32E-06
-16,106000000,5.01E-06,101.9458,-1.04E-06,4.90E-06
-16,106025000,3.97E-06,102.9795,-8.91E-07,3.87E-06
-16,106050000,4.46E-06,107.9767,-1.38E-06,4.25E-06
-16,106075000,4.77E-06,104.976,-1.23E-06,4.60E-06
-16,106100000,5.49E-06,106.4193,-1.55E-06,5.26E-06
-16,106125000,4.71E-06,105.5659,-1.26E-06,4.54E-06
-16,106150000,4.26E-06,109.0303,-1.39E-06,4.03E-06
-16,106175000,3.95E-06,103.0453,-8.91E-07,3.85E-06
-16,106200000,4.70E-06,99.84979,-8.04E-07,4.63E-06
-16,106225000,4.45E-06,98.08914,-6.26E-07,4.40E-06
-16,106250000,4.18E-06,105.8694,-1.14E-06,4.02E-06
-16,106275000,4.24E-06,100.08,-7.41E-07,4.17E-06
-16,106300000,4.47E-06,105.1399,-1.17E-06,4.31E-06
-16,106325000,4.01E-06,98.73077,-6.09E-07,3.97E-06
-16,106350000,4.15E-06,106.6053,-1.19E-06,3.98E-06
-16,106375000,4.88E-06,99.00746,-7.65E-07,4.82E-06
-16,106400000,4.29E-06,97.24233,-5.41E-07,4.26E-06
-16,106425000,4.55E-06,96.17413,-4.90E-07,4.53E-06
-16,106450000,4.55E-06,105.276,-1.20E-06,4.39E-06
-16,106475000,4.79E-06,99.76153,-8.13E-07,4.72E-06
-16,106500000,4.44E-06,105.5522,-1.19E-06,4.28E-06
-16,106525000,4.69E-06,103.9753,-1.13E-06,4.55E-06
-16,106550000,4.09E-06,103.5903,-9.61E-07,3.98E-06
-16,106575000,4.30E-06,99.46016,-7.08E-07,4.25E-06
-16,106600000,4.02E-06,106.0295,-1.11E-06,3.86E-06
-16,106625000,3.33E-06,111.7678,-1.24E-06,3.10E-06
-16,106650000,3.61E-06,95.76442,-3.62E-07,3.59E-06
-16,106675000,3.78E-06,110.0534,-1.30E-06,3.55E-06
-16,106700000,4.05E-06,105.2253,-1.06E-06,3.91E-06
-16,106725000,4.82E-06,104.2593,-1.19E-06,4.67E-06
-16,106750000,3.79E-06,97.50699,-4.95E-07,3.75E-06
-16,106775000,3.37E-06,100.4797,-6.13E-07,3.31E-06
-16,106800000,3.81E-06,100.0926,-6.67E-07,3.75E-06
-16,106825000,3.12E-06,95.11303,-2.78E-07,3.11E-06
-16,106850000,3.08E-06,103.8815,-7.39E-07,2.99E-06
-16,106875000,3.31E-06,97.58856,-4.37E-07,3.28E-06
-16,106900000,2.39E-06,92.92138,-1.22E-07,2.39E-06
-16,106925000,1.87E-06,104.1536,-4.57E-07,1.81E-06
-16,106950000,2.44E-06,88.68296,5.61E-08,2.44E-06
-16,106975000,2.40E-06,105.0902,-6.26E-07,2.32E-06
-16,107000000,1.90E-06,107.6484,-5.77E-07,1.81E-06
-16,107025000,9.77E-07,116.6118,-4.38E-07,8.74E-07
-16,107050000,2.46E-06,92.14789,-9.22E-08,2.46E-06
-16,107075000,1.96E-06,68.4268,7.21E-07,1.82E-06
-16,107100000,8.45E-07,105.7514,-2.29E-07,8.13E-07
-16,107125000,1.13E-07,32.93657,9.48E-08,6.14E-08
-16,107150000,1.35E-06,81.55576,1.98E-07,1.34E-06
-16,107175000,3.22E-07,142.1695,-2.54E-07,1.97E-07
-16,107200000,6.78E-07,-91.30796,-1.55E-08,-6.77E-07
-16,107225000,6.10E-07,-39.6744,4.69E-07,-3.89E-07
-16,107250000,5.85E-07,-44.67062,4.16E-07,-4.12E-07
-16,107275000,1.88E-06,-63.00246,8.52E-07,-1.67E-06
-16,107300000,2.12E-06,-62.6878,9.75E-07,-1.89E-06
-16,107325000,2.09E-06,-50.84936,1.32E-06,-1.62E-06
-16,107350000,2.70E-06,-71.50246,8.55E-07,-2.56E-06
-16,107375000,3.75E-06,-71.10683,1.21E-06,-3.55E-06
-16,107400000,4.39E-06,-66.64826,1.74E-06,-4.03E-06
-16,107425000,4.41E-06,-76.91777,9.98E-07,-4.30E-06
-16,107450000,4.90E-06,-69.67283,1.70E-06,-4.60E-06
-16,107475000,5.37E-06,-61.95533,2.52E-06,-4.74E-06
-16,107500000,6.30E-06,-64.32135,2.73E-06,-5.68E-06
-16,107525000,7.50E-06,-66.85931,2.95E-06,-6.89E-06
-16,107550000,7.91E-06,-67.43721,3.03E-06,-7.30E-06
-16,107575000,8.32E-06,-66.77469,3.28E-06,-7.64E-06
-16,107600000,9.75E-06,-68.28465,3.61E-06,-9.06E-06
-16,107625000,1.08E-05,-70.9462,3.54E-06,-1.03E-05
-16,107650000,1.23E-05,-70.31935,4.15E-06,-1.16E-05
-16,107675000,1.23E-05,-67.78526,4.66E-06,-1.14E-05
-16,107700000,1.43E-05,-70.70436,4.74E-06,-1.35E-05
-16,107725000,1.54E-05,-70.81262,5.05E-06,-1.45E-05
-16,107750000,1.72E-05,-70.93544,5.60E-06,-1.62E-05
-16,107775000,1.87E-05,-70.35111,6.28E-06,-1.76E-05
-16,107800000,2.05E-05,-70.60714,6.81E-06,-1.93E-05
-16,107825000,2.12E-05,-70.05005,7.24E-06,-1.99E-05
-16,107850000,2.33E-05,-70.33387,7.83E-06,-2.19E-05
-16,107875000,2.53E-05,-69.04302,9.06E-06,-2.36E-05
-16,107900000,2.82E-05,-69.08554,1.01E-05,-2.63E-05
-16,107925000,2.81E-05,-70.65093,9.33E-06,-2.66E-05
-16,107950000,3.11E-05,-70.98437,1.01E-05,-2.94E-05
-16,107975000,3.66E-05,-70.52642,1.22E-05,-3.45E-05
-16,108000000,3.85E-05,-70.59731,1.28E-05,-3.63E-05
-16,108025000,4.19E-05,-70.7224,1.38E-05,-3.95E-05
-16,108050000,4.16E-05,-71.00786,1.35E-05,-3.93E-05
-16,108075000,4.55E-05,-71.64119,1.43E-05,-4.32E-05
-16,108100000,4.73E-05,-70.36374,1.59E-05,-4.45E-05
-16,108125000,4.68E-05,-71.14407,1.51E-05,-4.43E-05
-16,108150000,4.88E-05,-70.89968,1.60E-05,-4.61E-05
-16,108175000,5.41E-05,-70.73348,1.79E-05,-5.11E-05
-16,108200000,5.55E-05,-70.14377,1.89E-05,-5.22E-05
-16,108225000,5.66E-05,-70.21146,1.92E-05,-5.33E-05
-16,108250000,5.64E-05,-70.7827,1.86E-05,-5.32E-05
-16,108275000,5.56E-05,-70.80165,1.83E-05,-5.25E-05
-16,108300000,5.39E-05,-70.84676,1.77E-05,-5.10E-05
-16,108325000,5.56E-05,-70.54705,1.85E-05,-5.24E-05
-16,108350000,5.16E-05,-71.05418,1.68E-05,-4.88E-05
-16,108375000,4.98E-05,-71.72294,1.56E-05,-4.73E-05
-16,108400000,4.09E-05,-72.14101,1.25E-05,-3.89E-05
-16,108425000,3.63E-05,-71.23252,1.17E-05,-3.44E-05
-16,108450000,2.79E-05,-70.78912,9.18E-06,-2.63E-05
-16,108475000,2.25E-05,-72.46971,6.77E-06,-2.14E-05
-16,108500000,1.66E-05,-70.60694,5.52E-06,-1.57E-05
-16,108525000,1.20E-05,-68.72876,4.36E-06,-1.12E-05
-16,108550000,4.99E-06,-69.96398,1.71E-06,-4.69E-06
-16,108575000,1.56E-06,-52.28457,9.52E-07,-1.23E-06
-16,108600000,3.37E-06,113.4061,-1.34E-06,3.09E-06
-16,108625000,7.63E-06,118.3415,-3.62E-06,6.72E-06
-16,108650000,1.11E-05,107.922,-3.41E-06,1.05E-05
-16,108675000,1.31E-05,110.5842,-4.59E-06,1.22E-05
-16,108700000,1.52E-05,114.9554,-6.41E-06,1.38E-05
-16,108725000,1.78E-05,112.1015,-6.70E-06,1.65E-05
-16,108750000,2.01E-05,111.3325,-7.30E-06,1.87E-05
-16,108775000,2.04E-05,109.6288,-6.87E-06,1.93E-05
-16,108800000,2.24E-05,109.3096,-7.42E-06,2.12E-05
-16,108825000,2.43E-05,107.7849,-7.41E-06,2.31E-05
-16,108850000,2.33E-05,109.5744,-7.81E-06,2.20E-05
-16,108875000,2.13E-05,111.1384,-7.69E-06,1.99E-05
-16,108900000,2.29E-05,109.0177,-7.45E-06,2.16E-05
-16,108925000,2.31E-05,109.4014,-7.67E-06,2.18E-05
-16,108950000,2.16E-05,111.678,-7.99E-06,2.01E-05
-16,108975000,2.15E-05,110.7606,-7.63E-06,2.01E-05
-16,109000000,1.99E-05,110.2823,-6.92E-06,1.87E-05
-16,109025000,1.89E-05,110.4616,-6.62E-06,1.77E-05
-16,109050000,2.01E-05,110.4905,-7.04E-06,1.88E-05
-16,109075000,2.07E-05,112.5776,-7.94E-06,1.91E-05
-16,109100000,1.80E-05,107.0453,-5.28E-06,1.72E-05
-16,109125000,1.68E-05,113.9076,-6.81E-06,1.54E-05
-16,109150000,1.57E-05,111.2416,-5.70E-06,1.47E-05
-16,109175000,1.52E-05,112.0304,-5.71E-06,1.41E-05
-16,109200000,1.38E-05,112.7416,-5.35E-06,1.28E-05
-16,109225000,1.33E-05,111.3788,-4.84E-06,1.24E-05
-16,109250000,1.35E-05,111.2346,-4.88E-06,1.26E-05
-16,109275000,1.25E-05,109.9931,-4.29E-06,1.18E-05
-16,109300000,1.13E-05,111.4565,-4.14E-06,1.05E-05
-16,109325000,1.04E-05,110.8663,-3.71E-06,9.74E-06
-16,109350000,1.09E-05,109.9742,-3.71E-06,1.02E-05
-16,109375000,9.61E-06,108.5569,-3.06E-06,9.11E-06
-16,109400000,9.34E-06,105.4307,-2.49E-06,9.01E-06
-16,109425000,8.62E-06,109.0651,-2.82E-06,8.15E-06
-16,109450000,8.29E-06,110.4582,-2.90E-06,7.77E-06
-16,109475000,8.07E-06,108.3262,-2.54E-06,7.66E-06
-16,109500000,6.59E-06,113.3296,-2.61E-06,6.05E-06
-16,109525000,6.25E-06,109.902,-2.13E-06,5.87E-06
-16,109550000,5.53E-06,106.9513,-1.61E-06,5.29E-06
-16,109575000,5.35E-06,113.4631,-2.13E-06,4.91E-06
-16,109600000,4.71E-06,111.022,-1.69E-06,4.40E-06
-16,109625000,4.10E-06,100.3115,-7.34E-07,4.03E-06
-16,109650000,3.75E-06,105.083,-9.75E-07,3.62E-06
-16,109675000,3.33E-06,114.3898,-1.38E-06,3.03E-06
-16,109700000,3.44E-06,116.8151,-1.55E-06,3.07E-06
-16,109725000,2.90E-06,104.6144,-7.32E-07,2.81E-06
-16,109750000,2.75E-06,111.828,-1.02E-06,2.55E-06
-16,109775000,2.97E-06,108.336,-9.33E-07,2.81E-06
-16,109800000,2.25E-06,119.6946,-1.11E-06,1.95E-06
-16,109825000,2.11E-06,117.0058,-9.56E-07,1.88E-06
-16,109850000,1.76E-06,106.5596,-5.01E-07,1.68E-06
-16,109875000,1.58E-06,97.55545,-2.08E-07,1.57E-06
-16,109900000,1.17E-06,100.7599,-2.19E-07,1.15E-06
-16,109925000,1.41E-06,85.72855,1.05E-07,1.41E-06
-16,109950000,7.12E-07,104.3446,-1.76E-07,6.90E-07
-16,109975000,8.08E-07,116.4559,-3.60E-07,7.23E-07
-16,110000000,2.68E-07,137.0494,-1.96E-07,1.83E-07
-16,110025000,4.23E-07,-151.2177,-3.70E-07,-2.03E-07
-16,110050000,2.83E-07,72.77678,8.37E-08,2.70E-07
-16,110075000,5.12E-07,81.77892,7.32E-08,5.07E-07
-16,110100000,2.86E-07,45.42215,2.00E-07,2.03E-07
-16,110125000,1.97E-07,-69.22542,6.97E-08,-1.84E-07
-16,110150000,4.70E-07,-112.1645,-1.77E-07,-4.36E-07
-16,110175000,8.99E-07,-73.65064,2.53E-07,-8.63E-07
-16,110200000,7.53E-07,-48.90297,4.95E-07,-5.67E-07
-16,110225000,8.76E-07,-50.35493,5.59E-07,-6.75E-07
-16,110250000,1.28E-06,-20.10346,1.20E-06,-4.40E-07
-16,110275000,8.89E-07,-55.95531,4.98E-07,-7.36E-07
-16,110300000,1.23E-06,-50.65301,7.79E-07,-9.50E-07
-16,110325000,1.01E-06,-62.36809,4.70E-07,-8.97E-07
-16,110350000,1.49E-06,-76.09465,3.57E-07,-1.44E-06
-16,110375000,6.87E-07,-30.29097,5.94E-07,-3.47E-07
-16,110400000,1.56E-06,-58.76303,8.10E-07,-1.34E-06
-16,110425000,1.11E-06,-54.77307,6.42E-07,-9.09E-07
-16,110450000,1.10E-06,-13.41526,1.07E-06,-2.55E-07
-16,110475000,1.78E-06,-65.93638,7.27E-07,-1.63E-06
-16,110500000,1.56E-06,-69.3099,5.50E-07,-1.46E-06
-16,110525000,1.50E-06,-66.17568,6.05E-07,-1.37E-06
-16,110550000,1.19E-06,-61.11829,5.75E-07,-1.04E-06
-16,110575000,1.93E-06,-89.82309,5.95E-09,-1.93E-06
-16,110600000,1.74E-06,-73.73733,4.88E-07,-1.67E-06
-16,110625000,1.50E-06,-56.70694,8.22E-07,-1.25E-06
-16,110650000,1.90E-06,-60.22274,9.45E-07,-1.65E-06
-16,110675000,1.18E-06,-59.44608,5.98E-07,-1.01E-06
-16,110700000,1.80E-06,-62.9956,8.18E-07,-1.60E-06
-16,110725000,1.65E-06,-59.99878,8.23E-07,-1.43E-06
-16,110750000,2.18E-06,-70.57505,7.23E-07,-2.05E-06
-16,110775000,1.95E-06,-63.28698,8.75E-07,-1.74E-06
-16,110800000,1.18E-06,-54.30059,6.86E-07,-9.55E-07
-16,110825000,1.16E-06,-55.89679,6.49E-07,-9.58E-07
-16,110850000,1.39E-06,-60.32,6.88E-07,-1.21E-06
-16,110875000,1.69E-06,-73.64996,4.76E-07,-1.62E-06
-16,110900000,2.25E-06,-56.17929,1.25E-06,-1.87E-06
-16,110925000,1.80E-06,-49.39482,1.17E-06,-1.37E-06
-16,110950000,1.94E-06,-65.73789,7.97E-07,-1.77E-06
-16,110975000,1.96E-06,-66.40755,7.83E-07,-1.79E-06
-16,111000000,1.90E-06,-64.45817,8.19E-07,-1.71E-06
-20,106000000,6.10E-06,114.4097,-2.52E-06,5.55E-06
-20,106025000,5.60E-06,111.7255,-2.07E-06,5.20E-06
-20,106050000,5.92E-06,117.328,-2.72E-06,5.26E-06
-20,106075000,6.27E-06,116.737,-2.82E-06,5.60E-06
-20,106100000,7.10E-06,114.4581,-2.94E-06,6.46E-06
-20,106125000,6.87E-06,110.501,-2.41E-06,6.44E-06
-20,106150000,6.64E-06,106.5498,-1.89E-06,6.36E-06
-20,106175000,6.66E-06,105.9114,-1.83E-06,6.40E-06
-20,106200000,6.42E-06,108.7837,-2.07E-06,6.08E-06
-20,106225000,6.63E-06,109.5507,-2.22E-06,6.25E-06
-20,106250000,5.77E-06,110.7092,-2.04E-06,5.40E-06
-20,106275000,5.46E-06,108.1503,-1.70E-06,5.19E-06
-20,106300000,6.52E-06,109.1342,-2.14E-06,6.16E-06
-20,106325000,5.51E-06,106.2746,-1.54E-06,5.29E-06
-20,106350000,5.64E-06,109.6134,-1.89E-06,5.31E-06
-20,106375000,6.00E-06,105.053,-1.56E-06,5.80E-06
-20,106400000,6.26E-06,107.4234,-1.87E-06,5.97E-06
-20,106425000,5.59E-06,114.7967,-2.35E-06,5.08E-06
-20,106450000,5.92E-06,108.6438,-1.89E-06,5.61E-06
-20,106475000,5.30E-06,105.9978,-1.46E-06,5.09E-06
-20,106500000,5.94E-06,110.4953,-2.08E-06,5.56E-06
-20,106525000,7.70E-06,112.5134,-2.95E-06,7.12E-06
-20,106550000,7.32E-06,114.9865,-3.09E-06,6.63E-06
-20,106575000,6.59E-06,113.6636,-2.64E-06,6.04E-06
-20,106600000,6.53E-06,110.0209,-2.24E-06,6.14E-06
-20,106625000,6.74E-06,107.1074,-1.98E-06,6.44E-06
-20,106650000,6.50E-06,114.5223,-2.70E-06,5.92E-06
-20,106675000,8.52E-06,110.088,-2.92E-06,8.00E-06
-20,106700000,7.86E-06,110.5956,-2.76E-06,7.36E-06
-20,106725000,8.08E-06,110.4735,-2.83E-06,7.57E-06
-20,106750000,7.90E-06,110.376,-2.75E-06,7.41E-06
-20,106775000,6.68E-06,110.546,-2.34E-06,6.26E-06
-20,106800000,5.72E-06,109.4292,-1.90E-06,5.39E-06
-20,106825000,6.92E-06,108.0755,-2.15E-06,6.58E-06
-20,106850000,6.82E-06,112.4295,-2.60E-06,6.30E-06
-20,106875000,6.36E-06,109.6043,-2.13E-06,5.99E-06
-20,106900000,5.87E-06,115.8969,-2.56E-06,5.28E-06
-20,106925000,4.99E-06,110.9247,-1.78E-06,4.66E-06
-20,106950000,4.56E-06,106.8225,-1.32E-06,4.36E-06
-20,106975000,4.79E-06,101.8219,-9.81E-07,4.69E-06
-20,107000000,5.03E-06,108.3668,-1.58E-06,4.77E-06
-20,107025000,5.56E-06,113.9031,-2.25E-06,5.08E-06
-20,107050000,5.47E-06,118.4762,-2.61E-06,4.81E-06
-20,107075000,4.21E-06,111.7624,-1.56E-06,3.91E-06
-20,107100000,4.61E-06,112.032,-1.73E-06,4.28E-06
-20,107125000,4.30E-06,105.989,-1.18E-06,4.13E-06
-20,107150000,4.56E-06,112.439,-1.74E-06,4.21E-06
-20,107175000,4.81E-06,107.1895,-1.42E-06,4.60E-06
-20,107200000,4.95E-06,102.8847,-1.10E-06,4.82E-06
-20,107225000,3.93E-06,112.1885,-1.48E-06,3.64E-06
-20,107250000,3.19E-06,99.8876,-5.47E-07,3.14E-06
-20,107275000,2.43E-06,90.30176,-1.28E-08,2.43E-06
-20,107300000,2.13E-06,101.0402,-4.09E-07,2.10E-06
-20,107325000,2.24E-06,89.12566,3.42E-08,2.24E-06
-20,107350000,1.20E-06,121.0375,-6.21E-07,1.03E-06
-20,107375000,3.79E-07,40.69902,2.87E-07,2.47E-07
-20,107400000,7.59E-07,49.77481,4.90E-07,5.80E-07
-20,107425000,6.49E-07,22.59256,5.99E-07,2.49E-07
-20,107450000,9.79E-07,-27.00108,8.72E-07,-4.44E-07
-20,107475000,1.39E-06,-49.49615,9.04E-07,-1.06E-06
-20,107500000,2.77E-06,-54.50221,1.61E-06,-2.26E-06
-20,107525000,3.05E-06,-60.21006,1.51E-06,-2.64E-06
-20,107550000,3.93E-06,-57.75055,2.10E-06,-3.32E-06
-20,107575000,4.66E-06,-63.1178,2.11E-06,-4.16E-06
-20,107600000,6.03E-06,-65.43657,2.51E-06,-5.49E-06
-20,107625000,7.65E-06,-60.18159,3.81E-06,-6.64E-06
-20,107650000,8.20E-06,-63.87665,3.61E-06,-7.36E-06
-20,107675000,1.03E-05,-66.83831,4.04E-06,-9.44E-06
-20,107700000,1.11E-05,-68.75082,4.01E-06,-1.03E-05
-20,107725000,1.29E-05,-68.7903,4.66E-06,-1.20E-05
-20,107750000,1.43E-05,-62.92588,6.52E-06,-1.28E-05
-20,107775000,1.59E-05,-62.35364,7.38E-06,-1.41E-05
-20,107800000,1.84E-05,-65.98449,7.51E-06,-1.68E-05
-20,107825000,2.07E-05,-63.80944,9.15E-06,-1.86E-05
-20,107850000,2.30E-05,-63.93378,1.01E-05,-2.06E-05
-20,107875000,2.37E-05,-65.23672,9.91E-06,-2.15E-05
-20,107900000,2.76E-05,-64.50149,1.19E-05,-2.49E-05
-20,107925000,3.15E-05,-64.378,1.36E-05,-2.84E-05
-20,107950000,3.34E-05,-64.93802,1.41E-05,-3.03E-05
-20,107975000,3.37E-05,-64.35389,1.46E-05,-3.03E-05
-20,108000000,3.73E-05,-64.44021,1.61E-05,-3.36E-05
-20,108025000,4.12E-05,-65.37727,1.72E-05,-3.75E-05
-20,108050000,4.33E-05,-64.33635,1.88E-05,-3.91E-05
-20,108075000,4.82E-05,-64.9894,2.04E-05,-4.37E-05
-20,108100000,5.30E-05,-63.93154,2.33E-05,-4.77E-05
-20,108125000,6.08E-05,-65.42163,2.53E-05,-5.53E-05
-20,108150000,6.14E-05,-64.7107,2.62E-05,-5.56E-05
-20,108175000,5.84E-05,-65.24109,2.45E-05,-5.31E-05
-20,108200000,5.86E-05,-64.80947,2.49E-05,-5.30E-05
-20,108225000,6.76E-05,-65.37736,2.82E-05,-6.15E-05
-20,108250000,7.44E-05,-65.44003,3.09E-05,-6.77E-05
-20,108275000,7.56E-05,-65.35678,3.15E-05,-6.87E-05
-20,108300000,7.24E-05,-64.85224,3.08E-05,-6.56E-05
-20,108325000,6.46E-05,-65.40826,2.69E-05,-5.88E-05
-20,108350000,6.78E-05,-65.0198,2.86E-05,-6.14E-05
-20,108375000,6.77E-05,-64.99507,2.86E-05,-6.14E-05
-20,108400000,5.49E-05,-65.08595,2.31E-05,-4.98E-05
-20,108425000,5.30E-05,-65.47068,2.20E-05,-4.82E-05
-20,108450000,4.84E-05,-65.31695,2.02E-05,-4.40E-05
-20,108475000,4.13E-05,-64.95097,1.75E-05,-3.74E-05
-20,108500000,3.81E-05,-65.69566,1.57E-05,-3.47E-05
-20,108525000,2.74E-05,-65.53973,1.13E-05,-2.49E-05
-20,108550000,1.74E-05,-69.18291,6.20E-06,-1.63E-05
-20,108575000,1.55E-05,-64.05506,6.79E-06,-1.40E-05
-20,108600000,9.97E-06,-70.18743,3.38E-06,-9.38E-06
-20,108625000,1.39E-06,-94.23942,-1.03E-07,-1.39E-06
-20,108650000,3.31E-06,110.8644,-1.18E-06,3.09E-06
-20,108675000,5.31E-06,119.3079,-2.60E-06,4.63E-06
-20,108700000,8.78E-06,112.0978,-3.30E-06,8.14E-06
-20,108725000,1.17E-05,118.0537,-5.52E-06,1.04E-05
-20,108750000,1.56E-05,116.5377,-6.97E-06,1.40E-05
-20,108775000,1.61E-05,114.9469,-6.79E-06,1.46E-05
-20,108800000,1.96E-05,112.8091,-7.59E-06,1.81E-05
-20,108825000,2.07E-05,114.7072,-8.64E-06,1.88E-05
-20,108850000,2.04E-05,114.8278,-8.57E-06,1.85E-05
-20,108875000,2.21E-05,114.3855,-9.13E-06,2.01E-05
-20,108900000,2.13E-05,115.2225,-9.09E-06,1.93E-05
-20,108925000,2.32E-05,115.8279,-1.01E-05,2.09E-05
-20,108950000,2.26E-05,113.8425,-9.13E-06,2.07E-05
-20,108975000,2.16E-05,116.6498,-9.69E-06,1.93E-05
-20,109000000,2.00E-05,115.6417,-8.64E-06,1.80E-05
-20,109025000,2.13E-05,115.6534,-9.21E-06,1.92E-05
-20,109050000,2.15E-05,116.5468,-9.59E-06,1.92E-05
-20,109075000,2.14E-05,114.6458,-8.93E-06,1.95E-05
-20,109100000,1.95E-05,117.4692,-8.99E-06,1.73E-05
-20,109125000,1.73E-05,115.8059,-7.53E-06,1.56E-05
-20,109150000,1.75E-05,115.0238,-7.38E-06,1.58E-05
-20,109175000,1.85E-05,115.1978,-7.86E-06,1.67E-05
-20,109200000,1.71E-05,116.6387,-7.66E-06,1.53E-05
-20,109225000,1.55E-05,117.9172,-7.26E-06,1.37E-05
-20,109250000,1.35E-05,116.4848,-6.04E-06,1.21E-05
-20,109275000,1.43E-05,117.4537,-6.61E-06,1.27E-05
-20,109300000,1.33E-05,119.396,-6.53E-06,1.16E-05
-20,109325000,1.24E-05,112.7995,-4.79E-06,1.14E-05
-20,109350000,1.17E-05,116.0226,-5.13E-06,1.05E-05
-20,109375000,1.11E-05,111.1856,-3.99E-06,1.03E-05
-20,109400000,1.07E-05,116.6114,-4.79E-06,9.57E-06
-20,109425000,1.03E-05,115.998,-4.52E-06,9.27E-06
-20,109450000,9.19E-06,117.4293,-4.23E-06,8.15E-06
-20,109475000,9.31E-06,115.8389,-4.06E-06,8.38E-06
-20,109500000,8.37E-06,120.7754,-4.28E-06,7.19E-06
-20,109525000,7.26E-06,119.3038,-3.55E-06,6.33E-06
-20,109550000,6.40E-06,117.6723,-2.97E-06,5.67E-06
-20,109575000,6.51E-06,116.3704,-2.89E-06,5.83E-06
-20,109600000,6.44E-06,118.9594,-3.12E-06,5.63E-06
-20,109625000,5.01E-06,118.7871,-2.41E-06,4.39E-06
-20,109650000,4.56E-06,115.1519,-1.94E-06,4.13E-06
-20,109675000,3.66E-06,112.5491,-1.40E-06,3.38E-06
-20,109700000,3.28E-06,113.0789,-1.29E-06,3.02E-06
-20,109725000,3.72E-06,117.7661,-1.73E-06,3.29E-06
-20,109750000,4.03E-06,124.1939,-2.27E-06,3.34E-06
-20,109775000,2.95E-06,117.756,-1.38E-06,2.61E-06
-20,109800000,2.93E-06,117.7774,-1.36E-06,2.59E-06
-20,109825000,2.62E-06,116.6919,-1.18E-06,2.34E-06
-20,109850000,2.76E-06,114.6023,-1.15E-06,2.51E-06
-20,109875000,2.47E-06,103.6795,-5.85E-07,2.40E-06
-20,109900000,2.66E-06,110.4716,-9.30E-07,2.49E-06
-20,109925000,1.66E-06,140.4971,-1.28E-06,1.05E-06
-20,109950000,1.54E-06,111.2272,-5.57E-07,1.44E-06
-20,109975000,1.41E-06,134.7532,-9.93E-07,1.00E-06
-20,110000000,3.58E-07,143.8285,-2.89E-07,2.11E-07
-20,110025000,6.81E-07,133.3278,-4.67E-07,4.95E-07
-20,110050000,9.63E-07,126.4215,-5.72E-07,7.75E-07
-20,110075000,6.98E-07,121.7308,-3.67E-07,5.93E-07
-20,110100000,7.03E-08,159.4002,-6.58E-08,2.47E-08
-20,110125000,5.95E-07,98.7771,-9.08E-08,5.88E-07
-20,110150000,1.10E-06,140.7348,-8.51E-07,6.96E-07
-20,110175000,2.77E-07,24.24467,2.52E-07,1.14E-07
-20,110200000,2.45E-07,73.52306,6.94E-08,2.35E-07
-20,110225000,5.38E-07,-43.97942,3.87E-07,-3.73E-07
-20,110250000,8.77E-07,-55.50421,4.97E-07,-7.23E-07
-20,110275000,9.84E-07,-39.58292,7.59E-07,-6.27E-07
-20,110300000,1.05E-06,-46.07958,7.28E-07,-7.56E-07
-20,110325000,5.96E-07,-9.54677,5.88E-07,-9.89E-08
-20,110350000,4.86E-07,-10.34244,4.78E-07,-8.73E-08
-20,110375000,1.13E-06,-56.76404,6.19E-07,-9.44E-07
-20,110400000,1.61E-06,-63.7346,7.13E-07,-1.44E-06
-20,110425000,1.51E-06,-61.39544,7.24E-07,-1.33E-06
-20,110450000,8.49E-07,-53.30859,5.07E-07,-6.81E-07
-20,110475000,1.37E-06,-64.19931,5.95E-07,-1.23E-06
-20,110500000,1.25E-06,-54.28889,7.29E-07,-1.01E-06
-20,110525000,1.08E-06,-51.45983,6.71E-07,-8.43E-07
-20,110550000,9.18E-07,-36.42667,7.38E-07,-5.45E-07
-20,110575000,6.41E-07,-96.9331,-7.74E-08,-6.37E-07
-20,110600000,1.15E-06,-62.43699,5.30E-07,-1.02E-06
-20,110625000,4.54E-07,-41.3369,3.41E-07,-3.00E-07
-20,110650000,1.45E-06,-38.51,1.13E-06,-9.00E-07
-20,110675000,1.57E-06,-93.60023,-9.85E-08,-1.57E-06
-20,110700000,1.17E-06,-50.53302,7.44E-07,-9.04E-07
-20,110725000,1.16E-06,-62.66266,5.32E-07,-1.03E-06
-20,110750000,1.07E-06,-16.49147,1.02E-06,-3.02E-07
-20,110775000,9.67E-07,-49.482,6.28E-07,-7.35E-07
-20,110800000,5.49E-07,-54.64581,3.18E-07,-4.48E-07
-20,110825000,1.78E-06,-62.19471,8.28E-07,-1.57E-06
-20,110850000,7.46E-07,-18.14915,7.09E-07,-2.32E-07
-20,110875000,1.44E-06,-53.9994,8.48E-07,-1.17E-06
-20,110900000,9.53E-07,-55.06331,5.46E-07,-7.81E-07
-20,110925000,2.21E-06,-67.76161,8.37E-07,-2.05E-06
-20,110950000,1.60E-06,-53.84686,9.44E-07,-1.29E-06
-20,110975000,6.87E-07,-71.15565,2.22E-07,-6.51E-07
-20,111000000,1.72E-06,-65.60588,7.09E-07,-1.56E-06
-24,106000000,9.09E-06,121.4925,-4.75E-06,7.75E-06
-24,106025000,9.13E-06,120.8132,-4.68E-06,7.84E-06
-24,106050000,9.35E-06,119.2262,-4.57E-06,8.16E-06
-24,106075000,9.56E-06,119.6509,-4.73E-06,8.31E-06
-24,106100000,8.97E-06,120.2308,-4.52E-06,7.75E-06
-24,106125000,7.91E-06,122.6437,-4.27E-06,6.66E-06
-24,106150000,9.11E-06,118.1497,-4.30E-06,8.03E-06
-24,106175000,9.23E-06,117.4326,-4.25E-06,8.19E-06
-24,106200000,8.92E-06,117.3185,-4.09E-06,7.92E-06
-24,106225000,9.74E-06,118.426,-4.64E-06,8.57E-06
-24,106250000,1.15E-05,117.7854,-5.37E-06,1.02E-05
-24,106275000,1.08E-05,115.814,-4.72E-06,9.76E-06
-24,106300000,1.13E-05,119.2853,-5.55E-06,9.89E-06
-24,106325000,1.10E-05,122.3748,-5.87E-06,9.26E-06
-24,106350000,1.03E-05,119.0427,-5.02E-06,9.04E-06
-24,106375000,1.09E-05,119.59,-5.39E-06,9.49E-06
-24,106400000,1.18E-05,119.6038,-5.83E-06,1.03E-05
-24,106425000,1.22E-05,120.6181,-6.24E-06,1.05E-05
-24,106450000,1.18E-05,117.5338,-5.46E-06,1.05E-05
-24,106475000,1.11E-05,117.5405,-5.15E-06,9.89E-06
-24,106500000,1.12E-05,119.3396,-5.47E-06,9.74E-06
-24,106525000,1.25E-05,117.759,-5.80E-06,1.10E-05
-24,106550000,1.17E-05,117.0368,-5.33E-06,1.04E-05
-24,106575000,1.15E-05,116.606,-5.17E-06,1.03E-05
-24,106600000,1.22E-05,116.2587,-5.39E-06,1.09E-05
-24,106625000,1.12E-05,116.5375,-5.01E-06,1.00E-05
-24,106650000,1.05E-05,119.5936,-5.18E-06,9.12E-06
-24,106675000,1.01E-05,120.0375,-5.05E-06,8.73E-06
-24,106700000,1.28E-05,118.8357,-6.18E-06,1.12E-05
-24,106725000,1.33E-05,120.6445,-6.79E-06,1.15E-05
-24,106750000,1.40E-05,120.657,-7.15E-06,1.21E-05
-24,106775000,1.40E-05,118.9828,-6.77E-06,1.22E-05
-24,106800000,1.41E-05,115.9232,-6.17E-06,1.27E-05
-24,106825000,1.24E-05,115.5457,-5.34E-06,1.12E-05
-24,106850000,1.18E-05,114.4501,-4.88E-06,1.07E-05
-24,106875000,1.20E-05,119.5948,-5.95E-06,1.05E-05
-24,106900000,1.17E-05,116.562,-5.25E-06,1.05E-05
-24,106925000,1.21E-05,116.1372,-5.34E-06,1.09E-05
-24,106950000,1.09E-05,118.4591,-5.19E-06,9.58E-06
-24,106975000,1.14E-05,115.3306,-4.87E-06,1.03E-05
-24,107000000,1.06E-05,115.5028,-4.57E-06,9.58E-06
-24,107025000,1.15E-05,115.3573,-4.92E-06,1.04E-05
-24,107050000,1.25E-05,116.5611,-5.57E-06,1.11E-05
-24,107075000,1.11E-05,117.5501,-5.14E-06,9.85E-06
-24,107100000,1.13E-05,116.0211,-4.97E-06,1.02E-05
-24,107125000,1.27E-05,117.8111,-5.91E-06,1.12E-05
-24,107150000,1.30E-05,117.9351,-6.08E-06,1.15E-05
-24,107175000,1.13E-05,116.8621,-5.10E-06,1.01E-05
-24,107200000,1.20E-05,117.4628,-5.53E-06,1.06E-05
-24,107225000,9.64E-06,113.6919,-3.87E-06,8.83E-06
-24,107250000,1.08E-05,118.135,-5.10E-06,9.55E-06
-24,107275000,9.44E-06,117.5957,-4.37E-06,8.36E-06
-24,107300000,9.43E-06,118.1498,-4.45E-06,8.31E-06
-24,107325000,1.11E-05,116.0025,-4.86E-06,9.97E-06
-24,107350000,1.18E-05,115.3871,-5.07E-06,1.07E-05
-24,107375000,1.11E-05,119.1156,-5.41E-06,9.72E-06
-24,107400000,1.02E-05,118.8714,-4.92E-06,8.92E-06
-24,107425000,8.12E-06,112.6939,-3.13E-06,7.49E-06
-24,107450000,6.82E-06,116.1741,-3.01E-06,6.12E-06
-24,107475000,5.01E-06,116.9314,-2.27E-06,4.47E-06
-24,107500000,3.67E-06,112.7436,-1.42E-06,3.38E-06
-24,107525000,5.06E-06,117.1798,-2.31E-06,4.50E-06
-24,107550000,5.02E-06,121.5826,-2.63E-06,4.28E-06
-24,107575000,3.48E-06,111.2632,-1.26E-06,3.25E-06
-24,107600000,2.54E-06,100.1835,-4.49E-07,2.50E-06
-24,107625000,7.95E-07,27.59043,7.04E-07,3.68E-07
-24,107650000,2.01E-06,-38.65688,1.57E-06,-1.26E-06
-24,107675000,3.50E-06,-59.00304,1.80E-06,-3.00E-06
-24,107700000,4.31E-06,-57.50443,2.31E-06,-3.63E-06
-24,107725000,7.31E-06,-59.79229,3.68E-06,-6.31E-06
-24,107750000,9.19E-06,-58.09678,4.86E-06,-7.80E-06
-24,107775000,1.03E-05,-58.40485,5.41E-06,-8.79E-06
-24,107800000,1.26E-05,-53.36899,7.52E-06,-1.01E-05
-24,107825000,1.56E-05,-58.21422,8.24E-06,-1.33E-05
-24,107850000,1.87E-05,-57.332,1.01E-05,-1.58E-05
-24,107875000,2.06E-05,-57.78246,1.10E-05,-1.74E-05
-24,107900000,2.54E-05,-57.61221,1.36E-05,-2.15E-05
-24,107925000,2.86E-05,-59.35982,1.46E-05,-2.46E-05
-24,107950000,3.20E-05,-59.24133,1.64E-05,-2.75E-05
-24,107975000,3.59E-05,-58.77846,1.86E-05,-3.07E-05
-24,108000000,3.75E-05,-59.14683,1.92E-05,-3.22E-05
-24,108025000,4.41E-05,-59.11926,2.26E-05,-3.78E-05
-24,108050000,5.05E-05,-59.5706,2.56E-05,-4.36E-05
-24,108075000,5.61E-05,-59.25956,2.87E-05,-4.82E-05
-24,108100000,6.09E-05,-58.79374,3.15E-05,-5.21E-05
-24,108125000,6.40E-05,-59.08952,3.29E-05,-5.49E-05
-24,108150000,7.18E-05,-59.83861,3.61E-05,-6.20E-05
-24,108175000,7.77E-05,-59.85176,3.90E-05,-6.72E-05
-24,108200000,8.67E-05,-59.13885,4.45E-05,-7.44E-05
-24,108225000,9.17E-05,-59.39136,4.67E-05,-7.89E-05
-24,108250000,9.24E-05,-59.49776,4.69E-05,-7.96E-05
-24,108275000,8.81E-05,-59.45623,4.48E-05,-7.59E-05
-24,108300000,9.29E-05,-59.42382,4.73E-05,-8.00E-05
-24,108325000,8.91E-05,-59.92162,4.46E-05,-7.71E-05
-24,108350000,9.99E-05,-59.68508,5.04E-05,-8.62E-05
-24,108375000,0.000102962,-59.95252,5.16E-05,-8.91E-05
-24,108400000,9.63E-05,-59.61478,4.87E-05,-8.31E-05
-24,108425000,9.09E-05,-59.65461,4.59E-05,-7.84E-05
-24,108450000,8.07E-05,-59.52543,4.09E-05,-6.96E-05
-24,108475000,7.43E-05,-59.30427,3.80E-05,-6.39E-05
-24,108500000,6.79E-05,-59.72722,3.42E-05,-5.86E-05
-24,108525000,6.01E-05,-60.21869,2.98E-05,-5.21E-05
-24,108550000,5.31E-05,-59.76264,2.67E-05,-4.58E-05
-24,108575000,4.63E-05,-60.24448,2.30E-05,-4.02E-05
-24,108600000,3.76E-05,-59.33074,1.92E-05,-3.23E-05
-24,108625000,2.70E-05,-59.00025,1.39E-05,-2.31E-05
-24,108650000,1.69E-05,-61.11717,8.16E-06,-1.48E-05
-24,108675000,9.85E-06,-61.82453,4.65E-06,-8.68E-06
-24,108700000,3.97E-06,-74.93651,1.03E-06,-3.83E-06
-24,108725000,1.24E-06,125.4921,-7.18E-07,1.01E-06
-24,108750000,6.60E-06,119.6811,-3.27E-06,5.73E-06
-24,108775000,1.10E-05,118.6814,-5.27E-06,9.64E-06
-24,108800000,1.18E-05,126.1085,-6.94E-06,9.51E-06
-24,108825000,1.47E-05,123.5126,-8.13E-06,1.23E-05
-24,108850000,1.56E-05,123.4038,-8.57E-06,1.30E-05
-24,108875000,1.98E-05,124.2933,-1.12E-05,1.64E-05
-24,108900000,1.95E-05,122.4847,-1.05E-05,1.65E-05
-24,108925000,2.23E-05,123.0815,-1.22E-05,1.87E-05
-24,108950000,2.32E-05,120.6386,-1.18E-05,1.99E-05
-24,108975000,2.22E-05,121.6458,-1.16E-05,1.89E-05
-24,109000000,2.27E-05,123.7325,-1.26E-05,1.89E-05
-24,109025000,2.10E-05,119.4251,-1.03E-05,1.83E-05
-24,109050000,2.11E-05,120.7154,-1.08E-05,1.81E-05
-24,109075000,1.98E-05,122.3165,-1.06E-05,1.67E-05
-24,109100000,2.02E-05,121.03,-1.04E-05,1.73E-05
-24,109125000,1.83E-05,121.0829,-9.45E-06,1.57E-05
-24,109150000,1.95E-05,120.3876,-9.89E-06,1.69E-05
-24,109175000,1.90E-05,122.3321,-1.02E-05,1.61E-05
-24,109200000,1.76E-05,121.1764,-9.11E-06,1.51E-05
-24,109225000,1.68E-05,121.486,-8.77E-06,1.43E-05
-24,109250000,1.54E-05,120.573,-7.86E-06,1.33E-05
-24,109275000,1.54E-05,121.4216,-8.00E-06,1.31E-05
-24,109300000,1.54E-05,120.6779,-7.87E-06,1.33E-05
-24,109325000,1.56E-05,123.8453,-8.69E-06,1.30E-05
-24,109350000,1.36E-05,122.8361,-7.36E-06,1.14E-05
-24,109375000,1.38E-05,125.3851,-7.97E-06,1.12E-05
-24,109400000,1.35E-05,121.0031,-6.95E-06,1.16E-05
-24,109425000,1.19E-05,123.1499,-6.51E-06,9.97E-06
-24,109450000,1.16E-05,123.1874,-6.33E-06,9.68E-06
-24,109475000,1.07E-05,121.6716,-5.62E-06,9.11E-06
-24,109500000,1.00E-05,123.2055,-5.48E-06,8.37E-06
-24,109525000,8.63E-06,121.1311,-4.46E-06,7.39E-06
-24,109550000,7.55E-06,122.1305,-4.01E-06,6.39E-06
-24,109575000,7.11E-06,124.4388,-4.02E-06,5.86E-06
-24,109600000,7.51E-06,121.1974,-3.89E-06,6.43E-06
-24,109625000,6.68E-06,123.293,-3.67E-06,5.58E-06
-24,109650000,5.81E-06,121.4289,-3.03E-06,4.96E-06
-24,109675000,5.82E-06,117.0267,-2.65E-06,5.19E-06
-24,109700000,6.04E-06,120.2509,-3.04E-06,5.22E-06
-24,109725000,5.44E-06,118.9373,-2.63E-06,4.76E-06
-24,109750000,4.88E-06,125.3551,-2.83E-06,3.98E-06
-24,109775000,5.03E-06,129.3382,-3.19E-06,3.89E-06
-24,109800000,4.18E-06,123.679,-2.32E-06,3.48E-06
-24,109825000,4.39E-06,123.1761,-2.40E-06,3.68E-06
-24,109850000,3.40E-06,117.748,-1.58E-06,3.01E-06
-24,109875000,3.31E-06,123.3791,-1.82E-06,2.77E-06
-24,109900000,2.57E-06,120.4701,-1.31E-06,2.22E-06
-24,109925000,2.56E-06,120.2754,-1.29E-06,2.21E-06
-24,109950000,2.60E-06,106.986,-7.60E-07,2.49E-06
-24,109975000,2.47E-06,137.4433,-1.82E-06,1.67E-06
-24,110000000,2.29E-06,122.4271,-1.23E-06,1.93E-06
-24,110025000,2.34E-06,123.3056,-1.29E-06,1.96E-06
-24,110050000,2.62E-06,114.1898,-1.07E-06,2.39E-06
-24,110075000,1.65E-06,135.6883,-1.18E-06,1.15E-06
-24,110100000,1.71E-06,121.0132,-8.79E-07,1.46E-06
-24,110125000,1.26E-06,120.2544,-6.33E-07,1.09E-06
-24,110150000,8.90E-07,134.7894,-6.27E-07,6.31E-07
-24,110175000,7.11E-07,101.2222,-1.38E-07,6.98E-07
-24,110200000,6.99E-07,118.584,-3.34E-07,6.14E-07
-24,110225000,7.86E-07,109.2805,-2.60E-07,7.42E-07
-24,110250000,7.76E-07,110.6949,-2.74E-07,7.26E-07
-24,110275000,7.63E-07,19.73399,7.18E-07,2.57E-07
-24,110300000,3.59E-07,-111.9092,-1.34E-07,-3.33E-07
-24,110325000,7.92E-07,170.7773,-7.82E-07,1.27E-07
-24,110350000,4.81E-07,32.87067,4.04E-07,2.61E-07
-24,110375000,7.04E-07,42.6052,5.18E-07,4.76E-07
-24,110400000,4.18E-07,-98.62356,-6.27E-08,-4.13E-07
-24,110425000,7.98E-07,-33.56886,6.65E-07,-4.41E-07
-24,110450000,7.10E-07,-59.16885,3.64E-07,-6.10E-07
-24,110475000,1.23E-06,-67.99067,4.63E-07,-1.14E-06
-24,110500000,9.26E-07,-37.42538,7.35E-07,-5.63E-07
-24,110525000,9.48E-07,-37.48915,7.52E-07,-5.77E-07
-24,110550000,4.35E-07,-154.9093,-3.94E-07,-1.85E-07
-24,110575000,1.28E-06,-51.89969,7.91E-07,-1.01E-06
-24,110600000,6.89E-07,3.537504,6.88E-07,4.25E-08
-24,110625000,2.86E-07,-0.7670305,2.86E-07,-3.83E-09
-24,110650000,6.37E-07,-41.40923,4.77E-07,-4.21E-07
-24,110675000,1.17E-06,-33.14748,9.76E-07,-6.37E-07
-24,110700000,8.56E-07,-47.88556,5.74E-07,-6.35E-07
-24,110725000,1.15E-06,-39.64467,8.82E-07,-7.31E-07
-24,110750000,1.02E-06,-54.21212,5.96E-07,-8.27E-07
-24,110775000,1.15E-06,-43.9215,8.30E-07,-7.99E-07
-24,110800000,1.49E-06,-76.51522,3.48E-07,-1.45E-06
-24,110825000,1.55E-06,-50.44838,9.88E-07,-1.20E-06
-24,110850000,1.46E-06,-77.27407,3.22E-07,-1.43E-06
-24,110875000,1.61E-06,-49.04033,1.06E-06,-1.22E-06
-24,110900000,1.23E-06,-26.21645,1.10E-06,-5.43E-07
-24,110925000,1.39E-06,-35.8012,1.12E-06,-8.11E-07
-24,110950000,1.49E-06,-59.33915,7.59E-07,-1.28E-06
-24,110975000,1.44E-06,-44.14557,1.03E-06,-1.00E-06
-24,111000000,1.09E-06,-57.10277,5.90E-07,-9.12E-07
-28,106000000,9.56E-06,122.168,-5.09E-06,8.09E-06
-28,106025000,1.02E-05,124.24,-5.73E-06,8.41E-06
-28,106050000,1.06E-05,119.8881,-5.29E-06,9.21E-06
-28,106075000,9.81E-06,125.6919,-5.73E-06,7.97E-06
-28,106100000,1.03E-05,120.7326,-5.25E-06,8.83E-06
-28,106125000,1.07E-05,123.4947,-5.91E-06,8.94E-06
-28,106150000,1.13E-05,126.2386,-6.68E-06,9.11E-06
-28,106175000,1.11E-05,122.4067,-5.94E-06,9.36E-06
-28,106200000,1.02E-05,123.5622,-5.66E-06,8.53E-06
-28,106225000,1.11E-05,126.5544,-6.62E-06,8.93E-06
-28,106250000,1.27E-05,127.1415,-7.64E-06,1.01E-05
-28,106275000,1.21E-05,125.24,-7.00E-06,9.92E-06
-28,106300000,1.30E-05,125.7845,-7.63E-06,1.06E-05
-28,106325000,1.26E-05,125.7655,-7.35E-06,1.02E-05
-28,106350000,1.33E-05,125.3873,-7.71E-06,1.09E-05
-28,106375000,1.21E-05,120.5344,-6.13E-06,1.04E-05
-28,106400000,1.22E-05,125.2546,-7.01E-06,9.92E-06
-28,106425000,1.34E-05,125.3881,-7.76E-06,1.09E-05
-28,106450000,1.39E-05,125.0595,-7.96E-06,1.13E-05
-28,106475000,1.39E-05,124.4656,-7.86E-06,1.15E-05
-28,106500000,1.49E-05,124.7683,-8.48E-06,1.22E-05
-28,106525000,1.56E-05,124.513,-8.85E-06,1.29E-05
-28,106550000,1.50E-05,125.6488,-8.73E-06,1.22E-05
-28,106575000,1.46E-05,124.3626,-8.26E-06,1.21E-05
-28,106600000,1.49E-05,122.5051,-8.02E-06,1.26E-05
-28,106625000,1.65E-05,121.8763,-8.70E-06,1.40E-05
-28,106650000,1.71E-05,125.092,-9.81E-06,1.40E-05
-28,106675000,1.90E-05,125.3821,-1.10E-05,1.55E-05
-28,106700000,2.01E-05,124.7471,-1.15E-05,1.65E-05
-28,106725000,1.90E-05,122.9321,-1.03E-05,1.60E-05
-28,106750000,1.84E-05,123.6551,-1.02E-05,1.53E-05
-28,106775000,1.75E-05,123.4961,-9.67E-06,1.46E-05
-28,106800000,1.84E-05,123.5106,-1.01E-05,1.53E-05
-28,106825000,1.91E-05,124.7287,-1.09E-05,1.57E-05
-28,106850000,1.89E-05,123.1823,-1.03E-05,1.58E-05
-28,106875000,1.98E-05,121.6884,-1.04E-05,1.69E-05
-28,106900000,1.78E-05,122.2531,-9.48E-06,1.50E-05
-28,106925000,2.00E-05,124.3895,-1.13E-05,1.65E-05
-28,106950000,2.19E-05,124.2176,-1.23E-05,1.81E-05
-28,106975000,2.11E-05,121.204,-1.09E-05,1.80E-05
-28,107000000,1.95E-05,124.2026,-1.09E-05,1.61E-05
-28,107025000,1.94E-05,121.0293,-9.98E-06,1.66E-05
-28,107050000,2.06E-05,123.9745,-1.15E-05,1.71E-05
-28,107075000,2.28E-05,124.3338,-1.29E-05,1.89E-05
-28,107100000,2.15E-05,125.7224,-1.26E-05,1.75E-05
-28,107125000,2.00E-05,124.2979,-1.13E-05,1.66E-05
-28,107150000,2.04E-05,122.502,-1.10E-05,1.72E-05
-28,107175000,2.03E-05,124.3519,-1.14E-05,1.67E-05
-28,107200000,2.20E-05,124.341,-1.24E-05,1.81E-05
-28,107225000,2.02E-05,124.0844,-1.13E-05,1.68E-05
-28,107250000,1.91E-05,124.9584,-1.09E-05,1.56E-05
-28,107275000,1.91E-05,124.3706,-1.08E-05,1.58E-05
-28,107300000,1.74E-05,124.0606,-9.73E-06,1.44E-05
-28,107325000,1.92E-05,124.6082,-1.09E-05,1.58E-05
-28,107350000,1.99E-05,121.803,-1.05E-05,1.69E-05
-28,107375000,1.89E-05,122.5076,-1.02E-05,1.60E-05
-28,107400000,1.77E-05,123.5679,-9.76E-06,1.47E-05
-28,107425000,1.55E-05,122.0008,-8.23E-06,1.32E-05
-28,107450000,1.53E-05,122.4209,-8.21E-06,1.29E-05
-28,107475000,1.53E-05,125.9483,-8.98E-06,1.24E-05
-28,107500000,1.39E-05,122.4563,-7.46E-06,1.17E-05
-28,107525000,1.24E-05,124.8583,-7.12E-06,1.02E-05
-28,107550000,1.02E-05,125.0278,-5.86E-06,8.36E-06
-28,107575000,9.07E-06,124.7049,-5.16E-06,7.46E-06
-28,107600000,9.15E-06,119.7514,-4.54E-06,7.94E-06
-28,107625000,9.03E-06,122.0984,-4.80E-06,7.65E-06
-28,107650000,8.24E-06,121.8006,-4.34E-06,7.01E-06
-28,107675000,6.18E-06,119.4249,-3.04E-06,5.38E-06
-28,107700000,5.68E-06,111.9809,-2.13E-06,5.26E-06
-28,107725000,5.63E-06,129.0209,-3.55E-06,4.38E-06
-28,107750000,2.43E-06,120.8301,-1.24E-06,2.08E-06
-28,107775000,5.29E-07,-50.16418,3.39E-07,-4.06E-07
-28,107800000,2.66E-06,-30.1053,2.30E-06,-1.33E-06
-28,107825000,5.03E-06,-48.39717,3.34E-06,-3.76E-06
-28,107850000,9.34E-06,-50.24426,5.97E-06,-7.18E-06
-28,107875000,1.29E-05,-51.82564,7.99E-06,-1.02E-05
-28,107900000,1.63E-05,-52.54953,9.91E-06,-1.29E-05
-28,107925000,1.89E-05,-52.36207,1.16E-05,-1.50E-05
-28,107950000,2.42E-05,-51.93614,1.49E-05,-1.90E-05
-28,107975000,2.89E-05,-51.21989,1.81E-05,-2.25E-05
-28,108000000,3.42E-05,-53.00571,2.06E-05,-2.73E-05
-28,108025000,4.05E-05,-52.6389,2.46E-05,-3.22E-05
-28,108050000,4.45E-05,-53.03052,2.68E-05,-3.56E-05
-28,108075000,4.98E-05,-53.16163,2.99E-05,-3.99E-05
-28,108100000,5.78E-05,-53.7965,3.41E-05,-4.66E-05
-28,108125000,6.90E-05,-53.11102,4.14E-05,-5.52E-05
-28,108150000,7.58E-05,-53.59128,4.50E-05,-6.10E-05
-28,108175000,8.08E-05,-53.70392,4.78E-05,-6.51E-05
-28,108200000,8.96E-05,-54.09489,5.25E-05,-7.26E-05
-28,108225000,0.000100161,-53.78708,5.92E-05,-8.08E-05
-28,108250000,0.000101289,-53.51528,6.02E-05,-8.14E-05
-28,108275000,0.000110793,-53.53977,6.58E-05,-8.91E-05
-28,108300000,0.000114123,-53.86486,6.73E-05,-9.22E-05
-28,108325000,0.000120197,-54.27648,7.02E-05,-9.76E-05
-28,108350000,0.000112704,-53.92101,6.64E-05,-9.11E-05
-28,108375000,0.000111594,-54.04883,6.55E-05,-9.03E-05
-28,108400000,0.000108417,-54.10664,6.36E-05,-8.78E-05
-28,108425000,0.000101342,-54.0887,5.94E-05,-8.21E-05
-28,108450000,9.01E-05,-53.96149,5.30E-05,-7.29E-05
-28,108475000,9.24E-05,-53.696,5.47E-05,-7.44E-05
-28,108500000,9.02E-05,-54.23334,5.27E-05,-7.32E-05
-28,108525000,8.22E-05,-54.04131,4.83E-05,-6.66E-05
-28,108550000,7.91E-05,-54.61462,4.58E-05,-6.45E-05
-28,108575000,6.40E-05,-54.62826,3.71E-05,-5.22E-05
-28,108600000,5.50E-05,-55.90268,3.08E-05,-4.55E-05
-28,108625000,4.24E-05,-57.03385,2.31E-05,-3.56E-05
-28,108650000,3.29E-05,-53.04239,1.98E-05,-2.63E-05
-28,108675000,2.61E-05,-54.39735,1.52E-05,-2.12E-05
-28,108700000,1.97E-05,-52.57234,1.20E-05,-1.56E-05
-28,108725000,1.27E-05,-55.3927,7.20E-06,-1.04E-05
-28,108750000,5.68E-06,-65.32941,2.37E-06,-5.16E-06
-28,108775000,1.48E-06,22.1915,1.37E-06,5.60E-07
-28,108800000,1.30E-06,169.6525,-1.28E-06,2.34E-07
-28,108825000,5.82E-06,131.0079,-3.82E-06,4.39E-06
-28,108850000,8.23E-06,128.6706,-5.15E-06,6.43E-06
-28,108875000,1.29E-05,129.9752,-8.26E-06,9.85E-06
-28,108900000,1.50E-05,127.125,-9.04E-06,1.19E-05
-28,108925000,1.57E-05,129.9361,-1.01E-05,1.20E-05
-28,108950000,1.72E-05,127.9208,-1.06E-05,1.36E-05
-28,108975000,1.79E-05,126.8975,-1.08E-05,1.43E-05
-28,109000000,1.96E-05,127.9077,-1.20E-05,1.54E-05
-28,109025000,2.08E-05,129.1283,-1.31E-05,1.62E-05
-28,109050000,2.04E-05,127.7493,-1.25E-05,1.61E-05
-28,109075000,2.08E-05,126.642,-1.24E-05,1.67E-05
-28,109100000,2.10E-05,125.3535,-1.21E-05,1.71E-05
-28,109125000,2.04E-05,127.0457,-1.23E-05,1.63E-05
-28,109150000,2.13E-05,128.4168,-1.33E-05,1.67E-05
-28,109175000,1.98E-05,129.678,-1.26E-05,1.52E-05
-28,109200000,1.97E-05,129.2073,-1.25E-05,1.53E-05
-28,109225000,1.89E-05,128.9527,-1.19E-05,1.47E-05
-28,109250000,1.74E-05,125.8698,-1.02E-05,1.41E-05
-28,109275000,1.78E-05,127.3072,-1.08E-05,1.42E-05
-28,109300000,1.63E-05,129.3979,-1.03E-05,1.26E-05
-28,109325000,1.48E-05,130.746,-9.68E-06,1.12E-05
-28,109350000,1.46E-05,126.4194,-8.68E-06,1.18E-05
-28,109375000,1.50E-05,129.704,-9.56E-06,1.15E-05
-28,109400000,1.38E-05,123.7581,-7.65E-06,1.14E-05
-28,109425000,1.24E-05,130.112,-7.97E-06,9.47E-06
-28,109450000,1.17E-05,130.875,-7.65E-06,8.84E-06
-28,109475000,1.20E-05,129.4388,-7.63E-06,9.27E-06
-28,109500000,1.19E-05,131.0845,-7.85E-06,9.00E-06
-28,109525000,1.12E-05,126.1388,-6.58E-06,9.01E-06
-28,109550000,9.79E-06,128.501,-6.09E-06,7.66E-06
-28,109575000,1.02E-05,128.1448,-6.31E-06,8.03E-06
-28,109600000,1.02E-05,127.4009,-6.22E-06,8.14E-06
-28,109625000,9.86E-06,129.2033,-6.23E-06,7.64E-06
-28,109650000,8.46E-06,127.7775,-5.18E-06,6.69E-06
-28,109675000,8.80E-06,130.6981,-5.74E-06,6.67E-06
-28,109700000,7.80E-06,129.2492,-4.94E-06,6.04E-06
-28,109725000,6.90E-06,130.4107,-4.47E-06,5.25E-06
-28,109750000,6.48E-06,124.411,-3.66E-06,5.35E-06
-28,109775000,6.09E-06,127.5763,-3.71E-06,4.83E-06
-28,109800000,5.83E-06,124.9107,-3.34E-06,4.78E-06
-28,109825000,5.51E-06,130.0803,-3.55E-06,4.22E-06
-28,109850000,5.44E-06,130.2142,-3.51E-06,4.16E-06
-28,109875000,5.51E-06,123.6037,-3.05E-06,4.59E-06
-28,109900000,5.25E-06,123.5076,-2.90E-06,4.38E-06
-28,109925000,4.75E-06,127.8948,-2.92E-06,3.75E-06
-28,109950000,3.76E-06,128.4138,-2.33E-06,2.94E-06
-28,109975000,3.23E-06,137.1942,-2.37E-06,2.19E-06
-28,110000000,3.15E-06,127.2037,-1.90E-06,2.51E-06
-28,110025000,2.62E-06,126.5658,-1.56E-06,2.10E-06
-28,110050000,2.76E-06,121.5691,-1.44E-06,2.35E-06
-28,110075000,3.24E-06,121.5966,-1.70E-06,2.76E-06
-28,110100000,2.29E-06,119.6018,-1.13E-06,1.99E-06
-28,110125000,2.08E-06,121.6036,-1.09E-06,1.77E-06
-28,110150000,1.97E-06,113.9683,-8.02E-07,1.80E-06
-28,110175000,1.78E-06,112.9383,-6.96E-07,1.64E-06
-28,110200000,1.13E-06,129.0923,-7.11E-07,8.75E-07
-28,110225000,9.81E-07,123.2596,-5.38E-07,8.20E-07
-28,110250000,1.40E-06,116.9047,-6.34E-07,1.25E-06
-28,110275000,1.53E-06,120.9825,-7.87E-07,1.31E-06
-28,110300000,9.36E-07,127.0981,-5.64E-07,7.46E-07
-28,110325000,1.66E-06,121.8627,-8.75E-07,1.41E-06
-28,110350000,6.20E-07,121.7495,-3.26E-07,5.27E-07
-28,110375000,1.50E-06,156.593,-1.38E-06,5.95E-07
-28,110400000,1.55E-06,160.3312,-1.46E-06,5.21E-07
-28,110425000,5.97E-07,149.5952,-5.15E-07,3.02E-07
-28,110450000,4.42E-07,100.6124,-8.14E-08,4.34E-07
-28,110475000,5.17E-07,-141.5495,-4.05E-07,-3.21E-07
-28,110500000,4.04E-07,-156.8395,-3.72E-07,-1.59E-07
-28,110525000,5.62E-07,34.45349,4.63E-07,3.18E-07
-28,110550000,1.82E-07,-50.19707,1.17E-07,-1.40E-07
-28,110575000,6.12E-08,-80.54677,1.00E-08,-6.04E-08
-28,110600000,8.73E-07,28.53527,7.67E-07,4.17E-07
-28,110625000,5.19E-07,32.40086,4.38E-07,2.78E-07
-28,110650000,1.59E-07,-43.62141,1.15E-07,-1.10E-07
-28,110675000,3.99E-07,-139.4657,-3.03E-07,-2.59E-07
-28,110700000,3.51E-07,-77.72424,7.46E-08,-3.43E-07
-28,110725000,1.21E-06,-77.50476,2.62E-07,-1.18E-06
-28,110750000,8.81E-07,-76.47883,2.06E-07,-8.57E-07
-28,110775000,6.72E-07,29.59464,5.85E-07,3.32E-07
-28,110800000,3.71E-07,-27.29165,3.29E-07,-1.70E-07
-28,110825000,1.04E-06,-53.52065,6.19E-07,-8.38E-07
-28,110850000,6.95E-07,-100.6027,-1.28E-07,-6.83E-07
-28,110875000,1.37E-06,-37.71936,1.09E-06,-8.41E-07
-28,110900000,1.15E-06,-23.1947,1.06E-06,-4.54E-07
-28,110925000,1.46E-06,-68.362,5.38E-07,-1.36E-06
-28,110950000,1.08E-06,-37.67225,8.53E-07,-6.59E-07
-28,110975000,1.08E-06,-15.21703,1.04E-06,-2.84E-07
-28,111000000,1.13E-06,-24.35461,1.03E-06,-4.66E-07
-32,106000000,5.09E-06,136.8893,-3.71E-06,3.48E-06
-32,106025000,6.31E-06,127.2813,-3.82E-06,5.02E-06
-32,106050000,6.39E-06,130.2202,-4.13E-06,4.88E-06
-32,106075000,7.40E-06,127.7746,-4.54E-06,5.85E-06
-32,106100000,7.58E-06,128.3859,-4.71E-06,5.94E-06
-32,106125000,8.41E-06,125.926,-4.93E-06,6.81E-06
-32,106150000,9.32E-06,129.6476,-5.95E-06,7.18E-06
-32,106175000,8.92E-06,132.7205,-6.05E-06,6.56E-06
-32,106200000,8.33E-06,133.6354,-5.75E-06,6.03E-06
-32,106225000,8.76E-06,125.2393,-5.06E-06,7.16E-06
-32,106250000,8.87E-06,131.865,-5.92E-06,6.61E-06
-32,106275000,9.79E-06,132.2846,-6.59E-06,7.24E-06
-32,106300000,1.15E-05,132.6044,-7.81E-06,8.49E-06
-32,106325000,1.19E-05,130.5148,-7.71E-06,9.02E-06
-32,106350000,1.29E-05,129.0566,-8.11E-06,1.00E-05
-32,106375000,1.43E-05,128.2624,-8.85E-06,1.12E-05
-32,106400000,1.47E-05,127.2413,-8.90E-06,1.17E-05
-32,106425000,1.57E-05,127.9717,-9.65E-06,1.24E-05
-32,106450000,1.68E-05,130.6321,-1.10E-05,1.28E-05
-32,106475000,1.65E-05,130.7636,-1.08E-05,1.25E-05
-32,106500000,1.74E-05,131.6301,-1.16E-05,1.30E-05
-32,106525000,1.85E-05,128.0554,-1.14E-05,1.45E-05
-32,106550000,1.82E-05,130.7283,-1.18E-05,1.38E-05
-32,106575000,1.82E-05,130.5724,-1.18E-05,1.38E-05
-32,106600000,1.85E-05,129.7449,-1.18E-05,1.42E-05
-32,106625000,1.90E-05,131.1474,-1.25E-05,1.43E-05
-32,106650000,2.10E-05,129.9702,-1.35E-05,1.61E-05
-32,106675000,1.98E-05,129.2084,-1.25E-05,1.53E-05
-32,106700000,2.20E-05,130.3485,-1.43E-05,1.68E-05
-32,106725000,2.21E-05,130.0035,-1.42E-05,1.70E-05
-32,106750000,2.21E-05,131.2585,-1.46E-05,1.66E-05
-32,106775000,2.21E-05,130.1566,-1.42E-05,1.69E-05
-32,106800000,2.37E-05,130.3928,-1.54E-05,1.81E-05
-32,106825000,2.36E-05,130.9512,-1.55E-05,1.78E-05
-32,106850000,2.30E-05,129.5825,-1.46E-05,1.77E-05
-32,106875000,2.27E-05,130.5029,-1.48E-05,1.73E-05
-32,106900000,2.17E-05,129.1518,-1.37E-05,1.68E-05
-32,106925000,2.43E-05,127.9827,-1.50E-05,1.92E-05
-32,106950000,2.66E-05,129.0994,-1.68E-05,2.07E-05
-32,106975000,2.56E-05,130.1412,-1.65E-05,1.96E-05
-32,107000000,2.71E-05,129.4091,-1.72E-05,2.10E-05
-32,107025000,2.64E-05,129.8532,-1.69E-05,2.03E-05
-32,107050000,2.97E-05,129.667,-1.89E-05,2.28E-05
-32,107075000,3.12E-05,130.3341,-2.02E-05,2.38E-05
-32,107100000,2.70E-05,129.1991,-1.70E-05,2.09E-05
-32,107125000,3.26E-05,130.8546,-2.13E-05,2.47E-05
-32,107150000,3.39E-05,129.4783,-2.16E-05,2.62E-05
-32,107175000,3.83E-05,129.9054,-2.46E-05,2.94E-05
-32,107200000,3.93E-05,130.5664,-2.55E-05,2.98E-05
-32,107225000,3.73E-05,130.5824,-2.43E-05,2.83E-05
-32,107250000,4.05E-05,130.5452,-2.63E-05,3.08E-05
-32,107275000,3.91E-05,129.7481,-2.50E-05,3.01E-05
-32,107300000,3.60E-05,130.7326,-2.35E-05,2.72E-05
-32,107325000,3.46E-05,130.441,-2.25E-05,2.64E-05
-32,107350000,3.62E-05,129.8694,-2.32E-05,2.78E-05
-32,107375000,3.77E-05,129.3236,-2.39E-05,2.92E-05
-32,107400000,4.12E-05,131.4861,-2.73E-05,3.09E-05
-32,107425000,4.24E-05,130.2636,-2.74E-05,3.24E-05
-32,107450000,3.69E-05,129.5987,-2.35E-05,2.84E-05
-32,107475000,3.26E-05,130.2247,-2.11E-05,2.49E-05
-32,107500000,3.44E-05,130.4203,-2.23E-05,2.62E-05
-32,107525000,3.35E-05,131.4943,-2.22E-05,2.51E-05
-32,107550000,3.39E-05,129.815,-2.17E-05,2.61E-05
-32,107575000,3.03E-05,130.1877,-1.96E-05,2.32E-05
-32,107600000,2.71E-05,129.1763,-1.71E-05,2.10E-05
-32,107625000,2.71E-05,130.904,-1.78E-05,2.05E-05
-32,107650000,2.90E-05,129.2738,-1.84E-05,2.25E-05
-32,107675000,3.06E-05,128.6078,-1.91E-05,2.39E-05
-32,107700000,3.13E-05,129.9369,-2.01E-05,2.40E-05
-32,107725000,2.95E-05,130.4932,-1.91E-05,2.24E-05
-32,107750000,2.60E-05,129.4884,-1.65E-05,2.01E-05
-32,107775000,2.03E-05,127.4372,-1.24E-05,1.61E-05
-32,107800000,1.66E-05,124.0623,-9.28E-06,1.37E-05
-32,107825000,1.47E-05,126.0165,-8.64E-06,1.19E-05
-32,107850000,1.27E-05,127.3458,-7.72E-06,1.01E-05
-32,107875000,7.52E-06,124.1439,-4.22E-06,6.22E-06
-32,107900000,4.64E-06,119.4219,-2.28E-06,4.04E-06
-32,107925000,2.25E-06,-36.97003,1.80E-06,-1.35E-06
-32,107950000,5.65E-06,-36.85943,4.52E-06,-3.39E-06
-32,107975000,1.24E-05,-39.9442,9.48E-06,-7.94E-06
-32,108000000,2.00E-05,-44.79181,1.42E-05,-1.41E-05
-32,108025000,2.54E-05,-45.79796,1.77E-05,-1.82E-05
-32,108050000,3.48E-05,-46.22989,2.41E-05,-2.51E-05
-32,108075000,4.53E-05,-46.10805,3.14E-05,-3.26E-05
-32,108100000,5.41E-05,-46.88344,3.70E-05,-3.95E-05
-32,108125000,6.72E-05,-47.12635,4.57E-05,-4.92E-05
-32,108150000,7.95E-05,-47.65354,5.36E-05,-5.88E-05
-32,108175000,8.82E-05,-47.21625,5.99E-05,-6.48E-05
-32,108200000,9.54E-05,-47.93847,6.39E-05,-7.09E-05
-32,108225000,0.000109292,-47.74268,7.35E-05,-8.09E-05
-32,108250000,0.000121981,-48.13735,8.14E-05,-9.08E-05
-32,108275000,0.000127368,-48.01007,8.52E-05,-9.47E-05
-32,108300000,0.00013869,-48.29972,9.23E-05,-0.000103551
-32,108325000,0.000134134,-47.83512,9.00E-05,-9.94E-05
-32,108350000,0.000135997,-48.13468,9.08E-05,-0.000101279
-32,108375000,0.00014846,-48.38878,9.86E-05,-0.000110999
-32,108400000,0.000152981,-48.42464,0.000101519,-0.000114443
-32,108425000,0.000151159,-48.19023,0.000100771,-0.000112668
-32,108450000,0.000137526,-48.55244,9.10E-05,-0.000103085
-32,108475000,0.000125463,-48.42376,8.33E-05,-9.39E-05
-32,108500000,0.00013225,-48.33591,8.79E-05,-9.88E-05
-32,108525000,0.000130544,-48.27435,8.69E-05,-9.74E-05
-32,108550000,0.000122329,-48.22734,8.15E-05,-9.12E-05
-32,108575000,0.000113547,-48.24376,7.56E-05,-8.47E-05
-32,108600000,9.19E-05,-48.20899,6.13E-05,-6.85E-05
-32,108625000,7.28E-05,-49.54932,4.72E-05,-5.54E-05
-32,108650000,6.39E-05,-49.62626,4.14E-05,-4.87E-05
-32,108675000,5.70E-05,-48.00285,3.81E-05,-4.24E-05
-32,108700000,5.07E-05,-47.46093,3.43E-05,-3.73E-05
-32,108725000,4.52E-05,-48.42255,3.00E-05,-3.38E-05
-32,108750000,3.74E-05,-49.88545,2.41E-05,-2.86E-05
-32,108775000,2.62E-05,-49.469,1.70E-05,-1.99E-05
-32,108800000,2.23E-05,-48.25713,1.48E-05,-1.66E-05
-32,108825000,1.36E-05,-45.05047,9.59E-06,-9.61E-06
-32,108850000,5.98E-06,-50.23521,3.83E-06,-4.60E-06
-32,108875000,2.66E-06,-86.92802,1.43E-07,-2.66E-06
-32,108900000,2.15E-06,129.5178,-1.37E-06,1.66E-06
-32,108925000,7.44E-06,142.9404,-5.93E-06,4.48E-06
-32,108950000,9.98E-06,133.0294,-6.81E-06,7.30E-06
-32,108975000,1.22E-05,133.4433,-8.42E-06,8.89E-06
-32,109000000,1.27E-05,131.8912,-8.47E-06,9.44E-06
-32,109025000,1.50E-05,134.358,-1.05E-05,1.07E-05
-32,109050000,1.64E-05,131.4139,-1.08E-05,1.23E-05
-32,109075000,1.82E-05,134.5499,-1.28E-05,1.30E-05
-32,109100000,1.75E-05,134.0579,-1.22E-05,1.26E-05
-32,109125000,2.02E-05,134.6313,-1.42E-05,1.44E-05
-32,109150000,1.85E-05,134.061,-1.28E-05,1.33E-05
-32,109175000,1.77E-05,131.0973,-1.16E-05,1.33E-05
-32,109200000,1.91E-05,133.3011,-1.31E-05,1.39E-05
-32,109225000,1.93E-05,131.7568,-1.28E-05,1.44E-05
-32,109250000,1.89E-05,134.3488,-1.32E-05,1.35E-05
-32,109275000,1.79E-05,134.8432,-1.26E-05,1.27E-05
-32,109300000,1.73E-05,134.4945,-1.21E-05,1.23E-05
-32,109325000,1.68E-05,134.0619,-1.17E-05,1.20E-05
-32,109350000,1.66E-05,131.1814,-1.09E-05,1.25E-05
-32,109375000,1.56E-05,131.1323,-1.03E-05,1.18E-05
-32,109400000,1.49E-05,126.5735,-8.88E-06,1.20E-05
-32,109425000,1.36E-05,134.6559,-9.56E-06,9.68E-06
-32,109450000,1.31E-05,131.7159,-8.69E-06,9.75E-06
-32,109475000,1.36E-05,132.2024,-9.11E-06,1.00E-05
-32,109500000,1.35E-05,133.7023,-9.33E-06,9.76E-06
-32,109525000,1.25E-05,136.0159,-9.02E-06,8.71E-06
-32,109550000,1.19E-05,134.281,-8.34E-06,8.55E-06
-32,109575000,1.08E-05,135.0115,-7.67E-06,7.67E-06
-32,109600000,1.03E-05,134.1029,-7.15E-06,7.37E-06
-32,109625000,1.10E-05,134.1612,-7.68E-06,7.91E-06
-32,109650000,9.90E-06,134.167,-6.90E-06,7.10E-06
-32,109675000,9.14E-06,136.0925,-6.58E-06,6.34E-06
-32,109700000,9.05E-06,134.9067,-6.39E-06,6.41E-06
-32,109725000,9.33E-06,134.4557,-6.53E-06,6.66E-06
-32,109750000,8.47E-06,130.672,-5.52E-06,6.42E-06
-32,109775000,8.62E-06,132.8949,-5.87E-06,6.31E-06
-32,109800000,7.15E-06,138.3801,-5.34E-06,4.75E-06
-32,109825000,7.36E-06,134.3166,-5.14E-06,5.27E-06
-32,109850000,7.27E-06,132.4892,-4.91E-06,5.36E-06
-32,109875000,6.61E-06,132.4747,-4.46E-06,4.87E-06
-32,109900000,6.62E-06,133.6853,-4.57E-06,4.78E-06
-32,109925000,5.93E-06,136.7908,-4.32E-06,4.06E-06
-32,109950000,6.59E-06,134.127,-4.59E-06,4.73E-06
-32,109975000,5.88E-06,130.1026,-3.79E-06,4.50E-06
-32,110000000,5.31E-06,135.7364,-3.80E-06,3.70E-06
-32,110025000,4.71E-06,129.3189,-2.99E-06,3.65E-06
-32,110050000,4.32E-06,140.41,-3.33E-06,2.75E-06
-32,110075000,4.84E-06,130.0386,-3.11E-06,3.71E-06
-32,110100000,3.30E-06,141.5048,-2.58E-06,2.06E-06
-32,110125000,3.22E-06,128.6109,-2.01E-06,2.51E-06
-32,110150000,3.13E-06,122.196,-1.67E-06,2.65E-06
-32,110175000,2.54E-06,136.5408,-1.84E-06,1.75E-06
-32,110200000,2.57E-06,136.8883,-1.88E-06,1.76E-06
-32,110225000,2.08E-06,149.04,-1.79E-06,1.07E-06
-32,110250000,2.08E-06,119.1513,-1.01E-06,1.82E-06
-32,110275000,2.12E-06,142.3245,-1.68E-06,1.30E-06
-32,110300000,1.60E-06,144.7897,-1.31E-06,9.24E-07
-32,110325000,1.73E-06,131.8391,-1.15E-06,1.29E-06
-32,110350000,1.81E-06,119.047,-8.78E-07,1.58E-06
-32,110375000,1.92E-06,118.5787,-9.20E-07,1.69E-06
-32,110400000,1.93E-06,131.5504,-1.28E-06,1.44E-06
-32,110425000,2.21E-06,113.6187,-8.87E-07,2.03E-06
-32,110450000,1.87E-06,121.5721,-9.79E-07,1.59E-06
-32,110475000,1.40E-06,115.6202,-6.04E-07,1.26E-06
-32,110500000,1.34E-06,114.5764,-5.59E-07,1.22E-06
-32,110525000,8.83E-07,137.5243,-6.51E-07,5.96E-07
-32,110550000,1.14E-06,165.4146,-1.10E-06,2.87E-07
-32,110575000,2.99E-07,17.77443,2.85E-07,9.13E-08
-32,110600000,1.85E-07,-149.5768,-1.60E-07,-9.37E-08
-32,110625000,5.89E-07,84.96762,5.16E-08,5.86E-07
-32,110650000,6.46E-07,3.856391,6.44E-07,4.34E-08
-32,110675000,3.50E-07,151.0613,-3.06E-07,1.69E-07
-32,110700000,3.97E-07,-117.8605,-1.86E-07,-3.51E-07
-32,110725000,3.81E-07,131.3031,-2.51E-07,2.86E-07
-32,110750000,2.42E-07,-172.7794,-2.40E-07,-3.04E-08
-32,110775000,4.52E-07,-0.5620157,4.51E-07,-4.43E-09
-32,110800000,3.34E-07,124.9153,-1.91E-07,2.74E-07
-32,110825000,7.33E-07,63.15999,3.31E-07,6.54E-07
-32,110850000,7.84E-07,151.8528,-6.91E-07,3.70E-07
-32,110875000,5.59E-07,-30.3549,4.82E-07,-2.83E-07
-32,110900000,7.12E-07,3.954964,7.10E-07,4.91E-08
-32,110925000,9.65E-07,-14.16674,9.36E-07,-2.36E-07
-32,110950000,9.34E-07,-45.35844,6.56E-07,-6.64E-07
-32,110975000,6.44E-07,-24.39045,5.87E-07,-2.66E-07
-32,111000000,6.92E-07,-61.30692,3.32E-07,-6.07E-07
-36,106000000,2.19E-06,-53.22654,1.31E-06,-1.75E-06
-36,106025000,1.60E-06,-41.77467,1.19E-06,-1.07E-06
-36,106050000,8.28E-07,-74.1783,2.26E-07,-7.96E-07
-36,106075000,1.44E-07,-5.733958,1.44E-07,-1.44E-08
-36,106100000,5.29E-07,-134.625,-3.71E-07,-3.76E-07
-36,106125000,1.15E-06,131.0069,-7.56E-07,8.70E-07
-36,106150000,2.02E-06,122.6294,-1.09E-06,1.71E-06
-36,106175000,2.48E-06,143.9653,-2.00E-06,1.46E-06
-36,106200000,3.40E-06,142.7017,-2.70E-06,2.06E-06
-36,106225000,3.09E-06,133.5274,-2.12E-06,2.24E-06
-36,106250000,4.66E-06,136.585,-3.39E-06,3.20E-06
-36,106275000,6.29E-06,135.3717,-4.48E-06,4.42E-06
-36,106300000,5.56E-06,137.7936,-4.12E-06,3.74E-06
-36,106325000,6.84E-06,139.7764,-5.22E-06,4.41E-06
-36,106350000,6.96E-06,130.1585,-4.49E-06,5.32E-06
-36,106375000,7.39E-06,134.9405,-5.22E-06,5.23E-06
-36,106400000,8.80E-06,136.5806,-6.39E-06,6.05E-06
-36,106425000,1.03E-05,131.3897,-6.83E-06,7.75E-06
-36,106450000,1.10E-05,134.3623,-7.69E-06,7.86E-06
-36,106475000,1.21E-05,132.77,-8.25E-06,8.91E-06
-36,106500000,1.32E-05,133.4951,-9.10E-06,9.59E-06
-36,106525000,1.39E-05,135.3957,-9.88E-06,9.75E-06
-36,106550000,1.56E-05,135.4866,-1.11E-05,1.09E-05
-36,106575000,1.59E-05,135.3668,-1.13E-05,1.12E-05
-36,106600000,1.57E-05,136.1488,-1.13E-05,1.09E-05
-36,106625000,1.73E-05,136.4787,-1.25E-05,1.19E-05
-36,106650000,1.97E-05,137.2157,-1.44E-05,1.34E-05
-36,106675000,1.93E-05,136.2226,-1.39E-05,1.34E-05
-36,106700000,2.17E-05,135.5574,-1.55E-05,1.52E-05
-36,106725000,2.41E-05,136.3195,-1.75E-05,1.67E-05
-36,106750000,2.43E-05,136.87,-1.77E-05,1.66E-05
-36,106775000,2.52E-05,134.2736,-1.76E-05,1.81E-05
-36,106800000,2.62E-05,136.617,-1.90E-05,1.80E-05
-36,106825000,2.68E-05,134.9094,-1.90E-05,1.90E-05
-36,106850000,2.73E-05,135.4678,-1.95E-05,1.91E-05
-36,106875000,2.88E-05,137.286,-2.12E-05,1.96E-05
-36,106900000,2.99E-05,136.1456,-2.16E-05,2.07E-05
-36,106925000,2.95E-05,134.1583,-2.05E-05,2.11E-05
-36,106950000,3.29E-05,136.8138,-2.40E-05,2.25E-05
-36,106975000,3.74E-05,135.5934,-2.67E-05,2.62E-05
-36,107000000,3.71E-05,136.6807,-2.70E-05,2.54E-05
-36,107025000,3.86E-05,135.5941,-2.76E-05,2.70E-05
-36,107050000,4.02E-05,136.6855,-2.92E-05,2.76E-05
-36,107075000,3.84E-05,138.0534,-2.86E-05,2.57E-05
-36,107100000,4.12E-05,136.3299,-2.98E-05,2.84E-05
-36,107125000,4.23E-05,135.8468,-3.03E-05,2.94E-05
-36,107150000,4.45E-05,135.8652,-3.19E-05,3.10E-05
-36,107175000,4.46E-05,136.601,-3.24E-05,3.07E-05
-36,107200000,4.37E-05,136.2261,-3.16E-05,3.02E-05
-36,107225000,4.46E-05,136.2707,-3.23E-05,3.09E-05
-36,107250000,4.74E-05,135.6315,-3.39E-05,3.31E-05
-36,107275000,4.70E-05,136.2128,-3.39E-05,3.25E-05
-36,107300000,4.67E-05,135.5499,-3.34E-05,3.27E-05
-36,107325000,4.88E-05,136.4122,-3.54E-05,3.37E-05
-36,107350000,5.04E-05,135.9549,-3.62E-05,3.50E-05
-36,107375000,5.53E-05,135.9688,-3.98E-05,3.84E-05
-36,107400000,5.32E-05,136.0245,-3.83E-05,3.70E-05
-36,107425000,5.23E-05,136.4024,-3.78E-05,3.60E-05
-36,107450000,5.00E-05,135.9201,-3.59E-05,3.48E-05
-36,107475000,5.59E-05,136.2515,-4.04E-05,3.86E-05
-36,107500000,5.59E-05,136.2906,-4.04E-05,3.86E-05
-36,107525000,5.28E-05,134.9628,-3.73E-05,3.74E-05
-36,107550000,5.45E-05,136.2378,-3.93E-05,3.77E-05
-36,107575000,5.40E-05,136.6966,-3.93E-05,3.70E-05
-36,107600000,5.23E-05,135.7605,-3.74E-05,3.65E-05
-36,107625000,5.19E-05,136.3792,-3.75E-05,3.58E-05
-36,107650000,5.42E-05,136.3189,-3.92E-05,3.75E-05
-36,107675000,5.02E-05,135.669,-3.59E-05,3.51E-05
-36,107700000,4.82E-05,134.7979,-3.40E-05,3.42E-05
-36,107725000,5.33E-05,136.9262,-3.89E-05,3.64E-05
-36,107750000,5.69E-05,135.8543,-4.08E-05,3.96E-05
-36,107775000,5.12E-05,136.1566,-3.69E-05,3.55E-05
-36,107800000,4.92E-05,135.1084,-3.49E-05,3.47E-05
-36,107825000,4.65E-05,135.7462,-3.33E-05,3.24E-05
-36,107850000,4.40E-05,135.3831,-3.13E-05,3.09E-05
-36,107875000,4.33E-05,136.2713,-3.13E-05,2.99E-05
-36,107900000,3.57E-05,134.7972,-2.51E-05,2.53E-05
-36,107925000,3.77E-05,134.8995,-2.66E-05,2.67E-05
-36,107950000,3.49E-05,133.5857,-2.41E-05,2.53E-05
-36,107975000,2.82E-05,132.7657,-1.91E-05,2.07E-05
-36,108000000,2.05E-05,132.6627,-1.39E-05,1.51E-05
-36,108025000,1.06E-05,127.0589,-6.36E-06,8.43E-06
-36,108050000,1.43E-06,34.14675,1.18E-06,8.03E-07
-36,108075000,1.13E-05,-35.07159,9.27E-06,-6.51E-06
-36,108100000,2.27E-05,-35.73074,1.84E-05,-1.32E-05
-36,108125000,3.54E-05,-39.2701,2.74E-05,-2.24E-05
-36,108150000,5.30E-05,-41.04713,4.00E-05,-3.48E-05
-36,108175000,6.53E-05,-41.0551,4.92E-05,-4.29E-05
-36,108200000,8.52E-05,-41.51741,6.38E-05,-5.65E-05
-36,108225000,0.000103375,-41.33405,7.76E-05,-6.83E-05
-36,108250000,0.00011671,-42.0946,8.66E-05,-7.82E-05
-36,108275000,0.000127325,-41.93672,9.47E-05,-8.51E-05
-36,108300000,0.00013135,-41.85341,9.78E-05,-8.76E-05
-36,108325000,0.000149441,-42.21303,0.000110683,-0.000100407
-36,108350000,0.000164822,-42.3027,0.000121902,-0.000110933
-36,108375000,0.000158255,-42.62067,0.000116453,-0.000107161
-36,108400000,0.000166284,-42.49242,0.000122612,-0.000112323
-36,108425000,0.000166184,-42.21256,0.000123085,-0.000111656
-36,108450000,0.000171187,-42.61322,0.000125984,-0.000115902
-36,108475000,0.000166041,-42.594,0.000122234,-0.000112376
-36,108500000,0.000160651,-42.60719,0.000118241,-0.000108756
-36,108525000,0.000154369,-42.40965,0.000113977,-0.00010411
-36,108550000,0.000152333,-42.50101,0.00011231,-0.000102917
-36,108575000,0.00013804,-42.66233,0.000101509,-9.35E-05
-36,108600000,0.000141009,-42.72356,0.00010359,-9.57E-05
-36,108625000,0.000127386,-42.88085,9.33E-05,-8.67E-05
-36,108650000,0.000107133,-42.35376,7.92E-05,-7.22E-05
-36,108675000,9.46E-05,-43.11628,6.91E-05,-6.47E-05
-36,108700000,7.75E-05,-42.99163,5.67E-05,-5.28E-05
-36,108725000,6.91E-05,-42.35095,5.11E-05,-4.66E-05
-36,108750000,5.70E-05,-43.74593,4.12E-05,-3.94E-05
-36,108775000,5.07E-05,-43.98396,3.64E-05,-3.52E-05
-36,108800000,4.30E-05,-43.96774,3.09E-05,-2.98E-05
-36,108825000,4.40E-05,-43.7594,3.18E-05,-3.04E-05
-36,108850000,3.56E-05,-40.92164,2.69E-05,-2.33E-05
-36,108875000,2.28E-05,-43.13729,1.67E-05,-1.56E-05
-36,108900000,1.79E-05,-47.81934,1.20E-05,-1.32E-05
-36,108925000,1.08E-05,-43.99275,7.74E-06,-7.47E-06
-36,108950000,1.07E-05,-46.00861,7.43E-06,-7.69E-06
-36,108975000,5.29E-06,-45.61733,3.70E-06,-3.78E-06
-36,109000000,6.38E-07,-178.0931,-6.37E-07,-2.12E-08
-36,109025000,3.75E-06,146.6105,-3.13E-06,2.07E-06
-36,109050000,7.48E-06,144.954,-6.12E-06,4.30E-06
-36,109075000,9.50E-06,147.9576,-8.05E-06,5.04E-06
-36,109100000,1.18E-05,142.0836,-9.29E-06,7.24E-06
-36,109125000,1.18E-05,142.9629,-9.42E-06,7.11E-06
-36,109150000,1.37E-05,141.0179,-1.06E-05,8.60E-06
-36,109175000,1.40E-05,141.9613,-1.10E-05,8.62E-06
-36,109200000,1.51E-05,140.6794,-1.17E-05,9.55E-06
-36,109225000,1.58E-05,141.9322,-1.25E-05,9.77E-06
-36,109250000,1.53E-05,138.9093,-1.15E-05,1.00E-05
-36,109275000,1.55E-05,137.8042,-1.15E-05,1.04E-05
-36,109300000,1.59E-05,138.4005,-1.19E-05,1.05E-05
-36,109325000,1.60E-05,138.3941,-1.20E-05,1.06E-05
-36,109350000,1.56E-05,135.6272,-1.12E-05,1.09E-05
-36,109375000,1.62E-05,138.1035,-1.21E-05,1.08E-05
-36,109400000,1.36E-05,137.9597,-1.01E-05,9.10E-06
-36,109425000,1.36E-05,139.7247,-1.04E-05,8.79E-06
-36,109450000,1.42E-05,140.9741,-1.10E-05,8.94E-06
-36,109475000,1.32E-05,138.1676,-9.85E-06,8.82E-06
-36,109500000,1.39E-05,139.4133,-1.05E-05,9.03E-06
-36,109525000,1.42E-05,140.1054,-1.09E-05,9.12E-06
-36,109550000,1.40E-05,136.9274,-1.02E-05,9.57E-06
-36,109575000,1.31E-05,139.8211,-1.00E-05,8.45E-06
-36,109600000,1.22E-05,140.4037,-9.38E-06,7.76E-06
-36,109625000,1.17E-05,137.0051,-8.54E-06,7.96E-06
-36,109650000,1.01E-05,139.7847,-7.74E-06,6.55E-06
-36,109675000,1.02E-05,138.8471,-7.66E-06,6.69E-06
-36,109700000,9.53E-06,136.6072,-6.92E-06,6.55E-06
-36,109725000,9.15E-06,138.3847,-6.84E-06,6.08E-06
-36,109750000,9.52E-06,139.6566,-7.26E-06,6.17E-06
-36,109775000,9.58E-06,139.0852,-7.24E-06,6.28E-06
-36,109800000,9.16E-06,140.691,-7.09E-06,5.80E-06
-36,109825000,8.31E-06,138.1231,-6.19E-06,5.55E-06
-36,109850000,7.88E-06,141.5111,-6.17E-06,4.90E-06
-36,109875000,7.31E-06,134.6358,-5.14E-06,5.20E-06
-36,109900000,7.37E-06,141.21,-5.74E-06,4.62E-06
-36,109925000,7.22E-06,140.3415,-5.56E-06,4.61E-06
-36,109950000,7.06E-06,133.6709,-4.87E-06,5.10E-06
-36,109975000,6.45E-06,134.2654,-4.50E-06,4.62E-06
-36,110000000,6.28E-06,136.2996,-4.54E-06,4.34E-06
-36,110025000,6.06E-06,136.7498,-4.41E-06,4.15E-06
-36,110050000,4.77E-06,138.8172,-3.59E-06,3.14E-06
-36,110075000,4.17E-06,135.2337,-2.96E-06,2.94E-06
-36,110100000,4.02E-06,136.1367,-2.90E-06,2.79E-06
-36,110125000,4.55E-06,131.9914,-3.04E-06,3.38E-06
-36,110150000,4.13E-06,139.3154,-3.13E-06,2.69E-06
-36,110175000,3.63E-06,136.6385,-2.64E-06,2.50E-06
-36,110200000,3.72E-06,133.3784,-2.56E-06,2.71E-06
-36,110225000,4.33E-06,130.5014,-2.81E-06,3.29E-06
-36,110250000,4.29E-06,137.6285,-3.17E-06,2.89E-06
-36,110275000,2.82E-06,134.9563,-1.99E-06,1.99E-06
-36,110300000,2.74E-06,133.1936,-1.87E-06,2.00E-06
-36,110325000,3.64E-06,135.899,-2.61E-06,2.53E-06
-36,110350000,3.11E-06,148.071,-2.64E-06,1.64E-06
-36,110375000,3.13E-06,134.6359,-2.20E-06,2.23E-06
-36,110400000,2.45E-06,141.3539,-1.91E-06,1.53E-06
-36,110425000,2.11E-06,139.8886,-1.61E-06,1.36E-06
-36,110450000,2.18E-06,143.2602,-1.75E-06,1.31E-06
-36,110475000,2.65E-06,125.0373,-1.52E-06,2.17E-06
-36,110500000,2.62E-06,149.5254,-2.25E-06,1.33E-06
-36,110525000,1.82E-06,137.153,-1.33E-06,1.24E-06
-36,110550000,2.87E-06,121.8677,-1.52E-06,2.44E-06
-36,110575000,2.11E-06,148.5398,-1.80E-06,1.10E-06
-36,110600000,1.47E-06,124.8877,-8.39E-07,1.20E-06
-36,110625000,1.08E-06,147.195,-9.05E-07,5.83E-07
-36,110650000,1.38E-06,120.3091,-6.95E-07,1.19E-06
-36,110675000,9.61E-07,97.67232,-1.28E-07,9.52E-07
-36,110700000,7.69E-07,174.8023,-7.66E-07,6.97E-08
-36,110725000,7.84E-07,164.2508,-7.55E-07,2.13E-07
-36,110750000,4.33E-07,141.8771,-3.41E-07,2.67E-07
-36,110775000,5.52E-07,120.7662,-2.83E-07,4.75E-07
-36,110800000,9.48E-07,146.6897,-7.93E-07,5.21E-07
-36,110825000,8.66E-07,127.444,-5.26E-07,6.87E-07
-36,110850000,1.22E-06,50.97834,7.66E-07,9.45E-07
-36,110875000,8.50E-07,-152.8174,-7.56E-07,-3.88E-07
-36,110900000,9.27E-07,106.7028,-2.67E-07,8.88E-07
-36,110925000,6.68E-07,123.5609,-3.69E-07,5.57E-07
-36,110950000,7.80E-07,135.0444,-5.52E-07,5.51E-07
-36,110975000,6.57E-07,-7.11996,6.52E-07,-8.14E-08
-36,111000000,4.49E-07,70.24185,1.52E-07,4.23E-07
-40,106000000,1.10E-05,-36.65071,8.86E-06,-6.59E-06
-40,106025000,1.09E-05,-38.2941,8.57E-06,-6.77E-06
-40,106050000,1.20E-05,-36.59065,9.62E-06,-7.14E-06
-40,106075000,1.06E-05,-38.97403,8.24E-06,-6.67E-06
-40,106100000,9.41E-06,-36.89509,7.53E-06,-5.65E-06
-40,106125000,8.57E-06,-37.0167,6.84E-06,-5.16E-06
-40,106150000,7.96E-06,-37.22896,6.34E-06,-4.82E-06
-40,106175000,6.93E-06,-35.34849,5.65E-06,-4.01E-06
-40,106200000,6.24E-06,-39.03766,4.84E-06,-3.93E-06
-40,106225000,6.96E-06,-37.61633,5.52E-06,-4.25E-06
-40,106250000,6.36E-06,-40.61856,4.82E-06,-4.14E-06
-40,106275000,5.25E-06,-39.77477,4.03E-06,-3.36E-06
-40,106300000,4.20E-06,-31.05957,3.59E-06,-2.16E-06
-40,106325000,4.16E-06,-38.9115,3.23E-06,-2.61E-06
-40,106350000,2.42E-06,-32.15301,2.05E-06,-1.29E-06
-40,106375000,1.75E-06,-28.09074,1.55E-06,-8.25E-07
-40,106400000,1.55E-06,-42.34915,1.15E-06,-1.04E-06
-40,106425000,9.68E-07,-30.02443,8.38E-07,-4.84E-07
-40,106450000,4.42E-07,-82.56748,5.71E-08,-4.38E-07
-40,106475000,6.37E-07,131.5525,-4.22E-07,4.76E-07
-40,106500000,1.79E-06,145.2518,-1.47E-06,1.02E-06
-40,106525000,2.66E-06,134.3944,-1.86E-06,1.90E-06
-40,106550000,4.03E-06,143.7602,-3.25E-06,2.38E-06
-40,106575000,5.47E-06,143.5905,-4.40E-06,3.25E-06
-40,106600000,6.74E-06,144.9713,-5.52E-06,3.87E-06
-40,106625000,7.90E-06,146.1395,-6.56E-06,4.40E-06
-40,106650000,8.87E-06,144.0464,-7.18E-06,5.21E-06
-40,106675000,1.06E-05,144.3667,-8.63E-06,6.19E-06
-40,106700000,1.21E-05,139.8854,-9.22E-06,7.77E-06
-40,106725000,1.55E-05,143.4618,-1.25E-05,9.24E-06
-40,106750000,1.61E-05,141.1658,-1.25E-05,1.01E-05
-40,106775000,1.71E-05,143.7234,-1.38E-05,1.01E-05
-40,106800000,1.81E-05,141.0822,-1.41E-05,1.14E-05
-40,106825000,2.11E-05,142.0257,-1.67E-05,1.30E-05
-40,106850000,2.21E-05,140.9983,-1.72E-05,1.39E-05
-40,106875000,2.48E-05,142.5366,-1.97E-05,1.51E-05
-40,106900000,2.68E-05,143.2812,-2.15E-05,1.60E-05
-40,106925000,2.81E-05,141.9151,-2.21E-05,1.73E-05
-40,106950000,3.02E-05,140.8324,-2.34E-05,1.90E-05
-40,106975000,3.05E-05,142.3573,-2.41E-05,1.86E-05
-40,107000000,3.36E-05,142.6526,-2.67E-05,2.04E-05
-40,107025000,3.60E-05,142.5176,-2.86E-05,2.19E-05
-40,107050000,3.85E-05,143.3374,-3.09E-05,2.30E-05
-40,107075000,4.14E-05,142.6296,-3.29E-05,2.51E-05
-40,107100000,4.30E-05,141.871,-3.38E-05,2.66E-05
-40,107125000,4.34E-05,142.8795,-3.46E-05,2.62E-05
-40,107150000,4.52E-05,142.1697,-3.57E-05,2.77E-05
-40,107175000,4.82E-05,142.0894,-3.81E-05,2.96E-05
-40,107200000,4.97E-05,142.1671,-3.93E-05,3.05E-05
-40,107225000,5.38E-05,142.169,-4.25E-05,3.30E-05
-40,107250000,5.49E-05,141.2937,-4.28E-05,3.43E-05
-40,107275000,6.14E-05,142.1864,-4.85E-05,3.77E-05
-40,107300000,6.23E-05,142.5432,-4.94E-05,3.79E-05
-40,107325000,5.81E-05,142.5701,-4.61E-05,3.53E-05
-40,107350000,6.06E-05,142.7013,-4.82E-05,3.67E-05
-40,107375000,6.71E-05,143.0925,-5.37E-05,4.03E-05
-40,107400000,6.63E-05,142.9154,-5.29E-05,4.00E-05
-40,107425000,7.65E-05,142.2213,-6.05E-05,4.69E-05
-40,107450000,7.83E-05,142.174,-6.19E-05,4.80E-05
-40,107475000,7.87E-05,142.1267,-6.22E-05,4.83E-05
-40,107500000,8.34E-05,142.4037,-6.61E-05,5.09E-05
-40,107525000,8.71E-05,142.2421,-6.89E-05,5.34E-05
-40,107550000,9.04E-05,142.6301,-7.18E-05,5.48E-05
-40,107575000,9.09E-05,142.3838,-7.20E-05,5.55E-05
-40,107600000,8.93E-05,142.6142,-7.10E-05,5.42E-05
-40,107625000,8.96E-05,142.6109,-7.12E-05,5.44E-05
-40,107650000,7.99E-05,142.347,-6.32E-05,4.88E-05
-40,107675000,8.88E-05,142.1182,-7.01E-05,5.45E-05
-40,107700000,9.86E-05,142.5575,-7.83E-05,5.99E-05
-40,107725000,9.29E-05,142.3525,-7.36E-05,5.67E-05
-40,107750000,9.26E-05,142.8268,-7.38E-05,5.60E-05
-40,107775000,9.36E-05,141.8405,-7.36E-05,5.78E-05
-40,107800000,9.48E-05,141.8954,-7.46E-05,5.85E-05
-40,107825000,9.84E-05,142.4997,-7.81E-05,5.99E-05
-40,107850000,9.89E-05,142.1259,-7.81E-05,6.07E-05
-40,107875000,8.11E-05,142.0644,-6.40E-05,4.99E-05
-40,107900000,6.79E-05,141.7714,-5.33E-05,4.20E-05
-40,107925000,8.05E-05,141.6732,-6.32E-05,4.99E-05
-40,107950000,7.59E-05,141.8685,-5.97E-05,4.69E-05
-40,107975000,7.67E-05,141.7939,-6.03E-05,4.74E-05
-40,108000000,6.86E-05,141.4387,-5.36E-05,4.28E-05
-40,108025000,5.53E-05,140.8639,-4.29E-05,3.49E-05
-40,108050000,4.79E-05,141.5913,-3.75E-05,2.97E-05
-40,108075000,3.60E-05,140.2479,-2.77E-05,2.30E-05
-40,108100000,2.63E-05,139.4162,-1.99E-05,1.71E-05
-40,108125000,1.82E-05,134.4371,-1.28E-05,1.30E-05
-40,108150000,4.40E-06,109.3408,-1.46E-06,4.15E-06
-40,108175000,1.89E-05,-29.90769,1.64E-05,-9.42E-06
-40,108200000,3.81E-05,-33.11138,3.19E-05,-2.08E-05
-40,108225000,5.95E-05,-35.53169,4.84E-05,-3.46E-05
-40,108250000,8.34E-05,-34.9931,6.83E-05,-4.78E-05
-40,108275000,0.000100513,-35.76096,8.16E-05,-5.87E-05
-40,108300000,0.000127002,-36.24406,0.000102428,-7.51E-05
-40,108325000,0.000154968,-36.2677,0.000124944,-9.17E-05
-40,108350000,0.000174021,-35.95138,0.000140873,-0.000102167
-40,108375000,0.000189232,-36.2877,0.000152531,-0.000111995
-40,108400000,0.0002003,-36.42131,0.000161176,-0.000118922
-40,108425000,0.000215926,-36.23939,0.000174156,-0.000127647
-40,108450000,0.000237181,-36.31667,0.00019111,-0.00014047
-40,108475000,0.000251766,-36.20054,0.000203164,-0.000148696
-40,108500000,0.000253106,-36.46703,0.000203548,-0.000150436
-40,108525000,0.000234404,-36.52293,0.000188371,-0.000139504
-40,108550000,0.000202914,-36.62967,0.00016284,-0.000121067
-40,108575000,0.000189211,-36.81234,0.000151483,-0.000113374
-40,108600000,0.000188105,-36.74708,0.000150725,-0.00011254
-40,108625000,0.000193682,-36.41126,0.000155871,-0.000114965
-40,108650000,0.000190572,-36.92465,0.000152348,-0.000114489
-40,108675000,0.000172652,-36.51848,0.000138754,-0.000102742
-40,108700000,0.000157381,-36.59471,0.000126357,-9.38E-05
-40,108725000,0.000129103,-36.85302,0.000103306,-7.74E-05
-40,108750000,0.000122384,-36.9168,9.78E-05,-7.35E-05
-40,108775000,9.05E-05,-36.40924,7.28E-05,-5.37E-05
-40,108800000,7.71E-05,-37.22297,6.14E-05,-4.66E-05
-40,108825000,7.02E-05,-36.84463,5.62E-05,-4.21E-05
-40,108850000,6.42E-05,-37.435,5.10E-05,-3.90E-05
-40,108875000,5.61E-05,-37.93927,4.43E-05,-3.45E-05
-40,108900000,4.84E-05,-37.3504,3.85E-05,-2.94E-05
-40,108925000,3.71E-05,-38.08053,2.92E-05,-2.29E-05
-40,108950000,3.44E-05,-36.62265,2.76E-05,-2.05E-05
-40,108975000,2.67E-05,-36.91825,2.14E-05,-1.61E-05
-40,109000000,2.28E-05,-39.06665,1.77E-05,-1.43E-05
-40,109025000,1.86E-05,-38.01515,1.46E-05,-1.14E-05
-40,109050000,1.41E-05,-40.58644,1.07E-05,-9.18E-06
-40,109075000,6.29E-06,-43.45822,4.57E-06,-4.33E-06
-40,109100000,4.06E-06,-49.20393,2.65E-06,-3.07E-06
-40,109125000,8.93E-07,-172.8255,-8.86E-07,-1.12E-07
-40,109150000,2.93E-06,150.905,-2.56E-06,1.42E-06
-40,109175000,3.79E-06,154.4492,-3.42E-06,1.64E-06
-40,109200000,6.04E-06,140.6862,-4.68E-06,3.83E-06
-40,109225000,7.74E-06,150.0339,-6.71E-06,3.87E-06
-40,109250000,9.05E-06,149.9402,-7.83E-06,4.53E-06
-40,109275000,1.10E-05,146.4923,-9.17E-06,6.07E-06
-40,109300000,1.22E-05,143.0727,-9.75E-06,7.33E-06
-40,109325000,1.29E-05,148.3829,-1.10E-05,6.77E-06
-40,109350000,1.32E-05,146.5294,-1.10E-05,7.29E-06
-40,109375000,1.36E-05,142.5877,-1.08E-05,8.27E-06
-40,109400000,1.28E-05,145.645,-1.05E-05,7.20E-06
-40,109425000,1.47E-05,144.8805,-1.20E-05,8.45E-06
-40,109450000,1.40E-05,143.1841,-1.12E-05,8.40E-06
-40,109475000,1.47E-05,143.9583,-1.19E-05,8.65E-06
-40,109500000,1.55E-05,147.214,-1.30E-05,8.38E-06
-40,109525000,1.36E-05,145.4116,-1.12E-05,7.70E-06
-40,109550000,1.31E-05,144.4782,-1.07E-05,7.63E-06
-40,109575000,1.49E-05,142.8539,-1.19E-05,9.00E-06
-40,109600000,1.37E-05,143.9938,-1.11E-05,8.07E-06
-40,109625000,1.37E-05,145.7083,-1.13E-05,7.74E-06
-40,109650000,1.30E-05,146.7511,-1.09E-05,7.11E-06
-40,109675000,1.23E-05,143.0876,-9.85E-06,7.40E-06
-40,109700000,1.24E-05,148.3932,-1.05E-05,6.49E-06
-40,109725000,1.27E-05,145.1571,-1.04E-05,7.25E-06
-40,109750000,1.20E-05,142.5557,-9.49E-06,7.27E-06
-40,109775000,1.16E-05,145.2807,-9.50E-06,6.59E-06
-40,109800000,1.14E-05,145.2758,-9.35E-06,6.48E-06
-40,109825000,1.06E-05,142.9773,-8.50E-06,6.41E-06
-40,109850000,1.08E-05,145.3654,-8.90E-06,6.14E-06
-40,109875000,1.12E-05,144.3375,-9.06E-06,6.50E-06
-40,109900000,1.06E-05,146.2529,-8.83E-06,5.90E-06
-40,109925000,1.11E-05,145.9154,-9.16E-06,6.20E-06
-40,109950000,1.02E-05,143.2835,-8.21E-06,6.12E-06
-40,109975000,9.43E-06,141.6698,-7.40E-06,5.85E-06
-40,110000000,9.86E-06,143.5403,-7.93E-06,5.86E-06
-40,110025000,8.60E-06,145.3092,-7.07E-06,4.89E-06
-40,110050000,8.05E-06,145.5347,-6.64E-06,4.56E-06
-40,110075000,8.10E-06,140.969,-6.29E-06,5.10E-06
-40,110100000,6.88E-06,147.0331,-5.77E-06,3.74E-06
-40,110125000,5.86E-06,141.9599,-4.61E-06,3.61E-06
-40,110150000,6.71E-06,144.9251,-5.49E-06,3.85E-06
-40,110175000,7.16E-06,148.1258,-6.08E-06,3.78E-06
-40,110200000,5.81E-06,141.6742,-4.56E-06,3.60E-06
-40,110225000,6.41E-06,146.9845,-5.37E-06,3.49E-06
-40,110250000,6.25E-06,142.5975,-4.96E-06,3.80E-06
-40,110275000,4.60E-06,143.7353,-3.71E-06,2.72E-06
-40,110300000,5.21E-06,140.3498,-4.01E-06,3.32E-06
-40,110325000,4.77E-06,138.161,-3.55E-06,3.18E-06
-40,110350000,3.47E-06,140.4917,-2.68E-06,2.21E-06
-40,110375000,3.97E-06,141.8661,-3.12E-06,2.45E-06
-40,110400000,3.47E-06,147.7578,-2.94E-06,1.85E-06
-40,110425000,3.15E-06,144.8938,-2.57E-06,1.81E-06
-40,110450000,4.04E-06,151.116,-3.54E-06,1.95E-06
-40,110475000,3.64E-06,139.5848,-2.77E-06,2.36E-06
-40,110500000,3.78E-06,131.0142,-2.48E-06,2.85E-06
-40,110525000,2.92E-06,137.9415,-2.17E-06,1.96E-06
-40,110550000,2.88E-06,158.3145,-2.68E-06,1.06E-06
-40,110575000,2.16E-06,160.5404,-2.04E-06,7.19E-07
-40,110600000,2.09E-06,150.6206,-1.82E-06,1.03E-06
-40,110625000,1.80E-06,135.6887,-1.29E-06,1.26E-06
-40,110650000,2.19E-06,139.3555,-1.66E-06,1.42E-06
-40,110675000,2.01E-06,145.9022,-1.67E-06,1.13E-06
-40,110700000,1.54E-06,147.7641,-1.30E-06,8.20E-07
-40,110725000,1.19E-06,149.1104,-1.02E-06,6.11E-07
-40,110750000,2.03E-06,130.6247,-1.32E-06,1.54E-06
-40,110775000,2.19E-06,136.1439,-1.58E-06,1.52E-06
-40,110800000,7.51E-07,171.5189,-7.43E-07,1.11E-07
-40,110825000,1.16E-06,114.7453,-4.84E-07,1.05E-06
-40,110850000,1.26E-06,144.7241,-1.03E-06,7.29E-07
-40,110875000,9.02E-07,120.9997,-4.65E-07,7.73E-07
-40,110900000,3.93E-07,138.4255,-2.94E-07,2.61E-07
-40,110925000,6.12E-07,154.8705,-5.54E-07,2.60E-07
-40,110950000,2.86E-07,155.3831,-2.60E-07,1.19E-07
-40,110975000,4.62E-07,145.071,-3.79E-07,2.65E-07
-40,111000000,2.63E-07,7.290442,2.61E-07,3.34E-08
-44,106000000,1.45E-05,-33.92874,1.20E-05,-8.09E-06
-44,106025000,1.50E-05,-30.90312,1.28E-05,-7.69E-06
-44,106050000,1.60E-05,-32.87813,1.34E-05,-8.68E-06
-44,106075000,1.51E-05,-33.85539,1.25E-05,-8.40E-06
-44,106100000,1.60E-05,-32.57454,1.35E-05,-8.60E-06
-44,106125000,1.63E-05,-31.97189,1.38E-05,-8.63E-06
-44,106150000,1.57E-05,-33.04668,1.32E-05,-8.58E-06
-44,106175000,1.61E-05,-28.0442,1.43E-05,-7.59E-06
-44,106200000,1.58E-05,-31.89294,1.34E-05,-8.32E-06
-44,106225000,1.64E-05,-31.12273,1.41E-05,-8.49E-06
-44,106250000,1.59E-05,-32.16755,1.34E-05,-8.45E-06
-44,106275000,1.68E-05,-33.01421,1.41E-05,-9.16E-06
-44,106300000,1.50E-05,-33.42214,1.25E-05,-8.26E-06
-44,106325000,1.68E-05,-32.2995,1.42E-05,-8.99E-06
-44,106350000,1.56E-05,-31.08883,1.34E-05,-8.08E-06
-44,106375000,1.58E-05,-31.59914,1.35E-05,-8.28E-06
-44,106400000,1.41E-05,-33.06184,1.18E-05,-7.68E-06
-44,106425000,1.39E-05,-29.84138,1.20E-05,-6.91E-06
-44,106450000,1.29E-05,-31.72117,1.10E-05,-6.77E-06
-44,106475000,1.27E-05,-31.69616,1.08E-05,-6.67E-06
-44,106500000,1.23E-05,-35.09834,1.01E-05,-7.10E-06
-44,106525000,1.15E-05,-29.60923,9.99E-06,-5.68E-06
-44,106550000,9.43E-06,-33.20381,7.89E-06,-5.16E-06
-44,106575000,8.87E-06,-33.91369,7.36E-06,-4.95E-06
-44,106600000,8.29E-06,-31.64848,7.06E-06,-4.35E-06
-44,106625000,7.62E-06,-35.2119,6.22E-06,-4.39E-06
-44,106650000,6.12E-06,-34.98675,5.02E-06,-3.51E-06
-44,106675000,6.62E-06,-31.97367,5.61E-06,-3.50E-06
-44,106700000,3.75E-06,-29.74075,3.25E-06,-1.86E-06
-44,106725000,3.19E-06,-26.42803,2.86E-06,-1.42E-06
-44,106750000,1.72E-06,-38.27682,1.35E-06,-1.07E-06
-44,106775000,5.21E-07,-137.0094,-3.81E-07,-3.55E-07
-44,106800000,2.21E-06,-176.2356,-2.21E-06,-1.45E-07
-44,106825000,3.71E-06,152.7808,-3.30E-06,1.70E-06
-44,106850000,4.84E-06,142.9809,-3.86E-06,2.91E-06
-44,106875000,6.76E-06,145.917,-5.60E-06,3.79E-06
-44,106900000,8.33E-06,146.434,-6.95E-06,4.61E-06
-44,106925000,1.01E-05,146.2956,-8.41E-06,5.61E-06
-44,106950000,1.28E-05,149.314,-1.10E-05,6.52E-06
-44,106975000,1.55E-05,150.2157,-1.34E-05,7.69E-06
-44,107000000,1.67E-05,149.9395,-1.45E-05,8.39E-06
-44,107025000,1.92E-05,147.0547,-1.61E-05,1.05E-05
-44,107050000,2.38E-05,147.4639,-2.00E-05,1.28E-05
-44,107075000,2.68E-05,149.3226,-2.30E-05,1.37E-05
-44,107100000,2.95E-05,147.6661,-2.49E-05,1.58E-05
-44,107125000,2.95E-05,148.1716,-2.51E-05,1.56E-05
-44,107150000,3.44E-05,148.9482,-2.95E-05,1.78E-05
-44,107175000,3.54E-05,148.856,-3.03E-05,1.83E-05
-44,107200000,3.89E-05,148.244,-3.31E-05,2.05E-05
-44,107225000,4.26E-05,148.1587,-3.62E-05,2.25E-05
-44,107250000,4.72E-05,148.5054,-4.03E-05,2.47E-05
-44,107275000,5.04E-05,148.4908,-4.30E-05,2.63E-05
-44,107300000,5.43E-05,148.4752,-4.63E-05,2.84E-05
-44,107325000,5.56E-05,148.1756,-4.72E-05,2.93E-05
-44,107350000,6.07E-05,148.6967,-5.18E-05,3.15E-05
-44,107375000,6.83E-05,148.9054,-5.85E-05,3.53E-05
-44,107400000,7.07E-05,147.9196,-5.99E-05,3.75E-05
-44,107425000,7.43E-05,148.5405,-6.34E-05,3.88E-05
-44,107450000,8.14E-05,148.6583,-6.95E-05,4.23E-05
-44,107475000,8.34E-05,148.5208,-7.12E-05,4.36E-05
-44,107500000,8.47E-05,148.6639,-7.23E-05,4.40E-05
-44,107525000,8.76E-05,148.1862,-7.44E-05,4.62E-05
-44,107550000,9.35E-05,148.4725,-7.97E-05,4.89E-05
-44,107575000,0.000104395,148.4015,-8.89E-05,5.47E-05
-44,107600000,9.87E-05,148.3174,-8.40E-05,5.18E-05
-44,107625000,9.30E-05,148.209,-7.90E-05,4.90E-05
-44,107650000,0.000114789,148.1868,-9.75E-05,6.05E-05
-44,107675000,0.000129935,148.5844,-0.000110888,6.77E-05
-44,107700000,0.00013623,148.5209,-0.000116181,7.11E-05
-44,107725000,0.000139355,148.4202,-0.000118718,7.30E-05
-44,107750000,0.000133366,148.5032,-0.000113717,6.97E-05
-44,107775000,0.000129521,148.3833,-0.000110297,6.79E-05
-44,107800000,0.000133761,148.313,-0.000113822,7.03E-05
-44,107825000,0.00015209,148.3699,-0.000129498,7.98E-05
-44,107850000,0.000160549,148.5624,-0.000136982,8.37E-05
-44,107875000,0.000144966,148.1766,-0.000123175,7.64E-05
-44,107900000,0.000146961,148.3642,-0.000125122,7.71E-05
-44,107925000,0.000144291,148.5504,-0.000123094,7.53E-05
-44,107950000,0.000139837,147.9763,-0.000118557,7.42E-05
-44,107975000,0.000136886,148.5156,-0.000116734,7.15E-05
-44,108000000,0.000137364,148.2246,-0.000116775,7.23E-05
-44,108025000,0.000150581,148.4635,-0.000128341,7.88E-05
-44,108050000,0.000137569,147.936,-0.000116584,7.30E-05
-44,108075000,0.000122489,148.367,-0.00010429,6.42E-05
-44,108100000,0.000115824,148.1553,-9.84E-05,6.11E-05
-44,108125000,9.81E-05,147.7045,-8.29E-05,5.24E-05
-44,108150000,8.47E-05,147.6093,-7.15E-05,4.54E-05
-44,108175000,7.57E-05,146.9117,-6.34E-05,4.13E-05
-44,108200000,4.77E-05,146.2999,-3.97E-05,2.65E-05
-44,108225000,2.29E-05,145.2658,-1.89E-05,1.31E-05
-44,108250000,3.53E-06,30.93581,3.03E-06,1.82E-06
-44,108275000,3.08E-05,-26.54469,2.75E-05,-1.38E-05
-44,108300000,5.60E-05,-27.74938,4.95E-05,-2.61E-05
-44,108325000,8.43E-05,-29.11277,7.36E-05,-4.10E-05
-44,108350000,0.000116904,-29.31277,0.000101936,-5.72E-05
-44,108375000,0.000148152,-29.91275,0.000128416,-7.39E-05
-44,108400000,0.000178104,-29.9952,0.00015425,-8.90E-05
-44,108425000,0.000195146,-30.32834,0.000168439,-9.85E-05
-44,108450000,0.000221262,-30.19523,0.00019124,-0.000111283
-44,108475000,0.000233682,-30.42418,0.000201504,-0.000118336
-44,108500000,0.000244817,-30.52118,0.000210896,-0.000124332
-44,108525000,0.000233509,-30.51891,0.000201159,-0.000118581
-44,108550000,0.000243178,-30.68698,0.000209125,-0.000124105
-44,108575000,0.000252715,-30.47631,0.0002178,-0.000128173
-44,108600000,0.000255513,-30.39857,0.000220386,-0.000129292
-44,108625000,0.000262317,-30.60167,0.000225783,-0.000133537
-44,108650000,0.000235283,-30.7485,0.000202207,-0.000120293
-44,108675000,0.000215067,-30.71192,0.000184903,-0.000109839
-44,108700000,0.000206308,-30.67993,0.000177431,-0.000105267
-44,108725000,0.000186335,-30.61476,0.000160361,-9.49E-05
-44,108750000,0.000166632,-30.93975,0.000142921,-8.57E-05
-44,108775000,0.000156639,-30.20297,0.000135375,-7.88E-05
-44,108800000,0.00015198,-30.92806,0.00013037,-7.81E-05
-44,108825000,0.000126902,-30.84529,0.000108952,-6.51E-05
-44,108850000,0.00011562,-30.73365,9.94E-05,-5.91E-05
-44,108875000,0.000105523,-31.33579,9.01E-05,-5.49E-05
-44,108900000,0.000104887,-31.61544,8.93E-05,-5.50E-05
-44,108925000,8.98E-05,-31.05603,7.69E-05,-4.63E-05
-44,108950000,8.33E-05,-30.85988,7.15E-05,-4.27E-05
-44,108975000,6.57E-05,-30.3376,5.67E-05,-3.32E-05
-44,109000000,4.98E-05,-31.79369,4.24E-05,-2.63E-05
-44,109025000,3.98E-05,-31.52868,3.39E-05,-2.08E-05
-44,109050000,3.52E-05,-32.8167,2.96E-05,-1.91E-05
-44,109075000,3.13E-05,-32.30799,2.64E-05,-1.67E-05
-44,109100000,2.42E-05,-32.43658,2.05E-05,-1.30E-05
-44,109125000,1.96E-05,-31.79215,1.67E-05,-1.03E-05
-44,109150000,1.63E-05,-30.66183,1.40E-05,-8.32E-06
-44,109175000,1.58E-05,-33.78137,1.32E-05,-8.80E-06
-44,109200000,1.03E-05,-32.2048,8.73E-06,-5.50E-06
-44,109225000,6.11E-06,-31.37194,5.22E-06,-3.18E-06
-44,109250000,1.71E-06,-61.2002,8.24E-07,-1.50E-06
-44,109275000,9.37E-07,-116.2469,-4.14E-07,-8.41E-07
-44,109300000,2.63E-06,-179.9266,-2.63E-06,-3.37E-09
-44,109325000,2.59E-06,170.8345,-2.55E-06,4.12E-07
-44,109350000,4.94E-06,150.2649,-4.29E-06,2.45E-06
-44,109375000,7.19E-06,156.4129,-6.59E-06,2.88E-06
-44,109400000,8.48E-06,148.9425,-7.27E-06,4.38E-06
-44,109425000,9.19E-06,150.8872,-8.03E-06,4.47E-06
-44,109450000,9.72E-06,155.3118,-8.84E-06,4.06E-06
-44,109475000,1.08E-05,151.6309,-9.51E-06,5.13E-06
-44,109500000,1.22E-05,150.8239,-1.07E-05,5.95E-06
-44,109525000,1.21E-05,149.8801,-1.05E-05,6.08E-06
-44,109550000,1.29E-05,150.0002,-1.11E-05,6.43E-06
-44,109575000,1.28E-05,149.0569,-1.10E-05,6.58E-06
-44,109600000,1.33E-05,150.7055,-1.16E-05,6.53E-06
-44,109625000,1.40E-05,150.6368,-1.22E-05,6.87E-06
-44,109650000,1.28E-05,150.248,-1.11E-05,6.35E-06
-44,109675000,1.31E-05,151.0087,-1.15E-05,6.35E-06
-44,109700000,1.22E-05,150.7605,-1.06E-05,5.94E-06
-44,109725000,1.27E-05,150.8257,-1.11E-05,6.19E-06
-44,109750000,1.33E-05,150.6403,-1.16E-05,6.51E-06
-44,109775000,1.30E-05,149.5854,-1.12E-05,6.56E-06
-44,109800000,1.21E-05,149.6925,-1.05E-05,6.12E-06
-44,109825000,1.18E-05,151.3804,-1.04E-05,5.67E-06
-44,109850000,1.16E-05,150.0375,-1.01E-05,5.80E-06
-44,109875000,1.17E-05,151.4156,-1.03E-05,5.59E-06
-44,109900000,1.13E-05,152.6426,-1.01E-05,5.21E-06
-44,109925000,1.07E-05,149.6758,-9.26E-06,5.42E-06
-44,109950000,1.06E-05,150.2776,-9.22E-06,5.26E-06
-44,109975000,1.16E-05,148.6977,-9.90E-06,6.02E-06
-44,110000000,1.09E-05,149.9173,-9.43E-06,5.46E-06
-44,110025000,9.51E-06,152.2217,-8.42E-06,4.43E-06
-44,110050000,7.89E-06,150.5477,-6.87E-06,3.88E-06
-44,110075000,8.02E-06,149.8613,-6.94E-06,4.03E-06
-44,110100000,9.05E-06,147.1287,-7.60E-06,4.91E-06
-44,110125000,1.04E-05,155.0268,-9.44E-06,4.40E-06
-44,110150000,9.64E-06,150.7984,-8.41E-06,4.70E-06
-44,110175000,8.48E-06,152.2738,-7.51E-06,3.95E-06
-44,110200000,7.41E-06,153.8886,-6.65E-06,3.26E-06
-44,110225000,6.54E-06,147.9049,-5.54E-06,3.48E-06
-44,110250000,6.30E-06,150.1656,-5.46E-06,3.13E-06
-44,110275000,7.31E-06,145.4774,-6.02E-06,4.14E-06
-44,110300000,6.79E-06,152.4462,-6.02E-06,3.14E-06
-44,110325000,5.61E-06,143.2029,-4.49E-06,3.36E-06
-44,110350000,5.11E-06,150.803,-4.46E-06,2.49E-06
-44,110375000,4.92E-06,149.2387,-4.23E-06,2.51E-06
-44,110400000,4.68E-06,141.3492,-3.66E-06,2.92E-06
-44,110425000,6.04E-06,150.2523,-5.24E-06,3.00E-06
-44,110450000,4.46E-06,151.0698,-3.90E-06,2.16E-06
-44,110475000,4.80E-06,140.6563,-3.71E-06,3.04E-06
-44,110500000,4.71E-06,148.882,-4.03E-06,2.43E-06
-44,110525000,4.76E-06,147.1217,-4.00E-06,2.58E-06
-44,110550000,4.09E-06,149.2669,-3.51E-06,2.09E-06
-44,110575000,4.10E-06,146.5716,-3.42E-06,2.26E-06
-44,110600000,4.79E-06,148.2519,-4.07E-06,2.52E-06
-44,110625000,3.74E-06,141.5779,-2.93E-06,2.33E-06
-44,110650000,3.65E-06,142.2364,-2.89E-06,2.24E-06
-44,110675000,3.52E-06,153.684,-3.15E-06,1.56E-06
-44,110700000,3.81E-06,162.3769,-3.64E-06,1.15E-06
-44,110725000,2.96E-06,152.7549,-2.64E-06,1.36E-06
-44,110750000,2.10E-06,153.7031,-1.89E-06,9.32E-07
-44,110775000,3.41E-06,148.6436,-2.91E-06,1.77E-06
-44,110800000,3.13E-06,140.0678,-2.40E-06,2.01E-06
-44,110825000,1.81E-06,147.9175,-1.53E-06,9.60E-07
-44,110850000,2.46E-06,144.9812,-2.01E-06,1.41E-06
-44,110875000,2.15E-06,145.0954,-1.76E-06,1.23E-06
-44,110900000,1.85E-06,163.7049,-1.77E-06,5.19E-07
-44,110925000,2.04E-06,144.7567,-1.67E-06,1.18E-06
-44,110950000,2.36E-06,140.8532,-1.83E-06,1.49E-06
-44,110975000,2.05E-06,174.8799,-2.04E-06,1.83E-07
-44,111000000,2.04E-06,156.4744,-1.87E-06,8.15E-07
-48,106000000,1.40E-05,-24.6902,1.27E-05,-5.85E-06
-48,106025000,1.46E-05,-25.50992,1.31E-05,-6.27E-06
-48,106050000,1.46E-05,-25.85069,1.31E-05,-6.37E-06
-48,106075000,1.46E-05,-25.75796,1.31E-05,-6.33E-06
-48,106100000,1.48E-05,-26.83035,1.32E-05,-6.69E-06
-48,106125000,1.66E-05,-28.06738,1.46E-05,-7.80E-06
-48,106150000,1.89E-05,-26.9092,1.68E-05,-8.55E-06
-48,106175000,1.90E-05,-27.39321,1.68E-05,-8.72E-06
-48,106200000,1.84E-05,-28.25022,1.62E-05,-8.70E-06
-48,106225000,1.76E-05,-29.01439,1.54E-05,-8.55E-06
-48,106250000,1.79E-05,-25.43768,1.61E-05,-7.67E-06
-48,106275000,1.64E-05,-25.9796,1.47E-05,-7.18E-06
-48,106300000,1.79E-05,-29.16782,1.56E-05,-8.72E-06
-48,106325000,2.07E-05,-26.93975,1.85E-05,-9.38E-06
-48,106350000,2.18E-05,-28.1671,1.93E-05,-1.03E-05
-48,106375000,2.12E-05,-27.03282,1.89E-05,-9.63E-06
-48,106400000,1.90E-05,-26.09175,1.70E-05,-8.35E-06
-48,106425000,1.82E-05,-28.56515,1.60E-05,-8.72E-06
-48,106450000,2.04E-05,-27.86147,1.80E-05,-9.54E-06
-48,106475000,2.11E-05,-27.40421,1.88E-05,-9.73E-06
-48,106500000,2.21E-05,-28.38254,1.95E-05,-1.05E-05
-48,106525000,1.98E-05,-27.09055,1.76E-05,-9.00E-06
-48,106550000,1.81E-05,-26.12417,1.63E-05,-7.98E-06
-48,106575000,1.96E-05,-25.52816,1.77E-05,-8.47E-06
-48,106600000,2.16E-05,-24.08822,1.97E-05,-8.81E-06
-48,106625000,2.09E-05,-26.18216,1.87E-05,-9.21E-06
-48,106650000,1.86E-05,-25.55959,1.67E-05,-8.01E-06
-48,106675000,1.94E-05,-28.01827,1.71E-05,-9.09E-06
-48,106700000,1.97E-05,-26.70662,1.76E-05,-8.84E-06
-48,106725000,2.02E-05,-26.24949,1.81E-05,-8.91E-06
-48,106750000,2.08E-05,-26.31773,1.86E-05,-9.22E-06
-48,106775000,1.88E-05,-25.58849,1.69E-05,-8.11E-06
-48,106800000,1.67E-05,-28.43684,1.47E-05,-7.97E-06
-48,106825000,1.52E-05,-28.36951,1.34E-05,-7.24E-06
-48,106850000,1.37E-05,-24.2432,1.25E-05,-5.64E-06
-48,106875000,1.27E-05,-24.89806,1.15E-05,-5.34E-06
-48,106900000,1.17E-05,-22.44254,1.08E-05,-4.46E-06
-48,106925000,1.27E-05,-26.71147,1.14E-05,-5.72E-06
-48,106950000,8.79E-06,-28.60588,7.71E-06,-4.21E-06
-48,106975000,5.98E-06,-16.80655,5.72E-06,-1.73E-06
-48,107000000,5.72E-06,-25.79377,5.15E-06,-2.49E-06
-48,107025000,3.76E-06,-26.28312,3.37E-06,-1.66E-06
-48,107050000,2.57E-06,-28.1866,2.26E-06,-1.21E-06
-48,107075000,2.53E-07,-133.5403,-1.74E-07,-1.84E-07
-48,107100000,2.99E-06,160.8538,-2.83E-06,9.81E-07
-48,107125000,4.72E-06,162.2863,-4.50E-06,1.44E-06
-48,107150000,8.86E-06,159.6974,-8.31E-06,3.07E-06
-48,107175000,1.19E-05,156.4016,-1.09E-05,4.78E-06
-48,107200000,1.37E-05,154.0192,-1.23E-05,6.00E-06
-48,107225000,1.82E-05,154.656,-1.65E-05,7.80E-06
-48,107250000,2.09E-05,154.3243,-1.89E-05,9.06E-06
-48,107275000,2.43E-05,155.2664,-2.21E-05,1.02E-05
-48,107300000,2.79E-05,154.3663,-2.51E-05,1.21E-05
-48,107325000,3.49E-05,154.2875,-3.15E-05,1.52E-05
-48,107350000,3.80E-05,154.9223,-3.45E-05,1.61E-05
-48,107375000,4.11E-05,154.2735,-3.71E-05,1.79E-05
-48,107400000,4.35E-05,155.2247,-3.95E-05,1.82E-05
-48,107425000,4.90E-05,154.0934,-4.40E-05,2.14E-05
-48,107450000,5.55E-05,153.5323,-4.96E-05,2.47E-05
-48,107475000,6.21E-05,154.5818,-5.60E-05,2.66E-05
-48,107500000,7.11E-05,154.833,-6.44E-05,3.03E-05
-48,107525000,7.56E-05,154.3363,-6.82E-05,3.28E-05
-48,107550000,8.57E-05,154.1247,-7.71E-05,3.74E-05
-48,107575000,9.04E-05,154.4508,-8.16E-05,3.90E-05
-48,107600000,9.01E-05,154.4341,-8.12E-05,3.89E-05
-48,107625000,8.91E-05,154.3082,-8.03E-05,3.86E-05
-48,107650000,9.78E-05,154.384,-8.82E-05,4.23E-05
-48,107675000,0.000103573,154.3375,-9.34E-05,4.49E-05
-48,107700000,0.000115865,154.5933,-0.00010466,4.97E-05
-48,107725000,0.000137693,154.8564,-0.000124646,5.85E-05
-48,107750000,0.000150507,154.7421,-0.000136118,6.42E-05
-48,107775000,0.000154511,154.6327,-0.000139613,6.62E-05
-48,107800000,0.000166116,154.826,-0.000150338,7.07E-05
-48,107825000,0.000174081,154.5575,-0.000157198,7.48E-05
-48,107850000,0.000156001,154.4906,-0.000140794,6.72E-05
-48,107875000,0.000155574,154.4273,-0.000140334,6.72E-05
-48,107900000,0.000175076,154.4688,-0.00015798,7.55E-05
-48,107925000,0.000203153,154.5027,-0.000183367,8.75E-05
-48,107950000,0.000206163,154.4479,-0.000185999,8.89E-05
-48,107975000,0.000222032,154.4493,-0.000200318,9.58E-05
-48,108000000,0.000228782,154.5165,-0.000206523,9.84E-05
-48,108025000,0.00021282,154.2827,-0.000191739,9.23E-05
-48,108050000,0.000196982,154.2894,-0.00017748,8.55E-05
-48,108075000,0.000199694,153.9803,-0.000179454,8.76E-05
-48,108100000,0.000197273,154.2012,-0.00017761,8.59E-05
-48,108125000,0.00020507,154.0716,-0.000184428,8.97E-05
-48,108150000,0.000220073,154.2899,-0.000198286,9.55E-05
-48,108175000,0.000196633,154.1598,-0.000176972,8.57E-05
-48,108200000,0.000163112,153.9713,-0.000146568,7.16E-05
-48,108225000,0.000165296,154.2482,-0.00014888,7.18E-05
-48,108250000,0.000148071,153.8273,-0.000132889,6.53E-05
-48,108275000,9.84E-05,152.7643,-8.75E-05,4.50E-05
-48,108300000,6.55E-05,151.4237,-5.76E-05,3.13E-05
-48,108325000,4.73E-05,151.8044,-4.17E-05,2.23E-05
-48,108350000,9.28E-06,131.0704,-6.10E-06,7.00E-06
-48,108375000,3.49E-05,-19.53939,3.29E-05,-1.17E-05
-48,108400000,6.87E-05,-22.41474,6.35E-05,-2.62E-05
-48,108425000,0.000106547,-23.43559,9.78E-05,-4.24E-05
-48,108450000,0.000136666,-24.27379,0.000124584,-5.62E-05
-48,108475000,0.000165499,-23.98044,0.000151214,-6.73E-05
-48,108500000,0.000193081,-24.05436,0.000176313,-7.87E-05
-48,108525000,0.00021494,-24.35064,0.000195819,-8.86E-05
-48,108550000,0.000238991,-24.43503,0.000217585,-9.89E-05
-48,108575000,0.000236886,-24.32326,0.000215859,-9.76E-05
-48,108600000,0.000243269,-24.70825,0.000220997,-0.000101686
-48,108625000,0.000253156,-24.81214,0.000229787,-0.000106236
-48,108650000,0.000252844,-24.796,0.000229533,-0.00010604
-48,108675000,0.000256939,-24.47485,0.000233851,-0.000106448
-48,108700000,0.000271386,-24.29668,0.000247348,-0.000111665
-48,108725000,0.000237625,-24.69617,0.000215891,-9.93E-05
-48,108750000,0.000210718,-24.70091,0.000191437,-8.81E-05
-48,108775000,0.000200238,-24.60859,0.000182051,-8.34E-05
-48,108800000,0.000189043,-25.10597,0.000171183,-8.02E-05
-48,108825000,0.000166295,-24.79213,0.000150969,-6.97E-05
-48,108850000,0.000155705,-24.71794,0.000141438,-6.51E-05
-48,108875000,0.000144314,-25.10161,0.000130684,-6.12E-05
-48,108900000,0.000123774,-24.86774,0.000112297,-5.20E-05
-48,108925000,0.000128796,-25.06946,0.000116663,-5.46E-05
-48,108950000,0.000115078,-25.18018,0.000104143,-4.90E-05
-48,108975000,9.82E-05,-24.64259,8.93E-05,-4.10E-05
-48,109000000,9.93E-05,-24.91254,9.00E-05,-4.18E-05
-48,109025000,8.69E-05,-25.23673,7.86E-05,-3.71E-05
-48,109050000,6.82E-05,-25.50473,6.16E-05,-2.94E-05
-48,109075000,6.09E-05,-25.27425,5.51E-05,-2.60E-05
-48,109100000,4.87E-05,-24.74699,4.43E-05,-2.04E-05
-48,109125000,4.41E-05,-24.91526,4.00E-05,-1.86E-05
-48,109150000,4.00E-05,-25.36349,3.62E-05,-1.71E-05
-48,109175000,3.21E-05,-24.5572,2.92E-05,-1.33E-05
-48,109200000,3.22E-05,-25.37021,2.91E-05,-1.38E-05
-48,109225000,2.68E-05,-26.45413,2.40E-05,-1.19E-05
-48,109250000,1.87E-05,-23.98649,1.70E-05,-7.59E-06
-48,109275000,1.33E-05,-28.69265,1.16E-05,-6.38E-06
-48,109300000,1.04E-05,-29.86715,9.04E-06,-5.19E-06
-48,109325000,8.40E-06,-24.20631,7.66E-06,-3.44E-06
-48,109350000,7.54E-06,-26.38094,6.75E-06,-3.35E-06
-48,109375000,4.05E-06,-30.49009,3.49E-06,-2.05E-06
-48,109400000,1.84E-06,-25.01624,1.66E-06,-7.76E-07
-48,109425000,4.93E-07,146.4358,-4.11E-07,2.73E-07
-48,109450000,3.05E-06,174.4896,-3.04E-06,2.93E-07
-48,109475000,3.72E-06,158.663,-3.46E-06,1.35E-06
-48,109500000,5.00E-06,160.6049,-4.71E-06,1.66E-06
-48,109525000,5.48E-06,164.2729,-5.27E-06,1.48E-06
-48,109550000,6.82E-06,161.7113,-6.48E-06,2.14E-06
-48,109575000,7.78E-06,154.7504,-7.04E-06,3.32E-06
-48,109600000,8.37E-06,156.0869,-7.66E-06,3.39E-06
-48,109625000,9.22E-06,156.1334,-8.43E-06,3.73E-06
-48,109650000,9.40E-06,157.0645,-8.65E-06,3.66E-06
-48,109675000,9.06E-06,157.6491,-8.38E-06,3.45E-06
-48,109700000,1.01E-05,156.1038,-9.22E-06,4.08E-06
-48,109725000,1.19E-05,151.6674,-1.04E-05,5.63E-06
-48,109750000,1.14E-05,156.7777,-1.05E-05,4.49E-06
-48,109775000,1.19E-05,155.1751,-1.08E-05,4.99E-06
-48,109800000,1.27E-05,156.1476,-1.16E-05,5.13E-06
-48,109825000,1.24E-05,155.219,-1.13E-05,5.20E-06
-48,109850000,1.27E-05,155.7014,-1.16E-05,5.23E-06
-48,109875000,1.18E-05,158.4164,-1.10E-05,4.34E-06
-48,109900000,1.21E-05,156.1804,-1.11E-05,4.89E-06
-48,109925000,1.13E-05,153.5833,-1.02E-05,5.05E-06
-48,109950000,1.26E-05,155.8737,-1.15E-05,5.15E-06
-48,109975000,1.18E-05,157.066,-1.09E-05,4.60E-06
-48,110000000,1.27E-05,156.6452,-1.17E-05,5.04E-06
-48,110025000,1.30E-05,156.0459,-1.19E-05,5.27E-06
-48,110050000,1.25E-05,156.0736,-1.14E-05,5.07E-06
-48,110075000,1.15E-05,157.2898,-1.06E-05,4.46E-06
-48,110100000,1.16E-05,156.2124,-1.06E-05,4.66E-06
-48,110125000,1.15E-05,157.1118,-1.06E-05,4.47E-06
-48,110150000,1.03E-05,160.9296,-9.74E-06,3.37E-06
-48,110175000,8.98E-06,158.374,-8.35E-06,3.31E-06
-48,110200000,8.15E-06,154.8574,-7.37E-06,3.46E-06
-48,110225000,8.85E-06,158.0138,-8.21E-06,3.31E-06
-48,110250000,9.22E-06,155.2667,-8.37E-06,3.86E-06
-48,110275000,8.39E-06,158.4889,-7.80E-06,3.08E-06
-48,110300000,8.38E-06,155.82,-7.64E-06,3.43E-06
-48,110325000,8.88E-06,156.6117,-8.15E-06,3.52E-06
-48,110350000,9.07E-06,160.9236,-8.57E-06,2.96E-06
-48,110375000,9.07E-06,155.8467,-8.28E-06,3.71E-06
-48,110400000,9.13E-06,155.842,-8.33E-06,3.74E-06
-48,110425000,9.37E-06,154.1381,-8.43E-06,4.09E-06
-48,110450000,8.46E-06,159.0467,-7.90E-06,3.03E-06
-48,110475000,8.80E-06,154.0182,-7.91E-06,3.86E-06
-48,110500000,8.25E-06,158.1554,-7.66E-06,3.07E-06
-48,110525000,8.34E-06,156.7047,-7.66E-06,3.30E-06
-48,110550000,7.61E-06,153.3166,-6.80E-06,3.42E-06
-48,110575000,7.09E-06,153.4724,-6.35E-06,3.17E-06
-48,110600000,5.18E-06,155.1994,-4.70E-06,2.17E-06
-48,110625000,6.58E-06,151.0141,-5.76E-06,3.19E-06
-48,110650000,5.85E-06,156.8399,-5.38E-06,2.30E-06
-48,110675000,5.92E-06,158.9002,-5.52E-06,2.13E-06
-48,110700000,4.97E-06,155.5861,-4.52E-06,2.05E-06
-48,110725000,5.06E-06,155.9237,-4.62E-06,2.06E-06
-48,110750000,3.99E-06,152.1576,-3.53E-06,1.86E-06
-48,110775000,4.48E-06,143.9086,-3.62E-06,2.64E-06
-48,110800000,4.05E-06,168.5079,-3.97E-06,8.06E-07
-48,110825000,4.09E-06,161.5231,-3.88E-06,1.30E-06
-48,110850000,3.94E-06,164.7719,-3.80E-06,1.03E-06
-48,110875000,3.51E-06,142.882,-2.80E-06,2.12E-06
-48,110900000,3.23E-06,142.6747,-2.57E-06,1.96E-06
-48,110925000,3.63E-06,160.1274,-3.42E-06,1.24E-06
-48,110950000,3.53E-06,151.1183,-3.10E-06,1.71E-06
-48,110975000,2.88E-06,148.9527,-2.47E-06,1.48E-06
-48,111000000,2.69E-06,139.826,-2.05E-06,1.73E-06
-52,106000000,1.17E-05,-18.69377,1.11E-05,-3.77E-06
-52,106025000,1.04E-05,-22.00487,9.64E-06,-3.89E-06
-52,106050000,1.14E-05,-24.34709,1.04E-05,-4.72E-06
-52,106075000,1.22E-05,-20.23313,1.14E-05,-4.22E-06
-52,106100000,1.45E-05,-19.80134,1.37E-05,-4.92E-06
-52,106125000,1.40E-05,-18.76219,1.33E-05,-4.51E-06
-52,106150000,1.49E-05,-20.20444,1.40E-05,-5.16E-06
-52,106175000,1.49E-05,-20.46165,1.39E-05,-5.19E-06
-52,106200000,1.58E-05,-20.85541,1.47E-05,-5.61E-06
-52,106225000,1.51E-05,-20.04751,1.42E-05,-5.18E-06
-52,106250000,1.66E-05,-22.15822,1.54E-05,-6.26E-06
-52,106275000,1.65E-05,-20.1086,1.55E-05,-5.66E-06
-52,106300000,1.54E-05,-21.33452,1.43E-05,-5.59E-06
-52,106325000,1.69E-05,-21.30492,1.57E-05,-6.14E-06
-52,106350000,1.82E-05,-22.52652,1.68E-05,-6.98E-06
-52,106375000,1.83E-05,-24.15765,1.67E-05,-7.50E-06
-52,106400000,2.09E-05,-19.8836,1.97E-05,-7.11E-06
-52,106425000,2.25E-05,-20.55413,2.11E-05,-7.91E-06
-52,106450000,2.33E-05,-20.53883,2.18E-05,-8.17E-06
-52,106475000,2.27E-05,-21.73517,2.11E-05,-8.41E-06
-52,106500000,1.97E-05,-19.44796,1.86E-05,-6.56E-06
-52,106525000,2.15E-05,-19.36584,2.03E-05,-7.13E-06
-52,106550000,2.29E-05,-21.92362,2.12E-05,-8.53E-06
-52,106575000,2.36E-05,-22.07868,2.19E-05,-8.88E-06
-52,106600000,2.56E-05,-21.0671,2.39E-05,-9.20E-06
-52,106625000,2.48E-05,-20.92368,2.31E-05,-8.85E-06
-52,106650000,2.62E-05,-20.20001,2.46E-05,-9.04E-06
-52,106675000,2.54E-05,-19.21817,2.40E-05,-8.35E-06
-52,106700000,2.73E-05,-19.76437,2.57E-05,-9.22E-06
-52,106725000,2.70E-05,-20.16901,2.53E-05,-9.30E-06
-52,106750000,2.59E-05,-19.09211,2.45E-05,-8.47E-06
-52,106775000,2.57E-05,-20.06069,2.41E-05,-8.80E-06
-52,106800000,2.75E-05,-20.788,2.57E-05,-9.76E-06
-52,106825000,2.65E-05,-21.27652,2.47E-05,-9.61E-06
-52,106850000,2.85E-05,-20.22209,2.68E-05,-9.87E-06
-52,106875000,2.91E-05,-20.35689,2.73E-05,-1.01E-05
-52,106900000,2.96E-05,-19.59138,2.79E-05,-9.91E-06
-52,106925000,2.79E-05,-19.13871,2.63E-05,-9.13E-06
-52,106950000,2.78E-05,-20.38582,2.61E-05,-9.69E-06
-52,106975000,2.61E-05,-20.99432,2.44E-05,-9.35E-06
-52,107000000,2.58E-05,-19.70804,2.43E-05,-8.71E-06
-52,107025000,2.50E-05,-20.40942,2.34E-05,-8.71E-06
-52,107050000,2.50E-05,-21.14874,2.33E-05,-9.03E-06
-52,107075000,2.24E-05,-21.82253,2.08E-05,-8.31E-06
-52,107100000,2.23E-05,-20.1116,2.09E-05,-7.67E-06
-52,107125000,2.08E-05,-19.02989,1.97E-05,-6.78E-06
-52,107150000,1.98E-05,-20.80418,1.85E-05,-7.02E-06
-52,107175000,1.88E-05,-20.21078,1.76E-05,-6.49E-06
-52,107200000,1.59E-05,-18.14378,1.51E-05,-4.95E-06
-52,107225000,1.30E-05,-18.40539,1.23E-05,-4.11E-06
-52,107250000,1.19E-05,-18.16091,1.13E-05,-3.70E-06
-52,107275000,9.96E-06,-20.52079,9.33E-06,-3.49E-06
-52,107300000,6.94E-06,-14.36963,6.72E-06,-1.72E-06
-52,107325000,3.06E-06,-27.57297,2.71E-06,-1.41E-06
-52,107350000,5.67E-07,-88.05678,1.92E-08,-5.67E-07
-52,107375000,2.96E-06,168.228,-2.89E-06,6.03E-07
-52,107400000,7.42E-06,160.7917,-7.01E-06,2.44E-06
-52,107425000,1.15E-05,160.9235,-1.09E-05,3.77E-06
-52,107450000,1.59E-05,162.5227,-1.51E-05,4.77E-06
-52,107475000,2.11E-05,161.9436,-2.01E-05,6.54E-06
-52,107500000,2.61E-05,162.0211,-2.48E-05,8.06E-06
-52,107525000,3.43E-05,162.2578,-3.27E-05,1.05E-05
-52,107550000,3.90E-05,160.7142,-3.68E-05,1.29E-05
-52,107575000,4.76E-05,161.7424,-4.52E-05,1.49E-05
-52,107600000,5.72E-05,160.6178,-5.39E-05,1.90E-05
-52,107625000,5.93E-05,160.4954,-5.59E-05,1.98E-05
-52,107650000,6.76E-05,160.4985,-6.37E-05,2.26E-05
-52,107675000,7.88E-05,161.2358,-7.46E-05,2.54E-05
-52,107700000,9.40E-05,160.6395,-8.86E-05,3.11E-05
-52,107725000,0.000105057,160.5108,-9.90E-05,3.50E-05
-52,107750000,0.000113014,160.6682,-0.000106642,3.74E-05
-52,107775000,0.000115785,160.87,-0.000109391,3.79E-05
-52,107800000,0.000132021,160.9169,-0.000124766,4.32E-05
-52,107825000,0.000151729,160.6318,-0.000143142,5.03E-05
-52,107850000,0.000161147,160.9077,-0.000152283,5.27E-05
-52,107875000,0.000177843,160.9837,-0.000168137,5.79E-05
-52,107900000,0.000188858,160.8032,-0.000178357,6.21E-05
-52,107925000,0.000201466,160.6706,-0.000190109,6.67E-05
-52,107950000,0.000204795,160.6538,-0.000193231,6.78E-05
-52,107975000,0.000206086,160.6445,-0.000194438,6.83E-05
-52,108000000,0.000232076,160.6617,-0.000218982,7.69E-05
-52,108025000,0.000257741,160.516,-0.000242981,8.60E-05
-52,108050000,0.000284731,160.632,-0.000268617,9.44E-05
-52,108075000,0.000315938,160.5106,-0.000297836,0.000105407
-52,108100000,0.00032118,160.5132,-0.000302783,0.000107142
-52,108125000,0.000311751,160.48,-0.000293833,0.000104167
-52,108150000,0.000328208,160.5354,-0.00030945,0.000109366
-52,108175000,0.000306807,160.4184,-0.000289063,0.000102826
-52,108200000,0.000311843,160.3566,-0.000293695,0.00010483
-52,108225000,0.000314941,160.3923,-0.000296679,0.000105687
-52,108250000,0.000295368,160.2585,-0.000278008,9.98E-05
-52,108275000,0.00026603,160.1486,-0.000250221,9.03E-05
-52,108300000,0.000251742,160.001,-0.000236562,8.61E-05
-52,108325000,0.00020947,159.8895,-0.000196698,7.20E-05
-52,108350000,0.00016834,159.7601,-0.000157945,5.82E-05
-52,108375000,0.000139363,159.6713,-0.000130682,4.84E-05
-52,108400000,0.000107022,159.1333,-0.000100002,3.81E-05
-52,108425000,5.58E-05,157.7117,-5.16E-05,2.12E-05
-52,108450000,9.57E-06,135.8968,-6.87E-06,6.66E-06
-52,108475000,3.08E-05,-12.54092,3.01E-05,-6.70E-06
-52,108500000,7.02E-05,-16.4104,6.73E-05,-1.98E-05
-52,108525000,0.000104659,-17.24892,1.00E-04,-3.10E-05
-52,108550000,0.000136876,-17.97688,0.000130194,-4.22E-05
-52,108575000,0.000164182,-18.2578,0.000155916,-5.14E-05
-52,108600000,0.000188683,-18.04071,0.000179407,-5.84E-05
-52,108625000,0.000223716,-18.10269,0.000212642,-6.95E-05
-52,108650000,0.000240279,-18.56335,0.000227778,-7.65E-05
-52,108675000,0.000234132,-18.291,0.000222302,-7.35E-05
-52,108700000,0.000254072,-18.64084,0.000240744,-8.12E-05
-52,108725000,0.000257522,-18.44371,0.000244295,-8.15E-05
-52,108750000,0.000240384,-18.50378,0.000227956,-7.63E-05
-52,108775000,0.000241758,-18.77484,0.000228894,-7.78E-05
-52,108800000,0.000223035,-18.783,0.000211157,-7.18E-05
-52,108825000,0.000220894,-18.42683,0.000209568,-6.98E-05
-52,108850000,0.000215929,-18.8703,0.000204323,-6.98E-05
-52,108875000,0.000208982,-18.35437,0.00019835,-6.58E-05
-52,108900000,0.000220055,-18.81411,0.000208297,-7.10E-05
-52,108925000,0.00019996,-18.73941,0.00018936,-6.42E-05
-52,108950000,0.000171171,-18.70546,0.00016213,-5.49E-05
-52,108975000,0.00016579,-18.93034,0.000156823,-5.38E-05
-52,109000000,0.000152537,-18.91906,0.000144297,-4.95E-05
-52,109025000,0.00013337,-18.85657,0.000126212,-4.31E-05
-52,109050000,0.00012237,-18.80588,0.000115837,-3.94E-05
-52,109075000,0.000104636,-18.4546,9.93E-05,-3.31E-05
-52,109100000,0.000110297,-19.01547,0.000104278,-3.59E-05
-52,109125000,0.00010978,-19.32861,0.000103593,-3.63E-05
-52,109150000,9.09E-05,-19.41382,8.58E-05,-3.02E-05
-52,109175000,8.23E-05,-18.49195,7.81E-05,-2.61E-05
-52,109200000,6.24E-05,-18.5759,5.92E-05,-1.99E-05
-52,109225000,5.33E-05,-19.65198,5.02E-05,-1.79E-05
-52,109250000,5.00E-05,-19.31361,4.71E-05,-1.65E-05
-52,109275000,4.56E-05,-19.84997,4.29E-05,-1.55E-05
-52,109300000,4.48E-05,-20.03697,4.21E-05,-1.53E-05
-52,109325000,4.04E-05,-19.27014,3.81E-05,-1.33E-05
-52,109350000,3.59E-05,-19.37324,3.39E-05,-1.19E-05
-52,109375000,3.20E-05,-19.11724,3.03E-05,-1.05E-05
-52,109400000,2.65E-05,-21.15532,2.47E-05,-9.56E-06
-52,109425000,2.10E-05,-17.68878,2.00E-05,-6.38E-06
-52,109450000,1.86E-05,-18.73749,1.76E-05,-5.97E-06
-52,109475000,1.27E-05,-20.40855,1.19E-05,-4.43E-06
-52,109500000,7.28E-06,-20.68452,6.81E-06,-2.57E-06
-52,109525000,5.22E-06,-25.04112,4.73E-06,-2.21E-06
-52,109550000,3.54E-06,-31.95857,3.00E-06,-1.87E-06
-52,109575000,1.13E-06,-36.95186,9.01E-07,-6.78E-07
-52,109600000,9.80E-07,-157.8417,-9.07E-07,-3.69E-07
-52,109625000,1.75E-06,-178.8565,-1.75E-06,-3.49E-08
-52,109650000,3.71E-06,174.1645,-3.69E-06,3.77E-07
-52,109675000,5.35E-06,165.1497,-5.17E-06,1.37E-06
-52,109700000,6.11E-06,167.4301,-5.96E-06,1.33E-06
-52,109725000,6.86E-06,167.3893,-6.70E-06,1.50E-06
-52,109750000,8.71E-06,167.1703,-8.49E-06,1.93E-06
-52,109775000,9.07E-06,163.3483,-8.69E-06,2.60E-06
-52,109800000,9.43E-06,161.9138,-8.96E-06,2.93E-06
-52,109825000,1.09E-05,163.4255,-1.05E-05,3.11E-06
-52,109850000,1.09E-05,160.2039,-1.03E-05,3.70E-06
-52,109875000,1.19E-05,162.9481,-1.14E-05,3.50E-06
-52,109900000,1.24E-05,163.1428,-1.19E-05,3.60E-06
-52,109925000,1.21E-05,161.4327,-1.15E-05,3.87E-06
-52,109950000,1.23E-05,164.0459,-1.19E-05,3.39E-06
-52,109975000,1.16E-05,161.6348,-1.10E-05,3.67E-06
-52,110000000,1.23E-05,163.5948,-1.18E-05,3.47E-06
-52,110025000,1.35E-05,162.7259,-1.28E-05,3.99E-06
-52,110050000,1.33E-05,162.521,-1.27E-05,4.00E-06
-52,110075000,1.26E-05,161.2491,-1.20E-05,4.06E-06
-52,110100000,1.32E-05,164.9149,-1.27E-05,3.43E-06
-52,110125000,1.35E-05,165.6994,-1.31E-05,3.34E-06
-52,110150000,1.35E-05,165.6337,-1.31E-05,3.34E-06
-52,110175000,1.30E-05,160.0106,-1.22E-05,4.45E-06
-52,110200000,1.24E-05,161.6741,-1.17E-05,3.89E-06
-52,110225000,1.25E-05,164.0878,-1.20E-05,3.42E-06
-52,110250000,1.10E-05,160.7604,-1.04E-05,3.62E-06
-52,110275000,1.13E-05,161.6912,-1.07E-05,3.54E-06
-52,110300000,1.17E-05,160.4818,-1.11E-05,3.92E-06
-52,110325000,1.16E-05,161.8498,-1.10E-05,3.61E-06
-52,110350000,1.25E-05,161.337,-1.19E-05,4.01E-06
-52,110375000,1.31E-05,162.6351,-1.25E-05,3.90E-06
-52,110400000,1.12E-05,158.7043,-1.04E-05,4.06E-06
-52,110425000,1.08E-05,158.7989,-1.01E-05,3.92E-06
-52,110450000,1.04E-05,163.2806,-9.96E-06,2.99E-06
-52,110475000,9.29E-06,161.6088,-8.82E-06,2.93E-06
-52,110500000,8.74E-06,160.8358,-8.26E-06,2.87E-06
-52,110525000,9.57E-06,161.8162,-9.10E-06,2.99E-06
-52,110550000,8.88E-06,155.5778,-8.09E-06,3.67E-06
-52,110575000,9.57E-06,165.8455,-9.28E-06,2.34E-06
-52,110600000,8.86E-06,161.8481,-8.42E-06,2.76E-06
-52,110625000,9.05E-06,158.1258,-8.40E-06,3.37E-06
-52,110650000,8.89E-06,159.3582,-8.32E-06,3.14E-06
-52,110675000,8.32E-06,167.78,-8.13E-06,1.76E-06
-52,110700000,7.63E-06,161.6534,-7.24E-06,2.40E-06
-52,110725000,7.47E-06,164.7337,-7.21E-06,1.97E-06
-52,110750000,7.79E-06,163.592,-7.48E-06,2.20E-06
-52,110775000,7.29E-06,163.8159,-7.00E-06,2.03E-06
-52,110800000,7.08E-06,167.3787,-6.91E-06,1.55E-06
-52,110825000,6.89E-06,165.71,-6.67E-06,1.70E-06
-52,110850000,5.40E-06,163.5462,-5.18E-06,1.53E-06
-52,110875000,4.38E-06,168.0897,-4.29E-06,9.04E-07
-52,110900000,4.77E-06,166.0705,-4.63E-06,1.15E-06
-52,110925000,5.17E-06,162.5023,-4.93E-06,1.55E-06
-52,110950000,4.54E-06,160.5004,-4.28E-06,1.52E-06
-52,110975000,5.18E-06,160.5288,-4.89E-06,1.73E-06
-52,111000000,4.26E-06,156.9362,-3.92E-06,1.67E-06
-56,106000000,8.35E-06,-14.90166,8.07E-06,-2.15E-06
-56,106025000,7.86E-06,-12.53262,7.67E-06,-1.70E-06
-56,106050000,7.84E-06,-12.69301,7.65E-06,-1.72E-06
-56,106075000,8.56E-06,-15.59444,8.25E-06,-2.30E-06
-56,106100000,8.73E-06,-15.13202,8.42E-06,-2.28E-06
-56,106125000,8.86E-06,-17.8157,8.43E-06,-2.71E-06
-56,106150000,9.18E-06,-13.82955,8.91E-06,-2.19E-06
-56,106175000,1.09E-05,-13.44267,1.06E-05,-2.52E-06
-56,106200000,1.14E-05,-15.60929,1.10E-05,-3.06E-06
-56,106225000,1.29E-05,-17.03544,1.23E-05,-3.77E-06
-56,106250000,1.26E-05,-15.96647,1.22E-05,-3.48E-06
-56,106275000,1.45E-05,-15.59655,1.39E-05,-3.89E-06
-56,106300000,1.59E-05,-15.9204,1.53E-05,-4.36E-06
-56,106325000,1.66E-05,-14.14641,1.61E-05,-4.07E-06
-56,106350000,1.65E-05,-14.22879,1.60E-05,-4.07E-06
-56,106375000,1.81E-05,-14.23735,1.75E-05,-4.44E-06
-56,106400000,1.76E-05,-16.18813,1.69E-05,-4.90E-06
-56,106425000,1.80E-05,-14.35618,1.74E-05,-4.46E-06
-56,106450000,1.85E-05,-14.16079,1.79E-05,-4.52E-06
-56,106475000,1.96E-05,-15.50229,1.88E-05,-5.23E-06
-56,106500000,1.95E-05,-14.60228,1.89E-05,-4.91E-06
-56,106525000,2.05E-05,-15.3999,1.98E-05,-5.45E-06
-56,106550000,2.03E-05,-14.70678,1.96E-05,-5.15E-06
-56,106575000,1.91E-05,-14.7692,1.85E-05,-4.87E-06
-56,106600000,2.05E-05,-13.80018,1.99E-05,-4.88E-06
-56,106625000,2.34E-05,-14.64615,2.27E-05,-5.93E-06
-56,106650000,2.54E-05,-14.96258,2.45E-05,-6.55E-06
-56,106675000,2.72E-05,-15.29613,2.63E-05,-7.19E-06
-56,106700000,2.55E-05,-14.39309,2.47E-05,-6.33E-06
-56,106725000,2.66E-05,-13.26694,2.59E-05,-6.11E-06
-56,106750000,2.87E-05,-14.71281,2.77E-05,-7.29E-06
-56,106775000,2.96E-05,-14.24795,2.87E-05,-7.28E-06
-56,106800000,2.81E-05,-13.859,2.73E-05,-6.74E-06
-56,106825000,2.93E-05,-14.2994,2.84E-05,-7.24E-06
-56,106850000,3.01E-05,-15.64487,2.90E-05,-8.13E-06
-56,106875000,2.78E-05,-13.69174,2.71E-05,-6.59E-06
-56,106900000,2.89E-05,-13.56425,2.81E-05,-6.77E-06
-56,106925000,3.22E-05,-13.87394,3.12E-05,-7.71E-06
-56,106950000,3.23E-05,-14.79999,3.13E-05,-8.26E-06
-56,106975000,3.22E-05,-13.51218,3.13E-05,-7.53E-06
-56,107000000,3.19E-05,-14.31083,3.09E-05,-7.89E-06
-56,107025000,3.21E-05,-14.00818,3.11E-05,-7.77E-06
-56,107050000,3.14E-05,-14.87844,3.03E-05,-8.06E-06
-56,107075000,3.16E-05,-14.73689,3.06E-05,-8.04E-06
-56,107100000,3.21E-05,-16.30192,3.08E-05,-9.02E-06
-56,107125000,3.41E-05,-13.90365,3.31E-05,-8.19E-06
-56,107150000,3.40E-05,-13.94708,3.30E-05,-8.19E-06
-56,107175000,3.36E-05,-14.00745,3.26E-05,-8.13E-06
-56,107200000,3.31E-05,-15.10845,3.20E-05,-8.63E-06
-56,107225000,3.27E-05,-14.99965,3.15E-05,-8.45E-06
-56,107250000,3.09E-05,-14.66365,2.99E-05,-7.83E-06
-56,107275000,2.98E-05,-14.12197,2.89E-05,-7.28E-06
-56,107300000,2.82E-05,-14.24999,2.73E-05,-6.94E-06
-56,107325000,3.06E-05,-14.91584,2.96E-05,-7.88E-06
-56,107350000,2.87E-05,-14.85408,2.78E-05,-7.36E-06
-56,107375000,2.81E-05,-15.76717,2.70E-05,-7.62E-06
-56,107400000,2.65E-05,-15.04103,2.56E-05,-6.88E-06
-56,107425000,2.47E-05,-14.37821,2.40E-05,-6.14E-06
-56,107450000,2.11E-05,-15.56359,2.03E-05,-5.65E-06
-56,107475000,1.89E-05,-14.63632,1.83E-05,-4.77E-06
-56,107500000,1.58E-05,-16.03683,1.52E-05,-4.37E-06
-56,107525000,1.36E-05,-17.10281,1.30E-05,-4.00E-06
-56,107550000,8.80E-06,-17.7627,8.38E-06,-2.69E-06
-56,107575000,5.24E-06,-20.94293,4.89E-06,-1.87E-06
-56,107600000,7.95E-07,-164.1173,-7.64E-07,-2.17E-07
-56,107625000,5.58E-06,168.3253,-5.47E-06,1.13E-06
-56,107650000,1.04E-05,166.944,-1.01E-05,2.34E-06
-56,107675000,1.75E-05,165.5382,-1.69E-05,4.36E-06
-56,107700000,2.25E-05,165.3705,-2.18E-05,5.68E-06
-56,107725000,3.40E-05,166.5346,-3.31E-05,7.93E-06
-56,107750000,4.53E-05,166.899,-4.41E-05,1.03E-05
-56,107775000,5.48E-05,166.2945,-5.32E-05,1.30E-05
-56,107800000,6.49E-05,165.855,-6.30E-05,1.59E-05
-56,107825000,7.85E-05,166.5631,-7.63E-05,1.82E-05
-56,107850000,8.18E-05,166.548,-7.96E-05,1.90E-05
-56,107875000,9.60E-05,166.8576,-9.35E-05,2.18E-05
-56,107900000,0.000113105,166.2184,-0.000109849,2.69E-05
-56,107925000,0.000118412,166.4039,-0.000115094,2.78E-05
-56,107950000,0.000137486,166.5889,-0.000133737,3.19E-05
-56,107975000,0.0001617,166.0461,-0.000156928,3.90E-05
-56,108000000,0.000192275,166.3281,-0.000186827,4.54E-05
-56,108025000,0.00022782,166.3688,-0.000221402,5.37E-05
-56,108050000,0.00022617,166.0999,-0.000219547,5.43E-05
-56,108075000,0.00023497,166.267,-0.000228253,5.58E-05
-56,108100000,0.000279475,166.2813,-0.000271502,6.63E-05
-56,108125000,0.00028706,166.3308,-0.000278929,6.78E-05
-56,108150000,0.00030814,166.1171,-0.000299139,7.39E-05
-56,108175000,0.000338028,166.1266,-0.000328167,8.11E-05
-56,108200000,0.00036923,166.1375,-0.000358475,8.85E-05
-56,108225000,0.000399762,166.2386,-0.000388286,9.51E-05
-56,108250000,0.000409222,166.1801,-0.000397375,9.78E-05
-56,108275000,0.000394112,166.231,-0.000382787,9.38E-05
-56,108300000,0.00036041,166.0356,-0.000349758,8.70E-05
-56,108325000,0.000346495,166.0118,-0.00033622,8.38E-05
-56,108350000,0.000329225,166.0976,-0.000319581,7.91E-05
-56,108375000,0.000311627,166.1261,-0.000302535,7.47E-05
-56,108400000,0.000284737,166.0881,-0.000276385,6.85E-05
-56,108425000,0.00024941,165.7703,-0.000241758,6.13E-05
-56,108450000,0.000201679,165.5516,-0.000195301,5.03E-05
-56,108475000,0.000161351,165.4466,-0.000156174,4.05E-05
-56,108500000,0.000114339,165.5354,-0.000110715,2.86E-05
-56,108525000,6.66E-05,164.5598,-6.42E-05,1.77E-05
-56,108550000,2.74E-05,161.3344,-2.60E-05,8.78E-06
-56,108575000,1.35E-05,-1.629146,1.34E-05,-3.82E-07
-56,108600000,4.82E-05,-10.09615,4.75E-05,-8.46E-06
-56,108625000,7.99E-05,-12.23269,7.80E-05,-1.69E-05
-56,108650000,0.00011283,-12.598,0.000110113,-2.46E-05
-56,108675000,0.000132426,-12.46124,0.000129307,-2.86E-05
-56,108700000,0.000150104,-12.75291,0.000146401,-3.31E-05
-56,108725000,0.00016946,-12.89934,0.000165183,-3.78E-05
-56,108750000,0.000188331,-13.03575,0.000183477,-4.25E-05
-56,108775000,0.000199736,-12.99479,0.00019462,-4.49E-05
-56,108800000,0.000204226,-12.80765,0.000199145,-4.53E-05
-56,108825000,0.000213452,-12.78388,0.000208161,-4.72E-05
-56,108850000,0.000215697,-13.06754,0.000210111,-4.88E-05
-56,108875000,0.000207839,-12.83834,0.000202643,-4.62E-05
-56,108900000,0.000208795,-12.68021,0.000203702,-4.58E-05
-56,108925000,0.000213513,-12.68404,0.000208302,-4.69E-05
-56,108950000,0.000204652,-13.14122,0.000199292,-4.65E-05
-56,108975000,0.000194452,-12.85347,0.00018958,-4.33E-05
-56,109000000,0.000194646,-12.6452,0.000189925,-4.26E-05
-56,109025000,0.000181902,-12.79817,0.000177382,-4.03E-05
-56,109050000,0.000163209,-13.15253,0.000158927,-3.71E-05
-56,109075000,0.000148621,-12.85751,0.000144894,-3.31E-05
-56,109100000,0.00014313,-13.11728,0.000139395,-3.25E-05
-56,109125000,0.000130566,-12.99417,0.000127223,-2.94E-05
-56,109150000,0.000125447,-13.11981,0.000122173,-2.85E-05
-56,109175000,0.000110757,-13.50712,0.000107694,-2.59E-05
-56,109200000,0.000100885,-13.17908,9.82E-05,-2.30E-05
-56,109225000,9.27E-05,-13.27436,9.02E-05,-2.13E-05
-56,109250000,8.70E-05,-13.3554,8.47E-05,-2.01E-05
-56,109275000,8.20E-05,-13.22865,7.98E-05,-1.88E-05
-56,109300000,7.97E-05,-13.26837,7.75E-05,-1.83E-05
-56,109325000,7.48E-05,-13.21262,7.28E-05,-1.71E-05
-56,109350000,6.49E-05,-13.50064,6.31E-05,-1.52E-05
-56,109375000,5.94E-05,-12.86319,5.79E-05,-1.32E-05
-56,109400000,5.46E-05,-13.14881,5.31E-05,-1.24E-05
-56,109425000,4.74E-05,-13.04499,4.61E-05,-1.07E-05
-56,109450000,4.08E-05,-13.64039,3.97E-05,-9.62E-06
-56,109475000,3.42E-05,-13.07911,3.34E-05,-7.75E-06
-56,109500000,3.50E-05,-13.92456,3.40E-05,-8.42E-06
-56,109525000,3.22E-05,-14.10504,3.12E-05,-7.84E-06
-56,109550000,2.56E-05,-13.86689,2.48E-05,-6.13E-06
-56,109575000,1.96E-05,-13.7213,1.90E-05,-4.64E-06
-56,109600000,1.85E-05,-13.88301,1.80E-05,-4.45E-06
-56,109625000,1.36E-05,-13.7155,1.32E-05,-3.23E-06
-56,109650000,1.06E-05,-11.24297,1.04E-05,-2.07E-06
-56,109675000,8.98E-06,-16.08056,8.63E-06,-2.49E-06
-56,109700000,6.01E-06,-19.62438,5.66E-06,-2.02E-06
-56,109725000,3.68E-06,-21.23577,3.43E-06,-1.33E-06
-56,109750000,1.53E-06,-25.81472,1.38E-06,-6.66E-07
-56,109775000,2.34E-07,-139.2773,-1.77E-07,-1.53E-07
-56,109800000,1.70E-06,-165.1831,-1.64E-06,-4.35E-07
-56,109825000,3.30E-06,176.6841,-3.29E-06,1.91E-07
-56,109850000,4.75E-06,170.7154,-4.69E-06,7.67E-07
-56,109875000,6.67E-06,173.236,-6.63E-06,7.86E-07
-56,109900000,7.93E-06,173.262,-7.88E-06,9.30E-07
-56,109925000,8.68E-06,168.7591,-8.52E-06,1.69E-06
-56,109950000,9.51E-06,169.7594,-9.36E-06,1.69E-06
-56,109975000,1.11E-05,168.7438,-1.08E-05,2.16E-06
-56,110000000,1.15E-05,167.3745,-1.12E-05,2.51E-06
-56,110025000,1.14E-05,166.8514,-1.11E-05,2.59E-06
-56,110050000,1.14E-05,167.9012,-1.12E-05,2.40E-06
-56,110075000,1.31E-05,168.5143,-1.28E-05,2.61E-06
-56,110100000,1.34E-05,169.2722,-1.32E-05,2.50E-06
-56,110125000,1.46E-05,167.6167,-1.43E-05,3.13E-06
-56,110150000,1.47E-05,166.794,-1.43E-05,3.36E-06
-56,110175000,1.35E-05,167.1262,-1.32E-05,3.01E-06
-56,110200000,1.43E-05,168.8419,-1.40E-05,2.76E-06
-56,110225000,1.38E-05,166.4754,-1.34E-05,3.24E-06
-56,110250000,1.30E-05,168.992,-1.27E-05,2.48E-06
-56,110275000,1.26E-05,169.6543,-1.24E-05,2.27E-06
-56,110300000,1.31E-05,169.7613,-1.29E-05,2.33E-06
-56,110325000,1.37E-05,165.1957,-1.33E-05,3.51E-06
-56,110350000,1.35E-05,171.601,-1.34E-05,1.98E-06
-56,110375000,1.28E-05,166.7279,-1.25E-05,2.94E-06
-56,110400000,1.38E-05,167.5635,-1.35E-05,2.98E-06
-56,110425000,1.34E-05,166.4537,-1.30E-05,3.13E-06
-56,110450000,1.24E-05,167.6227,-1.21E-05,2.65E-06
-56,110475000,1.19E-05,169.5137,-1.17E-05,2.17E-06
-56,110500000,1.19E-05,167.0769,-1.16E-05,2.65E-06
-56,110525000,1.29E-05,167.1434,-1.26E-05,2.87E-06
-56,110550000,1.19E-05,165.553,-1.15E-05,2.97E-06
-56,110575000,1.16E-05,168.2102,-1.14E-05,2.37E-06
-56,110600000,1.16E-05,170.6847,-1.14E-05,1.88E-06
-56,110625000,1.09E-05,165.894,-1.06E-05,2.66E-06
-56,110650000,9.37E-06,168.55,-9.18E-06,1.86E-06
-56,110675000,9.95E-06,169.4872,-9.78E-06,1.81E-06
-56,110700000,1.11E-05,165.227,-1.07E-05,2.83E-06
-56,110725000,1.05E-05,168.1491,-1.03E-05,2.16E-06
-56,110750000,1.12E-05,168.8439,-1.09E-05,2.16E-06
-56,110775000,1.07E-05,169.8396,-1.06E-05,1.89E-06
-56,110800000,1.12E-05,163.5159,-1.07E-05,3.17E-06
-56,110825000,9.99E-06,165.5722,-9.68E-06,2.49E-06
-56,110850000,9.30E-06,164.7688,-8.97E-06,2.44E-06
-56,110875000,8.98E-06,165.6482,-8.70E-06,2.23E-06
-56,110900000,8.92E-06,167.6908,-8.72E-06,1.90E-06
-56,110925000,8.31E-06,169.7155,-8.17E-06,1.48E-06
-56,110950000,8.13E-06,169.7678,-8.01E-06,1.44E-06
-56,110975000,7.67E-06,166.7614,-7.47E-06,1.76E-06
-56,111000000,7.03E-06,168.424,-6.89E-06,1.41E-06
-60,106000000,5.10E-06,-1.799517,5.10E-06,-1.60E-07
-60,106025000,5.01E-06,-5.073811,4.99E-06,-4.43E-07
-60,106050000,6.18E-06,-9.658458,6.10E-06,-1.04E-06
-60,106075000,6.49E-06,-14.42212,6.29E-06,-1.62E-06
-60,106100000,7.06E-06,-8.143297,6.99E-06,-1.00E-06
-60,106125000,7.34E-06,-9.687199,7.23E-06,-1.23E-06
-60,106150000,6.29E-06,-13.52004,6.12E-06,-1.47E-06
-60,106175000,7.31E-06,-11.70237,7.16E-06,-1.48E-06
-60,106200000,7.74E-06,-10.72071,7.61E-06,-1.44E-06
-60,106225000,7.65E-06,-4.258243,7.63E-06,-5.68E-07
-60,106250000,8.15E-06,-10.22986,8.02E-06,-1.45E-06
-60,106275000,9.47E-06,-10.0964,9.32E-06,-1.66E-06
-60,106300000,9.38E-06,-8.580098,9.28E-06,-1.40E-06
-60,106325000,1.02E-05,-10.1468,1.01E-05,-1.80E-06
-60,106350000,1.10E-05,-7.895799,1.09E-05,-1.51E-06
-60,106375000,9.92E-06,-10.8577,9.75E-06,-1.87E-06
-60,106400000,1.14E-05,-11.55558,1.12E-05,-2.28E-06
-60,106425000,1.27E-05,-7.529168,1.26E-05,-1.67E-06
-60,106450000,1.26E-05,-8.184018,1.25E-05,-1.79E-06
-60,106475000,1.34E-05,-9.990444,1.32E-05,-2.33E-06
-60,106500000,1.18E-05,-7.136264,1.17E-05,-1.46E-06
-60,106525000,1.32E-05,-8.343182,1.31E-05,-1.92E-06
-60,106550000,1.51E-05,-8.658061,1.49E-05,-2.28E-06
-60,106575000,1.51E-05,-9.118216,1.50E-05,-2.40E-06
-60,106600000,1.62E-05,-9.668976,1.59E-05,-2.72E-06
-60,106625000,1.56E-05,-8.462015,1.54E-05,-2.29E-06
-60,106650000,1.85E-05,-9.64619,1.82E-05,-3.10E-06
-60,106675000,1.93E-05,-8.637527,1.90E-05,-2.89E-06
-60,106700000,1.82E-05,-8.886499,1.79E-05,-2.81E-06
-60,106725000,1.88E-05,-8.493454,1.86E-05,-2.77E-06
-60,106750000,1.95E-05,-8.017799,1.93E-05,-2.72E-06
-60,106775000,1.90E-05,-9.329383,1.87E-05,-3.08E-06
-60,106800000,2.13E-05,-10.16519,2.09E-05,-3.76E-06
-60,106825000,2.06E-05,-8.420654,2.04E-05,-3.02E-06
-60,106850000,2.06E-05,-7.64118,2.04E-05,-2.74E-06
-60,106875000,2.22E-05,-9.267001,2.19E-05,-3.57E-06
-60,106900000,2.25E-05,-8.997595,2.22E-05,-3.52E-06
-60,106925000,2.25E-05,-9.419224,2.22E-05,-3.68E-06
-60,106950000,2.51E-05,-8.008008,2.49E-05,-3.50E-06
-60,106975000,2.75E-05,-9.059229,2.71E-05,-4.32E-06
-60,107000000,2.74E-05,-8.937457,2.70E-05,-4.25E-06
-60,107025000,2.60E-05,-8.097661,2.58E-05,-3.67E-06
-60,107050000,2.84E-05,-8.281276,2.81E-05,-4.09E-06
-60,107075000,3.00E-05,-8.263859,2.97E-05,-4.31E-06
-60,107100000,2.94E-05,-9.539585,2.90E-05,-4.87E-06
-60,107125000,3.19E-05,-8.220307,3.16E-05,-4.56E-06
-60,107150000,3.13E-05,-9.700964,3.08E-05,-5.27E-06
-60,107175000,3.17E-05,-9.847773,3.12E-05,-5.42E-06
-60,107200000,3.35E-05,-8.28925,3.32E-05,-4.84E-06
-60,107225000,3.46E-05,-7.990602,3.43E-05,-4.81E-06
-60,107250000,3.51E-05,-9.37681,3.46E-05,-5.71E-06
-60,107275000,3.58E-05,-7.798899,3.55E-05,-4.86E-06
-60,107300000,3.99E-05,-7.63895,3.95E-05,-5.30E-06
-60,107325000,3.91E-05,-8.975462,3.87E-05,-6.11E-06
-60,107350000,3.80E-05,-8.879743,3.75E-05,-5.86E-06
-60,107375000,3.93E-05,-8.911436,3.88E-05,-6.09E-06
-60,107400000,4.02E-05,-8.691066,3.98E-05,-6.08E-06
-60,107425000,4.04E-05,-9.01405,3.99E-05,-6.34E-06
-60,107450000,3.83E-05,-8.075879,3.79E-05,-5.38E-06
-60,107475000,3.64E-05,-8.928779,3.60E-05,-5.65E-06
-60,107500000,3.51E-05,-9.162771,3.47E-05,-5.59E-06
-60,107525000,3.63E-05,-9.273128,3.58E-05,-5.84E-06
-60,107550000,3.51E-05,-8.192318,3.47E-05,-5.00E-06
-60,107575000,3.32E-05,-7.936766,3.28E-05,-4.58E-06
-60,107600000,3.23E-05,-9.553107,3.18E-05,-5.36E-06
-60,107625000,2.93E-05,-9.896621,2.89E-05,-5.04E-06
-60,107650000,2.68E-05,-9.183209,2.65E-05,-4.28E-06
-60,107675000,2.45E-05,-10.01311,2.41E-05,-4.26E-06
-60,107700000,2.11E-05,-11.10446,2.07E-05,-4.06E-06
-60,107725000,1.55E-05,-9.814737,1.53E-05,-2.65E-06
-60,107750000,1.13E-05,-12.23212,1.10E-05,-2.39E-06
-60,107775000,5.67E-06,-7.970957,5.61E-06,-7.86E-07
-60,107800000,1.67E-06,-40.48821,1.27E-06,-1.09E-06
-60,107825000,7.52E-06,176.2254,-7.51E-06,4.95E-07
-60,107850000,1.47E-05,172.1222,-1.46E-05,2.02E-06
-60,107875000,2.49E-05,173.7533,-2.47E-05,2.71E-06
-60,107900000,3.97E-05,172.0589,-3.93E-05,5.48E-06
-60,107925000,5.09E-05,172.3968,-5.04E-05,6.73E-06
-60,107950000,6.38E-05,172.4867,-6.32E-05,8.34E-06
-60,107975000,8.12E-05,171.9964,-8.04E-05,1.13E-05
-60,108000000,9.19E-05,171.9829,-9.10E-05,1.28E-05
-60,108025000,0.00010466,172.1482,-0.000103679,1.43E-05
-60,108050000,0.000120502,171.9472,-0.000119314,1.69E-05
-60,108075000,0.000147176,171.7235,-0.000145643,2.12E-05
-60,108100000,0.000165744,171.7436,-0.000164027,2.38E-05
-60,108125000,0.000197159,172.0608,-0.00019527,2.72E-05
-60,108150000,0.000226776,171.9837,-0.00022456,3.16E-05
-60,108175000,0.000260754,171.8354,-0.000258111,3.70E-05
-60,108200000,0.000279727,171.9154,-0.000276947,3.93E-05
-60,108225000,0.000309582,171.8132,-0.000306427,4.41E-05
-60,108250000,0.000372928,171.9817,-0.000369282,5.20E-05
-60,108275000,0.00038521,171.8258,-0.000381296,5.48E-05
-60,108300000,0.00039544,171.957,-0.00039155,5.53E-05
-60,108325000,0.000372376,172.0079,-0.000368759,5.18E-05
-60,108350000,0.000371189,171.8693,-0.000367457,5.25E-05
-60,108375000,0.000374943,171.7159,-0.000371031,5.40E-05
-60,108400000,0.00034487,171.7286,-0.000341282,4.96E-05
-60,108425000,0.000322187,171.7633,-0.000318864,4.62E-05
-60,108450000,0.000309867,171.6341,-0.00030657,4.51E-05
-60,108475000,0.000282394,171.8745,-0.000279559,3.99E-05
-60,108500000,0.000251971,171.914,-0.000249466,3.54E-05
-60,108525000,0.000224696,171.4998,-0.000222228,3.32E-05
-60,108550000,0.000185337,171.694,-0.000183393,2.68E-05
-60,108575000,0.000145968,171.8902,-0.000144508,2.06E-05
-60,108600000,0.000111719,170.9128,-0.000110317,1.76E-05
-60,108625000,7.38E-05,170.4202,-7.28E-05,1.23E-05
-60,108650000,3.89E-05,170.0982,-3.84E-05,6.70E-06
-60,108675000,6.46E-06,163.5758,-6.19E-06,1.83E-06
-60,108700000,2.19E-05,-6.792503,2.17E-05,-2.59E-06
-60,108725000,4.98E-05,-4.86229,4.96E-05,-4.22E-06
-60,108750000,7.29E-05,-6.558542,7.24E-05,-8.32E-06
-60,108775000,8.99E-05,-6.662787,8.93E-05,-1.04E-05
-60,108800000,0.000105994,-7.17151,0.000105164,-1.32E-05
-60,108825000,0.000115732,-7.080043,0.000114849,-1.43E-05
-60,108850000,0.000128026,-7.016654,0.000127067,-1.56E-05
-60,108875000,0.000132918,-7.462764,0.000131793,-1.73E-05
-60,108900000,0.000142015,-6.77735,0.000141023,-1.68E-05
-60,108925000,0.000145627,-7.228613,0.00014447,-1.83E-05
-60,108950000,0.000143919,-6.853348,0.00014289,-1.72E-05
-60,108975000,0.000137934,-7.333499,0.000136806,-1.76E-05
-60,109000000,0.000133501,-7.24414,0.000132435,-1.68E-05
-60,109025000,0.00014027,-7.183177,0.000139169,-1.75E-05
-60,109050000,0.000130522,-7.190411,0.000129495,-1.63E-05
-60,109075000,0.000130142,-6.996125,0.000129173,-1.59E-05
-60,109100000,0.000115484,-7.130019,0.000114591,-1.43E-05
-60,109125000,0.000114117,-7.068909,0.000113249,-1.40E-05
-60,109150000,0.000114089,-7.12742,0.000113207,-1.42E-05
-60,109175000,0.000108355,-7.113135,0.000107521,-1.34E-05
-60,109200000,0.000110086,-7.243851,0.000109207,-1.39E-05
-60,109225000,0.000111959,-7.203411,0.000111076,-1.40E-05
-60,109250000,0.000104362,-7.31019,0.000103513,-1.33E-05
-60,109275000,0.000102267,-7.549552,0.000101381,-1.34E-05
-60,109300000,9.70E-05,-7.527424,9.62E-05,-1.27E-05
-60,109325000,8.28E-05,-7.577822,8.21E-05,-1.09E-05
-60,109350000,7.79E-05,-7.263782,7.72E-05,-9.85E-06
-60,109375000,6.90E-05,-7.847806,6.83E-05,-9.41E-06
-60,109400000,6.27E-05,-6.596695,6.23E-05,-7.20E-06
-60,109425000,5.96E-05,-6.811242,5.92E-05,-7.07E-06
-60,109450000,5.83E-05,-7.039566,5.79E-05,-7.15E-06
-60,109475000,5.82E-05,-7.109676,5.77E-05,-7.20E-06
-60,109500000,5.13E-05,-7.359685,5.09E-05,-6.57E-06
-60,109525000,4.62E-05,-6.70694,4.59E-05,-5.40E-06
-60,109550000,4.05E-05,-7.812464,4.01E-05,-5.50E-06
-60,109575000,3.47E-05,-8.128092,3.43E-05,-4.90E-06
-60,109600000,3.00E-05,-6.818292,2.97E-05,-3.56E-06
-60,109625000,2.92E-05,-7.335786,2.89E-05,-3.73E-06
-60,109650000,2.85E-05,-7.560423,2.83E-05,-3.75E-06
-60,109675000,2.46E-05,-7.179165,2.44E-05,-3.07E-06
-60,109700000,2.15E-05,-8.904605,2.12E-05,-3.32E-06
-60,109725000,1.70E-05,-6.916761,1.69E-05,-2.05E-06
-60,109750000,1.44E-05,-8.415269,1.42E-05,-2.10E-06
-60,109775000,1.10E-05,-8.033528,1.09E-05,-1.53E-06
-60,109800000,1.03E-05,-10.33249,1.01E-05,-1.85E-06
-60,109825000,8.57E-06,-9.920147,8.44E-06,-1.48E-06
-60,109850000,7.44E-06,-7.47403,7.37E-06,-9.67E-07
-60,109875000,5.00E-06,-1.924154,4.99E-06,-1.68E-07
-60,109900000,2.79E-06,-14.2064,2.70E-06,-6.84E-07
-60,109925000,1.38E-06,-13.95277,1.33E-06,-3.32E-07
-60,109950000,1.95E-07,-133.3412,-1.34E-07,-1.42E-07
-60,109975000,1.07E-06,177.2987,-1.06E-06,5.02E-08
-60,110000000,3.08E-06,-177.4425,-3.08E-06,-1.37E-07
-60,110025000,4.21E-06,169.7955,-4.14E-06,7.45E-07
-60,110050000,5.23E-06,169.164,-5.14E-06,9.84E-07
-60,110075000,6.07E-06,175.3625,-6.05E-06,4.91E-07
-60,110100000,6.99E-06,174.6741,-6.96E-06,6.49E-07
-60,110125000,7.49E-06,178.318,-7.48E-06,2.20E-07
-60,110150000,9.25E-06,178.9015,-9.25E-06,1.77E-07
-60,110175000,9.07E-06,174.9348,-9.04E-06,8.01E-07
-60,110200000,8.63E-06,171.7241,-8.54E-06,1.24E-06
-60,110225000,1.03E-05,172.9751,-1.02E-05,1.26E-06
-60,110250000,1.06E-05,170.6794,-1.05E-05,1.72E-06
-60,110275000,1.14E-05,174.8541,-1.13E-05,1.02E-06
-60,110300000,1.20E-05,172.7211,-1.19E-05,1.52E-06
-60,110325000,1.12E-05,172.8397,-1.11E-05,1.40E-06
-60,110350000,1.16E-05,175.0324,-1.16E-05,1.00E-06
-60,110375000,1.17E-05,172.7402,-1.16E-05,1.48E-06
-60,110400000,1.25E-05,175.6759,-1.24E-05,9.41E-07
-60,110425000,1.17E-05,174.2152,-1.16E-05,1.18E-06
-60,110450000,1.19E-05,173.4199,-1.18E-05,1.36E-06
-60,110475000,1.07E-05,173.6541,-1.07E-05,1.19E-06
-60,110500000,1.19E-05,173.8627,-1.18E-05,1.27E-06
-60,110525000,1.19E-05,171.9638,-1.18E-05,1.66E-06
-60,110550000,1.28E-05,173.5167,-1.27E-05,1.45E-06
-60,110575000,1.28E-05,173.034,-1.27E-05,1.55E-06
-60,110600000,1.24E-05,173.9299,-1.23E-05,1.31E-06
-60,110625000,1.11E-05,173.9136,-1.10E-05,1.17E-06
-60,110650000,1.26E-05,173.1066,-1.25E-05,1.52E-06
-60,110675000,1.27E-05,177.0129,-1.26E-05,6.60E-07
-60,110700000,1.24E-05,174.9841,-1.23E-05,1.08E-06
-60,110725000,1.19E-05,175.0027,-1.19E-05,1.04E-06
-60,110750000,9.86E-06,172.9722,-9.79E-06,1.21E-06
-60,110775000,1.03E-05,173.0126,-1.02E-05,1.25E-06
-60,110800000,1.08E-05,174.6262,-1.07E-05,1.01E-06
-60,110825000,1.10E-05,172.8596,-1.09E-05,1.37E-06
-60,110850000,1.14E-05,174.0749,-1.13E-05,1.17E-06
-60,110875000,1.05E-05,173.8472,-1.05E-05,1.13E-06
-60,110900000,9.34E-06,175.2546,-9.31E-06,7.73E-07
-60,110925000,8.29E-06,174.7178,-8.26E-06,7.63E-07
-60,110950000,9.68E-06,173.1959,-9.61E-06,1.15E-06
-60,110975000,9.30E-06,169.34,-9.14E-06,1.72E-06
-60,111000000,9.32E-06,171.1406,-9.21E-06,1.44E-06
-64,106000000,3.89E-06,5.239593,3.87E-06,3.55E-07
-64,106025000,4.94E-06,-6.936463,4.90E-06,-5.96E-07
-64,106050000,3.97E-06,-3.07744,3.96E-06,-2.13E-07
-64,106075000,3.53E-06,6.484429,3.50E-06,3.98E-07
-64,106100000,4.47E-06,-3.746849,4.46E-06,-2.92E-07
-64,106125000,5.26E-06,-4.280243,5.25E-06,-3.93E-07
-64,106150000,5.64E-06,1.271397,5.64E-06,1.25E-07
-64,106175000,6.72E-06,-6.19498,6.68E-06,-7.25E-07
-64,106200000,7.83E-06,-6.048105,7.79E-06,-8.25E-07
-64,106225000,7.26E-06,2.178523,7.25E-06,2.76E-07
-64,106250000,8.01E-06,-2.428041,8.00E-06,-3.39E-07
-64,106275000,7.44E-06,-4.091976,7.42E-06,-5.31E-07
-64,106300000,7.46E-06,-5.670904,7.43E-06,-7.38E-07
-64,106325000,7.11E-06,-7.962966,7.04E-06,-9.85E-07
-64,106350000,6.90E-06,-3.091023,6.89E-06,-3.72E-07
-64,106375000,8.19E-06,-0.3413755,8.19E-06,-4.88E-08
-64,106400000,9.10E-06,-7.966162,9.02E-06,-1.26E-06
-64,106425000,1.02E-05,-3.509966,1.02E-05,-6.24E-07
-64,106450000,1.03E-05,-5.002675,1.03E-05,-9.00E-07
-64,106475000,1.08E-05,-2.693153,1.08E-05,-5.08E-07
-64,106500000,1.12E-05,-0.5650618,1.12E-05,-1.11E-07
-64,106525000,1.31E-05,-2.737584,1.31E-05,-6.25E-07
-64,106550000,1.14E-05,-2.727188,1.13E-05,-5.40E-07
-64,106575000,1.21E-05,-5.531978,1.21E-05,-1.17E-06
-64,106600000,1.34E-05,-4.268932,1.33E-05,-9.96E-07
-64,106625000,1.46E-05,-4.758576,1.45E-05,-1.21E-06
-64,106650000,1.60E-05,-6.388452,1.59E-05,-1.78E-06
-64,106675000,1.79E-05,-2.975165,1.79E-05,-9.30E-07
-64,106700000,1.71E-05,-2.751268,1.71E-05,-8.20E-07
-64,106725000,1.71E-05,-2.459938,1.71E-05,-7.33E-07
-64,106750000,1.83E-05,-2.417106,1.83E-05,-7.72E-07
-64,106775000,1.91E-05,-5.175734,1.91E-05,-1.73E-06
-64,106800000,1.97E-05,-4.431639,1.97E-05,-1.52E-06
-64,106825000,2.13E-05,-3.066768,2.13E-05,-1.14E-06
-64,106850000,2.33E-05,-1.410488,2.33E-05,-5.74E-07
-64,106875000,2.21E-05,-3.159069,2.21E-05,-1.22E-06
-64,106900000,2.19E-05,-2.870622,2.19E-05,-1.10E-06
-64,106925000,2.22E-05,-2.730357,2.22E-05,-1.06E-06
-64,106950000,2.28E-05,-3.574509,2.27E-05,-1.42E-06
-64,106975000,2.42E-05,-5.222746,2.41E-05,-2.21E-06
-64,107000000,2.64E-05,-2.927558,2.63E-05,-1.35E-06
-64,107025000,2.88E-05,-3.694938,2.87E-05,-1.85E-06
-64,107050000,2.81E-05,-2.429869,2.81E-05,-1.19E-06
-64,107075000,2.80E-05,-3.469987,2.79E-05,-1.69E-06
-64,107100000,2.72E-05,-3.847936,2.71E-05,-1.82E-06
-64,107125000,2.74E-05,-3.349042,2.73E-05,-1.60E-06
-64,107150000,3.04E-05,-3.099669,3.04E-05,-1.65E-06
-64,107175000,3.45E-05,-3.072975,3.45E-05,-1.85E-06
-64,107200000,3.73E-05,-3.301827,3.73E-05,-2.15E-06
-64,107225000,4.18E-05,-3.94223,4.17E-05,-2.87E-06
-64,107250000,4.21E-05,-3.777221,4.20E-05,-2.77E-06
-64,107275000,3.80E-05,-3.312223,3.79E-05,-2.19E-06
-64,107300000,3.67E-05,-3.910626,3.66E-05,-2.50E-06
-64,107325000,3.92E-05,-3.335112,3.91E-05,-2.28E-06
-64,107350000,4.24E-05,-3.292806,4.23E-05,-2.43E-06
-64,107375000,4.58E-05,-2.653822,4.57E-05,-2.12E-06
-64,107400000,4.67E-05,-3.938396,4.66E-05,-3.21E-06
-64,107425000,4.40E-05,-3.76355,4.39E-05,-2.89E-06
-64,107450000,4.47E-05,-3.785779,4.46E-05,-2.95E-06
-64,107475000,4.61E-05,-3.640307,4.60E-05,-2.92E-06
-64,107500000,4.66E-05,-2.350137,4.65E-05,-1.91E-06
-64,107525000,5.12E-05,-3.635462,5.11E-05,-3.25E-06
-64,107550000,5.15E-05,-3.119558,5.14E-05,-2.80E-06
-64,107575000,5.08E-05,-3.38398,5.07E-05,-3.00E-06
-64,107600000,4.84E-05,-3.919864,4.83E-05,-3.31E-06
-64,107625000,4.63E-05,-3.105481,4.63E-05,-2.51E-06
-64,107650000,4.41E-05,-3.915547,4.40E-05,-3.01E-06
-64,107675000,4.47E-05,-3.067113,4.47E-05,-2.39E-06
-64,107700000,4.42E-05,-3.11114,4.41E-05,-2.40E-06
-64,107725000,4.57E-05,-3.350276,4.56E-05,-2.67E-06
-64,107750000,4.15E-05,-3.442984,4.15E-05,-2.49E-06
-64,107775000,3.69E-05,-2.640267,3.68E-05,-1.70E-06
-64,107800000,3.21E-05,-4.195585,3.21E-05,-2.35E-06
-64,107825000,3.11E-05,-3.224114,3.11E-05,-1.75E-06
-64,107850000,2.57E-05,-4.2772,2.56E-05,-1.92E-06
-64,107875000,1.90E-05,-5.373852,1.89E-05,-1.78E-06
-64,107900000,1.28E-05,-3.031521,1.27E-05,-6.75E-07
-64,107925000,5.67E-06,-9.262254,5.59E-06,-9.12E-07
-64,107950000,3.93E-06,-174.7752,-3.92E-06,-3.58E-07
-64,107975000,1.95E-05,179.5157,-1.95E-05,1.65E-07
-64,108000000,3.51E-05,178.6495,-3.51E-05,8.28E-07
-64,108025000,5.14E-05,177.9008,-5.14E-05,1.88E-06
-64,108050000,6.84E-05,177.7999,-6.83E-05,2.62E-06
-64,108075000,7.86E-05,177.2814,-7.85E-05,3.73E-06
-64,108100000,0.000100226,177.3622,-0.00010012,4.61E-06
-64,108125000,0.000131349,177.4991,-0.000131224,5.73E-06
-64,108150000,0.000153414,177.5978,-0.000153279,6.43E-06
-64,108175000,0.000181676,177.2116,-0.000181461,8.84E-06
-64,108200000,0.000217604,177.3417,-0.00021737,1.01E-05
-64,108225000,0.000211769,177.2956,-0.000211533,9.99E-06
-64,108250000,0.000256199,177.3656,-0.000255928,1.18E-05
-64,108275000,0.000268524,177.3387,-0.000268234,1.25E-05
-64,108300000,0.000281596,177.3901,-0.000281304,1.28E-05
-64,108325000,0.000302189,177.2631,-0.000301844,1.44E-05
-64,108350000,0.000353316,177.4595,-0.000352969,1.57E-05
-64,108375000,0.000369191,177.4459,-0.000368824,1.65E-05
-64,108400000,0.000357034,177.3899,-0.000356664,1.63E-05
-64,108425000,0.000319361,177.3885,-0.000319029,1.46E-05
-64,108450000,0.000312519,177.4752,-0.000312216,1.38E-05
-64,108475000,0.000314403,177.1255,-0.000314007,1.58E-05
-64,108500000,0.000307526,177.3642,-0.000307201,1.41E-05
-64,108525000,0.000292477,177.4918,-0.000292197,1.28E-05
-64,108550000,0.000272633,177.5449,-0.000272382,1.17E-05
-64,108575000,0.000228481,177.4537,-0.000228255,1.02E-05
-64,108600000,0.000196721,177.4214,-0.000196522,8.85E-06
-64,108625000,0.000168857,177.5193,-0.000168699,7.31E-06
-64,108650000,0.0001469,177.1502,-0.000146718,7.30E-06
-64,108675000,0.000114266,177.6369,-0.000114169,4.71E-06
-64,108700000,8.99E-05,177.5559,-8.99E-05,3.84E-06
-64,108725000,6.35E-05,176.9972,-6.34E-05,3.33E-06
-64,108750000,4.24E-05,176.9813,-4.24E-05,2.23E-06
-64,108775000,2.19E-05,176.3706,-2.19E-05,1.39E-06
-64,108800000,7.19E-07,129.7388,-4.59E-07,5.53E-07
-64,108825000,1.76E-05,-0.007078936,1.76E-05,-2.18E-09
-64,108850000,3.16E-05,0.3741003,3.16E-05,2.06E-07
-64,108875000,4.36E-05,-0.05614659,4.36E-05,-4.28E-08
-64,108900000,5.31E-05,-2.183255,5.31E-05,-2.02E-06
-64,108925000,6.01E-05,-1.021271,6.01E-05,-1.07E-06
-64,108950000,6.98E-05,-1.050237,6.98E-05,-1.28E-06
-64,108975000,8.00E-05,-1.824706,7.99E-05,-2.55E-06
-64,109000000,8.92E-05,-1.993017,8.91E-05,-3.10E-06
-64,109025000,9.52E-05,-1.41503,9.51E-05,-2.35E-06
-64,109050000,9.89E-05,-1.704401,9.88E-05,-2.94E-06
-64,109075000,9.55E-05,-1.471775,9.55E-05,-2.45E-06
-64,109100000,9.82E-05,-1.41788,9.81E-05,-2.43E-06
-64,109125000,9.42E-05,-1.473392,9.41E-05,-2.42E-06
-64,109150000,9.23E-05,-1.866711,9.22E-05,-3.01E-06
-64,109175000,9.43E-05,-1.804346,9.42E-05,-2.97E-06
-64,109200000,9.12E-05,-1.781411,9.12E-05,-2.83E-06
-64,109225000,8.66E-05,-1.628662,8.66E-05,-2.46E-06
-64,109250000,8.98E-05,-1.439344,8.98E-05,-2.26E-06
-64,109275000,8.10E-05,-1.677636,8.10E-05,-2.37E-06
-64,109300000,7.81E-05,-2.012402,7.80E-05,-2.74E-06
-64,109325000,7.94E-05,-1.877063,7.93E-05,-2.60E-06
-64,109350000,7.07E-05,-1.606598,7.07E-05,-1.98E-06
-64,109375000,6.46E-05,-2.141538,6.46E-05,-2.41E-06
-64,109400000,6.24E-05,-1.306584,6.24E-05,-1.42E-06
-64,109425000,6.14E-05,-1.092413,6.14E-05,-1.17E-06
-64,109450000,5.92E-05,-1.568058,5.92E-05,-1.62E-06
-64,109475000,5.68E-05,-1.312562,5.68E-05,-1.30E-06
-64,109500000,6.00E-05,-1.321392,5.99E-05,-1.38E-06
-64,109525000,5.41E-05,-1.527124,5.40E-05,-1.44E-06
-64,109550000,4.89E-05,-1.618547,4.89E-05,-1.38E-06
-64,109575000,4.79E-05,-1.388529,4.79E-05,-1.16E-06
-64,109600000,4.66E-05,-1.151964,4.66E-05,-9.37E-07
-64,109625000,4.34E-05,-1.355276,4.34E-05,-1.03E-06
-64,109650000,3.92E-05,-1.481718,3.92E-05,-1.01E-06
-64,109675000,3.58E-05,-2.876751,3.58E-05,-1.80E-06
-64,109700000,3.26E-05,-1.147511,3.26E-05,-6.54E-07
-64,109725000,2.67E-05,-1.14734,2.67E-05,-5.35E-07
-64,109750000,2.52E-05,-1.54534,2.52E-05,-6.79E-07
-64,109775000,2.37E-05,-0.7815035,2.37E-05,-3.23E-07
-64,109800000,2.40E-05,-2.124725,2.40E-05,-8.91E-07
-64,109825000,2.25E-05,-2.256126,2.25E-05,-8.86E-07
-64,109850000,2.17E-05,-1.974403,2.17E-05,-7.47E-07
-64,109875000,1.83E-05,-1.786512,1.83E-05,-5.71E-07
-64,109900000,1.55E-05,-2.10529,1.55E-05,-5.70E-07
-64,109925000,1.41E-05,0.02506298,1.41E-05,6.15E-09
-64,109950000,1.16E-05,-2.250047,1.16E-05,-4.55E-07
-64,109975000,9.62E-06,-2.370613,9.61E-06,-3.98E-07
-64,110000000,8.25E-06,-2.63947,8.24E-06,-3.80E-07
-64,110025000,6.74E-06,-4.316866,6.72E-06,-5.07E-07
-64,110050000,5.34E-06,-6.162878,5.31E-06,-5.73E-07
-64,110075000,3.88E-06,6.16505,3.86E-06,4.17E-07
-64,110100000,2.46E-06,4.481923,2.46E-06,1.93E-07
-64,110125000,1.32E-06,5.38797,1.32E-06,1.24E-07
-64,110150000,5.58E-07,-146.2496,-4.64E-07,-3.10E-07
-64,110175000,1.24E-06,152.8099,-1.10E-06,5.65E-07
-64,110200000,1.38E-06,173.8591,-1.37E-06,1.48E-07
-64,110225000,2.82E-06,177.683,-2.82E-06,1.14E-07
-64,110250000,3.21E-06,179.1088,-3.21E-06,5.00E-08
-64,110275000,4.29E-06,173.3404,-4.26E-06,4.97E-07
-64,110300000,5.15E-06,177.7423,-5.14E-06,2.03E-07
-64,110325000,4.92E-06,-179.5522,-4.92E-06,-3.85E-08
-64,110350000,5.76E-06,-171.4672,-5.69E-06,-8.54E-07
-64,110375000,6.53E-06,-178.8862,-6.53E-06,-1.27E-07
-64,110400000,7.20E-06,171.6887,-7.12E-06,1.04E-06
-64,110425000,7.55E-06,178.0011,-7.55E-06,2.63E-07
-64,110450000,7.65E-06,-176.3114,-7.63E-06,-4.92E-07
-64,110475000,7.94E-06,-179.5475,-7.94E-06,-6.27E-08
-64,110500000,7.97E-06,177.8571,-7.96E-06,2.98E-07
-64,110525000,7.75E-06,-179.2693,-7.75E-06,-9.88E-08
-64,110550000,8.84E-06,-179.2249,-8.83E-06,-1.20E-07
-64,110575000,8.62E-06,176.0245,-8.60E-06,5.98E-07
-64,110600000,8.95E-06,175.5034,-8.92E-06,7.02E-07
-64,110625000,9.71E-06,-179.1133,-9.71E-06,-1.50E-07
-64,110650000,1.05E-05,178.5217,-1.05E-05,2.71E-07
-64,110675000,1.09E-05,175.3509,-1.09E-05,8.87E-07
-64,110700000,1.09E-05,178.194,-1.09E-05,3.43E-07
-64,110725000,1.01E-05,-179.7072,-1.01E-05,-5.16E-08
-64,110750000,9.92E-06,-176.2189,-9.90E-06,-6.54E-07
-64,110775000,1.02E-05,-175.8635,-1.01E-05,-7.33E-07
-64,110800000,1.07E-05,179.9401,-1.07E-05,1.12E-08
-64,110825000,1.09E-05,179.312,-1.09E-05,1.31E-07
-64,110850000,1.15E-05,178.0294,-1.15E-05,3.94E-07
-64,110875000,1.13E-05,179.5292,-1.13E-05,9.30E-08
-64,110900000,1.06E-05,178.8992,-1.06E-05,2.04E-07
-64,110925000,9.36E-06,177.6667,-9.35E-06,3.81E-07
-64,110950000,9.94E-06,176.4292,-9.92E-06,6.19E-07
-64,110975000,9.83E-06,177.3799,-9.82E-06,4.50E-07
-64,111000000,1.04E-05,179.5574,-1.04E-05,8.04E-08
-68,106000000,2.58E-06,4.620548,2.58E-06,2.08E-07
-68,106025000,2.40E-06,-9.487757,2.37E-06,-3.96E-07
-68,106050000,2.15E-06,4.571644,2.15E-06,1.72E-07
-68,106075000,3.61E-06,0.1302136,3.61E-06,8.20E-09
-68,106100000,3.43E-06,4.151863,3.42E-06,2.49E-07
-68,106125000,4.06E-06,0.3468259,4.06E-06,2.46E-08
-68,106150000,4.16E-06,0.4394138,4.16E-06,3.19E-08
-68,106175000,4.81E-06,-4.185358,4.80E-06,-3.51E-07
-68,106200000,5.09E-06,-0.486228,5.09E-06,-4.32E-08
-68,106225000,4.42E-06,6.400541,4.39E-06,4.93E-07
-68,106250000,4.34E-06,3.643822,4.33E-06,2.76E-07
-68,106275000,4.12E-06,-2.476222,4.12E-06,-1.78E-07
-68,106300000,5.14E-06,1.984983,5.14E-06,1.78E-07
-68,106325000,6.02E-06,0.9562391,6.02E-06,1.01E-07
-68,106350000,6.53E-06,1.192699,6.53E-06,1.36E-07
-68,106375000,6.46E-06,4.338914,6.44E-06,4.89E-07
-68,106400000,6.88E-06,4.251133,6.86E-06,5.10E-07
-68,106425000,7.67E-06,9.500325,7.56E-06,1.27E-06
-68,106450000,8.15E-06,2.366768,8.14E-06,3.37E-07
-68,106475000,9.76E-06,2.188803,9.75E-06,3.73E-07
-68,106500000,9.33E-06,2.283618,9.32E-06,3.72E-07
-68,106525000,8.40E-06,-0.02658563,8.40E-06,-3.90E-09
-68,106550000,9.51E-06,4.058891,9.49E-06,6.73E-07
-68,106575000,1.09E-05,-1.146807,1.09E-05,-2.19E-07
-68,106600000,1.07E-05,3.682932,1.07E-05,6.87E-07
-68,106625000,1.12E-05,1.983494,1.12E-05,3.87E-07
-68,106650000,1.27E-05,1.943784,1.27E-05,4.32E-07
-68,106675000,1.34E-05,1.793998,1.34E-05,4.20E-07
-68,106700000,1.33E-05,4.108027,1.33E-05,9.55E-07
-68,106725000,1.45E-05,0.9358509,1.45E-05,2.36E-07
-68,106750000,1.33E-05,4.789691,1.32E-05,1.11E-06
-68,106775000,1.42E-05,3.773165,1.42E-05,9.35E-07
-68,106800000,1.54E-05,0.7893071,1.54E-05,2.12E-07
-68,106825000,1.82E-05,0.1496249,1.81E-05,4.74E-08
-68,106850000,1.82E-05,1.204556,1.82E-05,3.83E-07
-68,106875000,1.70E-05,3.071515,1.70E-05,9.12E-07
-68,106900000,1.93E-05,1.425354,1.93E-05,4.80E-07
-68,106925000,2.05E-05,0.4107882,2.05E-05,1.47E-07
-68,106950000,2.10E-05,2.670327,2.09E-05,9.76E-07
-68,106975000,2.15E-05,3.777202,2.14E-05,1.41E-06
-68,107000000,2.06E-05,3.389236,2.06E-05,1.22E-06
-68,107025000,2.60E-05,0.9604124,2.60E-05,4.35E-07
-68,107050000,2.77E-05,2.534189,2.77E-05,1.22E-06
-68,107075000,2.70E-05,2.070362,2.70E-05,9.77E-07
-68,107100000,2.75E-05,3.17838,2.75E-05,1.53E-06
-68,107125000,2.85E-05,1.117923,2.85E-05,5.56E-07
-68,107150000,3.10E-05,4.245635,3.10E-05,2.30E-06
-68,107175000,3.15E-05,1.032764,3.15E-05,5.67E-07
-68,107200000,3.26E-05,1.899664,3.26E-05,1.08E-06
-68,107225000,3.00E-05,1.891362,3.00E-05,9.89E-07
-68,107250000,3.18E-05,1.820996,3.18E-05,1.01E-06
-68,107275000,3.49E-05,2.959423,3.48E-05,1.80E-06
-68,107300000,3.85E-05,2.766366,3.84E-05,1.86E-06
-68,107325000,3.88E-05,2.863993,3.87E-05,1.94E-06
-68,107350000,3.69E-05,1.506328,3.69E-05,9.71E-07
-68,107375000,4.05E-05,1.921879,4.04E-05,1.36E-06
-68,107400000,4.11E-05,2.176666,4.11E-05,1.56E-06
-68,107425000,4.53E-05,2.773456,4.53E-05,2.19E-06
-68,107450000,4.43E-05,2.574792,4.42E-05,1.99E-06
-68,107475000,4.30E-05,1.44787,4.30E-05,1.09E-06
-68,107500000,4.79E-05,2.154471,4.79E-05,1.80E-06
-68,107525000,5.00E-05,0.3659092,5.00E-05,3.19E-07
-68,107550000,5.26E-05,3.342422,5.26E-05,3.07E-06
-68,107575000,5.31E-05,2.429442,5.30E-05,2.25E-06
-68,107600000,5.33E-05,1.704628,5.33E-05,1.59E-06
-68,107625000,5.10E-05,1.938284,5.10E-05,1.72E-06
-68,107650000,5.07E-05,2.147607,5.07E-05,1.90E-06
-68,107675000,5.20E-05,2.377279,5.20E-05,2.16E-06
-68,107700000,5.38E-05,1.598205,5.37E-05,1.50E-06
-68,107725000,5.45E-05,1.86124,5.45E-05,1.77E-06
-68,107750000,5.35E-05,1.983043,5.35E-05,1.85E-06
-68,107775000,5.28E-05,3.05919,5.27E-05,2.82E-06
-68,107800000,5.14E-05,3.01896,5.13E-05,2.71E-06
-68,107825000,4.88E-05,1.67426,4.88E-05,1.43E-06
-68,107850000,4.75E-05,1.783819,4.75E-05,1.48E-06
-68,107875000,4.53E-05,2.972819,4.53E-05,2.35E-06
-68,107900000,4.10E-05,2.624409,4.09E-05,1.88E-06
-68,107925000,3.44E-05,2.468384,3.44E-05,1.48E-06
-68,107950000,2.76E-05,1.683579,2.76E-05,8.11E-07
-68,107975000,2.38E-05,2.733431,2.38E-05,1.14E-06
-68,108000000,1.54E-05,0.7101415,1.54E-05,1.90E-07
-68,108025000,4.40E-06,-2.155178,4.39E-06,-1.65E-07
-68,108050000,7.15E-06,-171.5181,-7.08E-06,-1.06E-06
-68,108075000,2.49E-05,-176.4805,-2.49E-05,-1.53E-06
-68,108100000,4.38E-05,-176.8355,-4.37E-05,-2.42E-06
-68,108125000,5.23E-05,-176.0187,-5.22E-05,-3.63E-06
-68,108150000,6.96E-05,-176.8059,-6.95E-05,-3.88E-06
-68,108175000,9.12E-05,-177.2488,-9.11E-05,-4.38E-06
-68,108200000,0.000114945,-177.3533,-0.000114822,-5.31E-06
-68,108225000,0.00013829,-177.1708,-0.000138121,-6.83E-06
-68,108250000,0.000172155,-177.2501,-0.000171956,-8.26E-06
-68,108275000,0.000200292,-177.184,-0.00020005,-9.84E-06
-68,108300000,0.000208532,-177.3097,-0.000208302,-9.79E-06
-68,108325000,0.000235282,-177.3983,-0.00023504,-1.07E-05
-68,108350000,0.000254119,-177.0355,-0.000253779,-1.31E-05
-68,108375000,0.000284003,-177.1391,-0.000283649,-1.42E-05
-68,108400000,0.000315875,-177.1224,-0.000315476,-1.59E-05
-68,108425000,0.00031128,-177.1066,-0.000310883,-1.57E-05
-68,108450000,0.00030821,-177.1236,-0.000307822,-1.55E-05
-68,108475000,0.000291481,-177.0595,-0.000291097,-1.50E-05
-68,108500000,0.000278827,-177.1073,-0.000278472,-1.41E-05
-68,108525000,0.00026894,-177.0839,-0.000268592,-1.37E-05
-68,108550000,0.000265765,-177.0524,-0.000265413,-1.37E-05
-68,108575000,0.000263129,-177.0526,-0.000262781,-1.35E-05
-68,108600000,0.000255312,-176.6314,-0.000254871,-1.50E-05
-68,108625000,0.000230288,-176.7256,-0.000229912,-1.32E-05
-68,108650000,0.000191063,-177.2293,-0.00019084,-9.24E-06
-68,108675000,0.000172317,-177.1244,-0.0001721,-8.64E-06
-68,108700000,0.000145331,-177.1572,-0.000145152,-7.21E-06
-68,108725000,0.000122864,-176.9613,-0.000122691,-6.51E-06
-68,108750000,0.000108105,-177.1954,-0.000107976,-5.29E-06
-68,108775000,8.78E-05,-177.8244,-8.77E-05,-3.33E-06
-68,108800000,7.31E-05,-176.7737,-7.30E-05,-4.12E-06
-68,108825000,5.72E-05,-176.5155,-5.71E-05,-3.47E-06
-68,108850000,4.20E-05,-177.1894,-4.19E-05,-2.06E-06
-68,108875000,2.68E-05,-176.8302,-2.67E-05,-1.48E-06
-68,108900000,1.43E-05,-178.7843,-1.43E-05,-3.04E-07
-68,108925000,1.64E-06,152.5087,-1.46E-06,7.58E-07
-68,108950000,6.94E-06,7.653327,6.88E-06,9.24E-07
-68,108975000,1.53E-05,2.786064,1.53E-05,7.46E-07
-68,109000000,2.10E-05,3.382761,2.10E-05,1.24E-06
-68,109025000,2.51E-05,3.422663,2.51E-05,1.50E-06
-68,109050000,2.90E-05,4.676776,2.89E-05,2.36E-06
-68,109075000,3.52E-05,4.42012,3.51E-05,2.71E-06
-68,109100000,4.09E-05,3.931323,4.08E-05,2.80E-06
-68,109125000,4.49E-05,3.956373,4.48E-05,3.10E-06
-68,109150000,4.82E-05,3.933721,4.81E-05,3.31E-06
-68,109175000,5.13E-05,4.088069,5.12E-05,3.66E-06
-68,109200000,5.17E-05,4.296461,5.16E-05,3.88E-06
-68,109225000,5.42E-05,4.054564,5.41E-05,3.83E-06
-68,109250000,5.26E-05,4.355867,5.24E-05,3.99E-06
-68,109275000,5.28E-05,4.195593,5.27E-05,3.86E-06
-68,109300000,5.62E-05,3.429572,5.61E-05,3.36E-06
-68,109325000,6.11E-05,4.491683,6.09E-05,4.78E-06
-68,109350000,6.27E-05,3.958694,6.26E-05,4.33E-06
-68,109375000,5.78E-05,3.677561,5.77E-05,3.71E-06
-68,109400000,5.33E-05,4.406734,5.31E-05,4.09E-06
-68,109425000,5.47E-05,3.908891,5.46E-05,3.73E-06
-68,109450000,5.40E-05,4.41736,5.39E-05,4.16E-06
-68,109475000,4.90E-05,3.841087,4.89E-05,3.28E-06
-68,109500000,4.71E-05,4.510478,4.69E-05,3.70E-06
-68,109525000,4.49E-05,3.719842,4.48E-05,2.91E-06
-68,109550000,4.43E-05,3.33392,4.43E-05,2.58E-06
-68,109575000,4.52E-05,3.842615,4.51E-05,3.03E-06
-68,109600000,4.26E-05,3.7128,4.25E-05,2.76E-06
-68,109625000,4.25E-05,3.795014,4.24E-05,2.82E-06
-68,109650000,3.98E-05,3.174835,3.97E-05,2.20E-06
-68,109675000,3.80E-05,4.556945,3.79E-05,3.02E-06
-68,109700000,3.76E-05,4.779726,3.75E-05,3.13E-06
-68,109725000,3.44E-05,4.488178,3.43E-05,2.69E-06
-68,109750000,3.10E-05,4.41002,3.09E-05,2.38E-06
-68,109775000,2.96E-05,2.729372,2.96E-05,1.41E-06
-68,109800000,2.80E-05,4.834637,2.79E-05,2.36E-06
-68,109825000,2.68E-05,3.517179,2.67E-05,1.64E-06
-68,109850000,2.57E-05,4.127981,2.57E-05,1.85E-06
-68,109875000,2.37E-05,4.104526,2.37E-05,1.70E-06
-68,109900000,2.18E-05,4.520616,2.17E-05,1.72E-06
-68,109925000,1.94E-05,4.285297,1.93E-05,1.45E-06
-68,109950000,1.85E-05,3.63049,1.85E-05,1.17E-06
-68,109975000,1.74E-05,6.529283,1.73E-05,1.98E-06
-68,110000000,1.51E-05,3.305604,1.51E-05,8.71E-07
-68,110025000,1.43E-05,4.788417,1.42E-05,1.19E-06
-68,110050000,1.26E-05,4.946606,1.25E-05,1.08E-06
-68,110075000,1.13E-05,5.602192,1.13E-05,1.11E-06
-68,110100000,1.07E-05,5.014826,1.07E-05,9.35E-07
-68,110125000,1.09E-05,4.616751,1.08E-05,8.74E-07
-68,110150000,9.72E-06,3.719248,9.70E-06,6.30E-07
-68,110175000,9.06E-06,6.341152,9.00E-06,1.00E-06
-68,110200000,8.26E-06,3.309951,8.25E-06,4.77E-07
-68,110225000,6.14E-06,-0.9674406,6.13E-06,-1.04E-07
-68,110250000,6.58E-06,6.400363,6.53E-06,7.33E-07
-68,110275000,4.50E-06,4.19533,4.49E-06,3.29E-07
-68,110300000,3.93E-06,2.765451,3.92E-06,1.90E-07
-68,110325000,3.34E-06,-0.5501037,3.34E-06,-3.21E-08
-68,110350000,3.26E-06,-0.09625383,3.26E-06,-5.49E-09
-68,110375000,2.14E-06,6.276751,2.12E-06,2.34E-07
-68,110400000,7.82E-07,32.99525,6.56E-07,4.26E-07
-68,110425000,3.65E-07,165.5831,-3.53E-07,9.08E-08
-68,110450000,3.95E-07,-143.2663,-3.16E-07,-2.36E-07
-68,110475000,1.44E-06,-158.4145,-1.34E-06,-5.29E-07
-68,110500000,2.16E-06,178.3617,-2.15E-06,6.16E-08
-68,110525000,1.86E-06,175.3516,-1.86E-06,1.51E-07
-68,110550000,3.75E-06,-171.4822,-3.71E-06,-5.55E-07
-68,110575000,3.84E-06,-167.5907,-3.75E-06,-8.25E-07
-68,110600000,4.50E-06,-173.8118,-4.47E-06,-4.85E-07
-68,110625000,4.21E-06,178.914,-4.21E-06,7.98E-08
-68,110650000,3.80E-06,-171.0307,-3.76E-06,-5.93E-07
-68,110675000,4.59E-06,-175.1851,-4.57E-06,-3.85E-07
-68,110700000,5.05E-06,-174.2913,-5.03E-06,-5.02E-07
-68,110725000,4.75E-06,-166.8705,-4.63E-06,-1.08E-06
-68,110750000,5.15E-06,-173.0068,-5.11E-06,-6.27E-07
-68,110775000,5.66E-06,-172.7755,-5.62E-06,-7.12E-07
-68,110800000,6.39E-06,-168.2623,-6.25E-06,-1.30E-06
-68,110825000,7.40E-06,-177.7057,-7.39E-06,-2.96E-07
-68,110850000,6.74E-06,-175.0214,-6.71E-06,-5.85E-07
-68,110875000,7.73E-06,-174.9259,-7.70E-06,-6.84E-07
-68,110900000,7.74E-06,-175.3736,-7.71E-06,-6.24E-07
-68,110925000,7.79E-06,-176.2342,-7.77E-06,-5.12E-07
-68,110950000,7.83E-06,-173.2283,-7.77E-06,-9.23E-07
-68,110975000,8.06E-06,-170.6593,-7.95E-06,-1.31E-06
-68,111000000,7.74E-06,-175.0671,-7.71E-06,-6.65E-07
-72,106000000,1.18E-06,26.61952,1.06E-06,5.29E-07
-72,106025000,1.46E-06,11.11603,1.44E-06,2.82E-07
-72,106050000,2.43E-06,9.8934,2.39E-06,4.17E-07
-72,106075000,1.63E-06,13.1036,1.58E-06,3.69E-07
-72,106100000,2.52E-06,15.30861,2.43E-06,6.64E-07
-72,106125000,1.86E-06,14.84354,1.80E-06,4.77E-07
-72,106150000,2.86E-06,9.289247,2.82E-06,4.62E-07
-72,106175000,3.66E-06,16.14495,3.51E-06,1.02E-06
-72,106200000,3.02E-06,6.871685,3.00E-06,3.61E-07
-72,106225000,3.76E-06,15.25468,3.63E-06,9.91E-07
-72,106250000,3.13E-06,0.7937775,3.13E-06,4.33E-08
-72,106275000,4.02E-06,-2.590641,4.02E-06,-1.82E-07
-72,106300000,3.88E-06,7.952967,3.85E-06,5.37E-07
-72,106325000,4.60E-06,8.492918,4.55E-06,6.79E-07
-72,106350000,4.37E-06,3.706455,4.36E-06,2.83E-07
-72,106375000,4.74E-06,-3.687331,4.73E-06,-3.05E-07
-72,106400000,4.81E-06,11.66224,4.71E-06,9.73E-07
-72,106425000,4.94E-06,11.68196,4.84E-06,1.00E-06
-72,106450000,5.84E-06,6.96948,5.80E-06,7.08E-07
-72,106475000,6.04E-06,12.64952,5.89E-06,1.32E-06
-72,106500000,6.63E-06,11.75224,6.49E-06,1.35E-06
-72,106525000,7.31E-06,7.732988,7.24E-06,9.83E-07
-72,106550000,8.81E-06,7.133812,8.74E-06,1.09E-06
-72,106575000,8.06E-06,5.407382,8.02E-06,7.59E-07
-72,106600000,9.14E-06,3.685698,9.12E-06,5.88E-07
-72,106625000,9.91E-06,9.928453,9.76E-06,1.71E-06
-72,106650000,1.03E-05,8.119616,1.02E-05,1.46E-06
-72,106675000,1.03E-05,11.70522,1.01E-05,2.10E-06
-72,106700000,9.43E-06,7.630583,9.34E-06,1.25E-06
-72,106725000,1.02E-05,9.815851,1.01E-05,1.74E-06
-72,106750000,1.21E-05,7.031512,1.20E-05,1.48E-06
-72,106775000,1.29E-05,8.118469,1.27E-05,1.82E-06
-72,106800000,1.52E-05,8.436439,1.50E-05,2.23E-06
-72,106825000,1.51E-05,8.226328,1.49E-05,2.16E-06
-72,106850000,1.56E-05,10.7483,1.53E-05,2.91E-06
-72,106875000,1.62E-05,8.529306,1.60E-05,2.40E-06
-72,106900000,1.63E-05,10.05332,1.60E-05,2.84E-06
-72,106925000,1.47E-05,9.054791,1.45E-05,2.32E-06
-72,106950000,1.57E-05,7.959807,1.56E-05,2.18E-06
-72,106975000,1.67E-05,6.327704,1.66E-05,1.84E-06
-72,107000000,1.78E-05,10.37626,1.75E-05,3.20E-06
-72,107025000,1.90E-05,7.551503,1.89E-05,2.50E-06
-72,107050000,2.13E-05,8.001287,2.11E-05,2.97E-06
-72,107075000,2.41E-05,8.592024,2.39E-05,3.60E-06
-72,107100000,2.43E-05,7.032171,2.41E-05,2.98E-06
-72,107125000,2.43E-05,8.150946,2.41E-05,3.45E-06
-72,107150000,2.39E-05,8.330846,2.37E-05,3.46E-06
-72,107175000,2.39E-05,9.535736,2.35E-05,3.96E-06
-72,107200000,2.41E-05,7.728084,2.39E-05,3.24E-06
-72,107225000,2.59E-05,8.445578,2.56E-05,3.80E-06
-72,107250000,2.36E-05,6.404079,2.35E-05,2.63E-06
-72,107275000,2.60E-05,7.653813,2.57E-05,3.46E-06
-72,107300000,2.82E-05,8.828746,2.79E-05,4.33E-06
-72,107325000,2.94E-05,7.49833,2.92E-05,3.84E-06
-72,107350000,3.01E-05,5.962778,2.99E-05,3.12E-06
-72,107375000,3.33E-05,7.523737,3.31E-05,4.37E-06
-72,107400000,3.58E-05,8.476052,3.54E-05,5.28E-06
-72,107425000,3.87E-05,7.589513,3.84E-05,5.11E-06
-72,107450000,3.99E-05,8.188459,3.95E-05,5.68E-06
-72,107475000,4.23E-05,8.007021,4.19E-05,5.89E-06
-72,107500000,4.46E-05,7.273018,4.43E-05,5.65E-06
-72,107525000,4.51E-05,6.163699,4.48E-05,4.84E-06
-72,107550000,4.67E-05,7.274439,4.63E-05,5.91E-06
-72,107575000,4.67E-05,7.329179,4.63E-05,5.96E-06
-72,107600000,4.94E-05,7.626447,4.90E-05,6.56E-06
-72,107625000,5.03E-05,7.552415,4.99E-05,6.61E-06
-72,107650000,4.81E-05,7.363072,4.77E-05,6.16E-06
-72,107675000,5.03E-05,8.381216,4.98E-05,7.33E-06
-72,107700000,4.83E-05,6.729438,4.80E-05,5.66E-06
-72,107725000,4.95E-05,7.062339,4.91E-05,6.08E-06
-72,107750000,5.10E-05,7.345633,5.06E-05,6.52E-06
-72,107775000,4.89E-05,6.484016,4.86E-05,5.52E-06
-72,107800000,4.63E-05,8.995099,4.58E-05,7.24E-06
-72,107825000,4.69E-05,7.840417,4.65E-05,6.40E-06
-72,107850000,4.83E-05,7.743052,4.79E-05,6.51E-06
-72,107875000,5.00E-05,6.755517,4.96E-05,5.88E-06
-72,107900000,4.84E-05,7.813516,4.80E-05,6.59E-06
-72,107925000,4.70E-05,8.178552,4.66E-05,6.69E-06
-72,107950000,4.34E-05,7.951906,4.30E-05,6.01E-06
-72,107975000,3.90E-05,6.512952,3.87E-05,4.42E-06
-72,108000000,3.64E-05,7.601698,3.61E-05,4.81E-06
-72,108025000,3.24E-05,8.402015,3.20E-05,4.73E-06
-72,108050000,2.48E-05,6.603288,2.46E-05,2.85E-06
-72,108075000,1.57E-05,6.492154,1.56E-05,1.77E-06
-72,108100000,8.16E-06,5.59446,8.12E-06,7.95E-07
-72,108125000,6.22E-06,-177.4094,-6.21E-06,-2.81E-07
-72,108150000,1.85E-05,-168.7433,-1.81E-05,-3.60E-06
-72,108175000,3.60E-05,-170.2807,-3.55E-05,-6.08E-06
-72,108200000,5.22E-05,-171.4418,-5.16E-05,-7.77E-06
-72,108225000,7.84E-05,-172.0064,-7.76E-05,-1.09E-05
-72,108250000,9.81E-05,-171.9092,-9.72E-05,-1.38E-05
-72,108275000,0.00012075,-171.8775,-0.000119538,-1.71E-05
-72,108300000,0.000144012,-171.5771,-0.000142458,-2.11E-05
-72,108325000,0.000173529,-171.861,-0.000171781,-2.46E-05
-72,108350000,0.000195212,-171.7418,-0.000193188,-2.80E-05
-72,108375000,0.000206617,-171.8825,-0.000204547,-2.92E-05
-72,108400000,0.000211965,-171.7564,-0.000209775,-3.04E-05
-72,108425000,0.000201938,-171.5681,-0.000199755,-2.96E-05
-72,108450000,0.000209082,-171.9246,-0.000207009,-2.94E-05
-72,108475000,0.000217149,-171.747,-0.0002149,-3.12E-05
-72,108500000,0.000232188,-171.4785,-0.000229625,-3.44E-05
-72,108525000,0.000246517,-171.6754,-0.00024392,-3.57E-05
-72,108550000,0.000234969,-171.6782,-0.000232495,-3.40E-05
-72,108575000,0.000216462,-171.754,-0.000214224,-3.10E-05
-72,108600000,0.000204185,-171.6398,-0.000202015,-2.97E-05
-72,108625000,0.000189871,-171.6568,-0.000187861,-2.76E-05
-72,108650000,0.000168282,-171.4351,-0.000166406,-2.51E-05
-72,108675000,0.000169963,-171.5007,-0.000168115,-2.51E-05
-72,108700000,0.000165156,-172.0099,-0.000163553,-2.30E-05
-72,108725000,0.000149981,-171.7711,-0.000148436,-2.15E-05
-72,108750000,0.000135305,-171.6612,-0.000133874,-1.96E-05
-72,108775000,0.000123691,-171.1908,-0.000122232,-1.89E-05
-72,108800000,0.00010431,-171.4803,-0.000103159,-1.55E-05
-72,108825000,8.74E-05,-171.1525,-8.64E-05,-1.35E-05
-72,108850000,7.65E-05,-171.4756,-7.57E-05,-1.13E-05
-72,108875000,6.30E-05,-171.9476,-6.24E-05,-8.83E-06
-72,108900000,5.13E-05,-171.1159,-5.07E-05,-7.93E-06
-72,108925000,4.09E-05,-171.3813,-4.05E-05,-6.13E-06
-72,108950000,3.27E-05,-171.5677,-3.24E-05,-4.80E-06
-72,108975000,2.55E-05,-171.2403,-2.52E-05,-3.89E-06
-72,109000000,1.81E-05,-173.0981,-1.79E-05,-2.17E-06
-72,109025000,8.25E-06,-176.6902,-8.23E-06,-4.76E-07
-72,109050000,2.93E-06,-170.8744,-2.89E-06,-4.64E-07
-72,109075000,1.04E-06,-105.0668,-2.70E-07,-1.00E-06
-72,109100000,6.63E-06,14.12926,6.43E-06,1.62E-06
-72,109125000,1.10E-05,6.799955,1.09E-05,1.30E-06
-72,109150000,1.51E-05,7.399486,1.50E-05,1.94E-06
-72,109175000,1.96E-05,11.12588,1.92E-05,3.78E-06
-72,109200000,2.20E-05,9.007161,2.18E-05,3.45E-06
-72,109225000,2.38E-05,9.903345,2.34E-05,4.09E-06
-72,109250000,2.67E-05,9.450499,2.64E-05,4.39E-06
-72,109275000,2.89E-05,9.844169,2.85E-05,4.94E-06
-72,109300000,2.75E-05,10.53402,2.71E-05,5.03E-06
-72,109325000,2.97E-05,9.966729,2.93E-05,5.14E-06
-72,109350000,2.99E-05,7.973256,2.97E-05,4.15E-06
-72,109375000,3.28E-05,8.565591,3.24E-05,4.88E-06
-72,109400000,3.37E-05,11.31982,3.31E-05,6.62E-06
-72,109425000,3.22E-05,9.207053,3.17E-05,5.15E-06
-72,109450000,3.27E-05,8.853188,3.23E-05,5.03E-06
-72,109475000,3.62E-05,8.447695,3.58E-05,5.31E-06
-72,109500000,3.50E-05,9.266439,3.45E-05,5.63E-06
-72,109525000,3.61E-05,8.984457,3.56E-05,5.64E-06
-72,109550000,3.46E-05,9.177775,3.41E-05,5.51E-06
-72,109575000,3.26E-05,9.19428,3.22E-05,5.21E-06
-72,109600000,3.54E-05,9.45993,3.49E-05,5.82E-06
-72,109625000,3.21E-05,9.374745,3.17E-05,5.23E-06
-72,109650000,2.97E-05,9.760729,2.93E-05,5.04E-06
-72,109675000,3.22E-05,7.636935,3.19E-05,4.28E-06
-72,109700000,2.99E-05,9.760997,2.95E-05,5.07E-06
-72,109725000,2.81E-05,10.23139,2.76E-05,4.98E-06
-72,109750000,2.94E-05,9.479205,2.90E-05,4.84E-06
-72,109775000,2.95E-05,9.620797,2.91E-05,4.93E-06
-72,109800000,2.90E-05,9.523175,2.86E-05,4.79E-06
-72,109825000,2.80E-05,10.11624,2.75E-05,4.91E-06
-72,109850000,2.67E-05,9.752302,2.63E-05,4.52E-06
-72,109875000,2.62E-05,8.676711,2.59E-05,3.96E-06
-72,109900000,2.39E-05,10.22968,2.35E-05,4.24E-06
-72,109925000,2.48E-05,8.92386,2.45E-05,3.85E-06
-72,109950000,2.46E-05,9.244837,2.43E-05,3.96E-06
-72,109975000,2.39E-05,9.461304,2.36E-05,3.93E-06
-72,110000000,2.23E-05,9.506233,2.20E-05,3.68E-06
-72,110025000,2.25E-05,10.15598,2.21E-05,3.97E-06
-72,110050000,2.06E-05,9.591938,2.03E-05,3.43E-06
-72,110075000,1.95E-05,8.779328,1.93E-05,2.98E-06
-72,110100000,1.88E-05,10.94228,1.84E-05,3.56E-06
-72,110125000,1.67E-05,9.689631,1.64E-05,2.80E-06
-72,110150000,1.70E-05,9.496251,1.67E-05,2.80E-06
-72,110175000,1.70E-05,10.16447,1.67E-05,2.99E-06
-72,110200000,1.53E-05,9.81763,1.51E-05,2.62E-06
-72,110225000,1.45E-05,8.618771,1.43E-05,2.17E-06
-72,110250000,1.29E-05,14.29484,1.25E-05,3.18E-06
-72,110275000,1.22E-05,8.452865,1.21E-05,1.79E-06
-72,110300000,1.17E-05,10.8407,1.15E-05,2.20E-06
-72,110325000,1.01E-05,15.37164,9.73E-06,2.67E-06
-72,110350000,9.82E-06,14.17976,9.52E-06,2.41E-06
-72,110375000,8.85E-06,11.20233,8.68E-06,1.72E-06
-72,110400000,8.18E-06,10.12695,8.06E-06,1.44E-06
-72,110425000,7.81E-06,10.53126,7.68E-06,1.43E-06
-72,110450000,6.83E-06,9.393235,6.74E-06,1.11E-06
-72,110475000,6.87E-06,13.1168,6.69E-06,1.56E-06
-72,110500000,5.72E-06,12.05377,5.59E-06,1.19E-06
-72,110525000,5.77E-06,16.5782,5.53E-06,1.65E-06
-72,110550000,4.39E-06,9.751551,4.33E-06,7.43E-07
-72,110575000,3.78E-06,3.910828,3.77E-06,2.58E-07
-72,110600000,3.00E-06,15.7167,2.89E-06,8.13E-07
-72,110625000,2.82E-06,7.294185,2.80E-06,3.59E-07
-72,110650000,2.31E-06,15.55485,2.23E-06,6.20E-07
-72,110675000,1.62E-06,-0.9550368,1.62E-06,-2.70E-08
-72,110700000,1.67E-06,-3.838031,1.66E-06,-1.11E-07
-72,110725000,7.91E-07,4.470667,7.89E-07,6.17E-08
-72,110750000,2.87E-07,1.108306,2.87E-07,5.55E-09
-72,110775000,8.79E-07,-135.317,-6.25E-07,-6.18E-07
-72,110800000,1.20E-06,-169.2661,-1.18E-06,-2.24E-07
-72,110825000,1.10E-06,-159.5499,-1.03E-06,-3.83E-07
-72,110850000,2.04E-06,-167.6067,-2.00E-06,-4.38E-07
-72,110875000,1.46E-06,171.7817,-1.44E-06,2.08E-07
-72,110900000,2.96E-06,175.0416,-2.95E-06,2.56E-07
-72,110925000,3.08E-06,-176.8323,-3.07E-06,-1.70E-07
-72,110950000,3.49E-06,-164.7187,-3.36E-06,-9.19E-07
-72,110975000,3.00E-06,-179.1493,-3.00E-06,-4.46E-08
-72,111000000,4.39E-06,-176.7301,-4.38E-06,-2.50E-07
-76,106000000,1.51E-06,17.59674,1.44E-06,4.57E-07
-76,106025000,4.98E-07,43.74206,3.60E-07,3.44E-07
-76,106050000,1.15E-06,9.369404,1.13E-06,1.87E-07
-76,106075000,1.46E-06,15.04105,1.41E-06,3.78E-07
-76,106100000,1.93E-06,20.83992,1.80E-06,6.87E-07
-76,106125000,1.67E-06,22.19346,1.54E-06,6.30E-07
-76,106150000,2.03E-06,10.85277,2.00E-06,3.83E-07
-76,106175000,2.53E-06,9.709274,2.49E-06,4.26E-07
-76,106200000,2.47E-06,23.81497,2.26E-06,9.99E-07
-76,106225000,2.36E-06,10.34462,2.32E-06,4.24E-07
-76,106250000,2.34E-06,26.11367,2.10E-06,1.03E-06
-76,106275000,3.08E-06,15.48303,2.97E-06,8.23E-07
-76,106300000,3.13E-06,29.06096,2.73E-06,1.52E-06
-76,106325000,4.13E-06,22.84752,3.81E-06,1.60E-06
-76,106350000,4.66E-06,22.05361,4.32E-06,1.75E-06
-76,106375000,4.27E-06,14.13677,4.14E-06,1.04E-06
-76,106400000,4.52E-06,12.68507,4.41E-06,9.92E-07
-76,106425000,5.33E-06,18.04112,5.07E-06,1.65E-06
-76,106450000,5.02E-06,12.57891,4.90E-06,1.09E-06
-76,106475000,4.49E-06,14.48491,4.35E-06,1.12E-06
-76,106500000,5.17E-06,12.96582,5.03E-06,1.16E-06
-76,106525000,6.51E-06,18.50227,6.17E-06,2.07E-06
-76,106550000,6.66E-06,14.51206,6.45E-06,1.67E-06
-76,106575000,7.10E-06,12.61972,6.93E-06,1.55E-06
-76,106600000,6.62E-06,9.777137,6.52E-06,1.12E-06
-76,106625000,6.68E-06,17.46388,6.38E-06,2.01E-06
-76,106650000,5.97E-06,4.251952,5.95E-06,4.42E-07
-76,106675000,7.56E-06,15.40341,7.29E-06,2.01E-06
-76,106700000,7.90E-06,12.97198,7.70E-06,1.77E-06
-76,106725000,8.97E-06,12.37092,8.76E-06,1.92E-06
-76,106750000,1.03E-05,14.01096,9.98E-06,2.49E-06
-76,106775000,1.07E-05,11.23786,1.05E-05,2.08E-06
-76,106800000,1.06E-05,13.71981,1.03E-05,2.52E-06
-76,106825000,9.60E-06,9.032596,9.48E-06,1.51E-06
-76,106850000,1.10E-05,13.39441,1.07E-05,2.55E-06
-76,106875000,1.23E-05,12.57937,1.20E-05,2.68E-06
-76,106900000,1.37E-05,10.40489,1.34E-05,2.47E-06
-76,106925000,1.34E-05,13.6099,1.31E-05,3.16E-06
-76,106950000,1.49E-05,13.85995,1.45E-05,3.57E-06
-76,106975000,1.55E-05,13.30463,1.51E-05,3.56E-06
-76,107000000,1.50E-05,18.74011,1.42E-05,4.81E-06
-76,107025000,1.46E-05,14.67104,1.42E-05,3.71E-06
-76,107050000,1.57E-05,12.63699,1.54E-05,3.44E-06
-76,107075000,1.62E-05,13.64296,1.57E-05,3.81E-06
-76,107100000,1.81E-05,11.22985,1.77E-05,3.52E-06
-76,107125000,2.10E-05,13.65795,2.04E-05,4.97E-06
-76,107150000,2.17E-05,13.40539,2.11E-05,5.04E-06
-76,107175000,2.09E-05,15.69729,2.01E-05,5.66E-06
-76,107200000,2.25E-05,12.9246,2.19E-05,5.02E-06
-76,107225000,2.17E-05,12.96333,2.11E-05,4.86E-06
-76,107250000,2.18E-05,14.72556,2.11E-05,5.55E-06
-76,107275000,2.34E-05,13.89691,2.27E-05,5.61E-06
-76,107300000,2.49E-05,13.32619,2.43E-05,5.74E-06
-76,107325000,2.71E-05,13.66304,2.63E-05,6.40E-06
-76,107350000,2.97E-05,13.15056,2.89E-05,6.75E-06
-76,107375000,3.02E-05,13.70183,2.93E-05,7.15E-06
-76,107400000,3.43E-05,13.6759,3.33E-05,8.11E-06
-76,107425000,3.28E-05,14.26948,3.18E-05,8.09E-06
-76,107450000,3.13E-05,11.81388,3.06E-05,6.40E-06
-76,107475000,3.14E-05,13.59517,3.05E-05,7.38E-06
-76,107500000,3.43E-05,12.17355,3.35E-05,7.24E-06
-76,107525000,3.76E-05,12.68958,3.67E-05,8.27E-06
-76,107550000,4.09E-05,12.35504,4.00E-05,8.75E-06
-76,107575000,4.21E-05,13.13376,4.10E-05,9.57E-06
-76,107600000,4.33E-05,13.86395,4.21E-05,1.04E-05
-76,107625000,4.20E-05,12.71114,4.10E-05,9.24E-06
-76,107650000,4.44E-05,13.29539,4.32E-05,1.02E-05
-76,107675000,4.74E-05,12.41721,4.63E-05,1.02E-05
-76,107700000,5.38E-05,12.86798,5.24E-05,1.20E-05
-76,107725000,5.60E-05,12.66721,5.46E-05,1.23E-05
-76,107750000,5.40E-05,12.76719,5.27E-05,1.19E-05
-76,107775000,4.85E-05,13.74617,4.71E-05,1.15E-05
-76,107800000,5.01E-05,13.12831,4.88E-05,1.14E-05
-76,107825000,5.05E-05,13.16113,4.92E-05,1.15E-05
-76,107850000,5.47E-05,12.87877,5.33E-05,1.22E-05
-76,107875000,5.51E-05,13.93204,5.35E-05,1.33E-05
-76,107900000,5.78E-05,13.40461,5.62E-05,1.34E-05
-76,107925000,5.32E-05,13.16273,5.18E-05,1.21E-05
-76,107950000,5.19E-05,12.71464,5.06E-05,1.14E-05
-76,107975000,4.85E-05,13.61238,4.72E-05,1.14E-05
-76,108000000,4.75E-05,13.03549,4.63E-05,1.07E-05
-76,108025000,4.57E-05,13.01462,4.45E-05,1.03E-05
-76,108050000,4.02E-05,12.51303,3.92E-05,8.71E-06
-76,108075000,3.34E-05,11.1257,3.28E-05,6.44E-06
-76,108100000,2.56E-05,13.93501,2.48E-05,6.16E-06
-76,108125000,1.77E-05,13.89802,1.72E-05,4.25E-06
-76,108150000,7.71E-06,13.33411,7.50E-06,1.78E-06
-76,108175000,5.98E-06,-166.684,-5.82E-06,-1.38E-06
-76,108200000,2.13E-05,-166.9676,-2.07E-05,-4.80E-06
-76,108225000,4.05E-05,-166.3606,-3.93E-05,-9.54E-06
-76,108250000,6.06E-05,-166.0107,-5.88E-05,-1.46E-05
-76,108275000,8.55E-05,-166.6888,-8.32E-05,-1.97E-05
-76,108300000,0.000104616,-166.4061,-0.000101685,-2.46E-05
-76,108325000,0.00012213,-166.3565,-0.000118684,-2.88E-05
-76,108350000,0.000133763,-166.1407,-0.000129869,-3.20E-05
-76,108375000,0.000136429,-166.5892,-0.000132708,-3.16E-05
-76,108400000,0.000153487,-166.3393,-0.000149145,-3.62E-05
-76,108425000,0.000164193,-166.3801,-0.000159576,-3.87E-05
-76,108450000,0.000176494,-166.3719,-0.000171525,-4.16E-05
-76,108475000,0.000185298,-166.3412,-0.000180058,-4.38E-05
-76,108500000,0.000193155,-166.1106,-0.000187507,-4.64E-05
-76,108525000,0.000190277,-166.0335,-0.000184652,-4.59E-05
-76,108550000,0.000194394,-166.351,-0.000188904,-4.59E-05
-76,108575000,0.000192791,-166.1982,-0.000187224,-4.60E-05
-76,108600000,0.000188776,-166.2787,-0.000183389,-4.48E-05
-76,108625000,0.000188999,-166.4767,-0.000183759,-4.42E-05
-76,108650000,0.000178878,-166.4741,-0.000173917,-4.18E-05
-76,108675000,0.000158756,-166.0318,-0.000154061,-3.83E-05
-76,108700000,0.000141452,-165.9779,-0.000137237,-3.43E-05
-76,108725000,0.000143614,-166.0472,-0.000139376,-3.46E-05
-76,108750000,0.000138094,-165.9456,-0.00013396,-3.35E-05
-76,108775000,0.000126891,-165.2945,-0.000122735,-3.22E-05
-76,108800000,0.000109313,-165.7828,-0.000105965,-2.68E-05
-76,108825000,0.000102145,-165.793,-9.90E-05,-2.51E-05
-76,108850000,9.19E-05,-165.8017,-8.91E-05,-2.25E-05
-76,108875000,8.05E-05,-167.1196,-7.85E-05,-1.79E-05
-76,108900000,7.33E-05,-165.3566,-7.10E-05,-1.85E-05
-76,108925000,6.23E-05,-166.0546,-6.05E-05,-1.50E-05
-76,108950000,5.07E-05,-165.7946,-4.91E-05,-1.24E-05
-76,108975000,4.36E-05,-165.2994,-4.22E-05,-1.11E-05
-76,109000000,3.65E-05,-166.3613,-3.55E-05,-8.61E-06
-76,109025000,3.05E-05,-166.1853,-2.96E-05,-7.29E-06
-76,109050000,2.55E-05,-166.533,-2.48E-05,-5.94E-06
-76,109075000,1.88E-05,-166.3243,-1.82E-05,-4.44E-06
-76,109100000,1.52E-05,-171.7646,-1.50E-05,-2.17E-06
-76,109125000,1.15E-05,-161.3373,-1.09E-05,-3.66E-06
-76,109150000,7.51E-06,-163.8433,-7.22E-06,-2.09E-06
-76,109175000,3.19E-06,-179.2961,-3.19E-06,-3.92E-08
-76,109200000,1.80E-06,33.9175,1.49E-06,1.01E-06
-76,109225000,4.58E-06,8.120156,4.54E-06,6.47E-07
-76,109250000,7.06E-06,13.05628,6.88E-06,1.60E-06
-76,109275000,9.40E-06,9.210038,9.28E-06,1.50E-06
-76,109300000,1.12E-05,18.72806,1.06E-05,3.60E-06
-76,109325000,1.46E-05,14.47355,1.41E-05,3.64E-06
-76,109350000,1.65E-05,13.80454,1.60E-05,3.93E-06
-76,109375000,1.94E-05,14.72195,1.88E-05,4.94E-06
-76,109400000,2.13E-05,16.45662,2.04E-05,6.03E-06
-76,109425000,2.24E-05,16.11531,2.15E-05,6.22E-06
-76,109450000,2.00E-05,12.06974,1.95E-05,4.17E-06
-76,109475000,2.13E-05,14.81584,2.06E-05,5.45E-06
-76,109500000,2.02E-05,16.3522,1.94E-05,5.69E-06
-76,109525000,2.34E-05,15.86398,2.26E-05,6.41E-06
-76,109550000,2.52E-05,15.69283,2.43E-05,6.82E-06
-76,109575000,2.64E-05,14.12063,2.56E-05,6.43E-06
-76,109600000,2.41E-05,15.6727,2.32E-05,6.52E-06
-76,109625000,2.50E-05,14.04065,2.42E-05,6.05E-06
-76,109650000,2.71E-05,15.70411,2.61E-05,7.33E-06
-76,109675000,2.50E-05,15.80104,2.40E-05,6.80E-06
-76,109700000,2.49E-05,14.90478,2.40E-05,6.40E-06
-76,109725000,2.52E-05,15.94026,2.43E-05,6.93E-06
-76,109750000,2.66E-05,14.81528,2.57E-05,6.80E-06
-76,109775000,2.77E-05,15.17603,2.67E-05,7.24E-06
-76,109800000,2.70E-05,15.58197,2.60E-05,7.26E-06
-76,109825000,2.60E-05,15.31973,2.51E-05,6.87E-06
-76,109850000,2.51E-05,14.07296,2.44E-05,6.11E-06
-76,109875000,2.57E-05,15.54766,2.47E-05,6.88E-06
-76,109900000,2.44E-05,15.82415,2.35E-05,6.65E-06
-76,109925000,2.47E-05,15.66921,2.38E-05,6.67E-06
-76,109950000,2.35E-05,15.8183,2.26E-05,6.40E-06
-76,109975000,2.26E-05,15.42487,2.18E-05,6.01E-06
-76,110000000,2.28E-05,16.46358,2.19E-05,6.46E-06
-76,110025000,2.32E-05,14.53801,2.24E-05,5.82E-06
-76,110050000,2.31E-05,15.28862,2.23E-05,6.09E-06
-76,110075000,2.11E-05,16.09472,2.02E-05,5.84E-06
-76,110100000,2.06E-05,14.96638,1.99E-05,5.32E-06
-76,110125000,2.12E-05,14.09336,2.06E-05,5.16E-06
-76,110150000,1.96E-05,16.35718,1.88E-05,5.52E-06
-76,110175000,2.00E-05,16.10121,1.92E-05,5.55E-06
-76,110200000,1.92E-05,14.54635,1.86E-05,4.83E-06
-76,110225000,1.98E-05,13.99143,1.92E-05,4.79E-06
-76,110250000,1.85E-05,15.25137,1.79E-05,4.88E-06
-76,110275000,1.88E-05,14.79977,1.81E-05,4.79E-06
-76,110300000,1.80E-05,15.71725,1.73E-05,4.86E-06
-76,110325000,1.60E-05,16.26886,1.54E-05,4.48E-06
-76,110350000,1.53E-05,17.06652,1.46E-05,4.49E-06
-76,110375000,1.37E-05,17.96017,1.31E-05,4.23E-06
-76,110400000,1.35E-05,16.73127,1.29E-05,3.88E-06
-76,110425000,1.40E-05,13.84946,1.36E-05,3.35E-06
-76,110450000,1.31E-05,14.53415,1.26E-05,3.28E-06
-76,110475000,1.34E-05,16.16253,1.28E-05,3.72E-06
-76,110500000,1.25E-05,17.11144,1.19E-05,3.67E-06
-76,110525000,1.11E-05,15.64536,1.07E-05,2.99E-06
-76,110550000,1.10E-05,16.14848,1.06E-05,3.06E-06
-76,110575000,1.07E-05,19.02814,1.01E-05,3.50E-06
-76,110600000,9.37E-06,17.51606,8.94E-06,2.82E-06
-76,110625000,8.45E-06,16.26047,8.11E-06,2.37E-06
-76,110650000,9.72E-06,17.6258,9.26E-06,2.94E-06
-76,110675000,8.05E-06,16.5982,7.72E-06,2.30E-06
-76,110700000,6.94E-06,16.80005,6.65E-06,2.01E-06
-76,110725000,7.28E-06,15.87871,7.00E-06,1.99E-06
-76,110750000,6.23E-06,27.53428,5.52E-06,2.88E-06
-76,110775000,5.45E-06,17.75666,5.19E-06,1.66E-06
-76,110800000,6.15E-06,17.89222,5.85E-06,1.89E-06
-76,110825000,4.63E-06,19.54426,4.36E-06,1.55E-06
-76,110850000,4.58E-06,9.94072,4.51E-06,7.91E-07
-76,110875000,3.84E-06,18.94816,3.63E-06,1.25E-06
-76,110900000,3.45E-06,28.37829,3.03E-06,1.64E-06
-76,110925000,2.93E-06,19.10289,2.77E-06,9.58E-07
-76,110950000,2.27E-06,19.23883,2.15E-06,7.49E-07
-76,110975000,2.32E-06,18.64629,2.20E-06,7.41E-07
-76,111000000,1.68E-06,5.70052,1.67E-06,1.67E-07
-80,106000000,1.26E-06,28.17141,1.11E-06,5.96E-07
-80,106025000,1.32E-06,8.748367,1.30E-06,2.00E-07
-80,106050000,9.37E-07,31.07954,8.02E-07,4.84E-07
-80,106075000,1.55E-06,2.449953,1.55E-06,6.64E-08
-80,106100000,1.08E-06,59.13557,5.53E-07,9.25E-07
-80,106125000,1.68E-06,15.81951,1.61E-06,4.57E-07
-80,106150000,7.66E-07,42.49111,5.65E-07,5.17E-07
-80,106175000,1.80E-06,35.9304,1.46E-06,1.05E-06
-80,106200000,1.81E-06,38.19204,1.42E-06,1.12E-06
-80,106225000,1.75E-06,6.6888,1.74E-06,2.04E-07
-80,106250000,2.25E-06,41.32447,1.69E-06,1.49E-06
-80,106275000,2.18E-06,28.89954,1.90E-06,1.05E-06
-80,106300000,2.03E-06,19.82765,1.91E-06,6.88E-07
-80,106325000,2.84E-06,24.31111,2.59E-06,1.17E-06
-80,106350000,2.53E-06,22.20273,2.34E-06,9.57E-07
-80,106375000,3.11E-06,26.13569,2.79E-06,1.37E-06
-80,106400000,3.42E-06,18.50946,3.25E-06,1.09E-06
-80,106425000,3.28E-06,18.27553,3.12E-06,1.03E-06
-80,106450000,3.74E-06,23.79298,3.42E-06,1.51E-06
-80,106475000,3.95E-06,10.74721,3.88E-06,7.36E-07
-80,106500000,4.36E-06,10.70475,4.28E-06,8.09E-07
-80,106525000,4.55E-06,23.56761,4.17E-06,1.82E-06
-80,106550000,4.20E-06,23.21292,3.86E-06,1.66E-06
-80,106575000,5.53E-06,21.00564,5.16E-06,1.98E-06
-80,106600000,6.17E-06,22.31742,5.70E-06,2.34E-06
-80,106625000,5.25E-06,21.11483,4.90E-06,1.89E-06
-80,106650000,7.15E-06,19.97523,6.72E-06,2.44E-06
-80,106675000,7.92E-06,16.19542,7.60E-06,2.21E-06
-80,106700000,7.33E-06,24.5987,6.66E-06,3.05E-06
-80,106725000,7.63E-06,17.08253,7.29E-06,2.24E-06
-80,106750000,9.04E-06,19.53504,8.52E-06,3.02E-06
-80,106775000,8.50E-06,18.43424,8.07E-06,2.69E-06
-80,106800000,9.66E-06,20.82541,9.03E-06,3.44E-06
-80,106825000,1.12E-05,18.98233,1.06E-05,3.64E-06
-80,106850000,1.12E-05,17.92474,1.06E-05,3.44E-06
-80,106875000,1.08E-05,20.81926,1.01E-05,3.84E-06
-80,106900000,1.14E-05,19.29047,1.08E-05,3.78E-06
-80,106925000,1.07E-05,21.06509,1.00E-05,3.85E-06
-80,106950000,1.19E-05,18.65408,1.12E-05,3.80E-06
-80,106975000,1.10E-05,15.18811,1.06E-05,2.88E-06
-80,107000000,1.38E-05,20.34571,1.29E-05,4.79E-06
-80,107025000,1.36E-05,18.10128,1.30E-05,4.23E-06
-80,107050000,1.42E-05,22.14557,1.32E-05,5.36E-06
-80,107075000,1.41E-05,17.15198,1.35E-05,4.16E-06
-80,107100000,1.48E-05,19.43315,1.39E-05,4.92E-06
-80,107125000,1.52E-05,20.82872,1.42E-05,5.41E-06
-80,107150000,1.68E-05,18.31345,1.60E-05,5.29E-06
-80,107175000,1.84E-05,17.74542,1.75E-05,5.59E-06
-80,107200000,1.94E-05,17.84441,1.85E-05,5.95E-06
-80,107225000,2.12E-05,18.82555,2.01E-05,6.84E-06
-80,107250000,2.38E-05,18.79243,2.26E-05,7.68E-06
-80,107275000,2.31E-05,17.60983,2.21E-05,7.00E-06
-80,107300000,2.53E-05,18.4443,2.40E-05,8.01E-06
-80,107325000,2.55E-05,18.85632,2.41E-05,8.25E-06
-80,107350000,2.40E-05,18.8023,2.27E-05,7.74E-06
-80,107375000,2.68E-05,18.10028,2.55E-05,8.32E-06
-80,107400000,2.76E-05,17.12016,2.64E-05,8.13E-06
-80,107425000,2.96E-05,19.04757,2.80E-05,9.65E-06
-80,107450000,3.00E-05,17.7911,2.85E-05,9.16E-06
-80,107475000,3.08E-05,18.64812,2.92E-05,9.86E-06
-80,107500000,3.08E-05,17.77711,2.93E-05,9.39E-06
-80,107525000,3.41E-05,18.99208,3.23E-05,1.11E-05
-80,107550000,3.18E-05,17.73459,3.03E-05,9.68E-06
-80,107575000,3.43E-05,18.43861,3.25E-05,1.08E-05
-80,107600000,3.81E-05,18.3479,3.62E-05,1.20E-05
-80,107625000,4.20E-05,18.63856,3.98E-05,1.34E-05
-80,107650000,4.47E-05,19.55384,4.21E-05,1.50E-05
-80,107675000,4.32E-05,19.26155,4.08E-05,1.43E-05
-80,107700000,4.39E-05,18.72667,4.16E-05,1.41E-05
-80,107725000,4.63E-05,18.20648,4.40E-05,1.45E-05
-80,107750000,4.38E-05,18.20666,4.16E-05,1.37E-05
-80,107775000,4.71E-05,18.69159,4.46E-05,1.51E-05
-80,107800000,5.10E-05,18.5298,4.84E-05,1.62E-05
-80,107825000,5.20E-05,17.69824,4.95E-05,1.58E-05
-80,107850000,5.42E-05,18.13466,5.15E-05,1.69E-05
-80,107875000,5.73E-05,18.67086,5.43E-05,1.84E-05
-80,107900000,5.54E-05,18.51611,5.26E-05,1.76E-05
-80,107925000,5.46E-05,18.61422,5.17E-05,1.74E-05
-80,107950000,5.04E-05,18.95122,4.77E-05,1.64E-05
-80,107975000,5.21E-05,18.54103,4.94E-05,1.66E-05
-80,108000000,5.17E-05,17.99359,4.92E-05,1.60E-05
-80,108025000,4.92E-05,18.40245,4.67E-05,1.55E-05
-80,108050000,4.78E-05,18.36936,4.53E-05,1.51E-05
-80,108075000,4.25E-05,19.31192,4.01E-05,1.40E-05
-80,108100000,3.55E-05,19.36566,3.35E-05,1.18E-05
-80,108125000,2.96E-05,18.46059,2.81E-05,9.39E-06
-80,108150000,2.17E-05,17.94176,2.06E-05,6.68E-06
-80,108175000,1.24E-05,17.03298,1.19E-05,3.63E-06
-80,108200000,2.96E-06,26.64302,2.64E-06,1.33E-06
-80,108225000,1.02E-05,-154.4562,-9.17E-06,-4.38E-06
-80,108250000,2.52E-05,-161.2834,-2.39E-05,-8.08E-06
-80,108275000,3.85E-05,-160.8796,-3.64E-05,-1.26E-05
-80,108300000,5.30E-05,-161.4888,-5.02E-05,-1.68E-05
-80,108325000,6.87E-05,-161.2133,-6.51E-05,-2.21E-05
-80,108350000,8.11E-05,-160.9998,-7.67E-05,-2.64E-05
-80,108375000,0.000106017,-161.0469,-0.000100269,-3.44E-05
-80,108400000,0.000131763,-160.5793,-0.000124266,-4.38E-05
-80,108425000,0.000147631,-160.9409,-0.000139538,-4.82E-05
-80,108450000,0.000150683,-160.8442,-0.00014234,-4.94E-05
-80,108475000,0.000151617,-161.19,-0.000143519,-4.89E-05
-80,108500000,0.000153027,-161.063,-0.000144744,-4.97E-05
-80,108525000,0.00015944,-161.1333,-0.000150874,-5.16E-05
-80,108550000,0.000162544,-160.9619,-0.000153653,-5.30E-05
-80,108575000,0.000166853,-160.9252,-0.000157692,-5.45E-05
-80,108600000,0.00016698,-160.5845,-0.000157484,-5.55E-05
-80,108625000,0.000157403,-160.2895,-0.00014818,-5.31E-05
-80,108650000,0.000150555,-160.9652,-0.000142322,-4.91E-05
-80,108675000,0.000149084,-160.8197,-0.000140808,-4.90E-05
-80,108700000,0.000148508,-160.6674,-0.000140134,-4.92E-05
-80,108725000,0.000143508,-160.3813,-0.000135177,-4.82E-05
-80,108750000,0.000123967,-160.6714,-0.00011698,-4.10E-05
-80,108775000,0.000108949,-161.4279,-0.000103275,-3.47E-05
-80,108800000,9.75E-05,-160.4194,-9.19E-05,-3.27E-05
-80,108825000,9.19E-05,-160.5185,-8.66E-05,-3.06E-05
-80,108850000,9.33E-05,-159.8674,-8.76E-05,-3.21E-05
-80,108875000,8.68E-05,-160.9701,-8.21E-05,-2.83E-05
-80,108900000,7.77E-05,-160.5486,-7.33E-05,-2.59E-05
-80,108925000,6.79E-05,-161.135,-6.43E-05,-2.20E-05
-80,108950000,5.79E-05,-160.3718,-5.45E-05,-1.94E-05
-80,108975000,5.13E-05,-159.9864,-4.82E-05,-1.76E-05
-80,109000000,4.56E-05,-159.5244,-4.27E-05,-1.59E-05
-80,109025000,4.19E-05,-159.9355,-3.93E-05,-1.44E-05
-80,109050000,3.84E-05,-160.1538,-3.61E-05,-1.30E-05
-80,109075000,3.21E-05,-157.8633,-2.98E-05,-1.21E-05
-80,109100000,2.64E-05,-158.785,-2.46E-05,-9.55E-06
-80,109125000,2.13E-05,-160.4259,-2.01E-05,-7.14E-06
-80,109150000,1.81E-05,-159.7333,-1.70E-05,-6.26E-06
-80,109175000,1.53E-05,-159.6343,-1.44E-05,-5.33E-06
-80,109200000,1.11E-05,-158.7112,-1.04E-05,-4.04E-06
-80,109225000,7.50E-06,-161.0938,-7.10E-06,-2.43E-06
-80,109250000,5.09E-06,-166.8599,-4.96E-06,-1.16E-06
-80,109275000,2.24E-06,-171.8244,-2.21E-06,-3.18E-07
-80,109300000,2.77E-07,110.6838,-9.78E-08,2.59E-07
-80,109325000,1.54E-06,6.680659,1.53E-06,1.79E-07
-80,109350000,4.60E-06,21.00166,4.29E-06,1.65E-06
-80,109375000,5.54E-06,17.95997,5.27E-06,1.71E-06
-80,109400000,6.99E-06,16.91557,6.69E-06,2.04E-06
-80,109425000,8.32E-06,18.94902,7.87E-06,2.70E-06
-80,109450000,9.23E-06,22.13926,8.55E-06,3.48E-06
-80,109475000,1.29E-05,20.13606,1.21E-05,4.45E-06
-80,109500000,1.49E-05,20.11525,1.40E-05,5.13E-06
-80,109525000,1.54E-05,20.39015,1.44E-05,5.36E-06
-80,109550000,1.52E-05,19.90013,1.43E-05,5.16E-06
-80,109575000,1.40E-05,20.27527,1.31E-05,4.85E-06
-80,109600000,1.42E-05,17.58754,1.35E-05,4.28E-06
-80,109625000,1.67E-05,22.0002,1.55E-05,6.27E-06
-80,109650000,1.88E-05,19.8289,1.77E-05,6.39E-06
-80,109675000,1.92E-05,22.00002,1.78E-05,7.20E-06
-80,109700000,1.84E-05,19.35167,1.74E-05,6.11E-06
-80,109725000,1.82E-05,22.30379,1.68E-05,6.90E-06
-80,109750000,1.85E-05,21.65238,1.72E-05,6.81E-06
-80,109775000,1.93E-05,19.50204,1.82E-05,6.44E-06
-80,109800000,1.86E-05,20.55097,1.75E-05,6.54E-06
-80,109825000,2.19E-05,19.33997,2.06E-05,7.24E-06
-80,109850000,2.11E-05,20.42369,1.98E-05,7.37E-06
-80,109875000,2.04E-05,19.75529,1.92E-05,6.90E-06
-80,109900000,1.99E-05,20.56984,1.86E-05,7.00E-06
-80,109925000,1.82E-05,22.80573,1.68E-05,7.07E-06
-80,109950000,1.93E-05,21.31044,1.80E-05,7.02E-06
-80,109975000,2.05E-05,20.45409,1.92E-05,7.15E-06
-80,110000000,2.19E-05,20.20921,2.05E-05,7.55E-06
-80,110025000,2.08E-05,20.6789,1.95E-05,7.35E-06
-80,110050000,1.92E-05,20.48087,1.79E-05,6.70E-06
-80,110075000,1.86E-05,20.66252,1.74E-05,6.56E-06
-80,110100000,1.82E-05,20.84918,1.70E-05,6.46E-06
-80,110125000,1.76E-05,21.16976,1.64E-05,6.37E-06
-80,110150000,2.01E-05,22.26083,1.86E-05,7.60E-06
-80,110175000,1.93E-05,20.95833,1.80E-05,6.89E-06
-80,110200000,1.88E-05,23.32984,1.72E-05,7.43E-06
-80,110225000,1.86E-05,20.18966,1.74E-05,6.42E-06
-80,110250000,1.65E-05,21.52941,1.54E-05,6.07E-06
-80,110275000,1.72E-05,22.1597,1.59E-05,6.47E-06
-80,110300000,1.77E-05,22.26501,1.64E-05,6.71E-06
-80,110325000,1.79E-05,21.66242,1.66E-05,6.59E-06
-80,110350000,1.67E-05,22.012,1.55E-05,6.25E-06
-80,110375000,1.60E-05,19.48016,1.51E-05,5.35E-06
-80,110400000,1.51E-05,22.38492,1.39E-05,5.74E-06
-80,110425000,1.55E-05,22.66388,1.43E-05,5.96E-06
-80,110450000,1.46E-05,21.89318,1.35E-05,5.43E-06
-80,110475000,1.34E-05,20.5942,1.25E-05,4.70E-06
-80,110500000,1.35E-05,22.28599,1.25E-05,5.14E-06
-80,110525000,1.36E-05,23.22233,1.25E-05,5.35E-06
-80,110550000,1.25E-05,20.67203,1.17E-05,4.42E-06
-80,110575000,1.22E-05,22.58952,1.12E-05,4.68E-06
-80,110600000,1.15E-05,19.13796,1.08E-05,3.76E-06
-80,110625000,1.15E-05,22.25011,1.06E-05,4.34E-06
-80,110650000,1.10E-05,20.39305,1.03E-05,3.82E-06
-80,110675000,1.10E-05,18.54676,1.04E-05,3.50E-06
-80,110700000,1.01E-05,18.36746,9.62E-06,3.19E-06
-80,110725000,9.95E-06,23.93513,9.09E-06,4.04E-06
-80,110750000,9.35E-06,23.0749,8.60E-06,3.66E-06
-80,110775000,8.98E-06,18.48668,8.52E-06,2.85E-06
-80,110800000,8.59E-06,17.7957,8.18E-06,2.63E-06
-80,110825000,8.34E-06,23.79658,7.63E-06,3.36E-06
-80,110850000,7.85E-06,21.90348,7.29E-06,2.93E-06
-80,110875000,7.14E-06,23.36214,6.56E-06,2.83E-06
-80,110900000,6.49E-06,22.77028,5.98E-06,2.51E-06
-80,110925000,6.26E-06,18.00924,5.95E-06,1.93E-06
-80,110950000,7.16E-06,23.67679,6.55E-06,2.87E-06
-80,110975000,6.56E-06,17.49858,6.26E-06,1.97E-06
-80,111000000,5.20E-06,17.87867,4.95E-06,1.60E-06
-84,106000000,8.66E-07,60.13587,4.31E-07,7.51E-07
-84,106025000,4.94E-07,-45.34172,3.47E-07,-3.51E-07
-84,106050000,8.89E-07,-6.823163,8.82E-07,-1.06E-07
-84,106075000,1.25E-06,4.010478,1.25E-06,8.73E-08
-84,106100000,8.20E-07,52.12263,5.03E-07,6.47E-07
-84,106125000,4.83E-07,-40.96829,3.65E-07,-3.17E-07
-84,106150000,8.45E-07,35.02875,6.92E-07,4.85E-07
-84,106175000,8.53E-07,60.94373,4.14E-07,7.46E-07
-84,106200000,1.39E-06,14.35185,1.35E-06,3.46E-07
-84,106225000,2.10E-06,19.83634,1.97E-06,7.12E-07
-84,106250000,1.62E-06,37.57641,1.29E-06,9.90E-07
-84,106275000,2.32E-06,48.79825,1.53E-06,1.74E-06
-84,106300000,1.61E-06,15.05771,1.56E-06,4.19E-07
-84,106325000,1.26E-06,21.67067,1.18E-06,4.67E-07
-84,106350000,1.94E-06,42.83535,1.42E-06,1.32E-06
-84,106375000,1.35E-06,24.78681,1.23E-06,5.66E-07
-84,106400000,1.84E-06,15.70459,1.77E-06,4.98E-07
-84,106425000,3.42E-06,28.99432,3.00E-06,1.66E-06
-84,106450000,3.15E-06,24.78713,2.86E-06,1.32E-06
-84,106475000,2.80E-06,26.5251,2.51E-06,1.25E-06
-84,106500000,4.33E-06,11.45846,4.24E-06,8.60E-07
-84,106525000,3.84E-06,24.47998,3.49E-06,1.59E-06
-84,106550000,4.20E-06,34.49239,3.46E-06,2.38E-06
-84,106575000,4.54E-06,28.13523,4.00E-06,2.14E-06
-84,106600000,4.81E-06,29.27871,4.20E-06,2.35E-06
-84,106625000,4.98E-06,22.47896,4.60E-06,1.90E-06
-84,106650000,5.07E-06,21.59166,4.71E-06,1.87E-06
-84,106675000,5.70E-06,29.3235,4.97E-06,2.79E-06
-84,106700000,6.34E-06,24.85207,5.75E-06,2.66E-06
-84,106725000,5.83E-06,20.00904,5.48E-06,2.00E-06
-84,106750000,6.46E-06,28.53576,5.67E-06,3.09E-06
-84,106775000,6.54E-06,23.08078,6.02E-06,2.56E-06
-84,106800000,7.40E-06,27.61833,6.55E-06,3.43E-06
-84,106825000,8.22E-06,24.94007,7.46E-06,3.47E-06
-84,106850000,8.10E-06,27.22816,7.20E-06,3.70E-06
-84,106875000,8.76E-06,23.02359,8.06E-06,3.43E-06
-84,106900000,8.53E-06,24.65878,7.75E-06,3.56E-06
-84,106925000,9.60E-06,26.16564,8.61E-06,4.23E-06
-84,106950000,1.03E-05,24.47312,9.35E-06,4.26E-06
-84,106975000,1.21E-05,22.81158,1.11E-05,4.68E-06
-84,107000000,1.18E-05,25.83744,1.06E-05,5.14E-06
-84,107025000,1.21E-05,25.86303,1.09E-05,5.26E-06
-84,107050000,1.23E-05,25.39647,1.11E-05,5.29E-06
-84,107075000,1.40E-05,25.05358,1.27E-05,5.91E-06
-84,107100000,1.49E-05,27.84165,1.31E-05,6.94E-06
-84,107125000,1.57E-05,24.79105,1.42E-05,6.57E-06
-84,107150000,1.66E-05,25.14487,1.50E-05,7.05E-06
-84,107175000,1.63E-05,24.22,1.49E-05,6.68E-06
-84,107200000,1.79E-05,24.84123,1.62E-05,7.51E-06
-84,107225000,1.72E-05,23.95945,1.58E-05,7.00E-06
-84,107250000,1.98E-05,23.60387,1.81E-05,7.92E-06
-84,107275000,2.29E-05,24.75438,2.08E-05,9.58E-06
-84,107300000,2.25E-05,24.43626,2.05E-05,9.32E-06
-84,107325000,2.27E-05,24.26338,2.07E-05,9.34E-06
-84,107350000,2.44E-05,24.65146,2.22E-05,1.02E-05
-84,107375000,2.41E-05,23.3596,2.21E-05,9.55E-06
-84,107400000,2.46E-05,22.29842,2.27E-05,9.32E-06
-84,107425000,2.73E-05,23.45302,2.50E-05,1.09E-05
-84,107450000,2.77E-05,24.57116,2.52E-05,1.15E-05
-84,107475000,2.92E-05,24.27894,2.66E-05,1.20E-05
-84,107500000,3.06E-05,24.21308,2.79E-05,1.25E-05
-84,107525000,3.30E-05,24.28232,3.01E-05,1.36E-05
-84,107550000,3.36E-05,24.17546,3.06E-05,1.37E-05
-84,107575000,3.37E-05,23.68327,3.08E-05,1.35E-05
-84,107600000,3.33E-05,23.53,3.06E-05,1.33E-05
-84,107625000,3.60E-05,24.15748,3.29E-05,1.47E-05
-84,107650000,3.73E-05,24.50192,3.39E-05,1.55E-05
-84,107675000,3.95E-05,24.08107,3.60E-05,1.61E-05
-84,107700000,3.97E-05,23.59048,3.64E-05,1.59E-05
-84,107725000,4.32E-05,24.50085,3.93E-05,1.79E-05
-84,107750000,4.54E-05,24.4966,4.13E-05,1.88E-05
-84,107775000,4.43E-05,23.80218,4.05E-05,1.79E-05
-84,107800000,4.47E-05,22.28089,4.14E-05,1.70E-05
-84,107825000,4.45E-05,24.07287,4.07E-05,1.82E-05
-84,107850000,4.64E-05,25.03153,4.20E-05,1.96E-05
-84,107875000,5.26E-05,24.40811,4.79E-05,2.17E-05
-84,107900000,5.15E-05,23.80516,4.71E-05,2.08E-05
-84,107925000,5.00E-05,23.80933,4.57E-05,2.02E-05
-84,107950000,5.30E-05,23.57126,4.86E-05,2.12E-05
-84,107975000,5.50E-05,24.56971,5.00E-05,2.29E-05
-84,108000000,5.27E-05,24.24557,4.80E-05,2.16E-05
-84,108025000,4.82E-05,24.07596,4.40E-05,1.97E-05
-84,108050000,4.39E-05,24.12829,4.00E-05,1.79E-05
-84,108075000,4.18E-05,24.22795,3.81E-05,1.71E-05
-84,108100000,3.86E-05,24.61587,3.51E-05,1.61E-05
-84,108125000,3.47E-05,23.54473,3.18E-05,1.39E-05
-84,108150000,2.89E-05,23.30386,2.66E-05,1.14E-05
-84,108175000,2.24E-05,23.94868,2.05E-05,9.09E-06
-84,108200000,1.43E-05,23.90174,1.31E-05,5.80E-06
-84,108225000,4.21E-06,17.20218,4.02E-06,1.25E-06
-84,108250000,8.00E-06,-155.9291,-7.30E-06,-3.26E-06
-84,108275000,2.03E-05,-154.6015,-1.83E-05,-8.69E-06
-84,108300000,3.34E-05,-156.0595,-3.06E-05,-1.36E-05
-84,108325000,4.81E-05,-155.8061,-4.39E-05,-1.97E-05
-84,108350000,5.82E-05,-154.7923,-5.26E-05,-2.48E-05
-84,108375000,7.13E-05,-155.2271,-6.47E-05,-2.99E-05
-84,108400000,8.24E-05,-156.2399,-7.54E-05,-3.32E-05
-84,108425000,9.40E-05,-155.3591,-8.54E-05,-3.92E-05
-84,108450000,0.000107443,-155.808,-9.80E-05,-4.40E-05
-84,108475000,0.000122733,-155.3622,-0.00011156,-5.12E-05
-84,108500000,0.000123788,-155.5486,-0.000112686,-5.12E-05
-84,108525000,0.000123359,-155.7996,-0.000112518,-5.06E-05
-84,108550000,0.000120214,-155.9853,-0.000109809,-4.89E-05
-84,108575000,0.00012785,-155.6601,-0.000116487,-5.27E-05
-84,108600000,0.000123518,-155.1333,-0.000112066,-5.19E-05
-84,108625000,0.000130333,-155.7907,-0.000118871,-5.34E-05
-84,108650000,0.000134521,-154.9108,-0.000121829,-5.70E-05
-84,108675000,0.00012866,-155.5782,-0.000117149,-5.32E-05
-84,108700000,0.000116184,-154.4986,-0.000104865,-5.00E-05
-84,108725000,0.000110282,-155.4381,-0.000100303,-4.58E-05
-84,108750000,9.58E-05,-154.873,-8.67E-05,-4.07E-05
-84,108775000,9.25E-05,-155.2581,-8.40E-05,-3.87E-05
-84,108800000,9.32E-05,-155.5037,-8.48E-05,-3.87E-05
-84,108825000,9.37E-05,-155.5987,-8.54E-05,-3.87E-05
-84,108850000,8.47E-05,-154.797,-7.66E-05,-3.60E-05
-84,108875000,7.50E-05,-155.5022,-6.83E-05,-3.11E-05
-84,108900000,6.87E-05,-155.6959,-6.26E-05,-2.83E-05
-84,108925000,6.33E-05,-154.5381,-5.71E-05,-2.72E-05
-84,108950000,5.72E-05,-156.0862,-5.23E-05,-2.32E-05
-84,108975000,5.35E-05,-155.4138,-4.87E-05,-2.23E-05
-84,109000000,4.93E-05,-155.0443,-4.47E-05,-2.08E-05
-84,109025000,4.27E-05,-154.9196,-3.87E-05,-1.81E-05
-84,109050000,3.70E-05,-153.6579,-3.31E-05,-1.64E-05
-84,109075000,3.51E-05,-154.5126,-3.17E-05,-1.51E-05
-84,109100000,3.05E-05,-155.3842,-2.77E-05,-1.27E-05
-84,109125000,2.81E-05,-155.4,-2.55E-05,-1.17E-05
-84,109150000,2.45E-05,-153.7929,-2.20E-05,-1.08E-05
-84,109175000,2.06E-05,-153.4175,-1.84E-05,-9.20E-06
-84,109200000,1.64E-05,-155.3282,-1.49E-05,-6.83E-06
-84,109225000,1.38E-05,-152.5554,-1.22E-05,-6.34E-06
-84,109250000,1.06E-05,-153.1882,-9.50E-06,-4.80E-06
-84,109275000,9.37E-06,-155.7535,-8.55E-06,-3.85E-06
-84,109300000,7.02E-06,-151.1609,-6.15E-06,-3.39E-06
-84,109325000,4.92E-06,-148.322,-4.18E-06,-2.58E-06
-84,109350000,3.18E-06,-138.8743,-2.40E-06,-2.09E-06
-84,109375000,1.46E-06,-83.28207,1.71E-07,-1.45E-06
-84,109400000,9.32E-07,23.51331,8.55E-07,3.72E-07
-84,109425000,1.65E-06,26.11612,1.48E-06,7.26E-07
-84,109450000,3.29E-06,30.19404,2.85E-06,1.66E-06
-84,109475000,4.52E-06,25.2942,4.08E-06,1.93E-06
-84,109500000,6.93E-06,20.16351,6.50E-06,2.39E-06
-84,109525000,7.60E-06,25.13861,6.88E-06,3.23E-06
-84,109550000,8.26E-06,24.49574,7.51E-06,3.42E-06
-84,109575000,8.90E-06,25.35855,8.04E-06,3.81E-06
-84,109600000,9.48E-06,25.62274,8.55E-06,4.10E-06
-84,109625000,1.02E-05,25.46817,9.20E-06,4.38E-06
-84,109650000,1.12E-05,24.33539,1.02E-05,4.63E-06
-84,109675000,1.15E-05,25.07069,1.04E-05,4.88E-06
-84,109700000,1.25E-05,24.81148,1.14E-05,5.26E-06
-84,109725000,1.24E-05,28.79553,1.08E-05,5.95E-06
-84,109750000,1.28E-05,24.4336,1.17E-05,5.31E-06
-84,109775000,1.34E-05,27.04023,1.20E-05,6.10E-06
-84,109800000,1.39E-05,26.35828,1.25E-05,6.17E-06
-84,109825000,1.39E-05,25.33383,1.25E-05,5.93E-06
-84,109850000,1.48E-05,25.67406,1.33E-05,6.40E-06
-84,109875000,1.37E-05,26.51388,1.22E-05,6.10E-06
-84,109900000,1.49E-05,26.51589,1.33E-05,6.63E-06
-84,109925000,1.50E-05,29.2817,1.31E-05,7.34E-06
-84,109950000,1.58E-05,25.06214,1.43E-05,6.70E-06
-84,109975000,1.60E-05,26.41783,1.43E-05,7.10E-06
-84,110000000,1.55E-05,24.13151,1.41E-05,6.32E-06
-84,110025000,1.61E-05,26.28115,1.44E-05,7.12E-06
-84,110050000,1.67E-05,26.34079,1.50E-05,7.41E-06
-84,110075000,1.55E-05,24.37805,1.41E-05,6.38E-06
-84,110100000,1.64E-05,25.96402,1.47E-05,7.17E-06
-84,110125000,1.47E-05,28.03811,1.30E-05,6.93E-06
-84,110150000,1.46E-05,26.29735,1.31E-05,6.46E-06
-84,110175000,1.50E-05,28.65672,1.32E-05,7.19E-06
-84,110200000,1.39E-05,25.52908,1.25E-05,5.99E-06
-84,110225000,1.45E-05,26.50154,1.30E-05,6.47E-06
-84,110250000,1.41E-05,26.21182,1.27E-05,6.25E-06
-84,110275000,1.44E-05,27.05631,1.28E-05,6.54E-06
-84,110300000,1.45E-05,26.26454,1.30E-05,6.40E-06
-84,110325000,1.47E-05,25.51394,1.33E-05,6.35E-06
-84,110350000,1.54E-05,24.83604,1.40E-05,6.46E-06
-84,110375000,1.54E-05,25.09162,1.40E-05,6.55E-06
-84,110400000,1.53E-05,26.63242,1.36E-05,6.84E-06
-84,110425000,1.42E-05,26.36512,1.27E-05,6.31E-06
-84,110450000,1.36E-05,27.20744,1.21E-05,6.21E-06
-84,110475000,1.26E-05,27.35872,1.12E-05,5.80E-06
-84,110500000,1.39E-05,25.98022,1.25E-05,6.10E-06
-84,110525000,1.34E-05,27.76962,1.18E-05,6.22E-06
-84,110550000,1.20E-05,30.77824,1.03E-05,6.12E-06
-84,110575000,1.18E-05,27.71707,1.04E-05,5.48E-06
-84,110600000,1.20E-05,26.45673,1.08E-05,5.35E-06
-84,110625000,1.20E-05,26.08585,1.08E-05,5.27E-06
-84,110650000,1.13E-05,25.76584,1.02E-05,4.91E-06
-84,110675000,1.17E-05,30.02345,1.01E-05,5.86E-06
-84,110700000,1.23E-05,30.27208,1.06E-05,6.19E-06
-84,110725000,1.14E-05,26.35588,1.02E-05,5.07E-06
-84,110750000,1.17E-05,26.17006,1.05E-05,5.15E-06
-84,110775000,1.07E-05,23.85011,9.74E-06,4.31E-06
-84,110800000,1.08E-05,27.94038,9.57E-06,5.07E-06
-84,110825000,9.99E-06,26.34295,8.95E-06,4.43E-06
-84,110850000,1.02E-05,25.49452,9.19E-06,4.38E-06
-84,110875000,8.94E-06,28.31303,7.87E-06,4.24E-06
-84,110900000,8.48E-06,25.08807,7.68E-06,3.59E-06
-84,110925000,9.04E-06,31.71063,7.69E-06,4.75E-06
-84,110950000,8.17E-06,25.12714,7.40E-06,3.47E-06
-84,110975000,9.43E-06,28.49942,8.29E-06,4.50E-06
-84,111000000,7.73E-06,26.26496,6.93E-06,3.42E-06
-88,106000000,5.75E-07,-89.07813,9.25E-09,-5.75E-07
-88,106025000,1.01E-07,160.2254,-9.51E-08,3.42E-08
-88,106050000,1.01E-06,107.2345,-2.99E-07,9.64E-07
-88,106075000,4.38E-07,-20.61042,4.10E-07,-1.54E-07
-88,106100000,4.77E-07,55.50454,2.70E-07,3.93E-07
-88,106125000,1.28E-06,51.36923,8.00E-07,1.00E-06
-88,106150000,8.23E-07,59.64552,4.16E-07,7.10E-07
-88,106175000,1.10E-06,94.56109,-8.77E-08,1.10E-06
-88,106200000,1.29E-06,27.00551,1.15E-06,5.87E-07
-88,106225000,1.44E-06,45.87152,1.00E-06,1.03E-06
-88,106250000,1.53E-06,31.52367,1.30E-06,8.00E-07
-88,106275000,1.47E-06,48.34618,9.77E-07,1.10E-06
-88,106300000,1.41E-06,44.14803,1.01E-06,9.83E-07
-88,106325000,2.03E-06,32.98093,1.70E-06,1.10E-06
-88,106350000,1.13E-06,48.02724,7.58E-07,8.43E-07
-88,106375000,1.61E-06,37.226,1.28E-06,9.74E-07
-88,106400000,1.71E-06,26.42276,1.54E-06,7.63E-07
-88,106425000,2.70E-06,26.43,2.41E-06,1.20E-06
-88,106450000,2.66E-06,50.17691,1.70E-06,2.04E-06
-88,106475000,2.68E-06,30.0758,2.32E-06,1.34E-06
-88,106500000,3.09E-06,35.71612,2.51E-06,1.81E-06
-88,106525000,3.56E-06,30.6565,3.06E-06,1.82E-06
-88,106550000,3.70E-06,21.13536,3.45E-06,1.33E-06
-88,106575000,3.91E-06,34.23063,3.23E-06,2.20E-06
-88,106600000,4.52E-06,36.05994,3.66E-06,2.66E-06
-88,106625000,3.69E-06,30.17393,3.19E-06,1.86E-06
-88,106650000,3.68E-06,19.9754,3.46E-06,1.26E-06
-88,106675000,3.74E-06,32.72366,3.14E-06,2.02E-06
-88,106700000,5.54E-06,26.25998,4.96E-06,2.45E-06
-88,106725000,5.68E-06,33.93926,4.71E-06,3.17E-06
-88,106750000,6.12E-06,32.78139,5.14E-06,3.31E-06
-88,106775000,6.78E-06,35.4146,5.52E-06,3.93E-06
-88,106800000,6.88E-06,31.38353,5.88E-06,3.59E-06
-88,106825000,7.48E-06,29.6389,6.50E-06,3.70E-06
-88,106850000,7.88E-06,28.32528,6.93E-06,3.74E-06
-88,106875000,8.39E-06,31.88327,7.13E-06,4.43E-06
-88,106900000,8.13E-06,28.97498,7.11E-06,3.94E-06
-88,106925000,8.58E-06,30.26832,7.41E-06,4.32E-06
-88,106950000,8.77E-06,27.63848,7.77E-06,4.07E-06
-88,106975000,9.78E-06,31.40462,8.35E-06,5.10E-06
-88,107000000,1.13E-05,30.42577,9.77E-06,5.74E-06
-88,107025000,1.12E-05,31.28896,9.60E-06,5.83E-06
-88,107050000,1.24E-05,31.37229,1.06E-05,6.46E-06
-88,107075000,1.14E-05,30.30912,9.84E-06,5.75E-06
-88,107100000,1.21E-05,28.73674,1.07E-05,5.84E-06
-88,107125000,1.32E-05,28.71311,1.16E-05,6.35E-06
-88,107150000,1.49E-05,28.24521,1.31E-05,7.05E-06
-88,107175000,1.58E-05,31.38954,1.35E-05,8.22E-06
-88,107200000,1.57E-05,30.85865,1.35E-05,8.05E-06
-88,107225000,1.59E-05,29.63129,1.38E-05,7.84E-06
-88,107250000,1.68E-05,30.26315,1.45E-05,8.45E-06
-88,107275000,1.80E-05,28.2217,1.58E-05,8.50E-06
-88,107300000,1.76E-05,26.64662,1.57E-05,7.90E-06
-88,107325000,2.08E-05,30.70002,1.79E-05,1.06E-05
-88,107350000,2.28E-05,29.25297,1.99E-05,1.11E-05
-88,107375000,2.30E-05,29.0294,2.01E-05,1.11E-05
-88,107400000,2.49E-05,30.2355,2.15E-05,1.25E-05
-88,107425000,2.52E-05,31.21907,2.16E-05,1.31E-05
-88,107450000,2.55E-05,29.7847,2.22E-05,1.27E-05
-88,107475000,2.82E-05,29.36283,2.46E-05,1.38E-05
-88,107500000,2.81E-05,29.18522,2.45E-05,1.37E-05
-88,107525000,2.94E-05,30.93173,2.52E-05,1.51E-05
-88,107550000,2.93E-05,30.13631,2.53E-05,1.47E-05
-88,107575000,2.88E-05,29.30752,2.51E-05,1.41E-05
-88,107600000,2.88E-05,28.73438,2.53E-05,1.39E-05
-88,107625000,3.38E-05,29.33749,2.95E-05,1.66E-05
-88,107650000,3.66E-05,29.42465,3.19E-05,1.80E-05
-88,107675000,3.72E-05,29.62464,3.23E-05,1.84E-05
-88,107700000,4.03E-05,28.47144,3.54E-05,1.92E-05
-88,107725000,4.47E-05,29.18773,3.90E-05,2.18E-05
-88,107750000,4.39E-05,28.97054,3.84E-05,2.13E-05
-88,107775000,4.13E-05,29.16357,3.60E-05,2.01E-05
-88,107800000,4.42E-05,29.03268,3.86E-05,2.14E-05
-88,107825000,4.73E-05,29.37681,4.12E-05,2.32E-05
-88,107850000,4.73E-05,29.24844,4.13E-05,2.31E-05
-88,107875000,4.89E-05,29.13231,4.27E-05,2.38E-05
-88,107900000,4.94E-05,29.91501,4.28E-05,2.46E-05
-88,107925000,5.15E-05,29.38438,4.49E-05,2.53E-05
-88,107950000,5.35E-05,28.83926,4.69E-05,2.58E-05
-88,107975000,5.39E-05,28.58292,4.73E-05,2.58E-05
-88,108000000,5.34E-05,28.83969,4.67E-05,2.57E-05
-88,108025000,5.01E-05,29.44638,4.37E-05,2.46E-05
-88,108050000,4.89E-05,29.59539,4.25E-05,2.42E-05
-88,108075000,4.95E-05,28.13076,4.37E-05,2.33E-05
-88,108100000,4.82E-05,29.62505,4.19E-05,2.38E-05
-88,108125000,4.18E-05,30.70337,3.59E-05,2.13E-05
-88,108150000,3.50E-05,29.1434,3.06E-05,1.71E-05
-88,108175000,2.98E-05,27.65464,2.64E-05,1.38E-05
-88,108200000,2.24E-05,27.20881,1.99E-05,1.02E-05
-88,108225000,1.33E-05,27.12965,1.18E-05,6.05E-06
-88,108250000,3.13E-06,26.55641,2.80E-06,1.40E-06
-88,108275000,7.98E-06,-148.9256,-6.83E-06,-4.12E-06
-88,108300000,1.84E-05,-146.8718,-1.54E-05,-1.00E-05
-88,108325000,3.20E-05,-148.8687,-2.74E-05,-1.66E-05
-88,108350000,4.43E-05,-149.4684,-3.81E-05,-2.25E-05
-88,108375000,6.08E-05,-150.3535,-5.28E-05,-3.01E-05
-88,108400000,7.29E-05,-149.7727,-6.30E-05,-3.67E-05
-88,108425000,8.28E-05,-150.4507,-7.20E-05,-4.08E-05
-88,108450000,8.92E-05,-149.9485,-7.72E-05,-4.47E-05
-88,108475000,0.000103158,-150.3351,-8.96E-05,-5.11E-05
-88,108500000,0.000113609,-150.3372,-9.87E-05,-5.62E-05
-88,108525000,0.000116835,-150.0884,-0.000101272,-5.83E-05
-88,108550000,0.000115829,-150.4459,-0.000100759,-5.71E-05
-88,108575000,0.000122646,-150.2099,-0.000106438,-6.09E-05
-88,108600000,0.000118179,-150.3091,-0.000102664,-5.85E-05
-88,108625000,0.000119593,-150.4879,-0.000104076,-5.89E-05
-88,108650000,0.000112529,-149.5283,-9.70E-05,-5.71E-05
-88,108675000,0.000118329,-150.0228,-0.0001025,-5.91E-05
-88,108700000,0.000121586,-149.5083,-0.000104771,-6.17E-05
-88,108725000,0.000109513,-149.8057,-9.47E-05,-5.51E-05
-88,108750000,0.000105242,-149.9275,-9.11E-05,-5.27E-05
-88,108775000,1.00E-04,-149.1507,-8.58E-05,-5.13E-05
-88,108800000,9.14E-05,-149.7706,-7.90E-05,-4.60E-05
-88,108825000,8.18E-05,-150.0339,-7.09E-05,-4.09E-05
-88,108850000,7.66E-05,-150.4286,-6.66E-05,-3.78E-05
-88,108875000,7.49E-05,-149.2315,-6.44E-05,-3.83E-05
-88,108900000,6.89E-05,-149.9915,-5.96E-05,-3.44E-05
-88,108925000,6.34E-05,-149.6304,-5.47E-05,-3.21E-05
-88,108950000,5.69E-05,-149.4934,-4.90E-05,-2.89E-05
-88,108975000,5.09E-05,-149.4322,-4.38E-05,-2.59E-05
-88,109000000,4.61E-05,-150.0548,-4.00E-05,-2.30E-05
-88,109025000,4.30E-05,-150.0911,-3.73E-05,-2.15E-05
-88,109050000,3.92E-05,-149.8086,-3.39E-05,-1.97E-05
-88,109075000,3.31E-05,-147.3826,-2.79E-05,-1.78E-05
-88,109100000,3.13E-05,-149.9365,-2.71E-05,-1.57E-05
-88,109125000,2.71E-05,-149.5801,-2.33E-05,-1.37E-05
-88,109150000,2.47E-05,-150.2207,-2.14E-05,-1.23E-05
-88,109175000,2.25E-05,-148.6714,-1.92E-05,-1.17E-05
-88,109200000,1.95E-05,-150.3979,-1.70E-05,-9.65E-06
-88,109225000,1.83E-05,-151.844,-1.61E-05,-8.63E-06
-88,109250000,1.52E-05,-149.5453,-1.31E-05,-7.72E-06
-88,109275000,1.29E-05,-148.3564,-1.09E-05,-6.74E-06
-88,109300000,1.06E-05,-149.6251,-9.17E-06,-5.37E-06
-88,109325000,8.93E-06,-147.0967,-7.50E-06,-4.85E-06
-88,109350000,5.97E-06,-146.9993,-5.01E-06,-3.25E-06
-88,109375000,5.97E-06,-152.4495,-5.29E-06,-2.76E-06
-88,109400000,4.09E-06,-157.5593,-3.78E-06,-1.56E-06
-88,109425000,1.46E-06,-148.7639,-1.25E-06,-7.56E-07
-88,109450000,7.47E-07,-96.57323,-8.55E-08,-7.42E-07
-88,109475000,7.01E-07,-24.5136,6.38E-07,-2.91E-07
-88,109500000,1.01E-06,30.85513,8.68E-07,5.18E-07
-88,109525000,2.65E-06,29.82762,2.30E-06,1.32E-06
-88,109550000,3.43E-06,20.17185,3.22E-06,1.18E-06
-88,109575000,5.35E-06,28.94971,4.68E-06,2.59E-06
-88,109600000,5.41E-06,24.81843,4.91E-06,2.27E-06
-88,109625000,6.39E-06,34.6142,5.26E-06,3.63E-06
-88,109650000,6.79E-06,28.79449,5.95E-06,3.27E-06
-88,109675000,8.70E-06,31.51299,7.41E-06,4.55E-06
-88,109700000,9.03E-06,32.02668,7.65E-06,4.79E-06
-88,109725000,9.54E-06,31.57407,8.13E-06,4.99E-06
-88,109750000,9.47E-06,28.63654,8.31E-06,4.54E-06
-88,109775000,1.06E-05,31.72048,9.06E-06,5.60E-06
-88,109800000,1.02E-05,30.4073,8.81E-06,5.17E-06
-88,109825000,1.10E-05,32.27901,9.30E-06,5.87E-06
-88,109850000,1.18E-05,31.98707,1.00E-05,6.25E-06
-88,109875000,1.27E-05,31.53446,1.08E-05,6.62E-06
-88,109900000,1.29E-05,32.17979,1.09E-05,6.88E-06
-88,109925000,1.21E-05,31.72014,1.03E-05,6.38E-06
-88,109950000,1.21E-05,28.55516,1.07E-05,5.80E-06
-88,109975000,1.35E-05,29.42624,1.17E-05,6.61E-06
-88,110000000,1.30E-05,31.29372,1.11E-05,6.73E-06
-88,110025000,1.29E-05,30.70477,1.10E-05,6.56E-06
-88,110050000,1.34E-05,30.51158,1.15E-05,6.78E-06
-88,110075000,1.36E-05,32.79913,1.14E-05,7.36E-06
-88,110100000,1.31E-05,29.612,1.14E-05,6.46E-06
-88,110125000,1.34E-05,30.70417,1.15E-05,6.84E-06
-88,110150000,1.42E-05,32.6006,1.20E-05,7.65E-06
-88,110175000,1.33E-05,31.34819,1.13E-05,6.90E-06
-88,110200000,1.42E-05,33.30516,1.19E-05,7.79E-06
-88,110225000,1.43E-05,31.9287,1.22E-05,7.59E-06
-88,110250000,1.43E-05,35.00245,1.17E-05,8.19E-06
-88,110275000,1.40E-05,31.39849,1.19E-05,7.27E-06
-88,110300000,1.37E-05,31.68373,1.16E-05,7.18E-06
-88,110325000,1.33E-05,32.14919,1.12E-05,7.06E-06
-88,110350000,1.40E-05,33.6532,1.16E-05,7.75E-06
-88,110375000,1.46E-05,30.78295,1.26E-05,7.49E-06
-88,110400000,1.33E-05,31.03598,1.14E-05,6.88E-06
-88,110425000,1.28E-05,33.05376,1.07E-05,6.97E-06
-88,110450000,1.24E-05,31.76606,1.05E-05,6.50E-06
-88,110475000,1.34E-05,29.86931,1.16E-05,6.67E-06
-88,110500000,1.34E-05,33.85419,1.12E-05,7.49E-06
-88,110525000,1.20E-05,29.85126,1.04E-05,5.96E-06
-88,110550000,1.20E-05,32.57632,1.01E-05,6.48E-06
-88,110575000,1.28E-05,32.04652,1.08E-05,6.79E-06
-88,110600000,1.27E-05,34.39258,1.05E-05,7.18E-06
-88,110625000,1.28E-05,32.88712,1.08E-05,6.97E-06
-88,110650000,1.15E-05,33.30201,9.58E-06,6.29E-06
-88,110675000,1.22E-05,34.13574,1.01E-05,6.82E-06
-88,110700000,1.20E-05,32.03712,1.02E-05,6.39E-06
-88,110725000,1.16E-05,35.66583,9.39E-06,6.74E-06
-88,110750000,1.14E-05,32.73422,9.56E-06,6.15E-06
-88,110775000,1.09E-05,29.76897,9.49E-06,5.43E-06
-88,110800000,9.67E-06,34.32641,7.98E-06,5.45E-06
-88,110825000,9.77E-06,34.41655,8.06E-06,5.52E-06
-88,110850000,9.61E-06,34.79055,7.90E-06,5.49E-06
-88,110875000,1.00E-05,31.34065,8.55E-06,5.20E-06
-88,110900000,1.03E-05,31.91783,8.75E-06,5.45E-06
-88,110925000,1.08E-05,32.76811,9.05E-06,5.82E-06
-88,110950000,9.54E-06,31.01231,8.17E-06,4.91E-06
-88,110975000,9.59E-06,35.01205,7.85E-06,5.50E-06
-88,111000000,9.27E-06,32.4422,7.82E-06,4.97E-06
-92,106000000,6.59E-07,-126.5458,-3.93E-07,-5.30E-07
-92,106025000,1.59E-07,-116.4052,-7.07E-08,-1.42E-07
-92,106050000,6.77E-07,147.4841,-5.71E-07,3.64E-07
-92,106075000,3.11E-07,-11.13603,3.06E-07,-6.02E-08
-92,106100000,2.47E-07,-26.92218,2.20E-07,-1.12E-07
-92,106125000,4.95E-07,-106.0251,-1.37E-07,-4.76E-07
-92,106150000,6.97E-07,68.70787,2.53E-07,6.50E-07
-92,106175000,3.82E-07,58.1157,2.02E-07,3.24E-07
-92,106200000,9.56E-07,110.4114,-3.34E-07,8.96E-07
-92,106225000,6.08E-07,53.2199,3.64E-07,4.87E-07
-92,106250000,1.21E-06,27.42847,1.07E-06,5.58E-07
-92,106275000,4.89E-07,-9.169856,4.83E-07,-7.80E-08
-92,106300000,1.17E-06,59.42521,5.96E-07,1.01E-06
-92,106325000,1.42E-06,53.69501,8.42E-07,1.15E-06
-92,106350000,4.11E-07,91.26261,-9.06E-09,4.11E-07
-92,106375000,1.15E-06,91.58188,-3.17E-08,1.15E-06
-92,106400000,1.82E-06,45.95981,1.26E-06,1.31E-06
-92,106425000,1.53E-06,12.72724,1.49E-06,3.38E-07
-92,106450000,1.86E-06,45.77109,1.30E-06,1.33E-06
-92,106475000,2.40E-06,48.76863,1.58E-06,1.81E-06
-92,106500000,1.63E-06,45.52319,1.14E-06,1.16E-06
-92,106525000,2.01E-06,39.50927,1.55E-06,1.28E-06
-92,106550000,2.57E-06,42.531,1.90E-06,1.74E-06
-92,106575000,2.19E-06,39.60446,1.69E-06,1.40E-06
-92,106600000,2.90E-06,30.25743,2.50E-06,1.46E-06
-92,106625000,3.57E-06,46.73958,2.45E-06,2.60E-06
-92,106650000,3.36E-06,33.70197,2.79E-06,1.86E-06
-92,106675000,3.79E-06,29.16825,3.31E-06,1.85E-06
-92,106700000,3.71E-06,28.93087,3.25E-06,1.79E-06
-92,106725000,5.42E-06,34.7285,4.46E-06,3.09E-06
-92,106750000,4.70E-06,39.93908,3.60E-06,3.01E-06
-92,106775000,5.42E-06,37.39869,4.30E-06,3.29E-06
-92,106800000,5.30E-06,37.73892,4.19E-06,3.25E-06
-92,106825000,4.64E-06,33.46668,3.87E-06,2.56E-06
-92,106850000,6.68E-06,37.14573,5.33E-06,4.03E-06
-92,106875000,7.55E-06,35.06564,6.18E-06,4.34E-06
-92,106900000,6.96E-06,32.39796,5.88E-06,3.73E-06
-92,106925000,8.01E-06,39.18294,6.21E-06,5.06E-06
-92,106950000,7.02E-06,32.92677,5.89E-06,3.81E-06
-92,106975000,7.33E-06,38.62478,5.73E-06,4.58E-06
-92,107000000,8.79E-06,38.11361,6.92E-06,5.43E-06
-92,107025000,8.81E-06,39.59916,6.79E-06,5.62E-06
-92,107050000,9.88E-06,36.93913,7.90E-06,5.94E-06
-92,107075000,9.13E-06,37.05831,7.29E-06,5.50E-06
-92,107100000,1.10E-05,36.69975,8.84E-06,6.59E-06
-92,107125000,1.13E-05,32.71002,9.51E-06,6.11E-06
-92,107150000,1.07E-05,35.64362,8.67E-06,6.22E-06
-92,107175000,1.09E-05,32.98223,9.14E-06,5.93E-06
-92,107200000,1.14E-05,34.70645,9.40E-06,6.51E-06
-92,107225000,1.30E-05,32.7342,1.10E-05,7.04E-06
-92,107250000,1.36E-05,39.05728,1.05E-05,8.54E-06
-92,107275000,1.44E-05,34.64504,1.19E-05,8.19E-06
-92,107300000,1.45E-05,35.40748,1.19E-05,8.43E-06
-92,107325000,1.67E-05,36.41529,1.34E-05,9.92E-06
-92,107350000,1.62E-05,34.06727,1.34E-05,9.08E-06
-92,107375000,1.74E-05,35.54392,1.42E-05,1.01E-05
-92,107400000,1.84E-05,34.47865,1.52E-05,1.04E-05
-92,107425000,2.10E-05,36.49899,1.68E-05,1.25E-05
-92,107450000,2.09E-05,35.41564,1.70E-05,1.21E-05
-92,107475000,2.13E-05,34.56396,1.75E-05,1.21E-05
-92,107500000,2.19E-05,35.92248,1.77E-05,1.29E-05
-92,107525000,2.31E-05,34.4814,1.90E-05,1.31E-05
-92,107550000,2.23E-05,34.66792,1.84E-05,1.27E-05
-92,107575000,2.42E-05,36.04182,1.95E-05,1.42E-05
-92,107600000,2.68E-05,34.73577,2.20E-05,1.53E-05
-92,107625000,2.91E-05,35.07025,2.38E-05,1.67E-05
-92,107650000,3.09E-05,35.62846,2.51E-05,1.80E-05
-92,107675000,3.28E-05,33.78276,2.72E-05,1.82E-05
-92,107700000,3.15E-05,35.67563,2.56E-05,1.84E-05
-92,107725000,3.18E-05,35.43361,2.59E-05,1.84E-05
-92,107750000,3.50E-05,34.10635,2.90E-05,1.96E-05
-92,107775000,3.75E-05,35.52942,3.05E-05,2.18E-05
-92,107800000,4.03E-05,34.02407,3.34E-05,2.25E-05
-92,107825000,3.80E-05,35.0209,3.11E-05,2.18E-05
-92,107850000,3.62E-05,34.62627,2.98E-05,2.06E-05
-92,107875000,3.99E-05,35.1398,3.26E-05,2.30E-05
-92,107900000,4.15E-05,34.85714,3.41E-05,2.37E-05
-92,107925000,4.02E-05,33.82977,3.34E-05,2.24E-05
-92,107950000,3.93E-05,34.64133,3.23E-05,2.23E-05
-92,107975000,4.21E-05,34.59561,3.47E-05,2.39E-05
-92,108000000,4.22E-05,34.22004,3.49E-05,2.37E-05
-92,108025000,4.56E-05,34.92158,3.74E-05,2.61E-05
-92,108050000,4.45E-05,33.97787,3.69E-05,2.49E-05
-92,108075000,4.40E-05,35.79419,3.57E-05,2.57E-05
-92,108100000,4.03E-05,35.57238,3.28E-05,2.34E-05
-92,108125000,4.07E-05,34.80193,3.34E-05,2.32E-05
-92,108150000,3.74E-05,34.94401,3.07E-05,2.14E-05
-92,108175000,3.14E-05,34.18563,2.60E-05,1.77E-05
-92,108200000,2.53E-05,34.84931,2.08E-05,1.45E-05
-92,108225000,1.99E-05,37.87179,1.57E-05,1.22E-05
-92,108250000,1.11E-05,35.29577,9.03E-06,6.39E-06
-92,108275000,3.38E-06,28.59828,2.96E-06,1.62E-06
-92,108300000,5.81E-06,-138.7563,-4.37E-06,-3.83E-06
-92,108325000,1.72E-05,-140.4946,-1.33E-05,-1.09E-05
-92,108350000,2.57E-05,-145.0955,-2.10E-05,-1.47E-05
-92,108375000,2.99E-05,-142.874,-2.38E-05,-1.80E-05
-92,108400000,4.13E-05,-144.766,-3.38E-05,-2.38E-05
-92,108425000,5.36E-05,-144.6323,-4.37E-05,-3.10E-05
-92,108450000,6.80E-05,-144.2485,-5.52E-05,-3.97E-05
-92,108475000,7.68E-05,-145.2756,-6.31E-05,-4.37E-05
-92,108500000,8.21E-05,-144.5959,-6.69E-05,-4.76E-05
-92,108525000,8.71E-05,-144.1571,-7.06E-05,-5.10E-05
-92,108550000,9.10E-05,-144.519,-7.41E-05,-5.28E-05
-92,108575000,9.58E-05,-144.9587,-7.84E-05,-5.50E-05
-92,108600000,0.000100319,-144.4527,-8.16E-05,-5.83E-05
-92,108625000,9.28E-05,-144.792,-7.58E-05,-5.35E-05
-92,108650000,8.38E-05,-144.5048,-6.82E-05,-4.86E-05
-92,108675000,8.61E-05,-144.7454,-7.03E-05,-4.97E-05
-92,108700000,8.61E-05,-144.2916,-6.99E-05,-5.03E-05
-92,108725000,8.41E-05,-144.7116,-6.86E-05,-4.86E-05
-92,108750000,7.18E-05,-144.4249,-5.84E-05,-4.17E-05
-92,108775000,7.42E-05,-144.3417,-6.03E-05,-4.33E-05
-92,108800000,7.50E-05,-143.9971,-6.07E-05,-4.41E-05
-92,108825000,7.32E-05,-144.4105,-5.95E-05,-4.26E-05
-92,108850000,6.60E-05,-144.8236,-5.40E-05,-3.80E-05
-92,108875000,6.21E-05,-142.9811,-4.96E-05,-3.74E-05
-92,108900000,6.17E-05,-143.9915,-4.99E-05,-3.63E-05
-92,108925000,5.63E-05,-144.3644,-4.57E-05,-3.28E-05
-92,108950000,4.71E-05,-145.1201,-3.86E-05,-2.69E-05
-92,108975000,4.28E-05,-144.8723,-3.50E-05,-2.46E-05
-92,109000000,4.07E-05,-144.4084,-3.31E-05,-2.37E-05
-92,109025000,3.91E-05,-144.088,-3.17E-05,-2.30E-05
-92,109050000,3.58E-05,-144.3773,-2.91E-05,-2.08E-05
-92,109075000,3.09E-05,-142.301,-2.44E-05,-1.89E-05
-92,109100000,3.01E-05,-143.8811,-2.43E-05,-1.77E-05
-92,109125000,2.57E-05,-144.927,-2.10E-05,-1.48E-05
-92,109150000,2.34E-05,-145.5467,-1.93E-05,-1.32E-05
-92,109175000,2.26E-05,-142.901,-1.80E-05,-1.36E-05
-92,109200000,2.04E-05,-143.8729,-1.65E-05,-1.21E-05
-92,109225000,1.78E-05,-144.4778,-1.45E-05,-1.03E-05
-92,109250000,1.61E-05,-142.3965,-1.27E-05,-9.82E-06
-92,109275000,1.38E-05,-146.3682,-1.15E-05,-7.67E-06
-92,109300000,1.16E-05,-141.9451,-9.14E-06,-7.20E-06
-92,109325000,9.33E-06,-143.3773,-7.48E-06,-5.56E-06
-92,109350000,8.03E-06,-144.9965,-6.58E-06,-4.61E-06
-92,109375000,7.65E-06,-147.4832,-6.45E-06,-4.11E-06
-92,109400000,5.85E-06,-141.6147,-4.58E-06,-3.63E-06
-92,109425000,4.11E-06,-135.4758,-2.93E-06,-2.89E-06
-92,109450000,3.18E-06,-138.8898,-2.40E-06,-2.09E-06
-92,109475000,1.97E-06,-140.5557,-1.52E-06,-1.25E-06
-92,109500000,1.05E-06,178.7645,-1.05E-06,2.26E-08
-92,109525000,5.58E-07,-33.42472,4.66E-07,-3.08E-07
-92,109550000,1.03E-06,34.49977,8.49E-07,5.83E-07
-92,109575000,1.67E-06,37.47238,1.33E-06,1.02E-06
-92,109600000,3.32E-06,35.53425,2.70E-06,1.93E-06
-92,109625000,3.38E-06,33.20059,2.83E-06,1.85E-06
-92,109650000,3.88E-06,43.32408,2.83E-06,2.66E-06
-92,109675000,5.06E-06,35.82228,4.10E-06,2.96E-06
-92,109700000,5.43E-06,37.24991,4.32E-06,3.29E-06
-92,109725000,6.28E-06,32.5482,5.30E-06,3.38E-06
-92,109750000,6.70E-06,31.20221,5.73E-06,3.47E-06
-92,109775000,7.29E-06,36.53659,5.86E-06,4.34E-06
-92,109800000,7.24E-06,33.43388,6.04E-06,3.99E-06
-92,109825000,8.22E-06,35.77532,6.67E-06,4.80E-06
-92,109850000,8.57E-06,36.161,6.92E-06,5.06E-06
-92,109875000,9.33E-06,40.20538,7.12E-06,6.02E-06
-92,109900000,8.69E-06,36.3858,7.00E-06,5.16E-06
-92,109925000,9.84E-06,37.19004,7.84E-06,5.95E-06
-92,109950000,1.08E-05,37.82454,8.50E-06,6.60E-06
-92,109975000,1.05E-05,35.37419,8.57E-06,6.09E-06
-92,110000000,9.55E-06,37.87939,7.54E-06,5.87E-06
-92,110025000,9.68E-06,36.08636,7.82E-06,5.70E-06
-92,110050000,1.08E-05,34.35257,8.94E-06,6.11E-06
-92,110075000,1.08E-05,35.408,8.81E-06,6.26E-06
-92,110100000,1.04E-05,40.57916,7.88E-06,6.75E-06
-92,110125000,1.08E-05,36.73074,8.63E-06,6.44E-06
-92,110150000,1.15E-05,38.08204,9.07E-06,7.10E-06
-92,110175000,1.07E-05,37.50206,8.52E-06,6.54E-06
-92,110200000,1.16E-05,35.0979,9.49E-06,6.67E-06
-92,110225000,1.04E-05,38.75731,8.09E-06,6.50E-06
-92,110250000,9.87E-06,36.5505,7.93E-06,5.88E-06
-92,110275000,1.03E-05,38.45921,8.08E-06,6.42E-06
-92,110300000,1.18E-05,39.0636,9.16E-06,7.43E-06
-92,110325000,1.19E-05,39.016,9.22E-06,7.47E-06
-92,110350000,1.03E-05,37.32322,8.21E-06,6.26E-06
-92,110375000,9.15E-06,39.87422,7.03E-06,5.87E-06
-92,110400000,9.83E-06,37.49926,7.80E-06,5.98E-06
-92,110425000,1.09E-05,37.63833,8.62E-06,6.65E-06
-92,110450000,1.18E-05,38.34015,9.27E-06,7.33E-06
-92,110475000,1.01E-05,34.51355,8.33E-06,5.73E-06
-92,110500000,1.04E-05,37.22715,8.30E-06,6.31E-06
-92,110525000,1.05E-05,39.51693,8.14E-06,6.71E-06
-92,110550000,1.02E-05,37.94702,8.05E-06,6.28E-06
-92,110575000,1.02E-05,40.37943,7.79E-06,6.63E-06
-92,110600000,1.01E-05,36.57453,8.13E-06,6.03E-06
-92,110625000,9.57E-06,40.40022,7.29E-06,6.21E-06
-92,110650000,9.80E-06,41.2421,7.37E-06,6.46E-06
-92,110675000,9.87E-06,38.76019,7.70E-06,6.18E-06
-92,110700000,9.99E-06,34.40773,8.24E-06,5.64E-06
-92,110725000,9.42E-06,37.06563,7.52E-06,5.68E-06
-92,110750000,9.32E-06,40.17529,7.12E-06,6.02E-06
-92,110775000,9.55E-06,33.35273,7.98E-06,5.25E-06
-92,110800000,9.86E-06,40.00447,7.55E-06,6.34E-06
-92,110825000,8.19E-06,39.43854,6.33E-06,5.20E-06
-92,110850000,8.56E-06,44.65582,6.09E-06,6.02E-06
-92,110875000,8.21E-06,43.50486,5.95E-06,5.65E-06
-92,110900000,9.04E-06,43.60677,6.55E-06,6.23E-06
-92,110925000,8.19E-06,40.1965,6.26E-06,5.29E-06
-92,110950000,8.76E-06,38.55087,6.85E-06,5.46E-06
-92,110975000,7.96E-06,34.54463,6.55E-06,4.51E-06
-92,111000000,8.73E-06,36.96856,6.97E-06,5.25E-06
-96,106000000,3.96E-07,37.07852,3.16E-07,2.39E-07
-96,106025000,5.06E-07,-148.7305,-4.33E-07,-2.63E-07
-96,106050000,1.34E-07,-91.44533,-3.37E-09,-1.34E-07
-96,106075000,2.98E-07,76.48796,6.96E-08,2.90E-07
-96,106100000,2.61E-07,125.261,-1.51E-07,2.13E-07
-96,106125000,9.00E-08,102.4237,-1.94E-08,8.79E-08
-96,106150000,7.45E-07,109.7615,-2.52E-07,7.01E-07
-96,106175000,5.58E-07,95.25039,-5.11E-08,5.56E-07
-96,106200000,3.98E-07,172.4105,-3.95E-07,5.26E-08
-96,106225000,8.19E-07,54.03776,4.81E-07,6.63E-07
-96,106250000,4.46E-07,36.83943,3.57E-07,2.67E-07
-96,106275000,1.09E-06,106.2915,-3.05E-07,1.04E-06
-96,106300000,1.44E-06,72.03476,4.43E-07,1.37E-06
-96,106325000,9.06E-07,50.76519,5.73E-07,7.02E-07
-96,106350000,1.29E-06,52.1529,7.90E-07,1.02E-06
-96,106375000,1.73E-06,54.67015,1.00E-06,1.41E-06
-96,106400000,1.62E-06,62.90372,7.39E-07,1.44E-06
-96,106425000,1.90E-06,40.38859,1.44E-06,1.23E-06
-96,106450000,1.39E-06,56.4214,7.66E-07,1.15E-06
-96,106475000,2.14E-06,37.95479,1.69E-06,1.32E-06
-96,106500000,1.78E-06,37.13382,1.42E-06,1.07E-06
-96,106525000,2.04E-06,52.23372,1.25E-06,1.62E-06
-96,106550000,1.86E-06,34.49887,1.53E-06,1.05E-06
-96,106575000,2.61E-06,48.2934,1.74E-06,1.95E-06
-96,106600000,2.68E-06,32.70983,2.26E-06,1.45E-06
-96,106625000,2.34E-06,39.63317,1.80E-06,1.49E-06
-96,106650000,2.79E-06,48.49175,1.85E-06,2.09E-06
-96,106675000,3.05E-06,36.08958,2.47E-06,1.80E-06
-96,106700000,3.94E-06,47.12846,2.68E-06,2.89E-06
-96,106725000,3.92E-06,38.15535,3.09E-06,2.42E-06
-96,106750000,4.29E-06,37.77808,3.39E-06,2.63E-06
-96,106775000,3.97E-06,40.13049,3.04E-06,2.56E-06
-96,106800000,4.22E-06,47.2961,2.86E-06,3.10E-06
-96,106825000,4.83E-06,49.46374,3.14E-06,3.67E-06
-96,106850000,5.38E-06,45.88998,3.75E-06,3.87E-06
-96,106875000,5.94E-06,38.45102,4.65E-06,3.70E-06
-96,106900000,5.51E-06,38.91174,4.28E-06,3.46E-06
-96,106925000,5.73E-06,44.43151,4.09E-06,4.01E-06
-96,106950000,6.94E-06,41.8705,5.17E-06,4.63E-06
-96,106975000,6.99E-06,50.13534,4.48E-06,5.37E-06
-96,107000000,6.69E-06,39.59385,5.16E-06,4.26E-06
-96,107025000,7.77E-06,42.30725,5.75E-06,5.23E-06
-96,107050000,8.35E-06,43.49161,6.06E-06,5.75E-06
-96,107075000,8.69E-06,43.61284,6.29E-06,5.99E-06
-96,107100000,8.87E-06,43.6767,6.41E-06,6.12E-06
-96,107125000,9.45E-06,42.45881,6.97E-06,6.38E-06
-96,107150000,1.11E-05,41.87661,8.26E-06,7.40E-06
-96,107175000,1.06E-05,43.11239,7.74E-06,7.24E-06
-96,107200000,1.21E-05,37.95857,9.50E-06,7.41E-06
-96,107225000,1.29E-05,43.85398,9.33E-06,8.96E-06
-96,107250000,1.32E-05,43.2316,9.62E-06,9.04E-06
-96,107275000,1.45E-05,39.44906,1.12E-05,9.23E-06
-96,107300000,1.49E-05,37.52062,1.18E-05,9.10E-06
-96,107325000,1.55E-05,39.32842,1.20E-05,9.84E-06
-96,107350000,1.63E-05,38.53694,1.28E-05,1.02E-05
-96,107375000,1.68E-05,39.40089,1.30E-05,1.07E-05
-96,107400000,1.82E-05,39.00463,1.41E-05,1.14E-05
-96,107425000,1.78E-05,41.27237,1.34E-05,1.18E-05
-96,107450000,1.93E-05,40.19025,1.48E-05,1.25E-05
-96,107475000,2.14E-05,39.74453,1.65E-05,1.37E-05
-96,107500000,2.13E-05,40.73374,1.61E-05,1.39E-05
-96,107525000,2.16E-05,40.22377,1.65E-05,1.39E-05
-96,107550000,2.15E-05,38.64297,1.68E-05,1.34E-05
-96,107575000,2.21E-05,39.63697,1.70E-05,1.41E-05
-96,107600000,2.29E-05,40.07681,1.75E-05,1.47E-05
-96,107625000,2.51E-05,40.9178,1.90E-05,1.65E-05
-96,107650000,3.01E-05,39.04753,2.33E-05,1.89E-05
-96,107675000,3.12E-05,38.05086,2.45E-05,1.92E-05
-96,107700000,3.04E-05,40.23975,2.32E-05,1.97E-05
-96,107725000,3.16E-05,40.96471,2.38E-05,2.07E-05
-96,107750000,3.39E-05,40.56043,2.57E-05,2.20E-05
-96,107775000,3.65E-05,38.99197,2.83E-05,2.29E-05
-96,107800000,3.77E-05,40.23052,2.88E-05,2.44E-05
-96,107825000,3.84E-05,39.65298,2.96E-05,2.45E-05
-96,107850000,3.93E-05,39.81744,3.02E-05,2.52E-05
-96,107875000,3.80E-05,39.82531,2.92E-05,2.43E-05
-96,107900000,3.78E-05,39.94098,2.90E-05,2.43E-05
-96,107925000,3.80E-05,40.1913,2.91E-05,2.46E-05
-96,107950000,3.93E-05,40.48963,2.99E-05,2.55E-05
-96,107975000,4.30E-05,41.01604,3.24E-05,2.82E-05
-96,108000000,4.73E-05,39.73671,3.64E-05,3.02E-05
-96,108025000,4.61E-05,39.60509,3.55E-05,2.94E-05
-96,108050000,4.57E-05,39.55276,3.52E-05,2.91E-05
-96,108075000,4.36E-05,38.89488,3.39E-05,2.74E-05
-96,108100000,4.13E-05,40.39783,3.14E-05,2.68E-05
-96,108125000,4.03E-05,40.46546,3.06E-05,2.61E-05
-96,108150000,3.70E-05,40.53586,2.81E-05,2.40E-05
-96,108175000,3.16E-05,41.00096,2.38E-05,2.07E-05
-96,108200000,2.71E-05,41.15209,2.04E-05,1.78E-05
-96,108225000,2.20E-05,42.04828,1.63E-05,1.47E-05
-96,108250000,1.68E-05,40.08633,1.28E-05,1.08E-05
-96,108275000,9.86E-06,43.26247,7.18E-06,6.76E-06
-96,108300000,2.42E-06,29.41708,2.11E-06,1.19E-06
-96,108325000,8.33E-06,-137.3462,-6.12E-06,-5.64E-06
-96,108350000,1.67E-05,-138.0557,-1.24E-05,-1.12E-05
-96,108375000,2.83E-05,-138.0695,-2.11E-05,-1.89E-05
-96,108400000,3.87E-05,-138.559,-2.90E-05,-2.56E-05
-96,108425000,4.68E-05,-139.7328,-3.57E-05,-3.02E-05
-96,108450000,5.65E-05,-139.431,-4.30E-05,-3.68E-05
-96,108475000,6.40E-05,-139.9673,-4.90E-05,-4.12E-05
-96,108500000,6.62E-05,-139.7056,-5.05E-05,-4.28E-05
-96,108525000,7.27E-05,-139.4809,-5.53E-05,-4.72E-05
-96,108550000,7.60E-05,-139.7112,-5.80E-05,-4.91E-05
-96,108575000,8.13E-05,-139.04,-6.14E-05,-5.33E-05
-96,108600000,8.30E-05,-138.9594,-6.26E-05,-5.45E-05
-96,108625000,8.11E-05,-139.9163,-6.21E-05,-5.22E-05
-96,108650000,8.14E-05,-139.3884,-6.18E-05,-5.30E-05
-96,108675000,7.87E-05,-138.6385,-5.90E-05,-5.20E-05
-96,108700000,7.64E-05,-140.0515,-5.86E-05,-4.91E-05
-96,108725000,7.63E-05,-139.3529,-5.79E-05,-4.97E-05
-96,108750000,7.63E-05,-139.2547,-5.78E-05,-4.98E-05
-96,108775000,7.45E-05,-139.3075,-5.65E-05,-4.86E-05
-96,108800000,6.93E-05,-138.7602,-5.21E-05,-4.57E-05
-96,108825000,6.56E-05,-138.9623,-4.95E-05,-4.31E-05
-96,108850000,6.46E-05,-138.6783,-4.85E-05,-4.26E-05
-96,108875000,5.59E-05,-138.1913,-4.17E-05,-3.73E-05
-96,108900000,5.37E-05,-139.1162,-4.06E-05,-3.52E-05
-96,108925000,5.06E-05,-138.4787,-3.79E-05,-3.35E-05
-96,108950000,4.77E-05,-139.2682,-3.62E-05,-3.11E-05
-96,108975000,4.16E-05,-138.6987,-3.13E-05,-2.75E-05
-96,109000000,3.79E-05,-139.3311,-2.87E-05,-2.47E-05
-96,109025000,3.51E-05,-138.2147,-2.62E-05,-2.34E-05
-96,109050000,3.29E-05,-138.2734,-2.45E-05,-2.19E-05
-96,109075000,3.11E-05,-137.6822,-2.30E-05,-2.09E-05
-96,109100000,2.75E-05,-138.9546,-2.08E-05,-1.81E-05
-96,109125000,2.71E-05,-136.8102,-1.97E-05,-1.85E-05
-96,109150000,2.48E-05,-137.4614,-1.82E-05,-1.67E-05
-96,109175000,2.22E-05,-140.3118,-1.71E-05,-1.42E-05
-96,109200000,1.99E-05,-139.2999,-1.51E-05,-1.30E-05
-96,109225000,1.69E-05,-138.8232,-1.27E-05,-1.11E-05
-96,109250000,1.56E-05,-138.7586,-1.17E-05,-1.03E-05
-96,109275000,1.37E-05,-138.0663,-1.02E-05,-9.18E-06
-96,109300000,1.25E-05,-140.1692,-9.62E-06,-8.02E-06
-96,109325000,1.13E-05,-136.863,-8.25E-06,-7.73E-06
-96,109350000,9.27E-06,-136.9553,-6.78E-06,-6.33E-06
-96,109375000,9.11E-06,-132.0692,-6.11E-06,-6.76E-06
-96,109400000,7.82E-06,-139.7971,-5.97E-06,-5.05E-06
-96,109425000,6.14E-06,-138.2404,-4.58E-06,-4.09E-06
-96,109450000,4.44E-06,-136.7574,-3.23E-06,-3.04E-06
-96,109475000,3.80E-06,-141.639,-2.98E-06,-2.36E-06
-96,109500000,2.14E-06,-137.2645,-1.57E-06,-1.45E-06
-96,109525000,1.63E-06,-140.105,-1.25E-06,-1.04E-06
-96,109550000,7.88E-07,-151.8938,-6.95E-07,-3.71E-07
-96,109575000,5.94E-07,134.8963,-4.19E-07,4.21E-07
-96,109600000,1.09E-06,32.80144,9.16E-07,5.90E-07
-96,109625000,2.01E-06,33.35792,1.68E-06,1.10E-06
-96,109650000,2.00E-06,37.63717,1.59E-06,1.22E-06
-96,109675000,2.67E-06,40.66301,2.03E-06,1.74E-06
-96,109700000,2.97E-06,39.31824,2.30E-06,1.88E-06
-96,109725000,3.23E-06,43.63387,2.34E-06,2.23E-06
-96,109750000,3.82E-06,42.61994,2.81E-06,2.59E-06
-96,109775000,4.75E-06,37.09848,3.79E-06,2.87E-06
-96,109800000,5.68E-06,41.81008,4.23E-06,3.79E-06
-96,109825000,5.31E-06,47.23558,3.61E-06,3.90E-06
-96,109850000,5.18E-06,38.07727,4.07E-06,3.19E-06
-96,109875000,6.50E-06,43.35865,4.73E-06,4.46E-06
-96,109900000,6.18E-06,45.84827,4.30E-06,4.43E-06
-96,109925000,6.30E-06,42.6412,4.63E-06,4.27E-06
-96,109950000,6.92E-06,39.93994,5.30E-06,4.44E-06
-96,109975000,6.30E-06,42.31791,4.66E-06,4.24E-06
-96,110000000,6.91E-06,41.76682,5.16E-06,4.61E-06
-96,110025000,6.75E-06,39.95655,5.17E-06,4.34E-06
-96,110050000,6.98E-06,41.06548,5.26E-06,4.58E-06
-96,110075000,8.26E-06,43.27679,6.01E-06,5.66E-06
-96,110100000,8.59E-06,44.16441,6.16E-06,5.98E-06
-96,110125000,7.59E-06,41.42473,5.69E-06,5.02E-06
-96,110150000,8.10E-06,37.6941,6.41E-06,4.96E-06
-96,110175000,7.00E-06,41.77486,5.22E-06,4.67E-06
-96,110200000,7.78E-06,43.15433,5.68E-06,5.32E-06
-96,110225000,7.97E-06,44.20072,5.71E-06,5.55E-06
-96,110250000,8.88E-06,45.21493,6.26E-06,6.31E-06
-96,110275000,8.81E-06,46.33177,6.09E-06,6.37E-06
-96,110300000,8.78E-06,42.18489,6.50E-06,5.89E-06
-96,110325000,9.51E-06,39.92722,7.29E-06,6.10E-06
-96,110350000,9.33E-06,42.41705,6.89E-06,6.29E-06
-96,110375000,8.81E-06,43.71379,6.37E-06,6.09E-06
-96,110400000,9.06E-06,41.99228,6.73E-06,6.06E-06
-96,110425000,9.28E-06,40.37471,7.07E-06,6.01E-06
-96,110450000,9.04E-06,42.93514,6.62E-06,6.16E-06
-96,110475000,8.63E-06,43.90552,6.22E-06,5.98E-06
-96,110500000,8.98E-06,45.41542,6.30E-06,6.40E-06
-96,110525000,8.63E-06,46.15155,5.98E-06,6.23E-06
-96,110550000,7.99E-06,44.52911,5.70E-06,5.60E-06
-96,110575000,8.34E-06,43.16703,6.08E-06,5.70E-06
-96,110600000,8.35E-06,44.31933,5.98E-06,5.84E-06
-96,110625000,8.88E-06,42.31216,6.57E-06,5.98E-06
-96,110650000,9.17E-06,43.28851,6.68E-06,6.29E-06
-96,110675000,9.09E-06,46.05585,6.31E-06,6.55E-06
-96,110700000,8.55E-06,41.83506,6.37E-06,5.70E-06
-96,110725000,8.38E-06,44.69245,5.96E-06,5.89E-06
-96,110750000,8.62E-06,44.3184,6.17E-06,6.02E-06
-96,110775000,8.44E-06,44.7363,6.00E-06,5.94E-06
-96,110800000,7.38E-06,43.12312,5.39E-06,5.04E-06
-96,110825000,8.42E-06,46.31402,5.82E-06,6.09E-06
-96,110850000,7.38E-06,39.58405,5.69E-06,4.70E-06
-96,110875000,7.87E-06,48.69542,5.20E-06,5.91E-06
-96,110900000,7.53E-06,45.89098,5.24E-06,5.41E-06
-96,110925000,8.72E-06,47.09472,5.94E-06,6.39E-06
-96,110950000,8.48E-06,43.75464,6.12E-06,5.86E-06
-96,110975000,8.51E-06,45.34094,5.99E-06,6.06E-06
-96,111000000,8.85E-06,46.91433,6.05E-06,6.47E-06
-100,106000000,8.50E-07,173.6928,-8.45E-07,9.34E-08
-100,106025000,1.39E-07,-153.6651,-1.25E-07,-6.19E-08
-100,106050000,7.48E-07,-135.8631,-5.37E-07,-5.21E-07
-100,106075000,5.27E-07,89.38214,5.68E-09,5.27E-07
-100,106100000,6.80E-07,81.23742,1.04E-07,6.72E-07
-100,106125000,3.99E-07,-21.66193,3.71E-07,-1.47E-07
-100,106150000,3.11E-07,120.1022,-1.56E-07,2.69E-07
-100,106175000,3.53E-07,172.8817,-3.50E-07,4.37E-08
-100,106200000,9.65E-07,114.0513,-3.93E-07,8.81E-07
-100,106225000,9.16E-07,125.0462,-5.26E-07,7.50E-07
-100,106250000,4.72E-07,31.80713,4.01E-07,2.49E-07
-100,106275000,3.21E-07,166.3843,-3.12E-07,7.56E-08
-100,106300000,2.11E-07,-47.94359,1.41E-07,-1.57E-07
-100,106325000,7.84E-07,47.38386,5.31E-07,5.77E-07
-100,106350000,1.23E-06,64.19068,5.36E-07,1.11E-06
-100,106375000,1.11E-06,54.17125,6.47E-07,8.97E-07
-100,106400000,1.52E-06,46.77604,1.04E-06,1.11E-06
-100,106425000,1.34E-06,62.22433,6.26E-07,1.19E-06
-100,106450000,1.10E-06,50.90725,6.93E-07,8.53E-07
-100,106475000,9.79E-07,63.38998,4.38E-07,8.75E-07
-100,106500000,1.08E-06,104.4185,-2.70E-07,1.05E-06
-100,106525000,1.77E-06,67.44633,6.79E-07,1.63E-06
-100,106550000,9.21E-07,35.33997,7.52E-07,5.33E-07
-100,106575000,1.41E-06,51.74145,8.74E-07,1.11E-06
-100,106600000,1.77E-06,47.93211,1.19E-06,1.31E-06
-100,106625000,1.68E-06,49.90584,1.08E-06,1.28E-06
-100,106650000,2.34E-06,49.61509,1.52E-06,1.78E-06
-100,106675000,3.26E-06,59.10798,1.67E-06,2.80E-06
-100,106700000,2.80E-06,39.7383,2.16E-06,1.79E-06
-100,106725000,3.34E-06,42.08547,2.48E-06,2.24E-06
-100,106750000,2.62E-06,46.3547,1.81E-06,1.90E-06
-100,106775000,3.90E-06,46.81321,2.67E-06,2.84E-06
-100,106800000,3.65E-06,55.74682,2.06E-06,3.02E-06
-100,106825000,4.50E-06,42.27921,3.33E-06,3.03E-06
-100,106850000,4.36E-06,38.13824,3.43E-06,2.69E-06
-100,106875000,4.87E-06,46.6661,3.34E-06,3.54E-06
-100,106900000,5.13E-06,45.51362,3.60E-06,3.66E-06
-100,106925000,4.76E-06,53.91286,2.80E-06,3.84E-06
-100,106950000,5.63E-06,53.49363,3.35E-06,4.52E-06
-100,106975000,6.21E-06,50.03842,3.99E-06,4.76E-06
-100,107000000,6.55E-06,48.17849,4.37E-06,4.88E-06
-100,107025000,7.32E-06,45.30504,5.15E-06,5.20E-06
-100,107050000,7.96E-06,49.23697,5.20E-06,6.03E-06
-100,107075000,8.54E-06,49.08998,5.60E-06,6.46E-06
-100,107100000,8.70E-06,49.70574,5.63E-06,6.64E-06
-100,107125000,8.47E-06,44.87735,6.00E-06,5.98E-06
-100,107150000,8.64E-06,47.16603,5.87E-06,6.33E-06
-100,107175000,9.56E-06,46.31909,6.60E-06,6.91E-06
-100,107200000,1.07E-05,43.2384,7.81E-06,7.34E-06
-100,107225000,1.21E-05,46.83587,8.27E-06,8.82E-06
-100,107250000,1.19E-05,49.46212,7.76E-06,9.08E-06
-100,107275000,1.29E-05,45.47204,9.08E-06,9.23E-06
-100,107300000,1.35E-05,47.13061,9.16E-06,9.86E-06
-100,107325000,1.28E-05,44.37012,9.18E-06,8.98E-06
-100,107350000,1.40E-05,45.89677,9.74E-06,1.00E-05
-100,107375000,1.53E-05,46.59097,1.05E-05,1.11E-05
-100,107400000,1.59E-05,45.1461,1.12E-05,1.13E-05
-100,107425000,1.65E-05,47.04351,1.12E-05,1.21E-05
-100,107450000,1.72E-05,45.32986,1.21E-05,1.23E-05
-100,107475000,1.92E-05,47.02491,1.31E-05,1.40E-05
-100,107500000,1.84E-05,47.73539,1.24E-05,1.36E-05
-100,107525000,1.91E-05,46.32544,1.32E-05,1.38E-05
-100,107550000,2.26E-05,46.53115,1.55E-05,1.64E-05
-100,107575000,2.18E-05,47.44243,1.47E-05,1.60E-05
-100,107600000,2.35E-05,45.01916,1.66E-05,1.66E-05
-100,107625000,2.43E-05,45.60593,1.70E-05,1.74E-05
-100,107650000,2.67E-05,44.96216,1.89E-05,1.89E-05
-100,107675000,2.88E-05,46.98218,1.97E-05,2.11E-05
-100,107700000,2.85E-05,43.89658,2.05E-05,1.98E-05
-100,107725000,2.85E-05,46.42443,1.96E-05,2.06E-05
-100,107750000,3.11E-05,46.23901,2.15E-05,2.24E-05
-100,107775000,3.23E-05,46.21522,2.24E-05,2.33E-05
-100,107800000,3.20E-05,45.2173,2.26E-05,2.27E-05
-100,107825000,3.48E-05,45.78206,2.42E-05,2.49E-05
-100,107850000,3.72E-05,45.61282,2.61E-05,2.66E-05
-100,107875000,3.96E-05,44.57915,2.82E-05,2.78E-05
-100,107900000,4.09E-05,46.06781,2.84E-05,2.94E-05
-100,107925000,4.10E-05,46.16601,2.84E-05,2.96E-05
-100,107950000,4.31E-05,46.20531,2.98E-05,3.11E-05
-100,107975000,4.67E-05,45.51319,3.27E-05,3.33E-05
-100,108000000,4.59E-05,45.50103,3.22E-05,3.28E-05
-100,108025000,4.52E-05,45.84576,3.15E-05,3.25E-05
-100,108050000,4.64E-05,45.81994,3.24E-05,3.33E-05
-100,108075000,4.57E-05,44.93085,3.24E-05,3.23E-05
-100,108100000,4.48E-05,46.09396,3.11E-05,3.23E-05
-100,108125000,4.30E-05,46.08543,2.98E-05,3.10E-05
-100,108150000,3.85E-05,45.64545,2.69E-05,2.75E-05
-100,108175000,3.33E-05,45.0405,2.35E-05,2.36E-05
-100,108200000,2.92E-05,44.40406,2.09E-05,2.04E-05
-100,108225000,2.66E-05,43.7977,1.92E-05,1.84E-05
-100,108250000,2.06E-05,46.07821,1.43E-05,1.48E-05
-100,108275000,1.35E-05,45.26968,9.50E-06,9.59E-06
-100,108300000,6.36E-06,47.43915,4.30E-06,4.69E-06
-100,108325000,8.73E-07,-138.125,-6.50E-07,-5.83E-07
-100,108350000,7.25E-06,-128.9102,-4.55E-06,-5.64E-06
-100,108375000,1.73E-05,-130.6612,-1.13E-05,-1.31E-05
-100,108400000,2.81E-05,-135.0404,-1.99E-05,-1.99E-05
-100,108425000,3.61E-05,-133.4268,-2.48E-05,-2.62E-05
-100,108450000,4.27E-05,-133.1272,-2.92E-05,-3.12E-05
-100,108475000,5.18E-05,-133.9049,-3.59E-05,-3.73E-05
-100,108500000,5.88E-05,-133.7326,-4.07E-05,-4.25E-05
-100,108525000,6.14E-05,-133.9768,-4.26E-05,-4.42E-05
-100,108550000,6.48E-05,-133.7709,-4.48E-05,-4.68E-05
-100,108575000,6.26E-05,-134.8077,-4.41E-05,-4.44E-05
-100,108600000,6.75E-05,-134.5694,-4.74E-05,-4.81E-05
-100,108625000,7.49E-05,-134.7922,-5.28E-05,-5.32E-05
-100,108650000,7.25E-05,-134.172,-5.05E-05,-5.20E-05
-100,108675000,6.63E-05,-133.6483,-4.58E-05,-4.80E-05
-100,108700000,6.59E-05,-133.3416,-4.52E-05,-4.79E-05
-100,108725000,6.75E-05,-133.5305,-4.65E-05,-4.90E-05
-100,108750000,6.59E-05,-133.8532,-4.56E-05,-4.75E-05
-100,108775000,6.03E-05,-133.5244,-4.15E-05,-4.37E-05
-100,108800000,5.96E-05,-133.6188,-4.11E-05,-4.31E-05
-100,108825000,5.82E-05,-133.9693,-4.04E-05,-4.19E-05
-100,108850000,5.52E-05,-133.7026,-3.81E-05,-3.99E-05
-100,108875000,5.25E-05,-133.5513,-3.62E-05,-3.80E-05
-100,108900000,4.67E-05,-133.5489,-3.22E-05,-3.38E-05
-100,108925000,4.19E-05,-134.2374,-2.93E-05,-3.00E-05
-100,108950000,3.91E-05,-133.8667,-2.71E-05,-2.82E-05
-100,108975000,3.79E-05,-134.1001,-2.64E-05,-2.72E-05
-100,109000000,3.73E-05,-134.1761,-2.60E-05,-2.67E-05
-100,109025000,3.39E-05,-133.424,-2.33E-05,-2.46E-05
-100,109050000,3.24E-05,-132.106,-2.17E-05,-2.40E-05
-100,109075000,2.86E-05,-131.4412,-1.90E-05,-2.15E-05
-100,109100000,2.59E-05,-132.121,-1.74E-05,-1.92E-05
-100,109125000,2.57E-05,-133.1678,-1.76E-05,-1.88E-05
-100,109150000,2.37E-05,-132.9705,-1.62E-05,-1.74E-05
-100,109175000,2.13E-05,-134.1742,-1.48E-05,-1.53E-05
-100,109200000,1.97E-05,-133.388,-1.35E-05,-1.43E-05
-100,109225000,1.81E-05,-134.9407,-1.28E-05,-1.28E-05
-100,109250000,1.66E-05,-132.7579,-1.13E-05,-1.22E-05
-100,109275000,1.46E-05,-133.1964,-9.98E-06,-1.06E-05
-100,109300000,1.33E-05,-132.6149,-9.01E-06,-9.79E-06
-100,109325000,1.20E-05,-130.3783,-7.80E-06,-9.17E-06
-100,109350000,1.03E-05,-128.8081,-6.47E-06,-8.04E-06
-100,109375000,8.37E-06,-135.427,-5.96E-06,-5.88E-06
-100,109400000,6.73E-06,-122.4613,-3.61E-06,-5.68E-06
-100,109425000,6.23E-06,-130.4005,-4.04E-06,-4.74E-06
-100,109450000,5.01E-06,-131.8898,-3.35E-06,-3.73E-06
-100,109475000,4.05E-06,-128.9795,-2.55E-06,-3.15E-06
-100,109500000,3.37E-06,-132.163,-2.26E-06,-2.50E-06
-100,109525000,2.60E-06,-126.1386,-1.54E-06,-2.10E-06
-100,109550000,1.92E-06,-125.3072,-1.11E-06,-1.57E-06
-100,109575000,1.11E-06,-130.7966,-7.28E-07,-8.44E-07
-100,109600000,8.11E-07,-125.3454,-4.69E-07,-6.61E-07
-100,109625000,5.83E-07,-28.28927,5.13E-07,-2.76E-07
-100,109650000,8.27E-07,28.47495,7.27E-07,3.94E-07
-100,109675000,1.30E-06,51.84057,8.04E-07,1.02E-06
-100,109700000,1.58E-06,49.58007,1.02E-06,1.20E-06
-100,109725000,2.43E-06,52.71667,1.47E-06,1.93E-06
-100,109750000,2.40E-06,43.36875,1.75E-06,1.65E-06
-100,109775000,3.08E-06,43.27304,2.24E-06,2.11E-06
-100,109800000,3.73E-06,41.62449,2.79E-06,2.48E-06
-100,109825000,3.96E-06,48.50037,2.62E-06,2.96E-06
-100,109850000,4.46E-06,45.33784,3.13E-06,3.17E-06
-100,109875000,4.37E-06,46.91733,2.99E-06,3.19E-06
-100,109900000,4.93E-06,47.52049,3.33E-06,3.64E-06
-100,109925000,5.59E-06,47.17156,3.80E-06,4.10E-06
-100,109950000,6.32E-06,46.68159,4.34E-06,4.60E-06
-100,109975000,6.72E-06,48.9116,4.42E-06,5.06E-06
-100,110000000,6.46E-06,45.65146,4.51E-06,4.62E-06
-100,110025000,6.78E-06,43.6253,4.91E-06,4.68E-06
-100,110050000,7.04E-06,42.77145,5.17E-06,4.78E-06
-100,110075000,7.05E-06,44.38089,5.04E-06,4.93E-06
-100,110100000,6.99E-06,49.52725,4.54E-06,5.32E-06
-100,110125000,6.98E-06,45.9568,4.85E-06,5.02E-06
-100,110150000,6.98E-06,46.15013,4.84E-06,5.03E-06
-100,110175000,6.76E-06,50.86403,4.27E-06,5.25E-06
-100,110200000,7.19E-06,49.94883,4.63E-06,5.50E-06
-100,110225000,6.23E-06,48.2951,4.14E-06,4.65E-06
-100,110250000,7.59E-06,43.40583,5.51E-06,5.22E-06
-100,110275000,7.28E-06,44.10402,5.23E-06,5.07E-06
-100,110300000,7.49E-06,50.92727,4.72E-06,5.82E-06
-100,110325000,7.51E-06,48.03959,5.02E-06,5.58E-06
-100,110350000,7.28E-06,48.76584,4.80E-06,5.48E-06
-100,110375000,6.79E-06,44.222,4.86E-06,4.73E-06
-100,110400000,6.38E-06,50.73082,4.04E-06,4.94E-06
-100,110425000,7.45E-06,45.12825,5.26E-06,5.28E-06
-100,110450000,7.59E-06,43.11556,5.54E-06,5.19E-06
-100,110475000,7.29E-06,47.16292,4.96E-06,5.35E-06
-100,110500000,7.42E-06,54.51434,4.31E-06,6.04E-06
-100,110525000,6.61E-06,46.1539,4.58E-06,4.77E-06
-100,110550000,6.52E-06,51.44748,4.06E-06,5.10E-06
-100,110575000,7.04E-06,52.18928,4.31E-06,5.56E-06
-100,110600000,7.95E-06,50.04494,5.11E-06,6.10E-06
-100,110625000,8.22E-06,45.89939,5.72E-06,5.90E-06
-100,110650000,8.01E-06,49.71281,5.18E-06,6.11E-06
-100,110675000,7.36E-06,51.26292,4.60E-06,5.74E-06
-100,110700000,7.70E-06,54.04658,4.52E-06,6.24E-06
-100,110725000,7.95E-06,50.555,5.05E-06,6.14E-06
-100,110750000,7.37E-06,50.71251,4.67E-06,5.71E-06
-100,110775000,6.99E-06,50.72874,4.42E-06,5.41E-06
-100,110800000,7.22E-06,50.2395,4.62E-06,5.55E-06
-100,110825000,6.92E-06,48.30684,4.60E-06,5.17E-06
-100,110850000,8.10E-06,47.13661,5.51E-06,5.93E-06
-100,110875000,7.63E-06,45.98758,5.30E-06,5.49E-06
-100,110900000,7.11E-06,49.10769,4.66E-06,5.38E-06
-100,110925000,6.18E-06,51.53445,3.85E-06,4.84E-06
-100,110950000,6.84E-06,53.93432,4.03E-06,5.53E-06
-100,110975000,6.14E-06,55.16205,3.51E-06,5.04E-06
-100,111000000,6.76E-06,48.52955,4.48E-06,5.07E-06
-104,106000000,3.92E-07,177.8935,-3.92E-07,1.44E-08
-104,106025000,4.51E-07,-93.33687,-2.62E-08,-4.50E-07
-104,106050000,4.22E-07,-160.6678,-3.98E-07,-1.40E-07
-104,106075000,8.65E-07,-124.813,-4.94E-07,-7.10E-07
-104,106100000,3.75E-07,-76.80322,8.57E-08,-3.65E-07
-104,106125000,3.51E-07,160.484,-3.31E-07,1.17E-07
-104,106150000,6.16E-07,172.4691,-6.11E-07,8.07E-08
-104,106175000,2.16E-07,-144.5808,-1.76E-07,-1.25E-07
-104,106200000,7.80E-07,54.86394,4.49E-07,6.38E-07
-104,106225000,3.01E-07,141.0161,-2.34E-07,1.90E-07
-104,106250000,2.70E-07,103.4307,-6.27E-08,2.63E-07
-104,106275000,1.80E-07,-167.4486,-1.76E-07,-3.91E-08
-104,106300000,3.91E-07,52.82748,2.36E-07,3.11E-07
-104,106325000,2.69E-07,122.839,-1.46E-07,2.26E-07
-104,106350000,1.35E-06,45.78557,9.39E-07,9.65E-07
-104,106375000,8.83E-07,70.03557,3.01E-07,8.30E-07
-104,106400000,8.37E-07,77.17325,1.86E-07,8.16E-07
-104,106425000,1.36E-06,85.15454,1.15E-07,1.36E-06
-104,106450000,9.87E-07,50.24751,6.31E-07,7.59E-07
-104,106475000,1.86E-06,62.62993,8.54E-07,1.65E-06
-104,106500000,1.14E-06,69.11463,4.05E-07,1.06E-06
-104,106525000,1.46E-06,50.36548,9.30E-07,1.12E-06
-104,106550000,1.95E-06,62.98514,8.86E-07,1.74E-06
-104,106575000,1.07E-06,49.40168,7.00E-07,8.16E-07
-104,106600000,1.97E-06,60.44466,9.72E-07,1.71E-06
-104,106625000,1.17E-06,69.61228,4.08E-07,1.10E-06
-104,106650000,2.31E-06,51.94898,1.42E-06,1.82E-06
-104,106675000,2.34E-06,49.09981,1.53E-06,1.77E-06
-104,106700000,2.47E-06,52.48904,1.50E-06,1.96E-06
-104,106725000,3.04E-06,48.73962,2.00E-06,2.28E-06
-104,106750000,2.64E-06,56.88316,1.44E-06,2.21E-06
-104,106775000,3.30E-06,62.05308,1.54E-06,2.91E-06
-104,106800000,3.90E-06,43.39697,2.83E-06,2.68E-06
-104,106825000,3.37E-06,56.94911,1.84E-06,2.82E-06
-104,106850000,3.54E-06,47.08806,2.41E-06,2.59E-06
-104,106875000,4.40E-06,56.67017,2.42E-06,3.67E-06
-104,106900000,4.14E-06,46.35983,2.86E-06,3.00E-06
-104,106925000,4.52E-06,58.34531,2.37E-06,3.85E-06
-104,106950000,4.72E-06,59.06021,2.43E-06,4.05E-06
-104,106975000,5.41E-06,56.9731,2.95E-06,4.54E-06
-104,107000000,5.08E-06,48.95304,3.34E-06,3.83E-06
-104,107025000,6.76E-06,52.5876,4.11E-06,5.37E-06
-104,107050000,7.03E-06,53.03378,4.23E-06,5.62E-06
-104,107075000,7.82E-06,48.43472,5.19E-06,5.85E-06
-104,107100000,7.68E-06,52.21591,4.71E-06,6.07E-06
-104,107125000,7.52E-06,57.26302,4.06E-06,6.32E-06
-104,107150000,8.84E-06,55.11136,5.06E-06,7.25E-06
-104,107175000,8.51E-06,55.93261,4.77E-06,7.05E-06
-104,107200000,8.14E-06,51.60419,5.06E-06,6.38E-06
-104,107225000,8.96E-06,54.1748,5.24E-06,7.26E-06
-104,107250000,9.34E-06,50.60384,5.93E-06,7.22E-06
-104,107275000,1.08E-05,52.87655,6.54E-06,8.64E-06
-104,107300000,1.23E-05,50.31284,7.86E-06,9.47E-06
-104,107325000,1.32E-05,50.4598,8.43E-06,1.02E-05
-104,107350000,1.37E-05,52.40084,8.38E-06,1.09E-05
-104,107375000,1.34E-05,53.04421,8.03E-06,1.07E-05
-104,107400000,1.43E-05,52.16481,8.77E-06,1.13E-05
-104,107425000,1.40E-05,49.7661,9.05E-06,1.07E-05
-104,107450000,1.56E-05,50.5853,9.91E-06,1.21E-05
-104,107475000,1.64E-05,50.36374,1.05E-05,1.26E-05
-104,107500000,1.64E-05,49.20148,1.07E-05,1.24E-05
-104,107525000,1.79E-05,51.09107,1.12E-05,1.39E-05
-104,107550000,1.96E-05,51.43073,1.22E-05,1.53E-05
-104,107575000,2.02E-05,49.80857,1.31E-05,1.55E-05
-104,107600000,1.99E-05,50.54697,1.27E-05,1.54E-05
-104,107625000,2.09E-05,50.99291,1.32E-05,1.63E-05
-104,107650000,2.32E-05,51.42966,1.45E-05,1.81E-05
-104,107675000,2.68E-05,51.12679,1.68E-05,2.08E-05
-104,107700000,2.85E-05,50.38996,1.82E-05,2.20E-05
-104,107725000,2.88E-05,51.8925,1.77E-05,2.26E-05
-104,107750000,2.88E-05,51.18038,1.81E-05,2.25E-05
-104,107775000,2.89E-05,50.08282,1.85E-05,2.21E-05
-104,107800000,2.96E-05,51.93845,1.83E-05,2.33E-05
-104,107825000,2.89E-05,51.07136,1.82E-05,2.25E-05
-104,107850000,2.83E-05,50.63831,1.79E-05,2.19E-05
-104,107875000,3.44E-05,51.76628,2.13E-05,2.70E-05
-104,107900000,3.33E-05,50.7733,2.11E-05,2.58E-05
-104,107925000,3.48E-05,50.18482,2.23E-05,2.67E-05
-104,107950000,3.75E-05,50.85155,2.37E-05,2.91E-05
-104,107975000,3.90E-05,50.6256,2.47E-05,3.01E-05
-104,108000000,4.10E-05,50.47505,2.61E-05,3.16E-05
-104,108025000,4.13E-05,51.04906,2.60E-05,3.21E-05
-104,108050000,4.05E-05,50.95174,2.55E-05,3.15E-05
-104,108075000,4.13E-05,50.04536,2.65E-05,3.17E-05
-104,108100000,4.05E-05,50.98701,2.55E-05,3.15E-05
-104,108125000,4.01E-05,49.91175,2.58E-05,3.07E-05
-104,108150000,3.98E-05,50.85414,2.52E-05,3.09E-05
-104,108175000,3.54E-05,50.3954,2.26E-05,2.73E-05
-104,108200000,3.13E-05,50.81042,1.98E-05,2.43E-05
-104,108225000,2.54E-05,50.60519,1.61E-05,1.96E-05
-104,108250000,2.24E-05,51.2523,1.40E-05,1.75E-05
-104,108275000,1.72E-05,52.50806,1.05E-05,1.37E-05
-104,108300000,1.16E-05,52.78322,7.00E-06,9.22E-06
-104,108325000,4.45E-06,59.79267,2.24E-06,3.85E-06
-104,108350000,4.16E-06,-122.4883,-2.23E-06,-3.50E-06
-104,108375000,1.18E-05,-129.0947,-7.41E-06,-9.12E-06
-104,108400000,1.75E-05,-128.6183,-1.09E-05,-1.37E-05
-104,108425000,2.48E-05,-128.3748,-1.54E-05,-1.94E-05
-104,108450000,3.15E-05,-128.1241,-1.94E-05,-2.48E-05
-104,108475000,3.65E-05,-130.2415,-2.36E-05,-2.79E-05
-104,108500000,4.42E-05,-128.5566,-2.76E-05,-3.46E-05
-104,108525000,4.57E-05,-128.5754,-2.85E-05,-3.57E-05
-104,108550000,4.86E-05,-130.4407,-3.15E-05,-3.70E-05
-104,108575000,4.61E-05,-129.319,-2.92E-05,-3.56E-05
-104,108600000,4.94E-05,-128.6516,-3.08E-05,-3.86E-05
-104,108625000,5.95E-05,-128.6947,-3.72E-05,-4.64E-05
-104,108650000,5.99E-05,-127.25,-3.62E-05,-4.76E-05
-104,108675000,6.50E-05,-128.3053,-4.03E-05,-5.10E-05
-104,108700000,6.34E-05,-128.2934,-3.93E-05,-4.97E-05
-104,108725000,6.08E-05,-128.9453,-3.82E-05,-4.73E-05
-104,108750000,6.21E-05,-128.5048,-3.87E-05,-4.86E-05
-104,108775000,5.96E-05,-127.1297,-3.60E-05,-4.75E-05
-104,108800000,6.26E-05,-128.2554,-3.88E-05,-4.92E-05
-104,108825000,5.98E-05,-128.9364,-3.76E-05,-4.65E-05
-104,108850000,5.56E-05,-128.7835,-3.48E-05,-4.33E-05
-104,108875000,5.11E-05,-128.0955,-3.15E-05,-4.02E-05
-104,108900000,4.52E-05,-129.6948,-2.89E-05,-3.48E-05
-104,108925000,4.42E-05,-129.2258,-2.79E-05,-3.42E-05
-104,108950000,4.13E-05,-127.5755,-2.52E-05,-3.28E-05
-104,108975000,3.76E-05,-127.8737,-2.31E-05,-2.97E-05
-104,109000000,3.36E-05,-128.0362,-2.07E-05,-2.65E-05
-104,109025000,3.16E-05,-127.6446,-1.93E-05,-2.51E-05
-104,109050000,3.10E-05,-129.3395,-1.96E-05,-2.40E-05
-104,109075000,3.04E-05,-128.541,-1.90E-05,-2.38E-05
-104,109100000,2.69E-05,-129.8768,-1.72E-05,-2.06E-05
-104,109125000,2.42E-05,-126.9171,-1.45E-05,-1.93E-05
-104,109150000,2.20E-05,-128.4821,-1.37E-05,-1.72E-05
-104,109175000,2.07E-05,-127.5235,-1.26E-05,-1.64E-05
-104,109200000,1.76E-05,-126.5053,-1.05E-05,-1.41E-05
-104,109225000,1.61E-05,-128.5237,-1.00E-05,-1.26E-05
-104,109250000,1.52E-05,-127.3387,-9.24E-06,-1.21E-05
-104,109275000,1.41E-05,-131.0896,-9.25E-06,-1.06E-05
-104,109300000,1.15E-05,-128.7672,-7.23E-06,-9.00E-06
-104,109325000,1.21E-05,-126.7545,-7.26E-06,-9.72E-06
-104,109350000,1.05E-05,-127.0581,-6.32E-06,-8.37E-06
-104,109375000,9.48E-06,-127.5197,-5.77E-06,-7.52E-06
-104,109400000,6.61E-06,-125.3504,-3.83E-06,-5.39E-06
-104,109425000,7.00E-06,-130.5015,-4.55E-06,-5.32E-06
-104,109450000,5.62E-06,-127.1133,-3.39E-06,-4.48E-06
-104,109475000,5.18E-06,-131.8749,-3.45E-06,-3.85E-06
-104,109500000,4.35E-06,-126.4757,-2.59E-06,-3.50E-06
-104,109525000,2.95E-06,-125.6962,-1.72E-06,-2.40E-06
-104,109550000,2.83E-06,-125.3564,-1.64E-06,-2.31E-06
-104,109575000,1.68E-06,-132.4375,-1.13E-06,-1.24E-06
-104,109600000,6.39E-07,-143.0104,-5.11E-07,-3.85E-07
-104,109625000,3.04E-07,-173.958,-3.02E-07,-3.20E-08
-104,109650000,5.54E-07,-86.71667,3.17E-08,-5.53E-07
-104,109675000,1.05E-06,58.01593,5.57E-07,8.92E-07
-104,109700000,1.81E-06,62.30856,8.40E-07,1.60E-06
-104,109725000,2.01E-06,46.18575,1.39E-06,1.45E-06
-104,109750000,2.29E-06,49.94846,1.48E-06,1.76E-06
-104,109775000,2.77E-06,45.19894,1.95E-06,1.97E-06
-104,109800000,3.40E-06,52.70331,2.06E-06,2.70E-06
-104,109825000,3.47E-06,50.13861,2.22E-06,2.66E-06
-104,109850000,3.89E-06,54.0828,2.28E-06,3.15E-06
-104,109875000,4.76E-06,54.46757,2.77E-06,3.88E-06
-104,109900000,4.25E-06,50.68674,2.69E-06,3.29E-06
-104,109925000,4.46E-06,54.23656,2.60E-06,3.62E-06
-104,109950000,4.84E-06,51.61603,3.00E-06,3.79E-06
-104,109975000,5.29E-06,56.38736,2.93E-06,4.41E-06
-104,110000000,5.16E-06,53.52062,3.07E-06,4.15E-06
-104,110025000,5.55E-06,48.5748,3.67E-06,4.16E-06
-104,110050000,6.36E-06,50.0461,4.08E-06,4.87E-06
-104,110075000,5.73E-06,53.39217,3.42E-06,4.60E-06
-104,110100000,6.11E-06,50.45272,3.89E-06,4.71E-06
-104,110125000,6.57E-06,55.16423,3.75E-06,5.39E-06
-104,110150000,6.56E-06,53.90665,3.86E-06,5.30E-06
-104,110175000,6.46E-06,54.32321,3.77E-06,5.25E-06
-104,110200000,6.57E-06,53.73476,3.89E-06,5.30E-06
-104,110225000,7.45E-06,53.95773,4.38E-06,6.03E-06
-104,110250000,7.16E-06,58.13307,3.78E-06,6.08E-06
-104,110275000,7.23E-06,49.1914,4.73E-06,5.48E-06
-104,110300000,8.57E-06,54.26863,5.00E-06,6.95E-06
-104,110325000,7.15E-06,53.54166,4.25E-06,5.75E-06
-104,110350000,7.35E-06,55.97125,4.11E-06,6.09E-06
-104,110375000,7.47E-06,55.17812,4.27E-06,6.13E-06
-104,110400000,7.43E-06,56.68078,4.08E-06,6.21E-06
-104,110425000,7.46E-06,55.80909,4.19E-06,6.17E-06
-104,110450000,7.38E-06,54.52049,4.28E-06,6.01E-06
-104,110475000,7.57E-06,54.48891,4.39E-06,6.16E-06
-104,110500000,7.48E-06,60.35779,3.70E-06,6.50E-06
-104,110525000,8.24E-06,55.97417,4.61E-06,6.83E-06
-104,110550000,7.68E-06,50.4126,4.89E-06,5.92E-06
-104,110575000,7.66E-06,53.07875,4.60E-06,6.12E-06
-104,110600000,8.46E-06,54.0006,4.97E-06,6.84E-06
-104,110625000,7.08E-06,50.70584,4.48E-06,5.48E-06
-104,110650000,8.63E-06,53.75873,5.10E-06,6.96E-06
-104,110675000,7.20E-06,52.17372,4.42E-06,5.69E-06
-104,110700000,7.92E-06,53.19007,4.75E-06,6.34E-06
-104,110725000,7.91E-06,53.59706,4.69E-06,6.37E-06
-104,110750000,7.11E-06,51.13285,4.46E-06,5.54E-06
-104,110775000,7.44E-06,51.34686,4.65E-06,5.81E-06
-104,110800000,7.42E-06,55.10922,4.24E-06,6.08E-06
-104,110825000,7.31E-06,52.67482,4.43E-06,5.81E-06
-104,110850000,7.12E-06,47.65794,4.79E-06,5.26E-06
-104,110875000,7.70E-06,61.8164,3.64E-06,6.79E-06
-104,110900000,7.13E-06,51.52278,4.44E-06,5.58E-06
-104,110925000,6.34E-06,56.22529,3.53E-06,5.27E-06
-104,110950000,6.25E-06,50.67514,3.96E-06,4.84E-06
-104,110975000,5.58E-06,60.79722,2.72E-06,4.87E-06
-104,111000000,6.16E-06,60.3078,3.05E-06,5.35E-06
-108,106000000,8.73E-07,-135.715,-6.25E-07,-6.09E-07
-108,106025000,6.85E-07,-108.4158,-2.16E-07,-6.50E-07
-108,106050000,1.19E-07,-38.09473,9.39E-08,-7.36E-08
-108,106075000,9.38E-07,-113.7026,-3.77E-07,-8.59E-07
-108,106100000,9.57E-07,-111.6786,-3.53E-07,-8.89E-07
-108,106125000,3.39E-07,-174.1248,-3.37E-07,-3.47E-08
-108,106150000,5.65E-07,-134.1232,-3.93E-07,-4.06E-07
-108,106175000,3.57E-07,-97.98273,-4.96E-08,-3.54E-07
-108,106200000,5.26E-07,146.9313,-4.41E-07,2.87E-07
-108,106225000,3.22E-07,-28.89896,2.82E-07,-1.55E-07
-108,106250000,3.67E-07,105.5694,-9.84E-08,3.53E-07
-108,106275000,4.15E-07,145.6953,-3.43E-07,2.34E-07
-108,106300000,1.05E-06,122.8944,-5.70E-07,8.82E-07
-108,106325000,8.52E-07,11.7831,8.34E-07,1.74E-07
-108,106350000,1.00E-06,59.5699,5.07E-07,8.64E-07
-108,106375000,3.72E-07,119.3608,-1.82E-07,3.24E-07
-108,106400000,8.26E-07,46.01522,5.73E-07,5.94E-07
-108,106425000,1.44E-06,30.40113,1.24E-06,7.27E-07
-108,106450000,1.35E-06,87.31073,6.33E-08,1.35E-06
-108,106475000,9.31E-07,56.38108,5.16E-07,7.75E-07
-108,106500000,1.20E-06,29.61109,1.05E-06,5.95E-07
-108,106525000,1.35E-06,62.98623,6.14E-07,1.20E-06
-108,106550000,1.90E-06,78.02652,3.95E-07,1.86E-06
-108,106575000,1.39E-06,58.75467,7.20E-07,1.19E-06
-108,106600000,2.27E-06,63.48642,1.01E-06,2.03E-06
-108,106625000,1.43E-06,72.5068,4.28E-07,1.36E-06
-108,106650000,1.80E-06,69.93057,6.17E-07,1.69E-06
-108,106675000,2.35E-06,60.21361,1.17E-06,2.04E-06
-108,106700000,2.16E-06,58.7324,1.12E-06,1.85E-06
-108,106725000,3.09E-06,61.78462,1.46E-06,2.72E-06
-108,106750000,2.97E-06,63.32334,1.34E-06,2.66E-06
-108,106775000,3.02E-06,62.51363,1.39E-06,2.67E-06
-108,106800000,3.45E-06,64.65117,1.48E-06,3.12E-06
-108,106825000,3.81E-06,61.18839,1.84E-06,3.34E-06
-108,106850000,3.60E-06,56.10498,2.01E-06,2.99E-06
-108,106875000,4.83E-06,61.5074,2.31E-06,4.25E-06
-108,106900000,4.02E-06,61.08765,1.94E-06,3.52E-06
-108,106925000,4.83E-06,63.31861,2.17E-06,4.32E-06
-108,106950000,5.05E-06,68.82862,1.82E-06,4.71E-06
-108,106975000,5.35E-06,59.73803,2.69E-06,4.62E-06
-108,107000000,5.16E-06,65.04964,2.18E-06,4.68E-06
-108,107025000,6.18E-06,62.20702,2.88E-06,5.47E-06
-108,107050000,6.55E-06,53.34875,3.91E-06,5.25E-06
-108,107075000,7.67E-06,61.03374,3.71E-06,6.71E-06
-108,107100000,7.86E-06,57.6165,4.21E-06,6.64E-06
-108,107125000,8.39E-06,54.67501,4.85E-06,6.85E-06
-108,107150000,8.50E-06,56.58279,4.68E-06,7.09E-06
-108,107175000,9.43E-06,61.72467,4.47E-06,8.31E-06
-108,107200000,1.09E-05,61.56536,5.20E-06,9.60E-06
-108,107225000,1.01E-05,64.74869,4.31E-06,9.14E-06
-108,107250000,1.06E-05,57.05035,5.79E-06,8.94E-06
-108,107275000,1.14E-05,57.64244,6.10E-06,9.62E-06
-108,107300000,1.09E-05,61.41275,5.20E-06,9.54E-06
-108,107325000,1.29E-05,57.73755,6.87E-06,1.09E-05
-108,107350000,1.34E-05,56.3461,7.45E-06,1.12E-05
-108,107375000,1.37E-05,57.3309,7.40E-06,1.15E-05
-108,107400000,1.53E-05,54.28262,8.90E-06,1.24E-05
-108,107425000,1.50E-05,57.11166,8.15E-06,1.26E-05
-108,107450000,1.75E-05,56.41722,9.68E-06,1.46E-05
-108,107475000,1.73E-05,57.62118,9.29E-06,1.46E-05
-108,107500000,1.78E-05,57.14545,9.68E-06,1.50E-05
-108,107525000,2.01E-05,56.80349,1.10E-05,1.68E-05
-108,107550000,1.96E-05,56.51962,1.08E-05,1.63E-05
-108,107575000,2.19E-05,55.29881,1.25E-05,1.80E-05
-108,107600000,2.43E-05,55.87125,1.36E-05,2.01E-05
-108,107625000,2.31E-05,56.98786,1.26E-05,1.93E-05
-108,107650000,2.33E-05,56.62988,1.28E-05,1.95E-05
-108,107675000,2.33E-05,56.98429,1.27E-05,1.95E-05
-108,107700000,2.41E-05,56.61119,1.33E-05,2.01E-05
-108,107725000,2.57E-05,56.95823,1.40E-05,2.16E-05
-108,107750000,2.87E-05,57.17381,1.55E-05,2.41E-05
-108,107775000,3.07E-05,56.87968,1.68E-05,2.57E-05
-108,107800000,3.25E-05,55.56141,1.84E-05,2.68E-05
-108,107825000,3.26E-05,55.86263,1.83E-05,2.70E-05
-108,107850000,3.29E-05,56.54461,1.81E-05,2.74E-05
-108,107875000,3.69E-05,57.00808,2.01E-05,3.09E-05
-108,107900000,3.59E-05,55.92287,2.01E-05,2.97E-05
-108,107925000,3.71E-05,56.43916,2.05E-05,3.09E-05
-108,107950000,3.99E-05,56.15614,2.22E-05,3.32E-05
-108,107975000,4.15E-05,56.6426,2.28E-05,3.46E-05
-108,108000000,4.18E-05,56.16012,2.33E-05,3.47E-05
-108,108025000,4.15E-05,56.49731,2.29E-05,3.46E-05
-108,108050000,4.03E-05,55.62712,2.28E-05,3.33E-05
-108,108075000,4.36E-05,55.78931,2.45E-05,3.61E-05
-108,108100000,4.20E-05,55.30483,2.39E-05,3.46E-05
-108,108125000,4.23E-05,56.00299,2.37E-05,3.51E-05
-108,108150000,4.06E-05,56.26383,2.26E-05,3.38E-05
-108,108175000,3.57E-05,56.59297,1.97E-05,2.98E-05
-108,108200000,3.22E-05,55.98938,1.80E-05,2.67E-05
-108,108225000,2.93E-05,54.09074,1.72E-05,2.38E-05
-108,108250000,2.28E-05,56.65644,1.25E-05,1.90E-05
-108,108275000,1.72E-05,55.44592,9.73E-06,1.41E-05
-108,108300000,9.46E-06,55.85337,5.31E-06,7.83E-06
-108,108325000,2.68E-06,51.84166,1.66E-06,2.11E-06
-108,108350000,5.39E-06,-120.5828,-2.74E-06,-4.64E-06
-108,108375000,1.36E-05,-119.4436,-6.68E-06,-1.18E-05
-108,108400000,2.36E-05,-121.6264,-1.24E-05,-2.01E-05
-108,108425000,2.89E-05,-121.8979,-1.53E-05,-2.46E-05
-108,108450000,3.97E-05,-124.0003,-2.22E-05,-3.29E-05
-108,108475000,4.14E-05,-124.0729,-2.32E-05,-3.43E-05
-108,108500000,5.09E-05,-123.411,-2.80E-05,-4.25E-05
-108,108525000,5.62E-05,-123.3604,-3.09E-05,-4.69E-05
-108,108550000,6.40E-05,-122.9269,-3.48E-05,-5.37E-05
-108,108575000,6.54E-05,-122.7235,-3.53E-05,-5.50E-05
-108,108600000,7.01E-05,-122.9115,-3.81E-05,-5.89E-05
-108,108625000,7.04E-05,-123.156,-3.85E-05,-5.90E-05
-108,108650000,6.75E-05,-122.8583,-3.66E-05,-5.67E-05
-108,108675000,7.19E-05,-123.0187,-3.92E-05,-6.03E-05
-108,108700000,7.28E-05,-123.3696,-4.00E-05,-6.08E-05
-108,108725000,6.92E-05,-122.2269,-3.69E-05,-5.85E-05
-108,108750000,6.56E-05,-124.0385,-3.67E-05,-5.44E-05
-108,108775000,6.33E-05,-121.0984,-3.27E-05,-5.42E-05
-108,108800000,5.92E-05,-122.9314,-3.22E-05,-4.97E-05
-108,108825000,5.92E-05,-123.0175,-3.23E-05,-4.96E-05
-108,108850000,5.43E-05,-122.8804,-2.95E-05,-4.56E-05
-108,108875000,5.33E-05,-123.401,-2.93E-05,-4.45E-05
-108,108900000,4.77E-05,-122.1769,-2.54E-05,-4.03E-05
-108,108925000,4.55E-05,-122.3824,-2.44E-05,-3.84E-05
-108,108950000,4.38E-05,-122.9181,-2.38E-05,-3.68E-05
-108,108975000,3.99E-05,-122.7943,-2.16E-05,-3.35E-05
-108,109000000,3.67E-05,-121.6847,-1.93E-05,-3.12E-05
-108,109025000,3.51E-05,-121.701,-1.85E-05,-2.99E-05
-108,109050000,3.10E-05,-121.5992,-1.63E-05,-2.64E-05
-108,109075000,2.95E-05,-122.0063,-1.56E-05,-2.50E-05
-108,109100000,2.90E-05,-122.1177,-1.54E-05,-2.45E-05
-108,109125000,2.82E-05,-122.1017,-1.50E-05,-2.39E-05
-108,109150000,2.54E-05,-122.4461,-1.36E-05,-2.14E-05
-108,109175000,2.37E-05,-122.1608,-1.26E-05,-2.01E-05
-108,109200000,2.02E-05,-121.7453,-1.06E-05,-1.72E-05
-108,109225000,1.99E-05,-121.0601,-1.03E-05,-1.70E-05
-108,109250000,1.66E-05,-122.2156,-8.86E-06,-1.41E-05
-108,109275000,1.55E-05,-121.3546,-8.06E-06,-1.32E-05
-108,109300000,1.26E-05,-122.1966,-6.69E-06,-1.06E-05
-108,109325000,1.18E-05,-121.4818,-6.16E-06,-1.01E-05
-108,109350000,1.10E-05,-120.2445,-5.52E-06,-9.47E-06
-108,109375000,9.88E-06,-118.6729,-4.74E-06,-8.67E-06
-108,109400000,8.41E-06,-120.3097,-4.25E-06,-7.26E-06
-108,109425000,7.42E-06,-122.3136,-3.97E-06,-6.27E-06
-108,109450000,6.11E-06,-115.3995,-2.62E-06,-5.52E-06
-108,109475000,5.09E-06,-118.1186,-2.40E-06,-4.49E-06
-108,109500000,4.02E-06,-118.9855,-1.95E-06,-3.51E-06
-108,109525000,3.07E-06,-123.5821,-1.70E-06,-2.56E-06
-108,109550000,2.19E-06,-134.5036,-1.54E-06,-1.56E-06
-108,109575000,1.93E-06,-134.7147,-1.36E-06,-1.37E-06
-108,109600000,1.43E-06,-117.0128,-6.48E-07,-1.27E-06
-108,109625000,9.44E-07,-170.5033,-9.31E-07,-1.56E-07
-108,109650000,2.86E-07,-134.1009,-1.99E-07,-2.05E-07
-108,109675000,3.03E-07,28.20961,2.67E-07,1.43E-07
-108,109700000,1.38E-06,65.90712,5.62E-07,1.26E-06
-108,109725000,1.77E-06,55.68813,9.99E-07,1.46E-06
-108,109750000,2.24E-06,70.52174,7.45E-07,2.11E-06
-108,109775000,2.33E-06,60.63637,1.14E-06,2.03E-06
-108,109800000,3.55E-06,54.92229,2.04E-06,2.90E-06
-108,109825000,3.36E-06,52.54491,2.04E-06,2.66E-06
-108,109850000,4.29E-06,53.44167,2.56E-06,3.45E-06
-108,109875000,3.43E-06,56.69248,1.88E-06,2.87E-06
-108,109900000,4.60E-06,57.88377,2.45E-06,3.90E-06
-108,109925000,4.67E-06,56.32297,2.59E-06,3.89E-06
-108,109950000,5.73E-06,58.7277,2.98E-06,4.90E-06
-108,109975000,5.50E-06,58.3331,2.89E-06,4.68E-06
-108,110000000,5.22E-06,57.80153,2.78E-06,4.42E-06
-108,110025000,5.90E-06,61.18347,2.85E-06,5.17E-06
-108,110050000,6.11E-06,60.43305,3.02E-06,5.32E-06
-108,110075000,5.86E-06,58.40231,3.07E-06,4.99E-06
-108,110100000,5.54E-06,57.13101,3.00E-06,4.65E-06
-108,110125000,6.43E-06,61.03463,3.12E-06,5.63E-06
-108,110150000,7.21E-06,59.02244,3.71E-06,6.18E-06
-108,110175000,6.43E-06,60.3065,3.18E-06,5.58E-06
-108,110200000,7.84E-06,57.73438,4.19E-06,6.63E-06
-108,110225000,8.04E-06,56.57035,4.43E-06,6.71E-06
-108,110250000,7.77E-06,60.05606,3.88E-06,6.74E-06
-108,110275000,7.68E-06,58.44922,4.02E-06,6.54E-06
-108,110300000,7.23E-06,64.29247,3.13E-06,6.51E-06
-108,110325000,8.25E-06,59.72743,4.16E-06,7.12E-06
-108,110350000,7.97E-06,61.88293,3.75E-06,7.03E-06
-108,110375000,8.11E-06,66.70839,3.21E-06,7.45E-06
-108,110400000,7.66E-06,57.13225,4.16E-06,6.43E-06
-108,110425000,7.84E-06,58.79295,4.06E-06,6.70E-06
-108,110450000,7.90E-06,65.03741,3.33E-06,7.16E-06
-108,110475000,7.84E-06,67.9513,2.94E-06,7.26E-06
-108,110500000,8.42E-06,55.12639,4.81E-06,6.91E-06
-108,110525000,7.23E-06,58.92523,3.73E-06,6.19E-06
-108,110550000,6.57E-06,59.67831,3.32E-06,5.67E-06
-108,110575000,7.19E-06,58.36621,3.77E-06,6.12E-06
-108,110600000,7.06E-06,59.99055,3.53E-06,6.11E-06
-108,110625000,6.84E-06,62.99264,3.11E-06,6.09E-06
-108,110650000,8.07E-06,58.88697,4.17E-06,6.91E-06
-108,110675000,6.91E-06,55.73258,3.89E-06,5.71E-06
-108,110700000,6.99E-06,54.45419,4.07E-06,5.69E-06
-108,110725000,6.17E-06,54.45031,3.59E-06,5.02E-06
-108,110750000,6.43E-06,55.35897,3.65E-06,5.29E-06
-108,110775000,6.03E-06,57.74431,3.22E-06,5.10E-06
-108,110800000,5.89E-06,54.85496,3.39E-06,4.81E-06
-108,110825000,6.20E-06,57.96312,3.29E-06,5.25E-06
-108,110850000,5.76E-06,61.29588,2.77E-06,5.05E-06
-108,110875000,5.05E-06,52.40978,3.08E-06,4.00E-06
-108,110900000,5.29E-06,57.9651,2.81E-06,4.49E-06
-108,110925000,4.26E-06,65.44194,1.77E-06,3.88E-06
-108,110950000,4.08E-06,62.19746,1.90E-06,3.61E-06
-108,110975000,4.09E-06,64.26832,1.78E-06,3.69E-06
-108,111000000,4.44E-06,70.42994,1.49E-06,4.18E-06
-112,106000000,4.06E-07,-173.1169,-4.03E-07,-4.87E-08
-112,106025000,3.01E-07,-158.3852,-2.80E-07,-1.11E-07
-112,106050000,4.88E-07,-102.0133,-1.02E-07,-4.77E-07
-112,106075000,3.34E-07,-65.06882,1.41E-07,-3.03E-07
-112,106100000,2.26E-07,65.8504,9.24E-08,2.06E-07
-112,106125000,9.67E-07,-162.1519,-9.21E-07,-2.96E-07
-112,106150000,2.90E-07,-176.8897,-2.90E-07,-1.57E-08
-112,106175000,4.86E-07,-73.68643,1.37E-07,-4.67E-07
-112,106200000,2.25E-07,78.70965,4.40E-08,2.20E-07
-112,106225000,3.06E-07,13.96752,2.97E-07,7.38E-08
-112,106250000,5.87E-07,-117.6291,-2.72E-07,-5.20E-07
-112,106275000,2.40E-08,22.88838,2.21E-08,9.32E-09
-112,106300000,1.09E-06,4.464765,1.08E-06,8.45E-08
-112,106325000,7.58E-08,-140.4102,-5.84E-08,-4.83E-08
-112,106350000,7.63E-07,-179.6425,-7.63E-07,-4.76E-09
-112,106375000,6.99E-08,124.4851,-3.96E-08,5.76E-08
-112,106400000,9.00E-07,-32.8857,7.56E-07,-4.89E-07
-112,106425000,4.14E-07,-164.4598,-3.98E-07,-1.11E-07
-112,106450000,3.89E-07,73.54972,1.10E-07,3.73E-07
-112,106475000,7.97E-07,115.3878,-3.42E-07,7.20E-07
-112,106500000,9.39E-07,52.84448,5.67E-07,7.48E-07
-112,106525000,1.78E-07,177.6808,-1.78E-07,7.21E-09
-112,106550000,7.23E-07,82.89971,8.93E-08,7.17E-07
-112,106575000,6.89E-07,31.63993,5.86E-07,3.61E-07
-112,106600000,1.25E-06,137.2592,-9.20E-07,8.50E-07
-112,106625000,1.59E-06,91.3802,-3.83E-08,1.59E-06
-112,106650000,1.33E-06,66.51313,5.29E-07,1.22E-06
-112,106675000,5.88E-07,117.0608,-2.67E-07,5.23E-07
-112,106700000,1.20E-06,47.59805,8.11E-07,8.88E-07
-112,106725000,1.22E-06,72.59887,3.66E-07,1.17E-06
-112,106750000,1.45E-06,71.2881,4.65E-07,1.37E-06
-112,106775000,1.22E-06,117.7575,-5.69E-07,1.08E-06
-112,106800000,1.20E-06,101.1034,-2.31E-07,1.18E-06
-112,106825000,1.49E-06,94.84829,-1.26E-07,1.48E-06
-112,106850000,1.69E-06,65.8269,6.93E-07,1.54E-06
-112,106875000,1.56E-06,68.60734,5.70E-07,1.46E-06
-112,106900000,1.48E-06,65.57342,6.11E-07,1.35E-06
-112,106925000,2.46E-06,73.83921,6.85E-07,2.36E-06
-112,106950000,2.53E-06,65.67803,1.04E-06,2.30E-06
-112,106975000,1.91E-06,73.78151,5.35E-07,1.84E-06
-112,107000000,2.27E-06,81.87984,3.21E-07,2.25E-06
-112,107025000,1.87E-06,84.45619,1.81E-07,1.86E-06
-112,107050000,3.08E-06,77.8603,6.47E-07,3.01E-06
-112,107075000,3.11E-06,68.02938,1.16E-06,2.89E-06
-112,107100000,2.23E-06,74.83943,5.83E-07,2.15E-06
-112,107125000,2.88E-06,73.37823,8.24E-07,2.76E-06
-112,107150000,2.50E-06,74.97627,6.48E-07,2.41E-06
-112,107175000,2.92E-06,72.22127,8.91E-07,2.78E-06
-112,107200000,2.90E-06,79.0987,5.49E-07,2.85E-06
-112,107225000,3.88E-06,61.24703,1.87E-06,3.40E-06
-112,107250000,4.65E-06,66.44817,1.86E-06,4.26E-06
-112,107275000,3.67E-06,54.12896,2.15E-06,2.97E-06
-112,107300000,3.90E-06,57.23392,2.11E-06,3.28E-06
-112,107325000,4.01E-06,62.86,1.83E-06,3.57E-06
-112,107350000,3.83E-06,66.03159,1.56E-06,3.50E-06
-112,107375000,5.03E-06,62.85467,2.29E-06,4.47E-06
-112,107400000,5.49E-06,62.75793,2.52E-06,4.89E-06
-112,107425000,5.68E-06,61.74836,2.69E-06,5.00E-06
-112,107450000,6.68E-06,63.14748,3.02E-06,5.96E-06
-112,107475000,6.55E-06,67.64184,2.49E-06,6.06E-06
-112,107500000,6.02E-06,65.10631,2.53E-06,5.46E-06
-112,107525000,6.70E-06,60.75134,3.27E-06,5.84E-06
-112,107550000,8.17E-06,64.42235,3.53E-06,7.37E-06
-112,107575000,7.94E-06,61.85319,3.75E-06,7.00E-06
-112,107600000,8.69E-06,65.24831,3.64E-06,7.89E-06
-112,107625000,8.27E-06,61.40145,3.96E-06,7.26E-06
-112,107650000,1.01E-05,63.62346,4.48E-06,9.02E-06
-112,107675000,9.63E-06,58.47585,5.03E-06,8.21E-06
-112,107700000,9.46E-06,66.41366,3.79E-06,8.67E-06
-112,107725000,9.92E-06,61.53657,4.73E-06,8.72E-06
-112,107750000,1.17E-05,63.03693,5.29E-06,1.04E-05
-112,107775000,1.25E-05,58.76333,6.46E-06,1.06E-05
-112,107800000,1.40E-05,59.69536,7.08E-06,1.21E-05
-112,107825000,1.40E-05,59.02788,7.19E-06,1.20E-05
-112,107850000,1.32E-05,62.86507,6.02E-06,1.17E-05
-112,107875000,1.46E-05,63.01061,6.64E-06,1.30E-05
-112,107900000,1.51E-05,63.33987,6.79E-06,1.35E-05
-112,107925000,1.59E-05,61.59041,7.56E-06,1.40E-05
-112,107950000,1.65E-05,61.50785,7.86E-06,1.45E-05
-112,107975000,1.72E-05,63.09959,7.80E-06,1.54E-05
-112,108000000,1.77E-05,62.0726,8.29E-06,1.56E-05
-112,108025000,1.82E-05,62.28195,8.47E-06,1.61E-05
-112,108050000,1.87E-05,62.75521,8.57E-06,1.67E-05
-112,108075000,1.95E-05,58.15341,1.03E-05,1.66E-05
-112,108100000,1.82E-05,60.72021,8.88E-06,1.58E-05
-112,108125000,1.71E-05,58.40131,8.99E-06,1.46E-05
-112,108150000,1.74E-05,61.38514,8.34E-06,1.53E-05
-112,108175000,1.65E-05,63.64402,7.34E-06,1.48E-05
-112,108200000,1.54E-05,60.91755,7.50E-06,1.35E-05
-112,108225000,1.56E-05,64.12172,6.82E-06,1.41E-05
-112,108250000,1.39E-05,63.32481,6.22E-06,1.24E-05
-112,108275000,1.11E-05,63.07848,5.02E-06,9.88E-06
-112,108300000,8.17E-06,61.42412,3.91E-06,7.18E-06
-112,108325000,5.32E-06,64.34595,2.30E-06,4.80E-06
-112,108350000,2.39E-06,74.84785,6.26E-07,2.31E-06
-112,108375000,1.16E-06,-92.48563,-5.01E-08,-1.15E-06
-112,108400000,2.84E-06,-108.3906,-8.96E-07,-2.69E-06
-112,108425000,7.17E-06,-120.4702,-3.64E-06,-6.18E-06
-112,108450000,1.12E-05,-121.6967,-5.88E-06,-9.52E-06
-112,108475000,1.41E-05,-121.2997,-7.31E-06,-1.20E-05
-112,108500000,1.51E-05,-118.7913,-7.28E-06,-1.33E-05
-112,108525000,2.03E-05,-120.8899,-1.04E-05,-1.75E-05
-112,108550000,1.88E-05,-118.1448,-8.86E-06,-1.66E-05
-112,108575000,2.09E-05,-119.8683,-1.04E-05,-1.81E-05
-112,108600000,2.05E-05,-117.2861,-9.38E-06,-1.82E-05
-112,108625000,1.96E-05,-122.1567,-1.04E-05,-1.66E-05
-112,108650000,2.24E-05,-117.5854,-1.04E-05,-1.99E-05
-112,108675000,2.29E-05,-118.2085,-1.08E-05,-2.02E-05
-112,108700000,2.41E-05,-115.5258,-1.04E-05,-2.17E-05
-112,108725000,2.25E-05,-117.5621,-1.04E-05,-2.00E-05
-112,108750000,2.23E-05,-117.0281,-1.02E-05,-1.99E-05
-112,108775000,1.95E-05,-115.9327,-8.52E-06,-1.75E-05
-112,108800000,1.75E-05,-119.4442,-8.62E-06,-1.53E-05
-112,108825000,1.81E-05,-116.8391,-8.19E-06,-1.62E-05
-112,108850000,1.89E-05,-117.3562,-8.69E-06,-1.68E-05
-112,108875000,1.96E-05,-118.9825,-9.48E-06,-1.71E-05
-112,108900000,2.00E-05,-117.9311,-9.39E-06,-1.77E-05
-112,108925000,1.55E-05,-119.3906,-7.61E-06,-1.35E-05
-112,108950000,1.60E-05,-115.3248,-6.86E-06,-1.45E-05
-112,108975000,1.28E-05,-111.5801,-4.71E-06,-1.19E-05
-112,109000000,1.47E-05,-117.1251,-6.72E-06,-1.31E-05
-112,109025000,1.41E-05,-119.7885,-7.00E-06,-1.22E-05
-112,109050000,1.18E-05,-116.9265,-5.36E-06,-1.06E-05
-112,109075000,1.25E-05,-122.8137,-6.79E-06,-1.05E-05
-112,109100000,1.02E-05,-120.9836,-5.27E-06,-8.77E-06
-112,109125000,9.62E-06,-118.1172,-4.53E-06,-8.48E-06
-112,109150000,8.32E-06,-117.6163,-3.86E-06,-7.37E-06
-112,109175000,8.33E-06,-121.2838,-4.32E-06,-7.12E-06
-112,109200000,7.54E-06,-116.5381,-3.37E-06,-6.75E-06
-112,109225000,6.35E-06,-114.6169,-2.65E-06,-5.78E-06
-112,109250000,6.15E-06,-115.3565,-2.63E-06,-5.56E-06
-112,109275000,6.51E-06,-116.1105,-2.87E-06,-5.85E-06
-112,109300000,6.18E-06,-122.3302,-3.30E-06,-5.22E-06
-112,109325000,4.91E-06,-115.4578,-2.11E-06,-4.44E-06
-112,109350000,4.61E-06,-114.7724,-1.93E-06,-4.19E-06
-112,109375000,4.14E-06,-128.1273,-2.55E-06,-3.25E-06
-112,109400000,4.79E-06,-120.799,-2.45E-06,-4.12E-06
-112,109425000,3.48E-06,-119.0667,-1.69E-06,-3.04E-06
-112,109450000,2.74E-06,-114.2651,-1.13E-06,-2.50E-06
-112,109475000,1.88E-06,-90.88681,-2.92E-08,-1.88E-06
-112,109500000,2.41E-06,-132.8406,-1.64E-06,-1.77E-06
-112,109525000,2.35E-06,-120.4237,-1.19E-06,-2.03E-06
-112,109550000,1.79E-06,-128.515,-1.11E-06,-1.40E-06
-112,109575000,9.54E-07,-114.3528,-3.93E-07,-8.69E-07
-112,109600000,9.47E-07,-119.5101,-4.67E-07,-8.24E-07
-112,109625000,1.09E-06,-133.2546,-7.48E-07,-7.95E-07
-112,109650000,1.64E-07,89.63032,1.06E-09,1.64E-07
-112,109675000,2.77E-07,-116.0695,-1.22E-07,-2.49E-07
-112,109700000,2.88E-07,19.70022,2.71E-07,9.70E-08
-112,109725000,7.16E-07,45.46773,5.02E-07,5.10E-07
-112,109750000,9.50E-07,47.56324,6.41E-07,7.01E-07
-112,109775000,6.05E-07,92.80106,-2.95E-08,6.04E-07
-112,109800000,8.68E-07,47.25512,5.89E-07,6.38E-07
-112,109825000,6.63E-07,70.465,2.22E-07,6.25E-07
-112,109850000,9.08E-07,35.71962,7.37E-07,5.30E-07
-112,109875000,1.33E-06,56.76486,7.26E-07,1.11E-06
-112,109900000,1.58E-06,84.70393,1.46E-07,1.58E-06
-112,109925000,1.23E-06,62.82812,5.62E-07,1.10E-06
-112,109950000,2.12E-06,74.12218,5.79E-07,2.04E-06
-112,109975000,1.66E-06,64.0897,7.27E-07,1.50E-06
-112,110000000,2.45E-06,53.66665,1.45E-06,1.97E-06
-112,110025000,1.72E-06,70.30796,5.79E-07,1.62E-06
-112,110050000,1.72E-06,63.29906,7.73E-07,1.54E-06
-112,110075000,1.75E-06,70.33266,5.89E-07,1.65E-06
-112,110100000,2.43E-06,61.86516,1.15E-06,2.14E-06
-112,110125000,2.44E-06,65.36397,1.02E-06,2.22E-06
-112,110150000,2.67E-06,72.04129,8.23E-07,2.54E-06
-112,110175000,1.93E-06,64.56207,8.30E-07,1.74E-06
-112,110200000,2.60E-06,69.25539,9.21E-07,2.43E-06
-112,110225000,2.17E-06,61.26736,1.04E-06,1.90E-06
-112,110250000,2.98E-06,62.54901,1.37E-06,2.65E-06
-112,110275000,2.73E-06,76.54025,6.36E-07,2.66E-06
-112,110300000,2.72E-06,70.80247,8.94E-07,2.57E-06
-112,110325000,1.58E-06,56.66456,8.66E-07,1.32E-06
-112,110350000,2.48E-06,57.85996,1.32E-06,2.10E-06
-112,110375000,2.76E-06,61.67957,1.31E-06,2.43E-06
-112,110400000,2.44E-06,64.98489,1.03E-06,2.21E-06
-112,110425000,3.07E-06,66.06197,1.24E-06,2.80E-06
-112,110450000,2.17E-06,64.09806,9.49E-07,1.95E-06
-112,110475000,2.94E-06,67.6682,1.12E-06,2.72E-06
-112,110500000,2.37E-06,76.27147,5.63E-07,2.31E-06
-112,110525000,1.82E-06,64.69723,7.78E-07,1.65E-06
-112,110550000,2.41E-06,78.46113,4.83E-07,2.36E-06
-112,110575000,2.89E-06,71.4979,9.17E-07,2.74E-06
-112,110600000,2.39E-06,60.98378,1.16E-06,2.09E-06
-112,110625000,2.81E-06,48.60508,1.86E-06,2.11E-06
-112,110650000,2.41E-06,65.66658,9.93E-07,2.20E-06
-112,110675000,3.77E-06,62.35763,1.75E-06,3.34E-06
-112,110700000,2.49E-06,69.4123,8.77E-07,2.33E-06
-112,110725000,2.39E-06,65.92143,9.74E-07,2.18E-06
-112,110750000,2.81E-06,72.89109,8.27E-07,2.69E-06
-112,110775000,2.96E-06,74.35842,7.97E-07,2.85E-06
-112,110800000,3.48E-06,62.11201,1.63E-06,3.08E-06
-112,110825000,3.09E-06,62.74528,1.41E-06,2.75E-06
-112,110850000,2.86E-06,76.3737,6.74E-07,2.78E-06
-112,110875000,3.06E-06,67.79494,1.16E-06,2.83E-06
-112,110900000,2.74E-06,73.33159,7.86E-07,2.62E-06
-112,110925000,3.20E-06,68.10684,1.19E-06,2.97E-06
-112,110950000,2.72E-06,81.01138,4.25E-07,2.69E-06
-112,110975000,2.72E-06,65.37744,1.13E-06,2.47E-06
-112,111000000,2.41E-06,69.04769,8.62E-07,2.25E-06
-116,106000000,5.87E-07,-121.3684,-3.06E-07,-5.02E-07
-116,106025000,6.55E-07,-107.0439,-1.92E-07,-6.27E-07
-116,106050000,9.90E-07,-160.2242,-9.31E-07,-3.35E-07
-116,106075000,4.51E-07,179.4708,-4.51E-07,4.16E-09
-116,106100000,4.47E-07,-124.7317,-2.55E-07,-3.67E-07
-116,106125000,9.04E-07,-146.4795,-7.54E-07,-4.99E-07
-116,106150000,8.16E-08,112.5343,-3.13E-08,7.54E-08
-116,106175000,4.99E-07,-84.68382,4.62E-08,-4.97E-07
-116,106200000,1.02E-06,-105.6655,-2.75E-07,-9.79E-07
-116,106225000,3.78E-07,123.8654,-2.10E-07,3.14E-07
-116,106250000,1.59E-07,71.34712,5.08E-08,1.51E-07
-116,106275000,1.60E-07,49.7206,1.03E-07,1.22E-07
-116,106300000,7.41E-07,165.0195,-7.16E-07,1.92E-07
-116,106325000,2.44E-07,148.2969,-2.08E-07,1.28E-07
-116,106350000,4.63E-07,-178.1359,-4.63E-07,-1.51E-08
-116,106375000,3.35E-07,-4.734257,3.34E-07,-2.76E-08
-116,106400000,4.25E-07,-2.299579,4.25E-07,-1.71E-08
-116,106425000,5.50E-07,123.8161,-3.06E-07,4.57E-07
-116,106450000,8.52E-07,85.75188,6.31E-08,8.50E-07
-116,106475000,6.08E-07,65.3405,2.54E-07,5.53E-07
-116,106500000,8.00E-07,74.59368,2.13E-07,7.71E-07
-116,106525000,8.55E-07,132.6682,-5.79E-07,6.28E-07
-116,106550000,2.44E-07,141.2747,-1.91E-07,1.53E-07
-116,106575000,1.86E-07,123.8825,-1.04E-07,1.54E-07
-116,106600000,3.43E-07,12.61036,3.34E-07,7.48E-08
-116,106625000,6.40E-07,97.09635,-7.91E-08,6.35E-07
-116,106650000,1.14E-06,98.38795,-1.66E-07,1.12E-06
-116,106675000,1.06E-06,68.62083,3.88E-07,9.91E-07
-116,106700000,6.75E-07,51.33393,4.22E-07,5.27E-07
-116,106725000,9.93E-07,136.2868,-7.18E-07,6.86E-07
-116,106750000,5.97E-07,51.34814,3.73E-07,4.66E-07
-116,106775000,1.31E-06,39.36507,1.01E-06,8.32E-07
-116,106800000,1.06E-06,69.06026,3.78E-07,9.87E-07
-116,106825000,1.92E-06,64.12153,8.40E-07,1.73E-06
-116,106850000,1.81E-06,52.55463,1.10E-06,1.44E-06
-116,106875000,1.98E-06,86.09188,1.35E-07,1.97E-06
-116,106900000,2.05E-06,86.57389,1.23E-07,2.05E-06
-116,106925000,1.44E-06,99.5401,-2.39E-07,1.42E-06
-116,106950000,1.95E-06,85.82029,1.42E-07,1.95E-06
-116,106975000,1.72E-06,73.92467,4.76E-07,1.65E-06
-116,107000000,2.73E-06,76.51208,6.37E-07,2.66E-06
-116,107025000,2.81E-06,73.35454,8.04E-07,2.69E-06
-116,107050000,2.76E-06,79.86584,4.86E-07,2.72E-06
-116,107075000,2.10E-06,69.8315,7.23E-07,1.97E-06
-116,107100000,3.05E-06,69.71441,1.06E-06,2.86E-06
-116,107125000,2.54E-06,71.74651,7.96E-07,2.41E-06
-116,107150000,3.37E-06,75.51743,8.42E-07,3.26E-06
-116,107175000,3.28E-06,69.39104,1.16E-06,3.07E-06
-116,107200000,3.80E-06,73.64742,1.07E-06,3.65E-06
-116,107225000,3.42E-06,57.25976,1.85E-06,2.87E-06
-116,107250000,4.05E-06,70.11077,1.38E-06,3.81E-06
-116,107275000,4.32E-06,68.26566,1.60E-06,4.01E-06
-116,107300000,3.74E-06,78.4879,7.47E-07,3.67E-06
-116,107325000,4.14E-06,63.32239,1.86E-06,3.70E-06
-116,107350000,4.73E-06,70.7603,1.56E-06,4.46E-06
-116,107375000,5.40E-06,70.66302,1.79E-06,5.10E-06
-116,107400000,5.01E-06,62.87653,2.28E-06,4.45E-06
-116,107425000,5.54E-06,68.00341,2.07E-06,5.14E-06
-116,107450000,5.49E-06,67.43043,2.11E-06,5.07E-06
-116,107475000,6.07E-06,72.3859,1.84E-06,5.78E-06
-116,107500000,6.15E-06,70.49049,2.05E-06,5.79E-06
-116,107525000,6.47E-06,68.4452,2.38E-06,6.02E-06
-116,107550000,7.77E-06,70.62736,2.58E-06,7.33E-06
-116,107575000,8.10E-06,68.61003,2.96E-06,7.54E-06
-116,107600000,7.87E-06,67.67955,2.99E-06,7.28E-06
-116,107625000,8.32E-06,67.82838,3.14E-06,7.71E-06
-116,107650000,9.32E-06,67.12388,3.62E-06,8.59E-06
-116,107675000,9.57E-06,67.86042,3.61E-06,8.87E-06
-116,107700000,1.01E-05,69.66173,3.50E-06,9.45E-06
-116,107725000,1.03E-05,60.31802,5.10E-06,8.95E-06
-116,107750000,1.02E-05,67.05779,3.96E-06,9.36E-06
-116,107775000,1.04E-05,70.43583,3.49E-06,9.82E-06
-116,107800000,1.22E-05,67.83006,4.61E-06,1.13E-05
-116,107825000,1.40E-05,66.98612,5.46E-06,1.29E-05
-116,107850000,1.37E-05,65.84816,5.59E-06,1.25E-05
-116,107875000,1.24E-05,67.19306,4.81E-06,1.14E-05
-116,107900000,1.44E-05,66.22704,5.81E-06,1.32E-05
-116,107925000,1.55E-05,67.12759,6.01E-06,1.42E-05
-116,107950000,1.59E-05,67.82978,6.01E-06,1.48E-05
-116,107975000,1.54E-05,64.83324,6.55E-06,1.39E-05
-116,108000000,1.49E-05,66.2495,6.00E-06,1.36E-05
-116,108025000,1.58E-05,65.90964,6.47E-06,1.45E-05
-116,108050000,1.68E-05,67.58033,6.42E-06,1.56E-05
-116,108075000,2.02E-05,67.60911,7.70E-06,1.87E-05
-116,108100000,1.94E-05,65.82779,7.93E-06,1.77E-05
-116,108125000,1.67E-05,70.1086,5.70E-06,1.57E-05
-116,108150000,1.59E-05,66.6985,6.30E-06,1.46E-05
-116,108175000,1.73E-05,64.78409,7.37E-06,1.57E-05
-116,108200000,1.48E-05,66.81092,5.85E-06,1.36E-05
-116,108225000,1.57E-05,63.78777,6.93E-06,1.41E-05
-116,108250000,1.32E-05,66.53899,5.25E-06,1.21E-05
-116,108275000,1.21E-05,67.98214,4.54E-06,1.12E-05
-116,108300000,9.73E-06,68.62242,3.55E-06,9.06E-06
-116,108325000,6.20E-06,64.87653,2.63E-06,5.61E-06
-116,108350000,3.45E-06,61.98577,1.62E-06,3.04E-06
-116,108375000,1.05E-06,26.43822,9.45E-07,4.70E-07
-116,108400000,3.45E-06,-109.1225,-1.13E-06,-3.26E-06
-116,108425000,6.94E-06,-107.6103,-2.10E-06,-6.62E-06
-116,108450000,9.78E-06,-111.3202,-3.56E-06,-9.11E-06
-116,108475000,1.31E-05,-109.1865,-4.30E-06,-1.24E-05
-116,108500000,1.49E-05,-112.4408,-5.69E-06,-1.38E-05
-116,108525000,1.69E-05,-112.9897,-6.60E-06,-1.55E-05
-116,108550000,1.86E-05,-112.6216,-7.17E-06,-1.72E-05
-116,108575000,2.08E-05,-115.4829,-8.94E-06,-1.88E-05
-116,108600000,2.16E-05,-112.5775,-8.28E-06,-1.99E-05
-116,108625000,1.95E-05,-114.7509,-8.18E-06,-1.77E-05
-116,108650000,2.35E-05,-110.6742,-8.29E-06,-2.20E-05
-116,108675000,2.10E-05,-114.6274,-8.75E-06,-1.91E-05
-116,108700000,2.15E-05,-113.9813,-8.73E-06,-1.96E-05
-116,108725000,2.03E-05,-111.8615,-7.58E-06,-1.89E-05
-116,108750000,2.17E-05,-111.6098,-8.01E-06,-2.02E-05
-116,108775000,2.16E-05,-110.1033,-7.42E-06,-2.03E-05
-116,108800000,1.85E-05,-111.5364,-6.80E-06,-1.72E-05
-116,108825000,1.78E-05,-111.3922,-6.48E-06,-1.65E-05
-116,108850000,1.88E-05,-113.569,-7.50E-06,-1.72E-05
-116,108875000,1.60E-05,-115.587,-6.90E-06,-1.44E-05
-116,108900000,1.76E-05,-110.0477,-6.05E-06,-1.66E-05
-116,108925000,1.68E-05,-111.8131,-6.23E-06,-1.56E-05
-116,108950000,1.51E-05,-116.1019,-6.62E-06,-1.35E-05
-116,108975000,1.47E-05,-110.6277,-5.19E-06,-1.38E-05
-116,109000000,1.27E-05,-110.4519,-4.42E-06,-1.19E-05
-116,109025000,1.26E-05,-111.1827,-4.56E-06,-1.18E-05
-116,109050000,1.19E-05,-114.2889,-4.91E-06,-1.09E-05
-116,109075000,9.75E-06,-111.1713,-3.52E-06,-9.09E-06
-116,109100000,1.08E-05,-104.8988,-2.77E-06,-1.04E-05
-116,109125000,9.18E-06,-106.9215,-2.67E-06,-8.79E-06
-116,109150000,8.76E-06,-108.2248,-2.74E-06,-8.32E-06
-116,109175000,7.57E-06,-107.8377,-2.32E-06,-7.21E-06
-116,109200000,7.88E-06,-117.7178,-3.67E-06,-6.98E-06
-116,109225000,8.54E-06,-110.8276,-3.04E-06,-7.98E-06
-116,109250000,8.54E-06,-112.8175,-3.31E-06,-7.87E-06
-116,109275000,7.04E-06,-107.1352,-2.07E-06,-6.72E-06
-116,109300000,5.31E-06,-113.3084,-2.10E-06,-4.88E-06
-116,109325000,4.58E-06,-112.1494,-1.73E-06,-4.24E-06
-116,109350000,4.06E-06,-111.8316,-1.51E-06,-3.77E-06
-116,109375000,3.31E-06,-120.6128,-1.69E-06,-2.85E-06
-116,109400000,3.41E-06,-113.1606,-1.34E-06,-3.13E-06
-116,109425000,2.54E-06,-117.5735,-1.18E-06,-2.25E-06
-116,109450000,2.02E-06,-107.2758,-6.01E-07,-1.93E-06
-116,109475000,2.72E-06,-93.1,-1.47E-07,-2.71E-06
-116,109500000,2.25E-06,-111.0644,-8.08E-07,-2.10E-06
-116,109525000,1.19E-06,-115.6557,-5.17E-07,-1.08E-06
-116,109550000,1.30E-06,-96.08235,-1.38E-07,-1.29E-06
-116,109575000,1.28E-06,-102.792,-2.83E-07,-1.25E-06
-116,109600000,6.89E-07,-96.60296,-7.93E-08,-6.85E-07
-116,109625000,7.56E-07,-110.5525,-2.66E-07,-7.08E-07
-116,109650000,2.59E-07,-139.6445,-1.98E-07,-1.68E-07
-116,109675000,3.54E-07,-170.8108,-3.49E-07,-5.65E-08
-116,109700000,5.68E-07,-107.4268,-1.70E-07,-5.42E-07
-116,109725000,2.57E-07,-111.1887,-9.29E-08,-2.40E-07
-116,109750000,1.43E-07,109.1127,-4.69E-08,1.35E-07
-116,109775000,2.61E-07,64.23466,1.13E-07,2.35E-07
-116,109800000,1.00E-06,65.38181,4.18E-07,9.11E-07
-116,109825000,4.61E-07,48.92919,3.03E-07,3.48E-07
-116,109850000,1.16E-06,72.22468,3.54E-07,1.10E-06
-116,109875000,1.13E-06,49.29698,7.40E-07,8.60E-07
-116,109900000,9.19E-07,53.65774,5.45E-07,7.40E-07
-116,109925000,2.18E-06,58.64328,1.14E-06,1.86E-06
-116,109950000,2.26E-06,71.64173,7.13E-07,2.15E-06
-116,109975000,1.61E-06,67.4913,6.18E-07,1.49E-06
-116,110000000,1.64E-06,82.95941,2.00E-07,1.62E-06
-116,110025000,2.10E-06,64.53787,9.05E-07,1.90E-06
-116,110050000,1.52E-06,69.94887,5.20E-07,1.42E-06
-116,110075000,1.55E-06,76.01646,3.75E-07,1.51E-06
-116,110100000,2.04E-06,72.42164,6.16E-07,1.94E-06
-116,110125000,2.10E-06,67.05806,8.20E-07,1.94E-06
-116,110150000,2.03E-06,68.62908,7.38E-07,1.89E-06
-116,110175000,2.56E-06,82.18625,3.48E-07,2.54E-06
-116,110200000,1.81E-06,94.12388,-1.30E-07,1.80E-06
-116,110225000,1.83E-06,80.83235,2.92E-07,1.81E-06
-116,110250000,1.96E-06,81.27851,2.98E-07,1.94E-06
-116,110275000,2.16E-06,57.23874,1.17E-06,1.82E-06
-116,110300000,2.54E-06,77.76673,5.37E-07,2.48E-06
-116,110325000,2.46E-06,76.20724,5.87E-07,2.39E-06
-116,110350000,2.61E-06,64.51882,1.12E-06,2.36E-06
-116,110375000,2.38E-06,83.84119,2.55E-07,2.36E-06
-116,110400000,2.40E-06,67.39639,9.24E-07,2.22E-06
-116,110425000,2.50E-06,66.77237,9.85E-07,2.29E-06
-116,110450000,2.10E-06,77.74113,4.46E-07,2.05E-06
-116,110475000,2.45E-06,61.62416,1.16E-06,2.16E-06
-116,110500000,2.33E-06,63.55997,1.04E-06,2.09E-06
-116,110525000,2.77E-06,77.33349,6.07E-07,2.70E-06
-116,110550000,2.68E-06,69.47669,9.40E-07,2.51E-06
-116,110575000,3.21E-06,70.6136,1.06E-06,3.02E-06
-116,110600000,2.39E-06,62.31798,1.11E-06,2.12E-06
-116,110625000,2.29E-06,65.87187,9.38E-07,2.09E-06
-116,110650000,2.53E-06,74.55986,6.74E-07,2.44E-06
-116,110675000,2.67E-06,59.75464,1.35E-06,2.31E-06
-116,110700000,2.85E-06,74.18843,7.75E-07,2.74E-06
-116,110725000,2.50E-06,80.31908,4.21E-07,2.47E-06
-116,110750000,2.41E-06,78.43089,4.83E-07,2.36E-06
-116,110775000,2.75E-06,80.02075,4.76E-07,2.71E-06
-116,110800000,2.79E-06,60.3954,1.38E-06,2.43E-06
-116,110825000,2.72E-06,73.88341,7.55E-07,2.61E-06
-116,110850000,2.78E-06,64.90025,1.18E-06,2.52E-06
-116,110875000,2.58E-06,78.78027,5.01E-07,2.53E-06
-116,110900000,2.07E-06,78.66312,4.07E-07,2.03E-06
-116,110925000,2.02E-06,66.499,8.06E-07,1.85E-06
-116,110950000,2.80E-06,51.6882,1.74E-06,2.20E-06
-116,110975000,3.05E-06,72.27473,9.27E-07,2.90E-06
-116,111000000,2.86E-06,69.05438,1.02E-06,2.67E-06
-120,106000000,3.46E-07,-166.6429,-3.37E-07,-8.00E-08
-120,106025000,9.22E-07,-150.8001,-8.05E-07,-4.50E-07
-120,106050000,9.85E-07,-147.2019,-8.28E-07,-5.33E-07
-120,106075000,9.04E-07,175.9794,-9.02E-07,6.34E-08
-120,106100000,7.61E-07,-125.4259,-4.41E-07,-6.20E-07
-120,106125000,5.85E-07,-142.8258,-4.66E-07,-3.54E-07
-120,106150000,5.28E-07,-149.3212,-4.54E-07,-2.70E-07
-120,106175000,6.93E-07,-152.9384,-6.17E-07,-3.15E-07
-120,106200000,3.50E-08,-118.2131,-1.65E-08,-3.08E-08
-120,106225000,3.86E-07,90.98241,-6.61E-09,3.86E-07
-120,106250000,8.71E-08,-153.5326,-7.79E-08,-3.88E-08
-120,106275000,3.72E-07,137.8638,-2.76E-07,2.50E-07
-120,106300000,3.61E-07,148.8924,-3.09E-07,1.87E-07
-120,106325000,9.34E-07,126.3859,-5.54E-07,7.52E-07
-120,106350000,6.52E-07,140.7874,-5.05E-07,4.12E-07
-120,106375000,9.90E-07,-125.1333,-5.70E-07,-8.10E-07
-120,106400000,5.09E-07,147.7917,-4.31E-07,2.71E-07
-120,106425000,4.73E-07,64.12953,2.06E-07,4.26E-07
-120,106450000,2.93E-07,-164.0631,-2.81E-07,-8.03E-08
-120,106475000,3.52E-07,159.4011,-3.29E-07,1.24E-07
-120,106500000,7.78E-07,147.0157,-6.53E-07,4.24E-07
-120,106525000,6.69E-07,32.65571,5.63E-07,3.61E-07
-120,106550000,5.26E-07,94.38225,-4.02E-08,5.24E-07
-120,106575000,4.05E-07,81.99715,5.65E-08,4.02E-07
-120,106600000,6.23E-07,121.7493,-3.28E-07,5.29E-07
-120,106625000,1.21E-07,72.83732,3.56E-08,1.15E-07
-120,106650000,5.90E-07,80.1761,1.01E-07,5.82E-07
-120,106675000,4.05E-07,99.12756,-6.43E-08,4.00E-07
-120,106700000,4.51E-07,50.7377,2.85E-07,3.49E-07
-120,106725000,1.23E-06,85.62172,9.43E-08,1.23E-06
-120,106750000,6.24E-07,71.12582,2.02E-07,5.91E-07
-120,106775000,1.06E-06,88.70596,2.39E-08,1.06E-06
-120,106800000,1.05E-06,93.67361,-6.71E-08,1.05E-06
-120,106825000,1.91E-06,85.45764,1.51E-07,1.90E-06
-120,106850000,1.94E-06,78.43657,3.88E-07,1.90E-06
-120,106875000,1.98E-06,77.3001,4.36E-07,1.93E-06
-120,106900000,1.76E-06,82.16934,2.40E-07,1.75E-06
-120,106925000,2.06E-06,85.74915,1.52E-07,2.05E-06
-120,106950000,2.32E-06,70.75632,7.65E-07,2.19E-06
-120,106975000,1.91E-06,72.42459,5.77E-07,1.82E-06
-120,107000000,2.17E-06,78.81554,4.20E-07,2.13E-06
-120,107025000,2.73E-06,75.58513,6.79E-07,2.64E-06
-120,107050000,2.75E-06,87.19606,1.34E-07,2.75E-06
-120,107075000,3.17E-06,79.90226,5.55E-07,3.12E-06
-120,107100000,3.61E-06,71.55942,1.14E-06,3.42E-06
-120,107125000,3.47E-06,83.2381,4.08E-07,3.44E-06
-120,107150000,2.61E-06,67.80385,9.87E-07,2.42E-06
-120,107175000,3.48E-06,75.6105,8.65E-07,3.37E-06
-120,107200000,3.12E-06,81.93669,4.38E-07,3.09E-06
-120,107225000,3.82E-06,83.34928,4.42E-07,3.79E-06
-120,107250000,4.11E-06,74.89129,1.07E-06,3.97E-06
-120,107275000,4.89E-06,77.93288,1.02E-06,4.78E-06
-120,107300000,4.35E-06,63.4038,1.95E-06,3.89E-06
-120,107325000,5.10E-06,74.30619,1.38E-06,4.91E-06
-120,107350000,4.71E-06,71.05282,1.53E-06,4.45E-06
-120,107375000,4.72E-06,71.16847,1.52E-06,4.47E-06
-120,107400000,5.21E-06,75.4851,1.31E-06,5.04E-06
-120,107425000,5.62E-06,72.69151,1.67E-06,5.37E-06
-120,107450000,5.46E-06,73.96691,1.51E-06,5.25E-06
-120,107475000,6.29E-06,77.73574,1.34E-06,6.15E-06
-120,107500000,7.36E-06,74.75467,1.94E-06,7.10E-06
-120,107525000,6.76E-06,76.67068,1.56E-06,6.58E-06
-120,107550000,8.78E-06,71.90909,2.73E-06,8.34E-06
-120,107575000,8.35E-06,71.43982,2.66E-06,7.92E-06
-120,107600000,8.13E-06,75.61394,2.02E-06,7.88E-06
-120,107625000,8.56E-06,71.0525,2.78E-06,8.09E-06
-120,107650000,1.07E-05,74.92676,2.79E-06,1.04E-05
-120,107675000,1.06E-05,71.16163,3.44E-06,1.01E-05
-120,107700000,1.02E-05,78.24743,2.08E-06,9.98E-06
-120,107725000,1.06E-05,69.28157,3.76E-06,9.95E-06
-120,107750000,1.13E-05,73.30467,3.25E-06,1.08E-05
-120,107775000,1.17E-05,70.41699,3.92E-06,1.10E-05
-120,107800000,1.14E-05,71.02035,3.72E-06,1.08E-05
-120,107825000,1.24E-05,72.64654,3.71E-06,1.19E-05
-120,107850000,1.23E-05,69.35263,4.34E-06,1.15E-05
-120,107875000,1.38E-05,70.37212,4.64E-06,1.30E-05
-120,107900000,1.60E-05,73.59164,4.53E-06,1.54E-05
-120,107925000,1.71E-05,72.43493,5.15E-06,1.63E-05
-120,107950000,1.79E-05,72.94418,5.25E-06,1.71E-05
-120,107975000,1.79E-05,72.30683,5.45E-06,1.71E-05
-120,108000000,1.71E-05,71.47133,5.44E-06,1.62E-05
-120,108025000,1.86E-05,72.62631,5.54E-06,1.77E-05
-120,108050000,2.02E-05,72.55904,6.07E-06,1.93E-05
-120,108075000,1.95E-05,70.4112,6.55E-06,1.84E-05
-120,108100000,2.02E-05,72.10861,6.19E-06,1.92E-05
-120,108125000,1.79E-05,69.69225,6.21E-06,1.68E-05
-120,108150000,1.69E-05,71.71574,5.32E-06,1.61E-05
-120,108175000,1.63E-05,74.11349,4.47E-06,1.57E-05
-120,108200000,1.56E-05,74.86204,4.08E-06,1.51E-05
-120,108225000,1.49E-05,74.39125,4.00E-06,1.43E-05
-120,108250000,1.31E-05,69.39492,4.62E-06,1.23E-05
-120,108275000,1.14E-05,71.61508,3.59E-06,1.08E-05
-120,108300000,1.01E-05,74.47127,2.71E-06,9.74E-06
-120,108325000,6.73E-06,64.84878,2.86E-06,6.09E-06
-120,108350000,3.74E-06,81.05947,5.82E-07,3.70E-06
-120,108375000,6.15E-07,-123.5465,-3.40E-07,-5.12E-07
-120,108400000,1.48E-06,-111.0802,-5.33E-07,-1.38E-06
-120,108425000,5.19E-06,-107.449,-1.56E-06,-4.95E-06
-120,108450000,8.29E-06,-102.2015,-1.75E-06,-8.10E-06
-120,108475000,1.14E-05,-101.2651,-2.23E-06,-1.12E-05
-120,108500000,1.36E-05,-106.0132,-3.75E-06,-1.31E-05
-120,108525000,1.64E-05,-107.1845,-4.83E-06,-1.56E-05
-120,108550000,1.84E-05,-106.8525,-5.32E-06,-1.76E-05
-120,108575000,2.07E-05,-107.642,-6.28E-06,-1.98E-05
-120,108600000,2.04E-05,-106.697,-5.86E-06,-1.95E-05
-120,108625000,2.06E-05,-110.4965,-7.22E-06,-1.93E-05
-120,108650000,2.15E-05,-105.6819,-5.82E-06,-2.07E-05
-120,108675000,2.11E-05,-106.1221,-5.87E-06,-2.03E-05
-120,108700000,2.00E-05,-104.665,-5.06E-06,-1.93E-05
-120,108725000,2.31E-05,-109.3389,-7.65E-06,-2.18E-05
-120,108750000,2.31E-05,-106.2511,-6.45E-06,-2.21E-05
-120,108775000,2.27E-05,-110.3158,-7.90E-06,-2.13E-05
-120,108800000,2.11E-05,-108.6497,-6.75E-06,-2.00E-05
-120,108825000,2.01E-05,-107.7331,-6.13E-06,-1.92E-05
-120,108850000,1.75E-05,-108.8392,-5.67E-06,-1.66E-05
-120,108875000,1.59E-05,-109.8129,-5.38E-06,-1.49E-05
-120,108900000,1.59E-05,-106.5972,-4.55E-06,-1.53E-05
-120,108925000,1.68E-05,-107.1806,-4.97E-06,-1.61E-05
-120,108950000,1.43E-05,-105.1875,-3.75E-06,-1.38E-05
-120,108975000,1.45E-05,-106.8795,-4.22E-06,-1.39E-05
-120,109000000,1.37E-05,-109.0062,-4.46E-06,-1.29E-05
-120,109025000,1.37E-05,-107.216,-4.06E-06,-1.31E-05
-120,109050000,1.29E-05,-106.8891,-3.76E-06,-1.24E-05
-120,109075000,1.28E-05,-100.5778,-2.36E-06,-1.26E-05
-120,109100000,1.15E-05,-104.3897,-2.86E-06,-1.11E-05
-120,109125000,1.13E-05,-109.5954,-3.80E-06,-1.07E-05
-120,109150000,9.30E-06,-103.4518,-2.16E-06,-9.04E-06
-120,109175000,8.62E-06,-105.9667,-2.37E-06,-8.29E-06
-120,109200000,8.09E-06,-112.0897,-3.04E-06,-7.50E-06
-120,109225000,6.50E-06,-104.1313,-1.59E-06,-6.30E-06
-120,109250000,6.92E-06,-102.491,-1.50E-06,-6.75E-06
-120,109275000,6.73E-06,-103.6492,-1.59E-06,-6.54E-06
-120,109300000,5.28E-06,-106.3104,-1.48E-06,-5.07E-06
-120,109325000,5.08E-06,-109.4618,-1.69E-06,-4.79E-06
-120,109350000,4.47E-06,-114.1711,-1.83E-06,-4.07E-06
-120,109375000,4.26E-06,-119.2262,-2.08E-06,-3.72E-06
-120,109400000,3.24E-06,-114.3988,-1.34E-06,-2.95E-06
-120,109425000,3.37E-06,-110.5779,-1.18E-06,-3.16E-06
-120,109450000,2.99E-06,-109.333,-9.91E-07,-2.83E-06
-120,109475000,3.39E-06,-104.4952,-8.48E-07,-3.28E-06
-120,109500000,2.20E-06,-107.7921,-6.72E-07,-2.10E-06
-120,109525000,1.96E-06,-100.5525,-3.59E-07,-1.93E-06
-120,109550000,1.79E-06,-95.80594,-1.81E-07,-1.78E-06
-120,109575000,1.15E-06,-93.58351,-7.22E-08,-1.15E-06
-120,109600000,1.29E-06,-100.1733,-2.28E-07,-1.27E-06
-120,109625000,5.71E-07,-126.8075,-3.42E-07,-4.57E-07
-120,109650000,5.66E-07,-156.4541,-5.19E-07,-2.26E-07
-120,109675000,3.07E-07,-86.74639,1.75E-08,-3.07E-07
-120,109700000,2.58E-07,-157.5655,-2.38E-07,-9.84E-08
-120,109725000,4.31E-07,94.47329,-3.36E-08,4.30E-07
-120,109750000,1.96E-07,53.12647,1.18E-07,1.57E-07
-120,109775000,4.47E-07,150.438,-3.89E-07,2.20E-07
-120,109800000,4.06E-07,95.70248,-4.03E-08,4.04E-07
-120,109825000,9.69E-07,126.5644,-5.77E-07,7.79E-07
-120,109850000,7.67E-07,81.03603,1.20E-07,7.58E-07
-120,109875000,1.38E-06,91.35987,-3.27E-08,1.38E-06
-120,109900000,1.30E-06,82.22286,1.76E-07,1.29E-06
-120,109925000,1.23E-06,54.36452,7.19E-07,1.00E-06
-120,109950000,1.45E-06,97.82844,-1.98E-07,1.44E-06
-120,109975000,1.83E-06,71.64476,5.77E-07,1.74E-06
-120,110000000,1.61E-06,83.81974,1.74E-07,1.60E-06
-120,110025000,1.46E-06,87.642,6.01E-08,1.46E-06
-120,110050000,1.76E-06,72.42232,5.32E-07,1.68E-06
-120,110075000,2.18E-06,89.0519,3.61E-08,2.18E-06
-120,110100000,2.21E-06,80.24997,3.74E-07,2.18E-06
-120,110125000,1.96E-06,83.80283,2.12E-07,1.95E-06
-120,110150000,2.22E-06,89.42754,2.21E-08,2.22E-06
-120,110175000,2.01E-06,83.76614,2.19E-07,2.00E-06
-120,110200000,2.96E-06,78.6078,5.85E-07,2.90E-06
-120,110225000,2.22E-06,77.97559,4.62E-07,2.17E-06
-120,110250000,1.87E-06,93.45102,-1.12E-07,1.86E-06
-120,110275000,2.65E-06,73.12007,7.69E-07,2.53E-06
-120,110300000,2.03E-06,74.93774,5.26E-07,1.96E-06
-120,110325000,2.66E-06,69.05496,9.51E-07,2.49E-06
-120,110350000,2.26E-06,69.47104,7.93E-07,2.12E-06
-120,110375000,2.70E-06,80.17648,4.60E-07,2.66E-06
-120,110400000,3.28E-06,78.2597,6.67E-07,3.21E-06
-120,110425000,2.82E-06,74.07839,7.75E-07,2.72E-06
-120,110450000,2.46E-06,74.61901,6.52E-07,2.37E-06
-120,110475000,2.36E-06,70.53311,7.85E-07,2.22E-06
-120,110500000,2.47E-06,73.41448,7.06E-07,2.37E-06
-120,110525000,2.45E-06,70.48773,8.20E-07,2.31E-06
-120,110550000,2.52E-06,72.2864,7.67E-07,2.40E-06
-120,110575000,2.35E-06,71.39353,7.51E-07,2.23E-06
-120,110600000,2.49E-06,76.95939,5.63E-07,2.43E-06
-120,110625000,2.59E-06,97.682,-3.46E-07,2.56E-06
-120,110650000,3.07E-06,80.02572,5.32E-07,3.03E-06
-120,110675000,1.95E-06,82.93585,2.39E-07,1.93E-06
-120,110700000,2.51E-06,87.78008,9.72E-08,2.51E-06
-120,110725000,3.02E-06,77.20738,6.68E-07,2.94E-06
-120,110750000,2.07E-06,64.37583,8.97E-07,1.87E-06
-120,110775000,2.65E-06,87.06069,1.36E-07,2.65E-06
-120,110800000,3.16E-06,71.891,9.82E-07,3.00E-06
-120,110825000,2.21E-06,84.28448,2.20E-07,2.20E-06
-120,110850000,2.48E-06,92.0832,-9.02E-08,2.48E-06
-120,110875000,3.25E-06,80.81784,5.18E-07,3.21E-06
-120,110900000,2.63E-06,67.58807,1.00E-06,2.43E-06
-120,110925000,2.23E-06,72.55882,6.68E-07,2.12E-06
-120,110950000,1.86E-06,73.02362,5.42E-07,1.78E-06
-120,110975000,2.71E-06,82.75409,3.42E-07,2.69E-06
-120,111000000,2.63E-06,75.95116,6.39E-07,2.55E-06
