-120,106000000,7.56E-07,-124.4875,-4.28E-07,-6.23E-07
-120,106025000,4.40E-07,-9.116853,4.34E-07,-6.97E-08
-120,106050000,3.75E-07,101.9531,-7.77E-08,3.67E-07
-120,106075000,1.80E-07,-65.74221,7.39E-08,-1.64E-07
-120,106100000,2.19E-07,51.94941,1.35E-07,1.73E-07
-120,106125000,2.18E-07,-128.8577,-1.37E-07,-1.70E-07
-120,106150000,4.27E-07,-176.5921,-4.26E-07,-2.54E-08
-120,106175000,2.74E-07,-72.75711,8.13E-08,-2.62E-07
-120,106200000,3.39E-07,-111.0516,-1.22E-07,-3.16E-07
-120,106225000,9.47E-07,178.2832,-9.46E-07,2.84E-08
-120,106250000,1.82E-07,-151.4529,-1.60E-07,-8.70E-08
-120,106275000,7.41E-07,101.5125,-1.48E-07,7.26E-07
-120,106300000,2.63E-07,-122.1065,-1.40E-07,-2.23E-07
-120,106325000,2.73E-07,-44.23578,1.96E-07,-1.91E-07
-120,106350000,2.49E-07,15.0258,2.40E-07,6.45E-08
-120,106375000,4.57E-07,-99.84914,-7.81E-08,-4.50E-07
-120,106400000,1.95E-07,-86.86966,1.06E-08,-1.95E-07
-120,106425000,2.29E-07,-54.71619,1.32E-07,-1.87E-07
-120,106450000,5.61E-07,-99.15477,-8.92E-08,-5.54E-07
-120,106475000,3.26E-07,71.31564,1.05E-07,3.09E-07
-120,106500000,3.50E-07,-159.8592,-3.29E-07,-1.21E-07
-120,106525000,4.09E-07,-155.3955,-3.72E-07,-1.70E-07
-120,106550000,1.37E-07,-144.4587,-1.12E-07,-7.99E-08
-120,106575000,3.05E-07,102.1312,-6.41E-08,2.98E-07
-120,106600000,2.09E-07,-25.59048,1.88E-07,-9.02E-08
-120,106625000,4.78E-07,-60.97384,2.32E-07,-4.18E-07
-120,106650000,5.45E-07,-55.09342,3.12E-07,-4.47E-07
-120,106675000,5.99E-07,-90.55677,-5.82E-09,-5.99E-07
-120,106700000,4.44E-07,18.97449,4.20E-07,1.44E-07
-120,106725000,4.09E-07,159.1104,-3.82E-07,1.46E-07
-120,106750000,6.66E-07,-76.78705,1.52E-07,-6.48E-07
-120,106775000,4.72E-07,-136.7078,-3.44E-07,-3.24E-07
-120,106800000,6.99E-07,13.23218,6.81E-07,1.60E-07
-120,106825000,1.10E-06,8.598868,1.09E-06,1.65E-07
-120,106850000,1.37E-06,21.08371,1.28E-06,4.94E-07
-120,106875000,5.47E-07,-28.38752,4.81E-07,-2.60E-07
-120,106900000,9.07E-07,15.55717,8.74E-07,2.43E-07
-120,106925000,2.33E-07,54.97233,1.34E-07,1.91E-07
-120,106950000,5.56E-07,118.7252,-2.67E-07,4.88E-07
-120,106975000,1.71E-06,-38.86611,1.33E-06,-1.07E-06
-120,107000000,7.73E-07,18.59452,7.33E-07,2.47E-07
-120,107025000,1.22E-06,-50.29352,7.78E-07,-9.37E-07
-120,107050000,9.97E-07,-16.97536,9.54E-07,-2.91E-07
-120,107075000,6.56E-07,-61.69837,3.11E-07,-5.77E-07
-120,107100000,2.13E-06,-0.06942487,2.13E-06,-2.58E-09
-120,107125000,2.76E-06,-20.78134,2.58E-06,-9.79E-07
-120,107150000,1.70E-06,12.99093,1.66E-06,3.82E-07
-120,107175000,1.23E-06,-7.733965,1.22E-06,-1.65E-07
-120,107200000,1.49E-06,5.139476,1.48E-06,1.33E-07
-120,107225000,1.71E-06,27.72875,1.51E-06,7.96E-07
-120,107250000,8.39E-07,-13.18824,8.16E-07,-1.91E-07
-120,107275000,1.57E-06,-30.33491,1.36E-06,-7.94E-07
-120,107300000,1.55E-06,11.98757,1.52E-06,3.22E-07
-120,107325000,1.86E-06,-19.28621,1.76E-06,-6.16E-07
-120,107350000,2.34E-06,-6.613231,2.32E-06,-2.69E-07
-120,107375000,2.70E-06,-16.79877,2.59E-06,-7.81E-07
-120,107400000,2.18E-06,-36.56862,1.75E-06,-1.30E-06
-120,107425000,3.46E-06,29.56774,3.01E-06,1.71E-06
-120,107450000,2.60E-06,12.11393,2.54E-06,5.45E-07
-120,107475000,1.91E-06,-29.25021,1.67E-06,-9.34E-07
-120,107500000,3.34E-06,-0.5874239,3.34E-06,-3.42E-08
-120,107525000,3.16E-06,-5.911871,3.14E-06,-3.26E-07
-120,107550000,3.66E-06,6.317896,3.63E-06,4.02E-07
-120,107575000,2.92E-06,-3.120496,2.91E-06,-1.59E-07
-120,107600000,4.15E-06,-8.898178,4.10E-06,-6.41E-07
-120,107625000,3.84E-06,-19.6156,3.62E-06,-1.29E-06
-120,107650000,3.32E-06,4.001408,3.31E-06,2.32E-07
-120,107675000,3.19E-06,-5.948808,3.17E-06,-3.31E-07
-120,107700000,5.07E-06,-24.83456,4.60E-06,-2.13E-06
-120,107725000,3.12E-06,-1.739631,3.12E-06,-9.48E-08
-120,107750000,3.08E-06,-0.5344218,3.08E-06,-2.88E-08
-120,107775000,4.16E-06,-10.54087,4.09E-06,-7.61E-07
-120,107800000,3.44E-06,-4.931647,3.43E-06,-2.96E-07
-120,107825000,4.88E-06,5.5184,4.85E-06,4.69E-07
-120,107850000,4.42E-06,0.8846038,4.42E-06,6.83E-08
-120,107875000,5.61E-06,-14.39583,5.43E-06,-1.39E-06
-120,107900000,5.53E-06,-18.25548,5.25E-06,-1.73E-06
-120,107925000,4.30E-06,-12.28143,4.20E-06,-9.15E-07
-120,107950000,3.47E-06,-6.004815,3.45E-06,-3.63E-07
-120,107975000,5.62E-06,-14.06142,5.45E-06,-1.36E-06
-120,108000000,3.97E-06,0.3831762,3.97E-06,2.66E-08
-120,108025000,2.71E-06,3.918081,2.70E-06,1.85E-07
-120,108050000,2.83E-06,-47.86581,1.90E-06,-2.10E-06
-120,108075000,3.62E-06,6.636453,3.59E-06,4.18E-07
-120,108100000,2.60E-06,11.66792,2.55E-06,5.27E-07
-120,108125000,9.78E-07,-140.4249,-7.54E-07,-6.23E-07
-120,108150000,3.67E-07,-87.72981,1.45E-08,-3.67E-07
-120,108175000,1.47E-06,139.9999,-1.13E-06,9.45E-07
-120,108200000,3.47E-06,171.2577,-3.43E-06,5.27E-07
-120,108225000,3.64E-06,163.7808,-3.49E-06,1.02E-06
-120,108250000,1.66E-06,157.823,-1.53E-06,6.25E-07
-120,108275000,4.39E-06,175.6233,-4.38E-06,3.35E-07
-120,108300000,6.05E-06,154.5204,-5.47E-06,2.60E-06
-120,108325000,1.99E-06,-149.3846,-1.71E-06,-1.01E-06
-120,108350000,9.26E-06,177.2057,-9.25E-06,4.51E-07
-120,108375000,9.73E-06,-179.1614,-9.72E-06,-1.42E-07
-120,108400000,1.04E-05,-177.7069,-1.04E-05,-4.18E-07
-120,108425000,1.28E-05,-172.1492,-1.26E-05,-1.74E-06
-120,108450000,1.29E-05,175.9718,-1.29E-05,9.08E-07
-120,108475000,1.20E-05,178.55,-1.20E-05,3.05E-07
-120,108500000,1.30E-05,171.8149,-1.29E-05,1.85E-06
-120,108525000,1.14E-05,-173.5479,-1.13E-05,-1.28E-06
-120,108550000,1.26E-05,178.0325,-1.26E-05,4.32E-07
-120,108575000,1.13E-05,174.402,-1.13E-05,1.11E-06
-120,108600000,1.37E-05,-174.8483,-1.37E-05,-1.23E-06
-120,108625000,1.57E-05,-165.6039,-1.52E-05,-3.89E-06
-120,108650000,1.15E-05,177.8689,-1.15E-05,4.28E-07
-120,108675000,9.42E-06,175.9655,-9.39E-06,6.63E-07
-120,108700000,8.96E-06,174.8128,-8.92E-06,8.10E-07
-120,108725000,1.31E-05,164.8997,-1.26E-05,3.41E-06
-120,108750000,8.43E-06,164.0902,-8.11E-06,2.31E-06
-120,108775000,8.40E-06,164.2535,-8.08E-06,2.28E-06
-120,108800000,9.82E-06,175.6029,-9.79E-06,7.53E-07
-120,108825000,7.02E-06,-177.876,-7.02E-06,-2.60E-07
-120,108850000,8.04E-06,-172.0814,-7.96E-06,-1.11E-06
-120,108875000,6.44E-06,178.2199,-6.44E-06,2.00E-07
-120,108900000,5.82E-06,-173.8848,-5.78E-06,-6.20E-07
-120,108925000,6.11E-06,175.4988,-6.09E-06,4.79E-07
-120,108950000,6.12E-06,172.8863,-6.07E-06,7.58E-07
-120,108975000,6.05E-06,-178.4525,-6.05E-06,-1.63E-07
-120,109000000,3.86E-06,162.4353,-3.68E-06,1.16E-06
-120,109025000,3.98E-06,-178.7061,-3.98E-06,-9.00E-08
-120,109050000,3.61E-06,-173.6286,-3.59E-06,-4.01E-07
-120,109075000,7.63E-07,158.5957,-7.10E-07,2.78E-07
-120,109100000,1.93E-06,170.0934,-1.90E-06,3.32E-07
-120,109125000,3.64E-06,173.5135,-3.62E-06,4.11E-07
-120,109150000,2.01E-06,157.0658,-1.85E-06,7.82E-07
-120,109175000,1.68E-06,-167.1155,-1.64E-06,-3.74E-07
-120,109200000,1.85E-06,171.4757,-1.83E-06,2.74E-07
-120,109225000,4.29E-07,-167.0047,-4.18E-07,-9.64E-08
-120,109250000,1.54E-06,132.0708,-1.03E-06,1.14E-06
-120,109275000,9.43E-07,123.9786,-5.27E-07,7.82E-07
-120,109300000,8.44E-07,175.6759,-8.42E-07,6.37E-08
-120,109325000,1.08E-06,168.6639,-1.06E-06,2.12E-07
-120,109350000,2.13E-06,-179.454,-2.13E-06,-2.03E-08
-120,109375000,1.34E-06,-167.4533,-1.31E-06,-2.91E-07
-120,109400000,1.28E-06,-169.7065,-1.26E-06,-2.29E-07
-120,109425000,1.05E-06,-156.4795,-9.61E-07,-4.18E-07
-120,109450000,2.48E-07,-165.5011,-2.41E-07,-6.22E-08
-120,109475000,6.54E-07,-44.7258,4.65E-07,-4.60E-07
-120,109500000,1.96E-07,-125.3122,-1.13E-07,-1.60E-07
-120,109525000,6.19E-07,173.6409,-6.15E-07,6.86E-08
-120,109550000,3.84E-07,-151.753,-3.38E-07,-1.82E-07
-120,109575000,1.11E-06,-105.9741,-3.04E-07,-1.06E-06
-120,109600000,2.20E-07,112.326,-8.36E-08,2.03E-07
-120,109625000,3.88E-07,73.9215,1.07E-07,3.73E-07
-120,109650000,1.27E-07,-118.0859,-5.98E-08,-1.12E-07
-120,109675000,4.92E-07,128.6526,-3.07E-07,3.84E-07
-120,109700000,2.65E-07,-15.29276,2.55E-07,-6.98E-08
-120,109725000,5.90E-07,102.8176,-1.31E-07,5.76E-07
-120,109750000,4.20E-08,170.0179,-4.13E-08,7.27E-09
-120,109775000,2.90E-07,-63.87316,1.28E-07,-2.60E-07
-120,109800000,4.20E-07,94.51809,-3.31E-08,4.19E-07
-120,109825000,1.17E-06,11.5794,1.15E-06,2.35E-07
-120,109850000,1.46E-06,-79.31508,2.70E-07,-1.43E-06
-120,109875000,6.94E-07,-38.63677,5.42E-07,-4.33E-07
-120,109900000,4.91E-07,13.41499,4.78E-07,1.14E-07
-120,109925000,2.19E-07,148.3403,-1.87E-07,1.15E-07
-120,109950000,3.87E-07,119.7038,-1.92E-07,3.36E-07
-120,109975000,8.43E-07,-78.41327,1.70E-07,-8.26E-07
-120,110000000,3.89E-07,-22.00189,3.61E-07,-1.46E-07
-120,110025000,5.28E-07,65.30302,2.21E-07,4.80E-07
-120,110050000,2.97E-07,55.43001,1.69E-07,2.45E-07
-120,110075000,1.08E-06,-45.5451,7.53E-07,-7.68E-07
-120,110100000,3.24E-07,-81.40222,4.85E-08,-3.20E-07
-120,110125000,3.92E-07,18.69484,3.71E-07,1.26E-07
-120,110150000,1.22E-06,-47.71263,8.19E-07,-9.00E-07
-120,110175000,5.16E-07,-20.36017,4.84E-07,-1.79E-07
-120,110200000,4.13E-07,111.6398,-1.52E-07,3.84E-07
-120,110225000,2.62E-07,8.125893,2.60E-07,3.71E-08
-120,110250000,4.82E-07,-152.8625,-4.29E-07,-2.20E-07
-120,110275000,8.84E-08,58.6162,4.60E-08,7.54E-08
-120,110300000,2.37E-07,30.66221,2.04E-07,1.21E-07
-120,110325000,7.74E-07,-88.45893,2.08E-08,-7.74E-07
-120,110350000,1.03E-06,150.0621,-8.94E-07,5.15E-07
-120,110375000,2.42E-07,-117.1943,-1.11E-07,-2.15E-07
-120,110400000,7.71E-07,-88.69334,1.76E-08,-7.71E-07
-120,110425000,8.13E-07,10.49729,8.00E-07,1.48E-07
-120,110450000,9.55E-07,-79.48183,1.74E-07,-9.39E-07
-120,110475000,5.41E-07,27.54431,4.80E-07,2.50E-07
-120,110500000,5.59E-07,174.2835,-5.56E-07,5.57E-08
-120,110525000,6.06E-07,-11.58705,5.93E-07,-1.22E-07
-120,110550000,9.22E-07,-47.7666,6.20E-07,-6.83E-07
-120,110575000,1.08E-06,18.8345,1.02E-06,3.49E-07
-120,110600000,3.51E-07,61.68088,1.66E-07,3.09E-07
-120,110625000,8.98E-07,8.861568,8.87E-07,1.38E-07
-120,110650000,1.86E-07,-72.82989,5.48E-08,-1.77E-07
-120,110675000,1.54E-07,127.8232,-9.45E-08,1.22E-07
-120,110700000,5.57E-07,-134.2355,-3.89E-07,-3.99E-07
-120,110725000,1.11E-07,-43.64326,8.00E-08,-7.63E-08
-120,110750000,4.84E-07,-72.47319,1.46E-07,-4.62E-07
-120,110775000,5.49E-07,-75.07965,1.41E-07,-5.30E-07
-120,110800000,5.40E-07,5.390811,5.37E-07,5.07E-08
-120,110825000,7.71E-07,-74.31643,2.08E-07,-7.42E-07
-120,110850000,8.32E-07,149.2284,-7.15E-07,4.26E-07
-120,110875000,2.26E-07,9.47071,2.23E-07,3.72E-08
-120,110900000,5.11E-07,-9.125924,5.05E-07,-8.10E-08
-120,110925000,2.23E-07,-99.68031,-3.75E-08,-2.20E-07
-120,110950000,1.58E-07,68.31402,5.83E-08,1.47E-07
-120,110975000,6.55E-08,44.01832,4.71E-08,4.55E-08
-120,111000000,4.92E-07,-3.269339,4.91E-07,-2.80E-08
-116,106000000,1.83E-07,106.2185,-5.12E-08,1.76E-07
-116,106025000,6.23E-07,-27.2558,5.54E-07,-2.85E-07
-116,106050000,1.08E-06,76.13672,2.60E-07,1.05E-06
-116,106075000,4.17E-07,-176.0533,-4.16E-07,-2.87E-08
-116,106100000,5.12E-07,85.12225,4.35E-08,5.10E-07
-116,106125000,1.09E-06,-106.8606,-3.17E-07,-1.05E-06
-116,106150000,8.83E-07,-99.53283,-1.46E-07,-8.71E-07
-116,106175000,6.85E-07,162.39,-6.53E-07,2.07E-07
-116,106200000,4.39E-07,-136.952,-3.21E-07,-3.00E-07
-116,106225000,9.80E-07,131.5019,-6.49E-07,7.34E-07
-116,106250000,8.21E-07,78.52278,1.63E-07,8.05E-07
-116,106275000,5.28E-07,145.5256,-4.35E-07,2.99E-07
-116,106300000,6.53E-07,42.91633,4.78E-07,4.45E-07
-116,106325000,4.82E-07,122.6222,-2.60E-07,4.06E-07
-116,106350000,1.08E-06,-152.1826,-9.55E-07,-5.04E-07
-116,106375000,4.56E-08,10.02224,4.49E-08,7.93E-09
-116,106400000,5.65E-07,-153.8363,-5.08E-07,-2.49E-07
-116,106425000,1.42E-07,-176.0644,-1.41E-07,-9.72E-09
-116,106450000,4.68E-07,-78.80757,9.09E-08,-4.59E-07
-116,106475000,1.74E-07,-103.8617,-4.16E-08,-1.69E-07
-116,106500000,1.79E-07,141.7238,-1.40E-07,1.11E-07
-116,106525000,4.12E-07,139.9164,-3.15E-07,2.65E-07
-116,106550000,3.18E-07,45.37014,2.24E-07,2.27E-07
-116,106575000,5.02E-07,-149.8706,-4.34E-07,-2.52E-07
-116,106600000,4.49E-07,133.5625,-3.09E-07,3.25E-07
-116,106625000,7.62E-07,103.3862,-1.76E-07,7.41E-07
-116,106650000,4.81E-07,99.17116,-7.67E-08,4.75E-07
-116,106675000,4.65E-07,-99.88006,-7.98E-08,-4.58E-07
-116,106700000,8.66E-07,-149.9779,-7.50E-07,-4.33E-07
-116,106725000,1.12E-06,25.83527,1.01E-06,4.89E-07
-116,106750000,9.69E-07,-86.05967,6.66E-08,-9.66E-07
-116,106775000,7.65E-07,42.7158,5.62E-07,5.19E-07
-116,106800000,1.26E-06,173.3565,-1.25E-06,1.46E-07
-116,106825000,2.11E-07,143.2377,-1.69E-07,1.27E-07
-116,106850000,4.40E-07,-172.4866,-4.37E-07,-5.76E-08
-116,106875000,3.96E-07,-77.57935,8.51E-08,-3.87E-07
-116,106900000,1.85E-06,52.51207,1.13E-06,1.47E-06
-116,106925000,8.97E-07,11.49803,8.79E-07,1.79E-07
-116,106950000,6.22E-07,33.53815,5.19E-07,3.44E-07
-116,106975000,1.05E-06,-27.56333,9.27E-07,-4.84E-07
-116,107000000,1.86E-06,17.76875,1.77E-06,5.68E-07
-116,107025000,1.90E-06,-13.81147,1.85E-06,-4.54E-07
-116,107050000,9.68E-07,-29.60841,8.42E-07,-4.78E-07
-116,107075000,1.84E-06,8.23534,1.82E-06,2.64E-07
-116,107100000,8.21E-07,-71.44416,2.61E-07,-7.79E-07
-116,107125000,1.19E-06,8.886047,1.17E-06,1.83E-07
-116,107150000,8.58E-07,-87.76041,3.35E-08,-8.57E-07
-116,107175000,1.10E-06,-4.319203,1.10E-06,-8.29E-08
-116,107200000,1.77E-06,-13.2392,1.72E-06,-4.05E-07
-116,107225000,1.47E-06,-10.56696,1.45E-06,-2.70E-07
-116,107250000,8.86E-07,-32.96055,7.43E-07,-4.82E-07
-116,107275000,9.35E-07,36.30695,7.54E-07,5.54E-07
-116,107300000,1.40E-06,-1.826824,1.40E-06,-4.46E-08
-116,107325000,1.23E-06,13.79343,1.19E-06,2.93E-07
-116,107350000,1.54E-06,31.76407,1.31E-06,8.09E-07
-116,107375000,1.08E-06,9.436395,1.07E-06,1.77E-07
-116,107400000,2.39E-06,2.793113,2.38E-06,1.16E-07
-116,107425000,1.72E-06,-16.91217,1.64E-06,-5.00E-07
-116,107450000,1.88E-06,-20.40691,1.76E-06,-6.56E-07
-116,107475000,2.72E-06,0.7091652,2.72E-06,3.36E-08
-116,107500000,1.78E-06,26.54881,1.59E-06,7.94E-07
-116,107525000,3.78E-06,3.897919,3.78E-06,2.57E-07
-116,107550000,2.07E-06,-5.434935,2.06E-06,-1.96E-07
-116,107575000,2.71E-06,-11.15248,2.66E-06,-5.24E-07
-116,107600000,2.87E-06,8.393117,2.84E-06,4.20E-07
-116,107625000,3.30E-06,2.592185,3.29E-06,1.49E-07
-116,107650000,4.72E-06,-3.188674,4.71E-06,-2.62E-07
-116,107675000,2.92E-06,-3.024629,2.92E-06,-1.54E-07
-116,107700000,2.74E-06,5.857475,2.73E-06,2.80E-07
-116,107725000,3.85E-06,15.00706,3.72E-06,9.97E-07
-116,107750000,5.13E-06,2.605763,5.13E-06,2.33E-07
-116,107775000,3.62E-06,-11.96402,3.54E-06,-7.50E-07
-116,107800000,3.42E-06,6.29522,3.40E-06,3.75E-07
-116,107825000,4.11E-06,-3.767093,4.10E-06,-2.70E-07
-116,107850000,3.71E-06,-11.65699,3.64E-06,-7.50E-07
-116,107875000,3.41E-06,-39.39244,2.64E-06,-2.16E-06
-116,107900000,3.76E-06,16.33539,3.60E-06,1.06E-06
-116,107925000,2.24E-06,-16.23345,2.15E-06,-6.27E-07
-116,107950000,3.76E-06,-27.93699,3.32E-06,-1.76E-06
-116,107975000,3.77E-06,-14.84872,3.65E-06,-9.67E-07
-116,108000000,2.02E-06,31.67927,1.72E-06,1.06E-06
-116,108025000,3.32E-06,22.28676,3.07E-06,1.26E-06
-116,108050000,3.12E-06,19.34506,2.94E-06,1.03E-06
-116,108075000,5.03E-06,20.67232,4.71E-06,1.78E-06
-116,108100000,2.77E-06,55.03408,1.59E-06,2.27E-06
-116,108125000,3.85E-06,30.62976,3.31E-06,1.96E-06
-116,108150000,2.50E-06,2.326573,2.50E-06,1.02E-07
-116,108175000,3.28E-07,-133.0064,-2.24E-07,-2.40E-07
-116,108200000,6.78E-07,48.36924,4.50E-07,5.06E-07
-116,108225000,5.07E-06,-152.8563,-4.51E-06,-2.31E-06
-116,108250000,3.47E-06,-158.2755,-3.22E-06,-1.28E-06
-116,108275000,4.66E-06,-165.7587,-4.52E-06,-1.15E-06
-116,108300000,8.85E-06,161.3777,-8.38E-06,2.82E-06
-116,108325000,7.40E-06,170.9368,-7.31E-06,1.17E-06
-116,108350000,8.06E-06,178.6351,-8.06E-06,1.92E-07
-116,108375000,6.02E-06,168.9689,-5.91E-06,1.15E-06
-116,108400000,1.12E-05,177.7847,-1.12E-05,4.33E-07
-116,108425000,1.41E-05,174.8427,-1.40E-05,1.27E-06
-116,108450000,1.25E-05,175.3476,-1.25E-05,1.02E-06
-116,108475000,1.37E-05,-177.7045,-1.37E-05,-5.47E-07
-116,108500000,1.30E-05,171.9247,-1.29E-05,1.83E-06
-116,108525000,1.10E-05,173.1749,-1.10E-05,1.31E-06
-116,108550000,1.17E-05,179.8551,-1.17E-05,2.96E-08
-116,108575000,1.36E-05,-172.9829,-1.35E-05,-1.66E-06
-116,108600000,1.31E-05,178.8818,-1.31E-05,2.56E-07
-116,108625000,1.32E-05,170.1266,-1.30E-05,2.27E-06
-116,108650000,1.26E-05,175.2687,-1.25E-05,1.04E-06
-116,108675000,1.17E-05,165.6759,-1.13E-05,2.89E-06
-116,108700000,1.50E-05,178.4015,-1.50E-05,4.18E-07
-116,108725000,1.09E-05,177.8844,-1.09E-05,4.04E-07
-116,108750000,1.08E-05,-175.5361,-1.08E-05,-8.43E-07
-116,108775000,8.92E-06,-164.2077,-8.59E-06,-2.43E-06
-116,108800000,5.29E-06,-168.3895,-5.18E-06,-1.06E-06
-116,108825000,7.90E-06,-174.1381,-7.86E-06,-8.07E-07
-116,108850000,6.73E-06,174.9213,-6.70E-06,5.95E-07
-116,108875000,6.84E-06,172.9675,-6.78E-06,8.37E-07
-116,108900000,5.81E-06,-174.3164,-5.78E-06,-5.75E-07
-116,108925000,5.48E-06,158.115,-5.09E-06,2.04E-06
-116,108950000,4.54E-06,-170.2264,-4.48E-06,-7.71E-07
-116,108975000,3.32E-06,-167.2462,-3.24E-06,-7.34E-07
-116,109000000,4.39E-06,167.3631,-4.28E-06,9.61E-07
-116,109025000,3.67E-06,179.007,-3.67E-06,6.37E-08
-116,109050000,4.25E-06,157.8282,-3.94E-06,1.60E-06
-116,109075000,3.89E-06,-177.4464,-3.89E-06,-1.73E-07
-116,109100000,3.28E-06,168.7557,-3.21E-06,6.39E-07
-116,109125000,1.24E-06,-179.7737,-1.24E-06,-4.89E-09
-116,109150000,1.73E-06,-161.7825,-1.65E-06,-5.42E-07
-116,109175000,1.66E-06,-151.9721,-1.46E-06,-7.79E-07
-116,109200000,4.50E-07,-100.6827,-8.34E-08,-4.42E-07
-116,109225000,2.40E-06,170.3675,-2.37E-06,4.02E-07
-116,109250000,5.67E-07,-168.3284,-5.55E-07,-1.15E-07
-116,109275000,8.66E-07,-143.2,-6.93E-07,-5.18E-07
-116,109300000,1.39E-06,-157.6311,-1.28E-06,-5.29E-07
-116,109325000,1.30E-06,170.2493,-1.28E-06,2.20E-07
-116,109350000,1.04E-06,-163.4946,-9.94E-07,-2.95E-07
-116,109375000,1.22E-07,-93.89092,-8.26E-09,-1.22E-07
-116,109400000,2.29E-06,143.0055,-1.83E-06,1.38E-06
-116,109425000,1.45E-06,156.8691,-1.33E-06,5.68E-07
-116,109450000,8.33E-07,-149.9627,-7.21E-07,-4.17E-07
-116,109475000,2.45E-07,-148.6487,-2.09E-07,-1.27E-07
-116,109500000,3.89E-07,-162.0417,-3.70E-07,-1.20E-07
-116,109525000,6.21E-07,151.4727,-5.45E-07,2.96E-07
-116,109550000,9.37E-07,166.1107,-9.10E-07,2.25E-07
-116,109575000,1.09E-06,-133.954,-7.55E-07,-7.83E-07
-116,109600000,4.53E-07,-142.4104,-3.59E-07,-2.76E-07
-116,109625000,1.30E-06,137.6523,-9.63E-07,8.78E-07
-116,109650000,3.70E-07,53.74894,2.19E-07,2.98E-07
-116,109675000,3.50E-07,101.8858,-7.20E-08,3.42E-07
-116,109700000,9.03E-07,166.0227,-8.76E-07,2.18E-07
-116,109725000,8.93E-07,-63.42358,3.99E-07,-7.98E-07
-116,109750000,9.12E-07,-170.6524,-9.00E-07,-1.48E-07
-116,109775000,2.49E-07,-158.6628,-2.31E-07,-9.04E-08
-116,109800000,9.66E-07,-65.81494,3.96E-07,-8.81E-07
-116,109825000,5.37E-07,-79.3071,9.96E-08,-5.28E-07
-116,109850000,1.21E-06,-110.079,-4.15E-07,-1.14E-06
-116,109875000,6.36E-07,-122.143,-3.39E-07,-5.39E-07
-116,109900000,6.30E-07,149.2947,-5.42E-07,3.22E-07
-116,109925000,4.35E-07,121.6769,-2.29E-07,3.70E-07
-116,109950000,1.96E-07,153.4954,-1.76E-07,8.77E-08
-116,109975000,5.62E-07,-127.265,-3.40E-07,-4.47E-07
-116,110000000,8.36E-07,148.7139,-7.15E-07,4.34E-07
-116,110025000,3.20E-07,-146.0178,-2.65E-07,-1.79E-07
-116,110050000,2.75E-07,-107.1685,-8.12E-08,-2.63E-07
-116,110075000,4.95E-07,-3.514023,4.94E-07,-3.03E-08
-116,110100000,3.35E-07,-162.026,-3.19E-07,-1.03E-07
-116,110125000,2.90E-07,33.66088,2.41E-07,1.61E-07
-116,110150000,8.32E-07,-104.2472,-2.05E-07,-8.06E-07
-116,110175000,5.05E-07,83.94037,5.33E-08,5.03E-07
-116,110200000,5.60E-07,-44.14945,4.02E-07,-3.90E-07
-116,110225000,3.80E-07,14.50015,3.68E-07,9.52E-08
-116,110250000,1.18E-06,21.50046,1.10E-06,4.33E-07
-116,110275000,1.83E-07,146.9642,-1.53E-07,9.98E-08
-116,110300000,2.21E-07,45.71591,1.54E-07,1.58E-07
-116,110325000,4.22E-07,144.1883,-3.43E-07,2.47E-07
-116,110350000,8.72E-08,-151.7256,-7.68E-08,-4.13E-08
-116,110375000,6.54E-07,155.8321,-5.96E-07,2.68E-07
-116,110400000,8.80E-07,-13.74289,8.54E-07,-2.09E-07
-116,110425000,6.25E-07,-75.636,1.55E-07,-6.06E-07
-116,110450000,5.39E-07,-37.78143,4.26E-07,-3.30E-07
-116,110475000,2.85E-07,-128.4713,-1.77E-07,-2.23E-07
-116,110500000,5.93E-07,5.191495,5.91E-07,5.37E-08
-116,110525000,2.91E-07,50.53444,1.85E-07,2.24E-07
-116,110550000,8.31E-07,-102.9181,-1.86E-07,-8.10E-07
-116,110575000,4.07E-07,162.8443,-3.89E-07,1.20E-07
-116,110600000,5.24E-07,2.530713,5.23E-07,2.31E-08
-116,110625000,5.45E-07,-138.8251,-4.10E-07,-3.59E-07
-116,110650000,1.59E-06,26.89016,1.42E-06,7.21E-07
-116,110675000,1.01E-06,-58.74035,5.26E-07,-8.67E-07
-116,110700000,8.50E-07,16.95525,8.13E-07,2.48E-07
-116,110725000,4.39E-07,-50.40351,2.80E-07,-3.38E-07
-116,110750000,9.20E-07,-4.589075,9.17E-07,-7.36E-08
-116,110775000,3.40E-07,-31.47471,2.90E-07,-1.77E-07
-116,110800000,1.50E-06,-29.19325,1.31E-06,-7.32E-07
-116,110825000,6.21E-07,75.93105,1.51E-07,6.02E-07
-116,110850000,3.47E-07,-1.54937,3.47E-07,-9.39E-09
-116,110875000,5.40E-07,-62.35186,2.50E-07,-4.78E-07
-116,110900000,1.39E-06,61.71984,6.57E-07,1.22E-06
-116,110925000,8.65E-07,-47.49991,5.84E-07,-6.38E-07
-116,110950000,8.80E-07,13.96424,8.54E-07,2.12E-07
-116,110975000,3.83E-07,-46.34099,2.65E-07,-2.77E-07
-116,111000000,3.10E-07,89.34115,3.57E-09,3.10E-07
-112,106000000,2.21E-07,165.2627,-2.14E-07,5.63E-08
-112,106025000,2.46E-07,-166.4202,-2.39E-07,-5.76E-08
-112,106050000,4.19E-07,139.0719,-3.16E-07,2.74E-07
-112,106075000,6.33E-07,132.872,-4.31E-07,4.64E-07
-112,106100000,4.90E-07,-163.422,-4.69E-07,-1.40E-07
-112,106125000,2.01E-07,122.8522,-1.09E-07,1.69E-07
-112,106150000,3.83E-07,-94.84878,-3.24E-08,-3.82E-07
-112,106175000,4.50E-07,147.8027,-3.81E-07,2.40E-07
-112,106200000,6.30E-07,-151.77,-5.55E-07,-2.98E-07
-112,106225000,7.61E-07,150.1032,-6.60E-07,3.79E-07
-112,106250000,1.80E-07,-174.6209,-1.79E-07,-1.69E-08
-112,106275000,5.67E-07,-156.7645,-5.21E-07,-2.24E-07
-112,106300000,1.80E-07,-29.94094,1.56E-07,-8.97E-08
-112,106325000,1.27E-07,-54.56625,7.37E-08,-1.04E-07
-112,106350000,1.31E-06,174.6381,-1.30E-06,1.22E-07
-112,106375000,7.48E-07,-49.56848,4.85E-07,-5.69E-07
-112,106400000,8.45E-07,-163.7358,-8.12E-07,-2.37E-07
-112,106425000,1.52E-06,-142.7907,-1.21E-06,-9.21E-07
-112,106450000,7.33E-07,67.04659,2.86E-07,6.75E-07
-112,106475000,1.20E-07,70.69974,3.98E-08,1.14E-07
-112,106500000,8.61E-07,-163.736,-8.26E-07,-2.41E-07
-112,106525000,5.74E-07,-170.2737,-5.65E-07,-9.69E-08
-112,106550000,7.39E-07,39.43626,5.71E-07,4.69E-07
-112,106575000,3.87E-07,-50.82076,2.45E-07,-3.00E-07
-112,106600000,4.61E-07,32.55736,3.89E-07,2.48E-07
-112,106625000,7.86E-07,59.59919,3.98E-07,6.78E-07
-112,106650000,7.36E-07,133.1188,-5.03E-07,5.37E-07
-112,106675000,8.77E-07,-109.9572,-2.99E-07,-8.25E-07
-112,106700000,1.72E-07,-64.47989,7.40E-08,-1.55E-07
-112,106725000,5.81E-07,4.574267,5.79E-07,4.63E-08
-112,106750000,8.15E-07,-5.547742,8.11E-07,-7.88E-08
-112,106775000,2.66E-07,30.95649,2.28E-07,1.37E-07
-112,106800000,4.80E-07,105.8609,-1.31E-07,4.62E-07
-112,106825000,5.84E-07,-73.05654,1.70E-07,-5.59E-07
-112,106850000,6.26E-07,-69.97609,2.14E-07,-5.88E-07
-112,106875000,1.34E-06,19.76885,1.27E-06,4.55E-07
-112,106900000,1.27E-06,-6.240851,1.26E-06,-1.38E-07
-112,106925000,1.00E-06,-8.873972,9.88E-07,-1.54E-07
-112,106950000,1.07E-06,-13.93146,1.04E-06,-2.58E-07
-112,106975000,1.54E-06,38.68174,1.20E-06,9.63E-07
-112,107000000,1.13E-06,-7.232959,1.12E-06,-1.42E-07
-112,107025000,8.63E-07,-18.20051,8.20E-07,-2.70E-07
-112,107050000,1.37E-06,21.62696,1.28E-06,5.07E-07
-112,107075000,1.93E-06,44.57824,1.38E-06,1.35E-06
-112,107100000,1.58E-06,8.221461,1.57E-06,2.26E-07
-112,107125000,1.20E-06,-28.68007,1.05E-06,-5.75E-07
-112,107150000,2.57E-06,-7.07846,2.55E-06,-3.17E-07
-112,107175000,1.79E-06,-7.626922,1.77E-06,-2.38E-07
-112,107200000,1.70E-06,-1.322061,1.70E-06,-3.93E-08
-112,107225000,1.11E-06,-14.83035,1.08E-06,-2.85E-07
-112,107250000,2.29E-06,-30.68144,1.97E-06,-1.17E-06
-112,107275000,7.45E-07,-20.93673,6.96E-07,-2.66E-07
-112,107300000,3.33E-06,-21.50795,3.09E-06,-1.22E-06
-112,107325000,1.74E-06,-3.23333,1.74E-06,-9.82E-08
-112,107350000,2.92E-06,2.41501,2.92E-06,1.23E-07
-112,107375000,2.76E-06,0.4325428,2.76E-06,2.08E-08
-112,107400000,2.22E-06,6.374668,2.21E-06,2.47E-07
-112,107425000,3.04E-06,-3.962068,3.03E-06,-2.10E-07
-112,107450000,2.74E-06,13.30408,2.66E-06,6.29E-07
-112,107475000,2.61E-06,16.07385,2.51E-06,7.23E-07
-112,107500000,2.85E-06,23.05334,2.62E-06,1.12E-06
-112,107525000,2.12E-06,66.81855,8.34E-07,1.95E-06
-112,107550000,3.24E-06,-24.46125,2.95E-06,-1.34E-06
-112,107575000,3.75E-06,-6.19181,3.72E-06,-4.04E-07
-112,107600000,4.23E-06,11.50703,4.14E-06,8.43E-07
-112,107625000,3.12E-06,-17.76372,2.97E-06,-9.52E-07
-112,107650000,1.54E-06,10.49806,1.51E-06,2.80E-07
-112,107675000,2.96E-06,1.820758,2.96E-06,9.41E-08
-112,107700000,4.66E-06,-6.351227,4.63E-06,-5.15E-07
-112,107725000,3.81E-06,11.96119,3.73E-06,7.90E-07
-112,107750000,4.60E-06,13.56693,4.47E-06,1.08E-06
-112,107775000,2.00E-06,1.765352,2.00E-06,6.16E-08
-112,107800000,1.56E-06,-13.47143,1.52E-06,-3.65E-07
-112,107825000,4.44E-06,3.184248,4.43E-06,2.47E-07
-112,107850000,2.38E-06,-20.96296,2.22E-06,-8.51E-07
-112,107875000,4.87E-06,-18.88096,4.61E-06,-1.58E-06
-112,107900000,4.40E-06,4.980893,4.38E-06,3.82E-07
-112,107925000,3.19E-06,-0.4848618,3.19E-06,-2.70E-08
-112,107950000,3.44E-06,-10.55521,3.39E-06,-6.31E-07
-112,107975000,3.33E-06,14.94286,3.22E-06,8.58E-07
-112,108000000,4.15E-06,-17.00887,3.97E-06,-1.21E-06
-112,108025000,4.25E-06,-0.1667821,4.25E-06,-1.24E-08
-112,108050000,3.58E-06,-25.1941,3.24E-06,-1.52E-06
-112,108075000,1.81E-06,33.45559,1.51E-06,9.95E-07
-112,108100000,1.28E-06,-99.99465,-2.23E-07,-1.26E-06
-112,108125000,2.03E-06,126.6385,-1.21E-06,1.63E-06
-112,108150000,3.37E-06,-3.562803,3.36E-06,-2.09E-07
-112,108175000,1.68E-06,-69.5566,5.86E-07,-1.57E-06
-112,108200000,2.21E-06,-139.2527,-1.67E-06,-1.44E-06
-112,108225000,3.47E-06,-151.5245,-3.05E-06,-1.65E-06
-112,108250000,4.12E-06,-174.7045,-4.10E-06,-3.80E-07
-112,108275000,6.56E-06,-162.4514,-6.25E-06,-1.98E-06
-112,108300000,7.07E-06,168.6611,-6.93E-06,1.39E-06
-112,108325000,5.49E-06,171.1173,-5.42E-06,8.48E-07
-112,108350000,7.71E-06,172.5003,-7.65E-06,1.01E-06
-112,108375000,7.59E-06,176.7026,-7.57E-06,4.36E-07
-112,108400000,1.08E-05,-173.281,-1.07E-05,-1.26E-06
-112,108425000,1.37E-05,177.3863,-1.37E-05,6.26E-07
-112,108450000,1.36E-05,172.4317,-1.35E-05,1.79E-06
-112,108475000,1.13E-05,-176.4643,-1.13E-05,-6.99E-07
-112,108500000,1.46E-05,-175.5924,-1.45E-05,-1.12E-06
-112,108525000,1.52E-05,179.1934,-1.52E-05,2.15E-07
-112,108550000,1.31E-05,-177.2862,-1.31E-05,-6.19E-07
-112,108575000,1.31E-05,-179.3986,-1.31E-05,-1.38E-07
-112,108600000,1.13E-05,172.5771,-1.12E-05,1.46E-06
-112,108625000,1.01E-05,-178.5356,-1.01E-05,-2.59E-07
-112,108650000,1.18E-05,168.8793,-1.16E-05,2.27E-06
-112,108675000,1.34E-05,-176.4145,-1.33E-05,-8.35E-07
-112,108700000,1.26E-05,165.8038,-1.23E-05,3.10E-06
-112,108725000,9.13E-06,179.3688,-9.13E-06,1.01E-07
-112,108750000,9.56E-06,-169.8224,-9.41E-06,-1.69E-06
-112,108775000,9.58E-06,-177.5361,-9.57E-06,-4.12E-07
-112,108800000,7.94E-06,172.973,-7.88E-06,9.72E-07
-112,108825000,9.03E-06,178.3105,-9.03E-06,2.66E-07
-112,108850000,6.90E-06,-173.956,-6.86E-06,-7.26E-07
-112,108875000,4.57E-06,174.0791,-4.55E-06,4.72E-07
-112,108900000,5.54E-06,-165.0588,-5.36E-06,-1.43E-06
-112,108925000,4.61E-06,-161.8191,-4.38E-06,-1.44E-06
-112,108950000,6.48E-06,-167.6262,-6.32E-06,-1.39E-06
-112,108975000,3.92E-06,178.4662,-3.92E-06,1.05E-07
-112,109000000,3.37E-06,174.5815,-3.35E-06,3.18E-07
-112,109025000,4.36E-06,-178.9862,-4.36E-06,-7.72E-08
-112,109050000,4.30E-06,169.5872,-4.23E-06,7.78E-07
-112,109075000,2.84E-06,161.3425,-2.69E-06,9.09E-07
-112,109100000,2.44E-06,148.3361,-2.07E-06,1.28E-06
-112,109125000,1.14E-06,-154.47,-1.02E-06,-4.90E-07
-112,109150000,2.00E-06,-148.8131,-1.71E-06,-1.04E-06
-112,109175000,1.09E-06,159.8422,-1.02E-06,3.75E-07
-112,109200000,2.21E-06,-142.5634,-1.75E-06,-1.34E-06
-112,109225000,1.92E-06,159.0549,-1.80E-06,6.88E-07
-112,109250000,1.18E-06,-130.3908,-7.61E-07,-8.95E-07
-112,109275000,8.54E-07,177.7455,-8.53E-07,3.36E-08
-112,109300000,1.74E-06,177.2713,-1.74E-06,8.30E-08
-112,109325000,6.74E-07,167.2011,-6.57E-07,1.49E-07
-112,109350000,3.32E-07,164.427,-3.20E-07,8.92E-08
-112,109375000,3.60E-07,11.85479,3.52E-07,7.40E-08
-112,109400000,1.08E-06,75.7825,2.65E-07,1.05E-06
-112,109425000,1.12E-06,144.5155,-9.15E-07,6.52E-07
-112,109450000,9.52E-07,143.725,-7.68E-07,5.64E-07
-112,109475000,1.35E-07,121.1232,-6.96E-08,1.15E-07
-112,109500000,7.76E-07,96.94818,-9.39E-08,7.70E-07
-112,109525000,6.07E-07,95.0962,-5.39E-08,6.05E-07
-112,109550000,7.53E-07,93.29119,-4.32E-08,7.52E-07
-112,109575000,2.46E-07,129.2345,-1.56E-07,1.91E-07
-112,109600000,4.62E-07,-128.3791,-2.87E-07,-3.62E-07
-112,109625000,5.21E-07,-163.1998,-4.99E-07,-1.51E-07
-112,109650000,5.54E-07,-66.6488,2.20E-07,-5.09E-07
-112,109675000,7.59E-07,-50.5469,4.82E-07,-5.86E-07
-112,109700000,1.47E-07,164.3597,-1.41E-07,3.95E-08
-112,109725000,2.96E-07,6.327021,2.94E-07,3.26E-08
-112,109750000,1.23E-06,147.5107,-1.04E-06,6.63E-07
-112,109775000,1.47E-07,-87.75473,5.75E-09,-1.47E-07
-112,109800000,5.04E-07,-29.22975,4.39E-07,-2.46E-07
-112,109825000,6.10E-07,119.2681,-2.98E-07,5.32E-07
-112,109850000,2.77E-07,126.5605,-1.65E-07,2.22E-07
-112,109875000,3.92E-07,-146.449,-3.27E-07,-2.17E-07
-112,109900000,5.88E-07,-84.98062,5.14E-08,-5.86E-07
-112,109925000,1.33E-07,-12.27815,1.30E-07,-2.82E-08
-112,109950000,1.72E-07,-15.80333,1.66E-07,-4.69E-08
-112,109975000,1.86E-07,-166.8559,-1.81E-07,-4.24E-08
-112,110000000,8.70E-07,-13.44728,8.47E-07,-2.02E-07
-112,110025000,4.70E-07,78.47239,9.40E-08,4.61E-07
-112,110050000,7.88E-07,-4.898726,7.85E-07,-6.73E-08
-112,110075000,4.44E-07,102.4362,-9.57E-08,4.34E-07
-112,110100000,7.34E-07,102.3267,-1.57E-07,7.17E-07
-112,110125000,1.52E-06,-149.6843,-1.31E-06,-7.67E-07
-112,110150000,5.18E-07,38.42935,4.06E-07,3.22E-07
-112,110175000,8.70E-07,28.10524,7.67E-07,4.10E-07
-112,110200000,3.70E-07,-87.50993,1.61E-08,-3.69E-07
-112,110225000,3.21E-07,-45.66717,2.24E-07,-2.30E-07
-112,110250000,3.82E-07,140.3024,-2.94E-07,2.44E-07
-112,110275000,3.31E-07,-158.0112,-3.06E-07,-1.24E-07
-112,110300000,9.58E-07,-64.93697,4.06E-07,-8.67E-07
-112,110325000,1.05E-06,-48.56644,6.92E-07,-7.84E-07
-112,110350000,5.25E-07,-98.23299,-7.52E-08,-5.20E-07
-112,110375000,5.14E-07,-36.29553,4.14E-07,-3.04E-07
-112,110400000,7.20E-07,-8.94058,7.11E-07,-1.12E-07
-112,110425000,4.60E-07,-129.3457,-2.91E-07,-3.56E-07
-112,110450000,9.29E-07,98.45996,-1.37E-07,9.19E-07
-112,110475000,2.83E-07,16.64545,2.71E-07,8.11E-08
-112,110500000,7.35E-07,-35.12731,6.01E-07,-4.23E-07
-112,110525000,1.08E-06,39.44419,8.34E-07,6.86E-07
-112,110550000,8.38E-07,11.77808,8.20E-07,1.71E-07
-112,110575000,5.67E-07,-13.51815,5.52E-07,-1.33E-07
-112,110600000,8.85E-07,64.92752,3.75E-07,8.02E-07
-112,110625000,9.84E-07,-42.4138,7.27E-07,-6.64E-07
-112,110650000,7.11E-07,-36.35181,5.72E-07,-4.21E-07
-112,110675000,1.79E-07,-132.4806,-1.21E-07,-1.32E-07
-112,110700000,1.06E-06,-21.19638,9.86E-07,-3.82E-07
-112,110725000,2.07E-07,-82.37908,2.75E-08,-2.06E-07
-112,110750000,8.12E-07,-90.27525,-3.90E-09,-8.12E-07
-112,110775000,5.13E-07,-26.36014,4.60E-07,-2.28E-07
-112,110800000,3.18E-07,-8.992927,3.15E-07,-4.98E-08
-112,110825000,4.89E-07,-103.345,-1.13E-07,-4.76E-07
-112,110850000,2.53E-07,111.6289,-9.31E-08,2.35E-07
-112,110875000,1.33E-06,-30.86284,1.14E-06,-6.84E-07
-112,110900000,1.57E-06,21.06339,1.46E-06,5.64E-07
-112,110925000,8.55E-08,35.91371,6.93E-08,5.02E-08
-112,110950000,1.17E-06,-90.94727,-1.94E-08,-1.17E-06
-112,110975000,3.65E-07,-28.03891,3.23E-07,-1.72E-07
-112,111000000,8.37E-07,-32.40666,7.07E-07,-4.49E-07
-108,106000000,6.68E-07,-133.2105,-4.57E-07,-4.88E-07
-108,106025000,8.19E-07,121.2358,-4.25E-07,7.00E-07
-108,106050000,4.10E-07,178.4125,-4.10E-07,1.14E-08
-108,106075000,8.21E-07,-147.3213,-6.91E-07,-4.43E-07
-108,106100000,6.70E-07,138.8188,-5.04E-07,4.41E-07
-108,106125000,8.36E-07,-37.65925,6.62E-07,-5.11E-07
-108,106150000,5.38E-07,142.7177,-4.28E-07,3.26E-07
-108,106175000,4.04E-07,-61.67454,1.92E-07,-3.56E-07
-108,106200000,7.29E-07,-91.06022,-1.35E-08,-7.29E-07
-108,106225000,5.53E-07,-59.4475,2.81E-07,-4.76E-07
-108,106250000,5.03E-07,107.1028,-1.48E-07,4.80E-07
-108,106275000,1.36E-07,177.9632,-1.36E-07,4.83E-09
-108,106300000,4.10E-07,125.098,-2.36E-07,3.36E-07
-108,106325000,5.39E-07,107.5968,-1.63E-07,5.14E-07
-108,106350000,5.68E-07,115.2707,-2.42E-07,5.14E-07
-108,106375000,6.68E-07,-165.39,-6.46E-07,-1.68E-07
-108,106400000,8.02E-07,164.5212,-7.73E-07,2.14E-07
-108,106425000,7.77E-07,-37.12333,6.20E-07,-4.69E-07
-108,106450000,5.60E-07,29.12101,4.89E-07,2.72E-07
-108,106475000,3.87E-07,-45.38063,2.72E-07,-2.75E-07
-108,106500000,8.83E-07,175.4729,-8.80E-07,6.97E-08
-108,106525000,8.34E-07,32.19334,7.06E-07,4.44E-07
-108,106550000,7.22E-07,-21.6545,6.71E-07,-2.67E-07
-108,106575000,4.61E-07,-124.4392,-2.61E-07,-3.80E-07
-108,106600000,1.11E-06,-128.4817,-6.88E-07,-8.66E-07
-108,106625000,8.04E-07,-100.608,-1.48E-07,-7.91E-07
-108,106650000,3.61E-07,12.56533,3.52E-07,7.85E-08
-108,106675000,5.18E-07,-120.0279,-2.59E-07,-4.48E-07
-108,106700000,3.62E-07,156.2884,-3.31E-07,1.45E-07
-108,106725000,1.23E-06,-157.5028,-1.13E-06,-4.70E-07
-108,106750000,3.67E-07,132.6738,-2.49E-07,2.70E-07
-108,106775000,1.00E-06,-0.6691129,1.00E-06,-1.17E-08
-108,106800000,4.61E-07,-89.86014,1.12E-09,-4.61E-07
-108,106825000,1.19E-06,25.00843,1.08E-06,5.03E-07
-108,106850000,1.35E-06,-2.669869,1.34E-06,-6.27E-08
-108,106875000,1.26E-06,74.4803,3.37E-07,1.21E-06
-108,106900000,1.01E-06,80.7273,1.62E-07,9.95E-07
-108,106925000,1.30E-06,24.74888,1.18E-06,5.45E-07
-108,106950000,2.63E-07,-159.0508,-2.45E-07,-9.39E-08
-108,106975000,1.04E-06,-107.5981,-3.13E-07,-9.88E-07
-108,107000000,1.12E-06,5.305571,1.11E-06,1.04E-07
-108,107025000,1.52E-06,28.35637,1.34E-06,7.24E-07
-108,107050000,1.95E-06,-9.532973,1.92E-06,-3.23E-07
-108,107075000,1.46E-06,15.7323,1.41E-06,3.96E-07
-108,107100000,1.07E-06,-13.65153,1.04E-06,-2.52E-07
-108,107125000,7.54E-07,-52.99556,4.54E-07,-6.02E-07
-108,107150000,1.83E-06,-8.368037,1.81E-06,-2.66E-07
-108,107175000,3.19E-06,1.762456,3.19E-06,9.82E-08
-108,107200000,2.81E-06,5.646889,2.80E-06,2.77E-07
-108,107225000,2.63E-06,-10.20092,2.59E-06,-4.67E-07
-108,107250000,3.25E-06,-9.456202,3.21E-06,-5.34E-07
-108,107275000,1.85E-06,4.595632,1.84E-06,1.48E-07
-108,107300000,3.12E-06,8.047073,3.09E-06,4.37E-07
-108,107325000,1.89E-06,-3.709515,1.88E-06,-1.22E-07
-108,107350000,2.84E-06,-19.61028,2.67E-06,-9.53E-07
-108,107375000,3.84E-06,-5.024716,3.82E-06,-3.36E-07
-108,107400000,4.41E-06,-12.54117,4.31E-06,-9.58E-07
-108,107425000,2.78E-06,-3.378704,2.77E-06,-1.64E-07
-108,107450000,2.20E-06,4.841872,2.19E-06,1.85E-07
-108,107475000,3.13E-06,-14.28678,3.03E-06,-7.72E-07
-108,107500000,2.81E-06,-0.4558198,2.81E-06,-2.23E-08
-108,107525000,4.30E-06,5.603585,4.28E-06,4.20E-07
-108,107550000,3.44E-06,8.447388,3.40E-06,5.05E-07
-108,107575000,4.34E-06,-1.429049,4.34E-06,-1.08E-07
-108,107600000,5.17E-06,-23.08432,4.76E-06,-2.03E-06
-108,107625000,3.46E-06,-32.82024,2.91E-06,-1.88E-06
-108,107650000,3.91E-06,12.95331,3.81E-06,8.77E-07
-108,107675000,3.15E-06,24.1073,2.88E-06,1.29E-06
-108,107700000,5.11E-06,-1.56777,5.11E-06,-1.40E-07
-108,107725000,6.13E-06,0.03026059,6.13E-06,3.24E-09
-108,107750000,3.20E-06,-11.41602,3.14E-06,-6.33E-07
-108,107775000,4.00E-06,-26.51558,3.58E-06,-1.79E-06
-108,107800000,3.95E-06,-6.976269,3.93E-06,-4.80E-07
-108,107825000,4.65E-06,-3.542011,4.64E-06,-2.87E-07
-108,107850000,4.63E-06,-12.64023,4.52E-06,-1.01E-06
-108,107875000,5.61E-06,-14.36836,5.44E-06,-1.39E-06
-108,107900000,3.87E-06,1.401578,3.87E-06,9.46E-08
-108,107925000,3.41E-06,0.6933055,3.41E-06,4.12E-08
-108,107950000,3.71E-06,8.690242,3.67E-06,5.60E-07
-108,107975000,4.71E-06,-26.69801,4.21E-06,-2.12E-06
-108,108000000,3.81E-06,10.91211,3.74E-06,7.21E-07
-108,108025000,2.51E-06,-10.52549,2.47E-06,-4.59E-07
-108,108050000,2.92E-06,-17.77607,2.78E-06,-8.90E-07
-108,108075000,2.32E-06,-54.3114,1.35E-06,-1.88E-06
-108,108100000,2.09E-06,10.04524,2.06E-06,3.64E-07
-108,108125000,2.23E-06,-16.09133,2.14E-06,-6.19E-07
-108,108150000,1.18E-06,-48.61529,7.82E-07,-8.88E-07
-108,108175000,5.59E-07,151.9462,-4.93E-07,2.63E-07
-108,108200000,1.73E-06,-118.011,-8.11E-07,-1.52E-06
-108,108225000,5.38E-06,-172.8667,-5.34E-06,-6.68E-07
-108,108250000,3.70E-06,-163.7521,-3.55E-06,-1.03E-06
-108,108275000,6.68E-06,-157.7944,-6.19E-06,-2.52E-06
-108,108300000,9.01E-06,173.1514,-8.95E-06,1.07E-06
-108,108325000,1.26E-05,178.7564,-1.26E-05,2.74E-07
-108,108350000,8.57E-06,179.6962,-8.57E-06,4.54E-08
-108,108375000,7.64E-06,169.6965,-7.52E-06,1.37E-06
-108,108400000,1.01E-05,168.877,-9.88E-06,1.94E-06
-108,108425000,1.18E-05,173.4357,-1.17E-05,1.35E-06
-108,108450000,1.57E-05,-170.4005,-1.55E-05,-2.62E-06
-108,108475000,1.55E-05,-179.607,-1.55E-05,-1.06E-07
-108,108500000,1.58E-05,177.6968,-1.58E-05,6.35E-07
-108,108525000,1.30E-05,171.476,-1.28E-05,1.92E-06
-108,108550000,1.29E-05,-176.6694,-1.29E-05,-7.50E-07
-108,108575000,1.50E-05,176.3925,-1.50E-05,9.45E-07
-108,108600000,1.59E-05,-178.3836,-1.59E-05,-4.50E-07
-108,108625000,1.41E-05,179.2519,-1.41E-05,1.84E-07
-108,108650000,1.52E-05,174.8112,-1.51E-05,1.37E-06
-108,108675000,1.40E-05,-179.653,-1.40E-05,-8.45E-08
-108,108700000,1.27E-05,-174.245,-1.27E-05,-1.28E-06
-108,108725000,1.04E-05,166.765,-1.01E-05,2.37E-06
-108,108750000,1.13E-05,174.5043,-1.13E-05,1.08E-06
-108,108775000,1.14E-05,178.4909,-1.14E-05,3.01E-07
-108,108800000,9.69E-06,170.1765,-9.55E-06,1.65E-06
-108,108825000,8.75E-06,179.5918,-8.75E-06,6.23E-08
-108,108850000,7.42E-06,177.1915,-7.41E-06,3.64E-07
-108,108875000,6.41E-06,-169.2919,-6.30E-06,-1.19E-06
-108,108900000,5.79E-06,164.8925,-5.59E-06,1.51E-06
-108,108925000,4.00E-06,-170.9629,-3.95E-06,-6.29E-07
-108,108950000,5.91E-06,161.9533,-5.62E-06,1.83E-06
-108,108975000,5.19E-06,-179.7432,-5.19E-06,-2.33E-08
-108,109000000,3.72E-06,-150.8941,-3.25E-06,-1.81E-06
-108,109025000,3.61E-06,159.2301,-3.37E-06,1.28E-06
-108,109050000,2.71E-06,171.5665,-2.68E-06,3.97E-07
-108,109075000,2.08E-06,-126.3609,-1.23E-06,-1.68E-06
-108,109100000,3.76E-06,171.7679,-3.72E-06,5.38E-07
-108,109125000,2.43E-06,146.7854,-2.03E-06,1.33E-06
-108,109150000,3.35E-06,-159.2228,-3.13E-06,-1.19E-06
-108,109175000,2.07E-06,-167.6411,-2.02E-06,-4.43E-07
-108,109200000,6.05E-07,134.5044,-4.24E-07,4.32E-07
-108,109225000,1.44E-06,178.5971,-1.44E-06,3.54E-08
-108,109250000,9.84E-07,-172.8306,-9.76E-07,-1.23E-07
-108,109275000,1.72E-06,142.514,-1.36E-06,1.04E-06
-108,109300000,7.18E-07,-2.08025,7.17E-07,-2.60E-08
-108,109325000,1.35E-06,-152.3391,-1.20E-06,-6.27E-07
-108,109350000,5.72E-07,119.5535,-2.82E-07,4.98E-07
-108,109375000,7.77E-07,-62.10543,3.64E-07,-6.87E-07
-108,109400000,4.02E-07,124.8184,-2.30E-07,3.30E-07
-108,109425000,4.58E-07,-66.11475,1.85E-07,-4.19E-07
-108,109450000,3.57E-07,-46.84531,2.44E-07,-2.60E-07
-108,109475000,7.89E-07,15.62498,7.60E-07,2.13E-07
-108,109500000,1.06E-06,-58.31586,5.57E-07,-9.02E-07
-108,109525000,2.77E-07,117.7408,-1.29E-07,2.45E-07
-108,109550000,8.45E-07,15.49991,8.15E-07,2.26E-07
-108,109575000,2.87E-07,-170.8066,-2.83E-07,-4.59E-08
-108,109600000,1.06E-06,4.663005,1.05E-06,8.59E-08
-108,109625000,2.44E-07,104.5023,-6.12E-08,2.37E-07
-108,109650000,7.40E-08,106.9948,-2.16E-08,7.07E-08
-108,109675000,8.19E-07,23.43588,7.52E-07,3.26E-07
-108,109700000,1.48E-06,-2.487655,1.48E-06,-6.43E-08
-108,109725000,7.78E-07,-46.85974,5.32E-07,-5.68E-07
-108,109750000,2.13E-07,86.78071,1.20E-08,2.13E-07
-108,109775000,4.67E-07,-34.60758,3.85E-07,-2.65E-07
-108,109800000,4.35E-07,26.0429,3.91E-07,1.91E-07
-108,109825000,4.75E-07,50.56613,3.02E-07,3.67E-07
-108,109850000,7.64E-07,61.81137,3.61E-07,6.73E-07
-108,109875000,9.28E-07,-27.66179,8.22E-07,-4.31E-07
-108,109900000,9.29E-07,-38.81073,7.24E-07,-5.82E-07
-108,109925000,1.39E-06,-97.07788,-1.71E-07,-1.38E-06
-108,109950000,7.58E-07,-4.51132,7.56E-07,-5.96E-08
-108,109975000,5.45E-07,-90.19449,-1.85E-09,-5.45E-07
-108,110000000,7.07E-07,59.95763,3.54E-07,6.12E-07
-108,110025000,4.87E-07,92.90236,-2.47E-08,4.86E-07
-108,110050000,1.59E-06,5.963999,1.58E-06,1.65E-07
-108,110075000,2.17E-07,-51.38617,1.36E-07,-1.70E-07
-108,110100000,6.22E-07,14.6879,6.01E-07,1.58E-07
-108,110125000,9.87E-07,18.4713,9.36E-07,3.13E-07
-108,110150000,9.78E-07,-0.1393659,9.78E-07,-2.38E-09
-108,110175000,1.07E-06,-18.55387,1.01E-06,-3.39E-07
-108,110200000,1.17E-06,7.993224,1.16E-06,1.63E-07
-108,110225000,1.34E-06,12.3705,1.31E-06,2.87E-07
-108,110250000,1.28E-06,24.64966,1.16E-06,5.33E-07
-108,110275000,4.38E-07,-30.5067,3.77E-07,-2.22E-07
-108,110300000,1.23E-06,-18.81592,1.16E-06,-3.95E-07
-108,110325000,5.62E-07,-12.92389,5.48E-07,-1.26E-07
-108,110350000,5.62E-07,43.00868,4.11E-07,3.84E-07
-108,110375000,1.37E-06,39.42577,1.06E-06,8.71E-07
-108,110400000,1.21E-06,21.22917,1.13E-06,4.39E-07
-108,110425000,3.24E-07,13.66459,3.15E-07,7.65E-08
-108,110450000,4.64E-07,31.21713,3.97E-07,2.40E-07
-108,110475000,9.87E-07,59.22983,5.05E-07,8.48E-07
-108,110500000,4.54E-07,15.50324,4.38E-07,1.21E-07
-108,110525000,4.66E-07,-68.83923,1.68E-07,-4.34E-07
-108,110550000,3.84E-07,-134.204,-2.68E-07,-2.75E-07
-108,110575000,8.00E-07,-24.17265,7.29E-07,-3.27E-07
-108,110600000,7.68E-07,-44.48385,5.48E-07,-5.38E-07
-108,110625000,5.72E-07,8.134745,5.67E-07,8.10E-08
-108,110650000,7.30E-07,127.2446,-4.42E-07,5.81E-07
-108,110675000,7.71E-07,0.742114,7.71E-07,9.98E-09
-108,110700000,6.61E-07,101.3482,-1.30E-07,6.48E-07
-108,110725000,8.32E-07,-28.04809,7.34E-07,-3.91E-07
-108,110750000,6.65E-07,-67.0644,2.59E-07,-6.13E-07
-108,110775000,8.68E-07,-66.60935,3.45E-07,-7.97E-07
-108,110800000,1.45E-06,10.11338,1.43E-06,2.55E-07
-108,110825000,7.40E-07,60.77276,3.61E-07,6.45E-07
-108,110850000,7.78E-07,-48.61109,5.14E-07,-5.84E-07
-108,110875000,6.51E-07,6.981514,6.46E-07,7.91E-08
-108,110900000,1.02E-06,-83.48654,1.16E-07,-1.01E-06
-108,110925000,1.06E-06,3.238357,1.06E-06,5.98E-08
-108,110950000,7.59E-07,49.82103,4.89E-07,5.80E-07
-108,110975000,7.56E-07,25.59004,6.82E-07,3.26E-07
-108,111000000,1.03E-06,37.32211,8.22E-07,6.27E-07
-104,106000000,6.79E-07,178.1692,-6.78E-07,2.17E-08
-104,106025000,9.74E-07,167.9112,-9.52E-07,2.04E-07
-104,106050000,8.82E-07,143.5483,-7.10E-07,5.24E-07
-104,106075000,8.49E-07,-118.9739,-4.11E-07,-7.43E-07
-104,106100000,6.16E-07,-89.72332,2.97E-09,-6.16E-07
-104,106125000,1.98E-07,72.04744,6.11E-08,1.89E-07
-104,106150000,8.90E-07,91.0259,-1.59E-08,8.90E-07
-104,106175000,4.12E-07,112.4071,-1.57E-07,3.81E-07
-104,106200000,1.27E-06,-93.8518,-8.53E-08,-1.27E-06
-104,106225000,5.44E-07,-139.0435,-4.11E-07,-3.56E-07
-104,106250000,4.33E-07,136.4222,-3.14E-07,2.99E-07
-104,106275000,3.50E-07,40.77748,2.65E-07,2.28E-07
-104,106300000,5.04E-07,-15.34992,4.86E-07,-1.33E-07
-104,106325000,6.33E-07,-7.673804,6.27E-07,-8.45E-08
-104,106350000,1.22E-06,-8.170699,1.21E-06,-1.74E-07
-104,106375000,9.33E-07,-9.406233,9.21E-07,-1.53E-07
-104,106400000,3.72E-07,-64.0126,1.63E-07,-3.35E-07
-104,106425000,4.90E-07,28.2154,4.31E-07,2.31E-07
-104,106450000,6.94E-07,-160.7918,-6.55E-07,-2.28E-07
-104,106475000,1.67E-07,47.71433,1.12E-07,1.23E-07
-104,106500000,3.91E-07,-145.9142,-3.23E-07,-2.19E-07
-104,106525000,3.52E-07,45.0683,2.48E-07,2.49E-07
-104,106550000,5.25E-07,66.13256,2.12E-07,4.80E-07
-104,106575000,4.96E-07,58.59358,2.58E-07,4.23E-07
-104,106600000,2.57E-07,-117.336,-1.18E-07,-2.28E-07
-104,106625000,6.95E-07,-54.4585,4.04E-07,-5.66E-07
-104,106650000,5.88E-07,1.566309,5.87E-07,1.61E-08
-104,106675000,4.40E-07,-114.8822,-1.85E-07,-3.99E-07
-104,106700000,6.35E-07,30.39993,5.47E-07,3.21E-07
-104,106725000,8.16E-07,-17.60898,7.78E-07,-2.47E-07
-104,106750000,1.73E-06,-57.61396,9.26E-07,-1.46E-06
-104,106775000,7.68E-07,-11.86419,7.51E-07,-1.58E-07
-104,106800000,2.71E-07,-45.65208,1.89E-07,-1.94E-07
-104,106825000,1.33E-06,13.38401,1.29E-06,3.08E-07
-104,106850000,6.43E-07,35.21933,5.25E-07,3.71E-07
-104,106875000,7.51E-07,-2.889364,7.50E-07,-3.79E-08
-104,106900000,7.94E-07,-25.78238,7.15E-07,-3.45E-07
-104,106925000,9.48E-07,-15.44707,9.14E-07,-2.53E-07
-104,106950000,9.32E-07,-25.78921,8.39E-07,-4.06E-07
-104,106975000,1.32E-06,-71.12822,4.28E-07,-1.25E-06
-104,107000000,1.09E-06,0.6472563,1.09E-06,1.23E-08
-104,107025000,1.99E-06,-3.695718,1.99E-06,-1.28E-07
-104,107050000,2.10E-06,-17.99566,2.00E-06,-6.50E-07
-104,107075000,1.02E-06,-54.60499,5.91E-07,-8.32E-07
-104,107100000,2.25E-06,17.79841,2.14E-06,6.88E-07
-104,107125000,1.98E-06,-3.007881,1.98E-06,-1.04E-07
-104,107150000,1.38E-06,9.487648,1.36E-06,2.27E-07
-104,107175000,1.46E-06,9.056311,1.44E-06,2.29E-07
-104,107200000,3.47E-06,-7.856962,3.44E-06,-4.74E-07
-104,107225000,2.87E-06,20.51341,2.69E-06,1.01E-06
-104,107250000,1.23E-06,-14.64998,1.19E-06,-3.11E-07
-104,107275000,1.86E-06,-13.72448,1.81E-06,-4.41E-07
-104,107300000,1.06E-06,-16.98323,1.01E-06,-3.10E-07
-104,107325000,3.24E-06,10.10284,3.19E-06,5.68E-07
-104,107350000,4.11E-06,-11.86296,4.02E-06,-8.45E-07
-104,107375000,4.00E-06,-19.97802,3.76E-06,-1.37E-06
-104,107400000,2.89E-06,15.47565,2.78E-06,7.70E-07
-104,107425000,3.21E-06,17.08713,3.07E-06,9.44E-07
-104,107450000,3.27E-06,11.51087,3.21E-06,6.53E-07
-104,107475000,5.52E-06,-2.457439,5.51E-06,-2.37E-07
-104,107500000,3.84E-06,-6.825267,3.82E-06,-4.57E-07
-104,107525000,2.89E-06,-2.620107,2.89E-06,-1.32E-07
-104,107550000,2.57E-06,-34.90313,2.11E-06,-1.47E-06
-104,107575000,3.64E-06,-4.177599,3.63E-06,-2.65E-07
-104,107600000,3.13E-06,-13.43671,3.04E-06,-7.27E-07
-104,107625000,5.18E-06,-13.3183,5.04E-06,-1.19E-06
-104,107650000,6.14E-06,-0.2066295,6.14E-06,-2.21E-08
-104,107675000,3.91E-06,-12.86608,3.81E-06,-8.70E-07
-104,107700000,4.39E-06,-0.4343732,4.39E-06,-3.33E-08
-104,107725000,4.68E-06,-5.108877,4.66E-06,-4.17E-07
-104,107750000,4.63E-06,26.20347,4.16E-06,2.05E-06
-104,107775000,5.88E-06,-7.443001,5.83E-06,-7.62E-07
-104,107800000,4.10E-06,0.5641876,4.10E-06,4.03E-08
-104,107825000,4.85E-06,-1.00252,4.85E-06,-8.49E-08
-104,107850000,3.87E-06,10.56455,3.80E-06,7.09E-07
-104,107875000,4.87E-06,-5.659866,4.85E-06,-4.81E-07
-104,107900000,4.81E-06,-19.30772,4.54E-06,-1.59E-06
-104,107925000,4.12E-06,-9.683374,4.06E-06,-6.93E-07
-104,107950000,4.26E-06,-19.71076,4.01E-06,-1.44E-06
-104,107975000,5.51E-06,-1.233995,5.51E-06,-1.19E-07
-104,108000000,4.25E-06,-9.550486,4.19E-06,-7.05E-07
-104,108025000,2.29E-06,-28.67824,2.01E-06,-1.10E-06
-104,108050000,4.19E-06,-0.9939278,4.19E-06,-7.26E-08
-104,108075000,2.22E-06,-124.978,-1.28E-06,-1.82E-06
-104,108100000,2.09E-06,-29.72939,1.82E-06,-1.04E-06
-104,108125000,2.01E-06,53.17452,1.21E-06,1.61E-06
-104,108150000,2.12E-06,175.3263,-2.11E-06,1.72E-07
-104,108175000,3.63E-06,-160.0902,-3.42E-06,-1.24E-06
-104,108200000,4.62E-06,171.8779,-4.58E-06,6.53E-07
-104,108225000,1.90E-06,-161.5662,-1.81E-06,-6.02E-07
-104,108250000,5.63E-06,178.0539,-5.63E-06,1.91E-07
-104,108275000,6.17E-06,-179.158,-6.17E-06,-9.07E-08
-104,108300000,8.17E-06,-167.5974,-7.98E-06,-1.76E-06
-104,108325000,1.17E-05,171.9893,-1.16E-05,1.63E-06
-104,108350000,1.21E-05,179.422,-1.21E-05,1.22E-07
-104,108375000,1.48E-05,172.3286,-1.46E-05,1.97E-06
-104,108400000,1.71E-05,-176.5971,-1.71E-05,-1.02E-06
-104,108425000,1.92E-05,-170.0386,-1.89E-05,-3.32E-06
-104,108450000,1.68E-05,-173.5584,-1.67E-05,-1.88E-06
-104,108475000,1.81E-05,-171.7918,-1.79E-05,-2.58E-06
-104,108500000,1.62E-05,178.5843,-1.62E-05,4.01E-07
-104,108525000,1.89E-05,-175.6343,-1.89E-05,-1.44E-06
-104,108550000,2.08E-05,-179.6146,-2.08E-05,-1.40E-07
-104,108575000,1.78E-05,178.1487,-1.78E-05,5.75E-07
-104,108600000,2.10E-05,175.6024,-2.10E-05,1.61E-06
-104,108625000,1.47E-05,176.4075,-1.47E-05,9.21E-07
-104,108650000,1.66E-05,-175.2455,-1.65E-05,-1.37E-06
-104,108675000,1.59E-05,173.1124,-1.58E-05,1.91E-06
-104,108700000,1.70E-05,173.1025,-1.68E-05,2.04E-06
-104,108725000,1.20E-05,-177.5279,-1.20E-05,-5.18E-07
-104,108750000,1.45E-05,172.6879,-1.44E-05,1.85E-06
-104,108775000,1.34E-05,-177.6394,-1.34E-05,-5.52E-07
-104,108800000,9.20E-06,176.8842,-9.19E-06,5.00E-07
-104,108825000,9.35E-06,-174.0748,-9.30E-06,-9.65E-07
-104,108850000,6.67E-06,-179.4339,-6.67E-06,-6.59E-08
-104,108875000,8.42E-06,174.7988,-8.39E-06,7.64E-07
-104,108900000,7.47E-06,-178.0398,-7.47E-06,-2.56E-07
-104,108925000,6.91E-06,178.2916,-6.91E-06,2.01E-07
-104,108950000,5.12E-06,-177.7952,-5.12E-06,-1.97E-07
-104,108975000,3.48E-06,169.2703,-3.42E-06,6.48E-07
-104,109000000,3.38E-06,-167.9393,-3.30E-06,-7.05E-07
-104,109025000,4.28E-06,-170.6956,-4.23E-06,-6.93E-07
-104,109050000,2.31E-06,-171.1389,-2.29E-06,-3.56E-07
-104,109075000,2.52E-06,-167.1308,-2.46E-06,-5.62E-07
-104,109100000,1.06E-06,-163.2626,-1.01E-06,-3.05E-07
-104,109125000,1.67E-06,-122.4674,-8.97E-07,-1.41E-06
-104,109150000,2.45E-06,-174.2942,-2.44E-06,-2.43E-07
-104,109175000,2.76E-07,-140.3522,-2.13E-07,-1.76E-07
-104,109200000,4.63E-07,-170.7878,-4.57E-07,-7.41E-08
-104,109225000,1.43E-06,128.83,-9.00E-07,1.12E-06
-104,109250000,1.38E-06,124.2523,-7.77E-07,1.14E-06
-104,109275000,1.08E-06,-179.1412,-1.08E-06,-1.62E-08
-104,109300000,1.21E-06,150.4792,-1.05E-06,5.95E-07
-104,109325000,7.38E-07,139.3797,-5.60E-07,4.80E-07
-104,109350000,3.08E-07,79.46347,5.64E-08,3.03E-07
-104,109375000,5.07E-07,-47.58406,3.42E-07,-3.74E-07
-104,109400000,2.00E-07,1.97206,2.00E-07,6.87E-09
-104,109425000,9.47E-07,-0.03592978,9.47E-07,-5.95E-10
-104,109450000,1.44E-06,46.59725,9.86E-07,1.04E-06
-104,109475000,5.33E-07,-88.93486,9.92E-09,-5.33E-07
-104,109500000,6.91E-07,-13.55127,6.72E-07,-1.62E-07
-104,109525000,3.00E-07,-152.2382,-2.66E-07,-1.40E-07
-104,109550000,2.81E-08,-127.3552,-1.71E-08,-2.23E-08
-104,109575000,1.20E-06,1.3702,1.20E-06,2.88E-08
-104,109600000,9.60E-07,-10.36834,9.44E-07,-1.73E-07
-104,109625000,8.63E-07,-37.62401,6.83E-07,-5.27E-07
-104,109650000,7.21E-07,21.39178,6.71E-07,2.63E-07
-104,109675000,1.94E-06,-23.14407,1.78E-06,-7.61E-07
-104,109700000,1.60E-06,5.888812,1.59E-06,1.64E-07
-104,109725000,1.51E-06,-58.79707,7.84E-07,-1.29E-06
-104,109750000,8.59E-07,16.52229,8.23E-07,2.44E-07
-104,109775000,1.41E-06,-23.22147,1.30E-06,-5.57E-07
-104,109800000,8.38E-07,15.62804,8.07E-07,2.26E-07
-104,109825000,6.59E-07,8.475378,6.52E-07,9.72E-08
-104,109850000,1.21E-06,-17.69886,1.15E-06,-3.68E-07
-104,109875000,3.61E-07,-28.47604,3.17E-07,-1.72E-07
-104,109900000,7.96E-07,-0.7420047,7.96E-07,-1.03E-08
-104,109925000,1.29E-06,-15.56198,1.25E-06,-3.47E-07
-104,109950000,7.87E-07,-37.39424,6.25E-07,-4.78E-07
-104,109975000,5.61E-07,-30.27622,4.85E-07,-2.83E-07
-104,110000000,7.01E-07,43.46841,5.09E-07,4.82E-07
-104,110025000,8.49E-07,-3.320866,8.48E-07,-4.92E-08
-104,110050000,5.67E-07,-6.155244,5.64E-07,-6.08E-08
-104,110075000,4.09E-07,84.57837,3.86E-08,4.07E-07
-104,110100000,6.83E-07,56.21759,3.80E-07,5.67E-07
-104,110125000,8.09E-07,-12.67658,7.89E-07,-1.77E-07
-104,110150000,5.00E-07,0.4466128,5.00E-07,3.90E-09
-104,110175000,1.23E-06,-28.77859,1.08E-06,-5.92E-07
-104,110200000,1.46E-06,37.00339,1.17E-06,8.81E-07
-104,110225000,4.81E-07,-26.57226,4.31E-07,-2.15E-07
-104,110250000,1.62E-07,-19.40866,1.53E-07,-5.39E-08
-104,110275000,7.72E-07,-1.74138,7.72E-07,-2.35E-08
-104,110300000,7.69E-07,54.71258,4.44E-07,6.28E-07
-104,110325000,4.73E-07,30.78535,4.07E-07,2.42E-07
-104,110350000,9.08E-07,-30.2801,7.84E-07,-4.58E-07
-104,110375000,7.00E-07,1.482926,7.00E-07,1.81E-08
-104,110400000,1.59E-06,-34.13516,1.32E-06,-8.94E-07
-104,110425000,4.38E-07,-20.27558,4.11E-07,-1.52E-07
-104,110450000,6.21E-07,-48.28695,4.13E-07,-4.64E-07
-104,110475000,6.78E-07,0.413172,6.80E-07,6.08E-09
-104,110500000,1.02E-06,16.90258,9.80E-07,2.98E-07
-104,110525000,6.27E-07,72.49166,1.89E-07,5.98E-07
-104,110550000,7.41E-07,10.90217,7.28E-07,1.40E-07
-104,110575000,1.11E-06,-55.96149,6.21E-07,-9.20E-07
-104,110600000,1.02E-06,-35.15753,8.32E-07,-5.86E-07
-104,110625000,5.23E-07,19.91333,4.91E-07,1.78E-07
-104,110650000,7.98E-07,61.27468,3.84E-07,7.00E-07
-104,110675000,5.15E-07,-25.16,4.66E-07,-2.19E-07
-104,110700000,8.06E-07,-17.85944,7.67E-07,-2.47E-07
-104,110725000,9.33E-07,-37.76509,7.38E-07,-5.72E-07
-104,110750000,1.39E-06,-29.86253,1.21E-06,-6.94E-07
-104,110775000,8.92E-07,44.29436,6.38E-07,6.23E-07
-104,110800000,1.04E-06,15.97146,1.00E-06,2.86E-07
-104,110825000,1.13E-06,4.638416,1.12E-06,9.12E-08
-104,110850000,7.58E-07,19.88502,7.13E-07,2.58E-07
-104,110875000,2.29E-07,-157.3841,-2.11E-07,-8.80E-08
-104,110900000,1.07E-06,131.8301,-7.12E-07,7.96E-07
-104,110925000,7.55E-07,-3.452497,7.54E-07,-4.55E-08
-104,110950000,9.55E-07,59.80409,4.80E-07,8.26E-07
-104,110975000,9.34E-07,-10.06879,9.20E-07,-1.63E-07
-104,111000000,8.56E-07,19.40369,8.08E-07,2.85E-07
-100,106000000,1.00E-06,-132.8839,-6.81E-07,-7.34E-07
-100,106025000,3.16E-07,143.1347,-2.53E-07,1.89E-07
-100,106050000,1.01E-06,147.7415,-8.51E-07,5.37E-07
-100,106075000,1.95E-07,-138.5002,-1.46E-07,-1.29E-07
-100,106100000,5.91E-07,-23.0605,5.43E-07,-2.31E-07
-100,106125000,3.42E-07,123.2972,-1.88E-07,2.86E-07
-100,106150000,3.09E-07,165.6993,-3.00E-07,7.64E-08
-100,106175000,1.07E-06,137.4423,-7.87E-07,7.23E-07
-100,106200000,6.78E-07,-69.31908,2.39E-07,-6.34E-07
-100,106225000,3.50E-07,140.6054,-2.71E-07,2.22E-07
-100,106250000,4.10E-07,0.5548029,4.10E-07,3.97E-09
-100,106275000,3.13E-07,79.73493,5.59E-08,3.08E-07
-100,106300000,4.77E-07,-60.1538,2.38E-07,-4.14E-07
-100,106325000,3.55E-07,-143.3369,-2.85E-07,-2.12E-07
-100,106350000,3.18E-07,37.28223,2.53E-07,1.92E-07
-100,106375000,1.12E-06,-23.48091,1.03E-06,-4.47E-07
-100,106400000,2.78E-07,-44.74001,1.98E-07,-1.96E-07
-100,106425000,4.29E-07,-37.41697,3.41E-07,-2.61E-07
-100,106450000,7.33E-07,11.83567,7.18E-07,1.50E-07
-100,106475000,5.97E-07,-149.2551,-5.13E-07,-3.05E-07
-100,106500000,5.25E-07,-78.24246,1.07E-07,-5.14E-07
-100,106525000,3.19E-07,-83.2977,3.72E-08,-3.17E-07
-100,106550000,9.23E-07,-20.5713,8.64E-07,-3.24E-07
-100,106575000,4.34E-07,51.66976,2.69E-07,3.41E-07
-100,106600000,1.33E-06,16.4171,1.27E-06,3.75E-07
-100,106625000,3.64E-07,-5.945093,3.62E-07,-3.77E-08
-100,106650000,9.15E-07,-13.28212,8.90E-07,-2.10E-07
-100,106675000,8.74E-07,-57.26669,4.73E-07,-7.35E-07
-100,106700000,2.84E-07,-127.5978,-1.73E-07,-2.25E-07
-100,106725000,1.02E-06,22.57863,9.38E-07,3.90E-07
-100,106750000,1.44E-06,-14.53272,1.39E-06,-3.60E-07
-100,106775000,1.86E-06,2.187758,1.86E-06,7.10E-08
-100,106800000,8.49E-07,-21.36621,7.90E-07,-3.09E-07
-100,106825000,6.26E-07,22.07555,5.80E-07,2.35E-07
-100,106850000,4.94E-07,-6.128688,4.91E-07,-5.28E-08
-100,106875000,1.49E-06,-5.264589,1.49E-06,-1.37E-07
-100,106900000,1.53E-06,8.697878,1.51E-06,2.32E-07
-100,106925000,2.20E-06,-1.807972,2.19E-06,-6.93E-08
-100,106950000,3.28E-06,7.212414,3.25E-06,4.12E-07
-100,106975000,2.73E-06,-14.90728,2.63E-06,-7.01E-07
-100,107000000,1.93E-06,-10.07161,1.90E-06,-3.38E-07
-100,107025000,1.92E-06,15.31806,1.85E-06,5.06E-07
-100,107050000,2.33E-06,-37.69023,1.84E-06,-1.42E-06
-100,107075000,1.79E-06,28.69102,1.57E-06,8.58E-07
-100,107100000,2.28E-06,11.56027,2.23E-06,4.57E-07
-100,107125000,1.62E-06,27.27034,1.44E-06,7.42E-07
-100,107150000,1.53E-06,28.91743,1.34E-06,7.41E-07
-100,107175000,2.35E-06,5.848924,2.34E-06,2.39E-07
-100,107200000,2.35E-06,-2.141012,2.35E-06,-8.78E-08
-100,107225000,2.11E-06,13.0815,2.05E-06,4.77E-07
-100,107250000,3.15E-06,4.379308,3.14E-06,2.41E-07
-100,107275000,3.86E-06,5.734464,3.84E-06,3.86E-07
-100,107300000,3.84E-06,-3.9283,3.83E-06,-2.63E-07
-100,107325000,1.59E-06,-11.11374,1.56E-06,-3.06E-07
-100,107350000,3.42E-06,-2.826827,3.41E-06,-1.69E-07
-100,107375000,2.91E-06,-15.74394,2.80E-06,-7.89E-07
-100,107400000,3.51E-06,-15.74652,3.38E-06,-9.54E-07
-100,107425000,3.07E-06,-5.372398,3.06E-06,-2.87E-07
-100,107450000,3.62E-06,3.146983,3.62E-06,1.99E-07
-100,107475000,3.62E-06,-9.416942,3.57E-06,-5.93E-07
-100,107500000,3.51E-06,-2.584917,3.51E-06,-1.58E-07
-100,107525000,4.63E-06,15.59722,4.46E-06,1.24E-06
-100,107550000,4.50E-06,15.8447,4.32E-06,1.23E-06
-100,107575000,5.03E-06,-8.281307,4.98E-06,-7.25E-07
-100,107600000,4.59E-06,9.341305,4.53E-06,7.46E-07
-100,107625000,4.50E-06,21.94595,4.17E-06,1.68E-06
-100,107650000,2.96E-06,-14.60971,2.87E-06,-7.47E-07
-100,107675000,4.19E-06,-21.08998,3.91E-06,-1.51E-06
-100,107700000,4.07E-06,-26.43117,3.65E-06,-1.81E-06
-100,107725000,5.82E-06,-5.03268,5.80E-06,-5.10E-07
-100,107750000,3.60E-06,3.892783,3.59E-06,2.44E-07
-100,107775000,5.80E-06,0.7008048,5.80E-06,7.09E-08
-100,107800000,6.39E-06,-10.41459,6.28E-06,-1.15E-06
-100,107825000,4.45E-06,-8.555278,4.41E-06,-6.63E-07
-100,107850000,3.97E-06,-0.8842625,3.97E-06,-6.12E-08
-100,107875000,6.01E-06,-12.40306,5.87E-06,-1.29E-06
-100,107900000,6.88E-06,0.2862419,6.88E-06,3.44E-08
-100,107925000,5.17E-06,-8.272988,5.12E-06,-7.44E-07
-100,107950000,4.06E-06,-2.887711,4.05E-06,-2.04E-07
-100,107975000,4.17E-06,16.55032,4.00E-06,1.19E-06
-100,108000000,2.75E-06,12.58397,2.68E-06,5.98E-07
-100,108025000,2.13E-06,-28.13046,1.88E-06,-1.01E-06
-100,108050000,9.11E-07,59.09612,4.68E-07,7.82E-07
-100,108075000,3.75E-06,-1.158753,3.75E-06,-7.58E-08
-100,108100000,2.93E-06,-81.13359,4.51E-07,-2.89E-06
-100,108125000,2.67E-06,138.3912,-2.00E-06,1.77E-06
-100,108150000,4.40E-06,170.4407,-4.34E-06,7.31E-07
-100,108175000,3.54E-06,-169.1679,-3.48E-06,-6.66E-07
-100,108200000,3.56E-06,162.516,-3.39E-06,1.07E-06
-100,108225000,6.75E-06,-175.7197,-6.73E-06,-5.04E-07
-100,108250000,9.81E-06,-165.9476,-9.52E-06,-2.38E-06
-100,108275000,1.14E-05,178.305,-1.14E-05,3.37E-07
-100,108300000,1.23E-05,174.7799,-1.22E-05,1.12E-06
-100,108325000,1.60E-05,-165.2113,-1.55E-05,-4.10E-06
-100,108350000,1.98E-05,-177.2696,-1.98E-05,-9.43E-07
-100,108375000,1.81E-05,-172.5486,-1.79E-05,-2.35E-06
-100,108400000,1.87E-05,-177.0143,-1.87E-05,-9.73E-07
-100,108425000,2.15E-05,-178.4959,-2.15E-05,-5.64E-07
-100,108450000,2.19E-05,-175.1255,-2.19E-05,-1.86E-06
-100,108475000,1.84E-05,171.911,-1.82E-05,2.59E-06
-100,108500000,2.31E-05,176.7752,-2.30E-05,1.30E-06
-100,108525000,2.23E-05,178.1622,-2.23E-05,7.14E-07
-100,108550000,2.28E-05,176.9211,-2.27E-05,1.22E-06
-100,108575000,2.25E-05,176.0483,-2.24E-05,1.55E-06
-100,108600000,2.39E-05,173.864,-2.38E-05,2.56E-06
-100,108625000,2.20E-05,173.5952,-2.19E-05,2.45E-06
-100,108650000,1.83E-05,174.2282,-1.82E-05,1.84E-06
-100,108675000,1.63E-05,-178.8071,-1.63E-05,-3.39E-07
-100,108700000,1.65E-05,172.1818,-1.64E-05,2.25E-06
-100,108725000,1.34E-05,167.0049,-1.30E-05,3.00E-06
-100,108750000,1.18E-05,177.147,-1.18E-05,5.89E-07
-100,108775000,1.33E-05,179.7573,-1.33E-05,5.63E-08
-100,108800000,1.08E-05,-175.6766,-1.08E-05,-8.19E-07
-100,108825000,1.05E-05,-177.8895,-1.05E-05,-3.85E-07
-100,108850000,9.89E-06,174.8364,-9.85E-06,8.90E-07
-100,108875000,8.52E-06,161.4335,-8.07E-06,2.71E-06
-100,108900000,9.24E-06,164.4593,-8.90E-06,2.48E-06
-100,108925000,5.99E-06,167.368,-5.84E-06,1.31E-06
-100,108950000,3.81E-06,156.1166,-3.49E-06,1.54E-06
-100,108975000,4.10E-06,-172.3033,-4.06E-06,-5.49E-07
-100,109000000,4.84E-06,-178.4781,-4.84E-06,-1.29E-07
-100,109025000,4.18E-06,165.4121,-4.04E-06,1.05E-06
-100,109050000,2.06E-06,158.2715,-1.92E-06,7.64E-07
-100,109075000,2.74E-06,-153.9535,-2.46E-06,-1.20E-06
-100,109100000,2.64E-06,165.8948,-2.56E-06,6.43E-07
-100,109125000,9.81E-07,107.5533,-2.96E-07,9.35E-07
-100,109150000,3.04E-06,146.3718,-2.53E-06,1.68E-06
-100,109175000,9.27E-07,123.6741,-5.14E-07,7.72E-07
-100,109200000,1.08E-06,-128.6406,-6.71E-07,-8.40E-07
-100,109225000,1.25E-06,29.50361,1.09E-06,6.16E-07
-100,109250000,6.61E-07,27.35689,5.87E-07,3.04E-07
-100,109275000,8.25E-07,97.50878,-1.08E-07,8.18E-07
-100,109300000,1.00E-06,16.62714,9.59E-07,2.86E-07
-100,109325000,6.43E-07,41.62168,4.80E-07,4.27E-07
-100,109350000,1.20E-06,-54.66389,6.96E-07,-9.82E-07
-100,109375000,8.95E-07,-67.56785,3.42E-07,-8.28E-07
-100,109400000,1.13E-06,-11.15412,1.11E-06,-2.19E-07
-100,109425000,1.62E-06,-35.19528,1.33E-06,-9.36E-07
-100,109450000,2.21E-06,-7.734429,2.19E-06,-2.98E-07
-100,109475000,1.06E-06,27.37077,9.41E-07,4.87E-07
-100,109500000,2.79E-07,15.28621,2.69E-07,7.36E-08
-100,109525000,1.09E-06,16.67993,1.04E-06,3.12E-07
-100,109550000,1.80E-06,22.80876,1.66E-06,6.99E-07
-100,109575000,1.75E-06,8.577175,1.73E-06,2.61E-07
-100,109600000,1.64E-06,-1.578002,1.64E-06,-4.51E-08
-100,109625000,1.69E-06,17.94083,1.60E-06,5.20E-07
-100,109650000,1.22E-06,-18.10161,1.16E-06,-3.78E-07
-100,109675000,1.00E-06,53.99257,5.90E-07,8.12E-07
-100,109700000,1.24E-06,-39.95334,9.53E-07,-7.98E-07
-100,109725000,1.14E-06,-20.31711,1.06E-06,-3.94E-07
-100,109750000,9.65E-07,-6.579847,9.59E-07,-1.11E-07
-100,109775000,1.49E-06,21.85436,1.38E-06,5.53E-07
-100,109800000,1.84E-06,-29.3817,1.61E-06,-9.04E-07
-100,109825000,8.17E-07,-11.94637,7.99E-07,-1.69E-07
-100,109850000,1.44E-06,-9.403391,1.42E-06,-2.35E-07
-100,109875000,1.80E-06,-2.723199,1.79E-06,-8.53E-08
-100,109900000,1.27E-06,-34.21554,1.05E-06,-7.12E-07
-100,109925000,8.61E-07,33.35926,7.19E-07,4.73E-07
-100,109950000,8.50E-07,-36.15346,6.86E-07,-5.02E-07
-100,109975000,1.39E-06,-6.385925,1.38E-06,-1.54E-07
-100,110000000,8.91E-07,-42.36844,6.58E-07,-6.00E-07
-100,110025000,1.46E-06,-16.35673,1.40E-06,-4.11E-07
-100,110050000,9.96E-07,13.52078,9.69E-07,2.33E-07
-100,110075000,1.59E-06,-4.532193,1.59E-06,-1.26E-07
-100,110100000,1.16E-06,-36.68446,9.30E-07,-6.93E-07
-100,110125000,1.10E-06,36.7702,8.83E-07,6.60E-07
-100,110150000,1.29E-06,-15.84562,1.24E-06,-3.53E-07
-100,110175000,1.47E-06,31.06255,1.26E-06,7.57E-07
-100,110200000,1.03E-06,16.45972,9.85E-07,2.91E-07
-100,110225000,7.52E-07,-5.396385,7.49E-07,-7.07E-08
-100,110250000,9.68E-07,-2.94641,9.67E-07,-4.98E-08
-100,110275000,1.02E-06,56.21317,5.67E-07,8.47E-07
-100,110300000,1.93E-06,-33.63443,1.60E-06,-1.07E-06
-100,110325000,1.19E-06,18.55938,1.13E-06,3.80E-07
-100,110350000,1.41E-06,2.470607,1.41E-06,6.09E-08
-100,110375000,9.34E-07,28.76624,8.20E-07,4.50E-07
-100,110400000,9.42E-07,36.04664,7.62E-07,5.54E-07
-100,110425000,1.44E-06,15.05531,1.40E-06,3.64E-07
-100,110450000,7.76E-07,-5.78095,7.72E-07,-7.81E-08
-100,110475000,1.33E-06,-19.2255,1.26E-06,-4.38E-07
-100,110500000,1.11E-06,-16.85871,1.07E-06,-3.23E-07
-100,110525000,7.57E-07,-30.56385,6.52E-07,-3.85E-07
-100,110550000,9.65E-07,-63.79666,4.26E-07,-8.65E-07
-100,110575000,1.05E-06,31.44324,8.93E-07,5.46E-07
-100,110600000,1.22E-06,14.57621,1.18E-06,3.08E-07
-100,110625000,8.82E-07,43.1026,6.44E-07,6.03E-07
-100,110650000,1.09E-06,41.00217,8.25E-07,7.17E-07
-100,110675000,8.64E-07,5.643473,8.60E-07,8.49E-08
-100,110700000,5.32E-07,7.279404,5.28E-07,6.74E-08
-100,110725000,6.92E-07,62.31941,3.22E-07,6.13E-07
-100,110750000,1.02E-06,39.40037,7.86E-07,6.46E-07
-100,110775000,6.47E-07,0.8142404,6.47E-07,9.19E-09
-100,110800000,1.09E-06,1.348945,1.09E-06,2.56E-08
-100,110825000,6.99E-07,-41.16806,5.26E-07,-4.60E-07
-100,110850000,5.13E-07,81.97005,7.17E-08,5.08E-07
-100,110875000,6.66E-07,35.48008,5.42E-07,3.86E-07
-100,110900000,9.84E-08,-9.3929,9.71E-08,-1.61E-08
-100,110925000,7.14E-07,65.04522,3.01E-07,6.48E-07
-100,110950000,4.70E-07,-82.90102,5.80E-08,-4.66E-07
-100,110975000,4.92E-07,2.162868,4.92E-07,1.86E-08
-100,111000000,7.36E-07,-5.988368,7.32E-07,-7.67E-08
-96,106000000,6.04E-07,-163.8021,-5.80E-07,-1.68E-07
-96,106025000,6.66E-07,-139.4288,-5.06E-07,-4.33E-07
-96,106050000,8.42E-07,132.3381,-5.67E-07,6.23E-07
-96,106075000,2.21E-07,157.343,-2.04E-07,8.52E-08
-96,106100000,7.14E-07,-177.1459,-7.13E-07,-3.56E-08
-96,106125000,9.15E-07,-90.38508,-6.15E-09,-9.15E-07
-96,106150000,7.68E-07,-31.8491,6.53E-07,-4.05E-07
-96,106175000,5.17E-07,-33.6941,4.30E-07,-2.87E-07
-96,106200000,7.57E-07,-8.192993,7.49E-07,-1.08E-07
-96,106225000,1.27E-06,-92.95925,-6.54E-08,-1.27E-06
-96,106250000,2.41E-07,-21.55002,2.24E-07,-8.84E-08
-96,106275000,5.18E-07,8.963857,5.12E-07,8.08E-08
-96,106300000,5.83E-07,0.5779711,5.83E-07,5.88E-09
-96,106325000,3.73E-07,101.4833,-7.42E-08,3.65E-07
-96,106350000,8.63E-07,-92.58163,-3.89E-08,-8.62E-07
-96,106375000,1.36E-07,104.2192,-3.34E-08,1.32E-07
-96,106400000,4.26E-07,146.919,-3.57E-07,2.32E-07
-96,106425000,4.38E-07,-83.28349,5.12E-08,-4.35E-07
-96,106450000,2.44E-07,140.3137,-1.88E-07,1.56E-07
-96,106475000,6.36E-07,8.177912,6.30E-07,9.05E-08
-96,106500000,6.78E-07,44.69193,4.82E-07,4.77E-07
-96,106525000,6.33E-07,-48.14882,4.22E-07,-4.72E-07
-96,106550000,4.67E-07,-85.61981,3.56E-08,-4.65E-07
-96,106575000,1.47E-06,18.49114,1.39E-06,4.66E-07
-96,106600000,1.25E-06,-25.32595,1.13E-06,-5.33E-07
-96,106625000,4.80E-07,45.37407,3.37E-07,3.41E-07
-96,106650000,1.11E-06,-33.50963,9.27E-07,-6.14E-07
-96,106675000,1.43E-06,-7.186404,1.42E-06,-1.79E-07
-96,106700000,3.33E-07,-11.80693,3.26E-07,-6.82E-08
-96,106725000,8.47E-07,20.13898,7.95E-07,2.92E-07
-96,106750000,6.12E-07,-78.82101,1.19E-07,-6.01E-07
-96,106775000,5.30E-07,-49.42512,3.44E-07,-4.02E-07
-96,106800000,1.17E-06,-28.71181,1.03E-06,-5.62E-07
-96,106825000,2.54E-06,10.05442,2.50E-06,4.44E-07
-96,106850000,1.14E-06,58.35837,5.96E-07,9.67E-07
-96,106875000,1.48E-06,-39.53582,1.14E-06,-9.42E-07
-96,106900000,1.55E-06,32.65418,1.31E-06,8.39E-07
-96,106925000,2.24E-06,-23.82011,2.05E-06,-9.03E-07
-96,106950000,1.64E-06,-18.07965,1.56E-06,-5.08E-07
-96,106975000,1.45E-06,-19.40221,1.36E-06,-4.80E-07
-96,107000000,1.74E-06,-18.92053,1.64E-06,-5.63E-07
-96,107025000,1.52E-06,-19.45866,1.44E-06,-5.07E-07
-96,107050000,1.83E-06,-25.66867,1.65E-06,-7.93E-07
-96,107075000,2.76E-06,-7.912752,2.74E-06,-3.81E-07
-96,107100000,2.54E-06,11.0226,2.49E-06,4.85E-07
-96,107125000,2.79E-06,18.58228,2.64E-06,8.88E-07
-96,107150000,1.77E-06,-34.97815,1.45E-06,-1.01E-06
-96,107175000,3.06E-06,-7.523294,3.03E-06,-4.00E-07
-96,107200000,3.46E-06,22.45021,3.20E-06,1.32E-06
-96,107225000,2.81E-06,20.97326,2.62E-06,1.00E-06
-96,107250000,1.76E-06,-4.537356,1.76E-06,-1.39E-07
-96,107275000,3.39E-06,5.463717,3.38E-06,3.23E-07
-96,107300000,3.11E-06,4.451515,3.10E-06,2.42E-07
-96,107325000,5.17E-06,0.6903547,5.17E-06,6.23E-08
-96,107350000,3.68E-06,8.361371,3.64E-06,5.35E-07
-96,107375000,3.96E-06,12.12227,3.87E-06,8.31E-07
-96,107400000,4.61E-06,5.950447,4.58E-06,4.78E-07
-96,107425000,3.81E-06,-13.27214,3.70E-06,-8.74E-07
-96,107450000,2.85E-06,-2.585136,2.85E-06,-1.29E-07
-96,107475000,4.39E-06,-25.62012,3.96E-06,-1.90E-06
-96,107500000,3.76E-06,-10.70379,3.69E-06,-6.98E-07
-96,107525000,3.75E-06,4.794732,3.74E-06,3.14E-07
-96,107550000,4.20E-06,2.284335,4.19E-06,1.67E-07
-96,107575000,5.30E-06,-3.135467,5.29E-06,-2.90E-07
-96,107600000,3.17E-06,0.3274966,3.17E-06,1.81E-08
-96,107625000,4.04E-06,-15.24326,3.89E-06,-1.06E-06
-96,107650000,5.87E-06,11.00812,5.76E-06,1.12E-06
-96,107675000,3.80E-06,12.30836,3.71E-06,8.10E-07
-96,107700000,4.90E-06,-17.81675,4.67E-06,-1.50E-06
-96,107725000,6.30E-06,-28.51758,5.53E-06,-3.01E-06
-96,107750000,4.29E-06,-3.439875,4.28E-06,-2.57E-07
-96,107775000,6.17E-06,-0.1435733,6.17E-06,-1.55E-08
-96,107800000,6.02E-06,-5.310174,5.99E-06,-5.57E-07
-96,107825000,5.44E-06,11.94604,5.32E-06,1.13E-06
-96,107850000,3.24E-06,21.0512,3.02E-06,1.16E-06
-96,107875000,3.12E-06,8.032265,3.09E-06,4.35E-07
-96,107900000,5.44E-06,-15.88738,5.24E-06,-1.49E-06
-96,107925000,5.51E-06,-25.78485,4.96E-06,-2.40E-06
-96,107950000,4.83E-06,2.809259,4.82E-06,2.37E-07
-96,107975000,2.84E-06,11.78985,2.78E-06,5.80E-07
-96,108000000,5.18E-06,5.31333,5.15E-06,4.79E-07
-96,108025000,4.05E-06,-6.568646,4.02E-06,-4.63E-07
-96,108050000,2.99E-06,-7.234543,2.97E-06,-3.76E-07
-96,108075000,2.77E-06,52.86508,1.67E-06,2.21E-06
-96,108100000,2.12E-06,-118.8002,-1.02E-06,-1.86E-06
-96,108125000,3.15E-06,-146.5957,-2.63E-06,-1.73E-06
-96,108150000,3.98E-06,-166.498,-3.87E-06,-9.28E-07
-96,108175000,7.51E-06,-176.9632,-7.50E-06,-3.98E-07
-96,108200000,9.14E-06,-172.0715,-9.05E-06,-1.26E-06
-96,108225000,9.19E-06,-166.4042,-8.94E-06,-2.16E-06
-96,108250000,1.23E-05,173.346,-1.22E-05,1.42E-06
-96,108275000,1.42E-05,-176.7759,-1.42E-05,-7.99E-07
-96,108300000,1.80E-05,177.5099,-1.80E-05,7.81E-07
-96,108325000,2.16E-05,176.545,-2.15E-05,1.30E-06
-96,108350000,2.14E-05,172.8063,-2.13E-05,2.68E-06
-96,108375000,2.14E-05,-179.0951,-2.14E-05,-3.38E-07
-96,108400000,2.18E-05,179.3223,-2.18E-05,2.58E-07
-96,108425000,2.35E-05,-179.5577,-2.35E-05,-1.81E-07
-96,108450000,2.52E-05,174.764,-2.51E-05,2.30E-06
-96,108475000,2.54E-05,177.3589,-2.54E-05,1.17E-06
-96,108500000,2.23E-05,-178.6126,-2.23E-05,-5.40E-07
-96,108525000,2.35E-05,-178.4219,-2.35E-05,-6.47E-07
-96,108550000,2.29E-05,178.8948,-2.29E-05,4.42E-07
-96,108575000,2.38E-05,170.4588,-2.35E-05,3.94E-06
-96,108600000,2.13E-05,-178.5794,-2.12E-05,-5.27E-07
-96,108625000,2.29E-05,174.6242,-2.28E-05,2.15E-06
-96,108650000,2.25E-05,179.742,-2.25E-05,1.01E-07
-96,108675000,1.96E-05,-179.0564,-1.96E-05,-3.23E-07
-96,108700000,1.66E-05,169.1128,-1.63E-05,3.13E-06
-96,108725000,1.37E-05,-178.7303,-1.37E-05,-3.03E-07
-96,108750000,1.32E-05,178.5469,-1.32E-05,3.35E-07
-96,108775000,9.97E-06,168.693,-9.78E-06,1.95E-06
-96,108800000,1.25E-05,172.8015,-1.24E-05,1.57E-06
-96,108825000,1.05E-05,-170.2982,-1.03E-05,-1.77E-06
-96,108850000,8.76E-06,177.3576,-8.75E-06,4.04E-07
-96,108875000,9.08E-06,168.5208,-8.90E-06,1.81E-06
-96,108900000,7.23E-06,172.9827,-7.18E-06,8.83E-07
-96,108925000,5.12E-06,165.8681,-4.97E-06,1.25E-06
-96,108950000,4.46E-06,177.3762,-4.45E-06,2.04E-07
-96,108975000,5.56E-06,166.3344,-5.40E-06,1.31E-06
-96,109000000,3.69E-06,134.4411,-2.58E-06,2.63E-06
-96,109025000,3.27E-06,161.8897,-3.11E-06,1.02E-06
-96,109050000,3.57E-06,-179.353,-3.57E-06,-4.03E-08
-96,109075000,2.56E-06,-160.4964,-2.42E-06,-8.56E-07
-96,109100000,1.84E-06,165.8484,-1.78E-06,4.50E-07
-96,109125000,1.20E-06,-129.6098,-7.68E-07,-9.28E-07
-96,109150000,1.74E-06,149.481,-1.50E-06,8.82E-07
-96,109175000,1.03E-06,105.3963,-2.74E-07,9.95E-07
-96,109200000,1.21E-06,-18.70511,1.14E-06,-3.87E-07
-96,109225000,1.20E-06,18.52971,1.14E-06,3.81E-07
-96,109250000,1.47E-06,-5.256628,1.47E-06,-1.35E-07
-96,109275000,8.53E-07,45.29828,6.00E-07,6.06E-07
-96,109300000,5.76E-07,-33.64077,4.79E-07,-3.19E-07
-96,109325000,1.52E-06,-14.24328,1.48E-06,-3.74E-07
-96,109350000,8.40E-07,45.25823,5.91E-07,5.97E-07
-96,109375000,1.42E-06,167.1225,-1.39E-06,3.17E-07
-96,109400000,2.13E-06,0.7274696,2.13E-06,2.70E-08
-96,109425000,1.15E-06,-8.887632,1.13E-06,-1.77E-07
-96,109450000,2.03E-06,-0.3890774,2.03E-06,-1.38E-08
-96,109475000,7.03E-07,10.91922,6.90E-07,1.33E-07
-96,109500000,1.89E-06,-3.957041,1.89E-06,-1.30E-07
-96,109525000,1.56E-06,40.57345,1.19E-06,1.02E-06
-96,109550000,2.29E-06,6.262763,2.28E-06,2.50E-07
-96,109575000,2.31E-06,-4.919381,2.30E-06,-1.98E-07
-96,109600000,1.51E-06,-1.176935,1.51E-06,-3.11E-08
-96,109625000,1.94E-06,-3.503614,1.93E-06,-1.18E-07
-96,109650000,1.62E-06,22.05085,1.51E-06,6.10E-07
-96,109675000,1.37E-06,26.11001,1.23E-06,6.04E-07
-96,109700000,1.51E-06,-2.90898,1.51E-06,-7.69E-08
-96,109725000,1.16E-06,-10.70846,1.14E-06,-2.16E-07
-96,109750000,1.08E-06,7.714895,1.07E-06,1.45E-07
-96,109775000,1.56E-06,-7.754674,1.55E-06,-2.10E-07
-96,109800000,2.08E-06,-32.57949,1.75E-06,-1.12E-06
-96,109825000,1.75E-06,-34.05044,1.45E-06,-9.79E-07
-96,109850000,1.46E-06,-11.97844,1.42E-06,-3.02E-07
-96,109875000,1.35E-06,7.90155,1.34E-06,1.86E-07
-96,109900000,9.95E-07,18.91401,9.41E-07,3.23E-07
-96,109925000,1.69E-06,9.230016,1.67E-06,2.71E-07
-96,109950000,1.50E-06,7.531354,1.49E-06,1.97E-07
-96,109975000,1.80E-06,-18.50226,1.70E-06,-5.70E-07
-96,110000000,1.37E-06,4.534925,1.37E-06,1.09E-07
-96,110025000,2.35E-06,-17.88392,2.23E-06,-7.21E-07
-96,110050000,1.43E-06,-22.85832,1.32E-06,-5.56E-07
-96,110075000,1.87E-06,-10.91367,1.83E-06,-3.53E-07
-96,110100000,1.50E-06,-4.756278,1.50E-06,-1.24E-07
-96,110125000,1.22E-06,-24.70484,1.11E-06,-5.09E-07
-96,110150000,9.13E-07,-20.67982,8.54E-07,-3.22E-07
-96,110175000,1.40E-06,15.18064,1.36E-06,3.68E-07
-96,110200000,9.23E-07,23.17109,8.49E-07,3.63E-07
-96,110225000,1.74E-06,21.51114,1.62E-06,6.40E-07
-96,110250000,1.20E-06,11.93785,1.17E-06,2.48E-07
-96,110275000,1.00E-06,55.03096,5.73E-07,8.20E-07
-96,110300000,1.01E-06,1.730178,1.01E-06,3.06E-08
-96,110325000,1.24E-06,15.30981,1.19E-06,3.27E-07
-96,110350000,1.33E-06,-50.18964,8.51E-07,-1.02E-06
-96,110375000,4.91E-07,-25.21027,4.45E-07,-2.09E-07
-96,110400000,1.54E-06,23.09569,1.42E-06,6.05E-07
-96,110425000,2.88E-07,-13.34374,2.80E-07,-6.64E-08
-96,110450000,4.43E-07,-130.5455,-2.88E-07,-3.37E-07
-96,110475000,8.89E-07,-21.06688,8.29E-07,-3.19E-07
-96,110500000,7.37E-07,26.04793,6.62E-07,3.24E-07
-96,110525000,5.19E-07,2.388973,5.18E-07,2.16E-08
-96,110550000,1.26E-06,-2.287121,1.26E-06,-5.03E-08
-96,110575000,1.29E-06,30.41758,1.11E-06,6.53E-07
-96,110600000,1.10E-06,5.852858,1.09E-06,1.12E-07
-96,110625000,1.22E-06,9.056147,1.21E-06,1.93E-07
-96,110650000,1.77E-06,-2.047766,1.77E-06,-6.31E-08
-96,110675000,1.45E-06,-20.21242,1.36E-06,-5.01E-07
-96,110700000,9.20E-07,-70.69023,3.04E-07,-8.68E-07
-96,110725000,8.00E-08,-147.6624,-6.76E-08,-4.28E-08
-96,110750000,1.11E-06,-54.86651,6.40E-07,-9.09E-07
-96,110775000,6.63E-07,-37.88294,5.23E-07,-4.07E-07
-96,110800000,1.37E-06,-53.54873,8.13E-07,-1.10E-06
-96,110825000,6.95E-07,44.09087,4.99E-07,4.84E-07
-96,110850000,6.54E-07,-0.9959634,6.54E-07,-1.14E-08
-96,110875000,9.82E-07,-35.84114,7.96E-07,-5.75E-07
-96,110900000,8.92E-07,-19.7506,8.40E-07,-3.02E-07
-96,110925000,7.47E-07,-0.6897675,7.47E-07,-8.99E-09
-96,110950000,6.14E-07,146.2022,-5.10E-07,3.42E-07
-96,110975000,7.19E-07,49.41015,4.68E-07,5.46E-07
-96,111000000,7.16E-07,30.72612,6.16E-07,3.66E-07
-92,106000000,5.68E-07,34.02457,4.71E-07,3.18E-07
-92,106025000,8.54E-07,-122.8052,-4.63E-07,-7.18E-07
-92,106050000,5.74E-07,-130.3729,-3.72E-07,-4.37E-07
-92,106075000,2.46E-07,89.95379,1.98E-10,2.46E-07
-92,106100000,6.68E-07,123.3769,-3.67E-07,5.58E-07
-92,106125000,3.30E-07,1.525765,3.30E-07,8.79E-09
-92,106150000,3.95E-07,-51.44343,2.46E-07,-3.09E-07
-92,106175000,2.80E-07,-87.79429,1.08E-08,-2.80E-07
-92,106200000,4.30E-07,8.506196,4.26E-07,6.37E-08
-92,106225000,5.62E-07,80.48645,9.28E-08,5.54E-07
-92,106250000,1.88E-07,-68.2808,6.94E-08,-1.74E-07
-92,106275000,1.01E-06,-67.61397,3.86E-07,-9.37E-07
-92,106300000,7.36E-07,-19.614,6.93E-07,-2.47E-07
-92,106325000,4.85E-07,-7.434804,4.81E-07,-6.28E-08
-92,106350000,1.53E-07,-40.27064,1.17E-07,-9.90E-08
-92,106375000,7.00E-07,-16.86926,6.70E-07,-2.03E-07
-92,106400000,8.43E-07,-51.93892,5.20E-07,-6.63E-07
-92,106425000,3.28E-07,35.07531,2.68E-07,1.88E-07
-92,106450000,1.04E-06,2.479131,1.04E-06,4.49E-08
-92,106475000,5.09E-07,31.74211,4.33E-07,2.68E-07
-92,106500000,1.03E-06,11.09669,1.01E-06,1.98E-07
-92,106525000,8.48E-07,-19.62427,7.99E-07,-2.85E-07
-92,106550000,1.03E-06,3.066403,1.03E-06,5.51E-08
-92,106575000,2.88E-07,4.961127,2.87E-07,2.49E-08
-92,106600000,8.02E-07,-29.67278,6.96E-07,-3.97E-07
-92,106625000,1.24E-06,45.59001,8.67E-07,8.85E-07
-92,106650000,1.09E-06,18.40542,1.04E-06,3.45E-07
-92,106675000,3.49E-07,68.85213,1.26E-07,3.25E-07
-92,106700000,1.00E-07,-119.3976,-4.93E-08,-8.75E-08
-92,106725000,2.43E-06,-8.96648,2.40E-06,-3.79E-07
-92,106750000,1.64E-06,-35.91223,1.33E-06,-9.65E-07
-92,106775000,1.40E-06,10.83605,1.37E-06,2.63E-07
-92,106800000,1.18E-06,-23.9684,1.07E-06,-4.78E-07
-92,106825000,1.65E-06,-7.36306,1.64E-06,-2.11E-07
-92,106850000,1.91E-06,-0.4859,1.91E-06,-1.62E-08
-92,106875000,1.38E-06,-22.91876,1.27E-06,-5.39E-07
-92,106900000,1.43E-06,-53.73747,8.46E-07,-1.15E-06
-92,106925000,2.60E-06,11.5185,2.55E-06,5.19E-07
-92,106950000,2.08E-06,7.770847,2.07E-06,2.82E-07
-92,106975000,2.16E-06,-4.259124,2.15E-06,-1.60E-07
-92,107000000,2.20E-06,-9.59745,2.17E-06,-3.67E-07
-92,107025000,1.86E-06,-2.802921,1.86E-06,-9.11E-08
-92,107050000,2.54E-06,1.202125,2.54E-06,5.32E-08
-92,107075000,1.69E-06,5.885998,1.68E-06,1.74E-07
-92,107100000,1.44E-06,-44.75968,1.02E-06,-1.01E-06
-92,107125000,2.99E-06,-17.9864,2.84E-06,-9.22E-07
-92,107150000,2.77E-06,4.471541,2.76E-06,2.16E-07
-92,107175000,3.28E-06,10.8937,3.22E-06,6.20E-07
-92,107200000,3.44E-06,21.24261,3.21E-06,1.25E-06
-92,107225000,3.11E-06,7.494255,3.09E-06,4.06E-07
-92,107250000,3.08E-06,-23.83404,2.82E-06,-1.24E-06
-92,107275000,5.07E-06,-17.3084,4.84E-06,-1.51E-06
-92,107300000,4.22E-06,-5.782698,4.20E-06,-4.25E-07
-92,107325000,4.45E-06,-7.708597,4.41E-06,-5.97E-07
-92,107350000,3.53E-06,-8.002472,3.50E-06,-4.91E-07
-92,107375000,5.15E-06,-1.779067,5.15E-06,-1.60E-07
-92,107400000,4.52E-06,7.707627,4.48E-06,6.06E-07
-92,107425000,4.26E-06,-9.990771,4.20E-06,-7.39E-07
-92,107450000,4.10E-06,-6.131639,4.08E-06,-4.38E-07
-92,107475000,4.05E-06,3.787229,4.04E-06,2.67E-07
-92,107500000,5.16E-06,-3.964021,5.15E-06,-3.57E-07
-92,107525000,4.08E-06,-7.022687,4.05E-06,-4.99E-07
-92,107550000,5.53E-06,1.730015,5.52E-06,1.67E-07
-92,107575000,4.35E-06,-0.271366,4.35E-06,-2.06E-08
-92,107600000,6.33E-06,-8.589005,6.26E-06,-9.46E-07
-92,107625000,4.96E-06,3.190532,4.95E-06,2.76E-07
-92,107650000,4.43E-06,-3.719501,4.43E-06,-2.88E-07
-92,107675000,5.51E-06,-12.55028,5.37E-06,-1.20E-06
-92,107700000,3.10E-06,7.249379,3.08E-06,3.92E-07
-92,107725000,6.03E-06,1.28671,6.03E-06,1.35E-07
-92,107750000,6.68E-06,-2.313923,6.67E-06,-2.70E-07
-92,107775000,6.81E-06,-7.292969,6.75E-06,-8.64E-07
-92,107800000,7.26E-06,4.039322,7.24E-06,5.11E-07
-92,107825000,5.64E-06,8.502221,5.57E-06,8.33E-07
-92,107850000,5.24E-06,-30.57154,4.52E-06,-2.67E-06
-92,107875000,6.43E-06,-5.621904,6.40E-06,-6.30E-07
-92,107900000,4.92E-06,-6.849391,4.89E-06,-5.87E-07
-92,107925000,4.02E-06,-22.70041,3.71E-06,-1.55E-06
-92,107950000,5.68E-06,-12.86503,5.54E-06,-1.26E-06
-92,107975000,5.11E-06,-21.3352,4.76E-06,-1.86E-06
-92,108000000,2.88E-06,-26.07476,2.58E-06,-1.26E-06
-92,108025000,2.37E-07,-123.0646,-1.29E-07,-1.99E-07
-92,108050000,6.14E-07,32.80893,5.16E-07,3.33E-07
-92,108075000,2.79E-06,-154.1658,-2.51E-06,-1.21E-06
-92,108100000,1.99E-06,-114.3738,-8.21E-07,-1.81E-06
-92,108125000,4.87E-06,165.5182,-4.71E-06,1.22E-06
-92,108150000,8.45E-06,-169.6282,-8.31E-06,-1.52E-06
-92,108175000,1.01E-05,-174.6584,-1.00E-05,-9.38E-07
-92,108200000,1.30E-05,-172.7863,-1.29E-05,-1.64E-06
-92,108225000,1.63E-05,177.4784,-1.63E-05,7.18E-07
-92,108250000,1.82E-05,-179.732,-1.82E-05,-8.50E-08
-92,108275000,2.12E-05,173.5994,-2.10E-05,2.36E-06
-92,108300000,2.71E-05,179.9239,-2.71E-05,3.60E-08
-92,108325000,2.83E-05,177.9914,-2.83E-05,9.92E-07
-92,108350000,3.05E-05,-177.4501,-3.05E-05,-1.36E-06
-92,108375000,3.32E-05,-174.2172,-3.31E-05,-3.35E-06
-92,108400000,3.62E-05,-179.165,-3.62E-05,-5.28E-07
-92,108425000,3.65E-05,178.13,-3.64E-05,1.19E-06
-92,108450000,3.48E-05,177.3997,-3.48E-05,1.58E-06
-92,108475000,3.44E-05,179.6262,-3.44E-05,2.24E-07
-92,108500000,3.98E-05,-176.3272,-3.97E-05,-2.55E-06
-92,108525000,3.79E-05,-179.014,-3.79E-05,-6.52E-07
-92,108550000,3.58E-05,174.5672,-3.57E-05,3.39E-06
-92,108575000,3.67E-05,176.1941,-3.66E-05,2.44E-06
-92,108600000,2.89E-05,174.9625,-2.88E-05,2.54E-06
-92,108625000,2.66E-05,-178.6349,-2.66E-05,-6.33E-07
-92,108650000,2.54E-05,178.2717,-2.54E-05,7.65E-07
-92,108675000,2.37E-05,179.0544,-2.37E-05,3.91E-07
-92,108700000,2.07E-05,176.1822,-2.06E-05,1.38E-06
-92,108725000,2.00E-05,179.689,-2.00E-05,1.09E-07
-92,108750000,1.59E-05,-178.0751,-1.59E-05,-5.33E-07
-92,108775000,1.48E-05,179.5664,-1.48E-05,1.12E-07
-92,108800000,1.37E-05,-174.0075,-1.36E-05,-1.43E-06
-92,108825000,9.95E-06,-173.0623,-9.87E-06,-1.20E-06
-92,108850000,1.13E-05,174.1846,-1.13E-05,1.15E-06
-92,108875000,8.63E-06,159.1088,-8.06E-06,3.08E-06
-92,108900000,7.16E-06,-179.9539,-7.16E-06,-5.75E-09
-92,108925000,5.34E-06,-161.8807,-5.08E-06,-1.66E-06
-92,108950000,4.84E-06,164.492,-4.66E-06,1.29E-06
-92,108975000,3.14E-06,174.0025,-3.12E-06,3.28E-07
-92,109000000,3.14E-06,-178.1289,-3.14E-06,-1.03E-07
-92,109025000,3.26E-06,-178.0548,-3.26E-06,-1.11E-07
-92,109050000,1.05E-06,90.08685,-1.59E-09,1.05E-06
-92,109075000,5.83E-07,-158.2309,-5.41E-07,-2.16E-07
-92,109100000,1.62E-06,122.8263,-8.78E-07,1.36E-06
-92,109125000,1.36E-06,76.39201,3.20E-07,1.32E-06
-92,109150000,8.57E-07,156.8717,-7.88E-07,3.36E-07
-92,109175000,1.68E-06,62.33798,7.82E-07,1.49E-06
-92,109200000,1.22E-06,-9.755594,1.20E-06,-2.06E-07
-92,109225000,1.99E-06,9.238622,1.96E-06,3.20E-07
-92,109250000,2.68E-06,17.04612,2.57E-06,7.87E-07
-92,109275000,2.69E-06,2.510222,2.69E-06,1.18E-07
-92,109300000,2.96E-06,3.133418,2.96E-06,1.62E-07
-92,109325000,4.44E-06,6.866303,4.41E-06,5.31E-07
-92,109350000,1.69E-06,-6.728634,1.68E-06,-1.98E-07
-92,109375000,2.79E-06,11.46907,2.74E-06,5.55E-07
-92,109400000,2.87E-06,9.109968,2.84E-06,4.55E-07
-92,109425000,3.29E-06,14.78904,3.18E-06,8.40E-07
-92,109450000,2.90E-06,-2.580983,2.90E-06,-1.31E-07
-92,109475000,2.90E-06,1.980202,2.90E-06,1.00E-07
-92,109500000,2.36E-06,2.413125,2.35E-06,9.92E-08
-92,109525000,2.80E-06,-0.09876706,2.80E-06,-4.83E-09
-92,109550000,3.67E-06,-9.384185,3.63E-06,-5.99E-07
-92,109575000,3.00E-06,-5.734559,2.98E-06,-3.00E-07
-92,109600000,3.08E-06,-3.806203,3.07E-06,-2.04E-07
-92,109625000,3.25E-06,7.322626,3.22E-06,4.14E-07
-92,109650000,3.41E-06,1.557798,3.41E-06,9.28E-08
-92,109675000,2.95E-06,5.465944,2.94E-06,2.81E-07
-92,109700000,2.40E-06,-13.19985,2.33E-06,-5.47E-07
-92,109725000,2.13E-06,0.291761,2.13E-06,1.08E-08
-92,109750000,2.51E-06,15.04777,2.42E-06,6.52E-07
-92,109775000,2.72E-06,3.493341,2.72E-06,1.66E-07
-92,109800000,2.48E-06,9.896351,2.45E-06,4.27E-07
-92,109825000,2.45E-06,5.340104,2.44E-06,2.28E-07
-92,109850000,2.90E-06,-4.779992,2.89E-06,-2.42E-07
-92,109875000,3.12E-06,-4.392121,3.12E-06,-2.39E-07
-92,109900000,1.34E-06,-0.1076193,1.34E-06,-2.51E-09
-92,109925000,2.72E-06,-0.4810368,2.72E-06,-2.28E-08
-92,109950000,2.12E-06,9.14442,2.09E-06,3.37E-07
-92,109975000,1.69E-06,1.44719,1.69E-06,4.26E-08
-92,110000000,2.47E-06,-15.07555,2.39E-06,-6.43E-07
-92,110025000,1.68E-06,21.18852,1.57E-06,6.07E-07
-92,110050000,1.66E-06,-12.63478,1.62E-06,-3.63E-07
-92,110075000,2.16E-06,-22.45055,1.99E-06,-8.24E-07
-92,110100000,1.70E-06,-16.42199,1.63E-06,-4.81E-07
-92,110125000,1.77E-06,-5.538562,1.76E-06,-1.71E-07
-92,110150000,1.34E-06,-15.19528,1.30E-06,-3.52E-07
-92,110175000,1.96E-06,10.67806,1.93E-06,3.63E-07
-92,110200000,2.34E-06,-6.492475,2.33E-06,-2.65E-07
-92,110225000,2.12E-06,1.899387,2.12E-06,7.04E-08
-92,110250000,2.49E-06,11.97063,2.43E-06,5.16E-07
-92,110275000,1.20E-06,12.98755,1.17E-06,2.69E-07
-92,110300000,2.79E-06,-16.8791,2.67E-06,-8.09E-07
-92,110325000,1.27E-06,-9.255315,1.25E-06,-2.04E-07
-92,110350000,2.10E-06,10.86815,2.06E-06,3.96E-07
-92,110375000,7.39E-07,-7.735877,7.32E-07,-9.95E-08
-92,110400000,9.29E-07,21.94375,8.62E-07,3.47E-07
-92,110425000,4.09E-07,5.04746,4.07E-07,3.60E-08
-92,110450000,1.50E-06,-16.25586,1.44E-06,-4.20E-07
-92,110475000,1.11E-06,-3.166777,1.11E-06,-6.13E-08
-92,110500000,1.15E-06,-50.10686,7.39E-07,-8.84E-07
-92,110525000,2.22E-07,20.64627,2.07E-07,7.81E-08
-92,110550000,5.77E-07,-15.69471,5.56E-07,-1.56E-07
-92,110575000,1.57E-06,10.76813,1.55E-06,2.94E-07
-92,110600000,4.31E-07,55.78887,2.43E-07,3.57E-07
-92,110625000,7.35E-07,20.82932,6.87E-07,2.61E-07
-92,110650000,1.52E-06,11.11521,1.49E-06,2.93E-07
-92,110675000,2.21E-07,-65.28608,9.22E-08,-2.00E-07
-92,110700000,2.36E-07,-82.05976,3.27E-08,-2.34E-07
-92,110725000,7.25E-07,8.286102,7.17E-07,1.04E-07
-92,110750000,5.71E-07,-81.5538,8.39E-08,-5.65E-07
-92,110775000,6.43E-07,-28.79886,5.64E-07,-3.10E-07
-92,110800000,3.63E-07,107.3078,-1.08E-07,3.47E-07
-92,110825000,8.12E-07,18.82423,7.69E-07,2.62E-07
-92,110850000,8.97E-07,46.11931,6.22E-07,6.47E-07
-92,110875000,1.35E-06,-9.006805,1.34E-06,-2.12E-07
-92,110900000,7.54E-07,-38.3334,5.91E-07,-4.67E-07
-92,110925000,5.47E-07,-81.56822,8.02E-08,-5.41E-07
-92,110950000,4.87E-07,-35.28337,3.97E-07,-2.81E-07
-92,110975000,9.44E-07,28.75515,8.27E-07,4.54E-07
-92,111000000,1.07E-06,-25.71244,9.63E-07,-4.64E-07
-88,106000000,7.17E-07,6.584054,7.12E-07,8.22E-08
-88,106025000,3.59E-07,-157.0891,-3.31E-07,-1.40E-07
-88,106050000,5.37E-08,-12.51288,5.24E-08,-1.16E-08
-88,106075000,1.07E-06,-30.70357,9.21E-07,-5.47E-07
-88,106100000,5.02E-08,-15.83043,4.83E-08,-1.37E-08
-88,106125000,5.31E-07,5.765869,5.28E-07,5.33E-08
-88,106150000,5.28E-07,8.942328,5.22E-07,8.21E-08
-88,106175000,1.41E-07,98.07627,-1.98E-08,1.39E-07
-88,106200000,2.94E-07,114.4376,-1.22E-07,2.68E-07
-88,106225000,2.39E-07,-109.6377,-8.03E-08,-2.25E-07
-88,106250000,1.08E-06,-72.91245,3.18E-07,-1.03E-06
-88,106275000,1.38E-07,96.43411,-1.55E-08,1.37E-07
-88,106300000,7.56E-07,5.949901,7.52E-07,7.84E-08
-88,106325000,2.52E-07,-110.8261,-8.98E-08,-2.36E-07
-88,106350000,1.11E-06,5.654402,1.11E-06,1.10E-07
-88,106375000,7.95E-07,-25.85756,7.15E-07,-3.47E-07
-88,106400000,3.35E-07,-15.04569,3.23E-07,-8.69E-08
-88,106425000,4.29E-07,78.68156,8.42E-08,4.21E-07
-88,106450000,3.60E-07,-16.08417,3.46E-07,-9.97E-08
-88,106475000,9.56E-07,20.67102,8.94E-07,3.37E-07
-88,106500000,6.97E-07,-17.11546,6.66E-07,-2.05E-07
-88,106525000,1.33E-06,0.1876687,1.33E-06,4.36E-09
-88,106550000,1.20E-06,-5.61129,1.20E-06,-1.18E-07
-88,106575000,1.31E-06,12.64451,1.27E-06,2.86E-07
-88,106600000,1.57E-06,-6.721202,1.56E-06,-1.84E-07
-88,106625000,1.12E-06,11.31455,1.10E-06,2.20E-07
-88,106650000,1.40E-06,-10.23162,1.38E-06,-2.49E-07
-88,106675000,1.38E-06,-5.542933,1.38E-06,-1.34E-07
-88,106700000,1.55E-06,0.2123121,1.55E-06,5.75E-09
-88,106725000,1.40E-06,-22.042,1.30E-06,-5.25E-07
-88,106750000,1.22E-06,-8.564225,1.20E-06,-1.81E-07
-88,106775000,1.81E-06,12.23736,1.77E-06,3.85E-07
-88,106800000,1.90E-06,-16.52789,1.82E-06,-5.41E-07
-88,106825000,2.28E-06,4.713821,2.27E-06,1.87E-07
-88,106850000,1.62E-06,-31.2809,1.38E-06,-8.39E-07
-88,106875000,2.81E-06,4.066704,2.81E-06,2.00E-07
-88,106900000,2.92E-06,-1.124917,2.92E-06,-5.74E-08
-88,106925000,2.17E-06,-15.13062,2.09E-06,-5.66E-07
-88,106950000,2.79E-06,-1.391838,2.79E-06,-6.78E-08
-88,106975000,3.25E-06,-18.35012,3.08E-06,-1.02E-06
-88,107000000,2.77E-06,-18.99946,2.62E-06,-9.03E-07
-88,107025000,2.71E-06,-5.088933,2.70E-06,-2.40E-07
-88,107050000,3.62E-06,-7.984932,3.59E-06,-5.03E-07
-88,107075000,4.41E-06,-5.653555,4.39E-06,-4.35E-07
-88,107100000,3.86E-06,4.270831,3.85E-06,2.88E-07
-88,107125000,3.16E-06,0.7957169,3.16E-06,4.38E-08
-88,107150000,3.13E-06,18.54414,2.96E-06,9.94E-07
-88,107175000,3.41E-06,5.025453,3.39E-06,2.98E-07
-88,107200000,3.89E-06,-10.36286,3.83E-06,-7.00E-07
-88,107225000,3.47E-06,8.549745,3.43E-06,5.16E-07
-88,107250000,4.18E-06,-3.764921,4.17E-06,-2.75E-07
-88,107275000,4.07E-06,0.8154563,4.07E-06,5.79E-08
-88,107300000,3.34E-06,-9.311648,3.30E-06,-5.41E-07
-88,107325000,3.71E-06,-2.346148,3.71E-06,-1.52E-07
-88,107350000,3.73E-06,-18.07374,3.55E-06,-1.16E-06
-88,107375000,3.73E-06,-14.748,3.61E-06,-9.50E-07
-88,107400000,7.00E-06,5.888156,6.97E-06,7.19E-07
-88,107425000,3.98E-06,-2.202782,3.98E-06,-1.53E-07
-88,107450000,5.69E-06,0.4321192,5.69E-06,4.29E-08
-88,107475000,4.13E-06,-19.05128,3.90E-06,-1.35E-06
-88,107500000,5.54E-06,4.006995,5.53E-06,3.87E-07
-88,107525000,5.87E-06,-10.81033,5.76E-06,-1.10E-06
-88,107550000,6.44E-06,-5.706612,6.41E-06,-6.40E-07
-88,107575000,5.59E-06,-16.8234,5.35E-06,-1.62E-06
-88,107600000,6.80E-06,2.542222,6.80E-06,3.02E-07
-88,107625000,6.84E-06,-6.742882,6.79E-06,-8.03E-07
-88,107650000,6.52E-06,5.216357,6.49E-06,5.93E-07
-88,107675000,6.84E-06,-0.9980535,6.84E-06,-1.19E-07
-88,107700000,6.59E-06,-16.43093,6.32E-06,-1.87E-06
-88,107725000,7.36E-06,-4.099332,7.34E-06,-5.26E-07
-88,107750000,5.59E-06,-8.309038,5.53E-06,-8.08E-07
-88,107775000,4.61E-06,-11.83097,4.51E-06,-9.46E-07
-88,107800000,6.46E-06,15.10138,6.24E-06,1.68E-06
-88,107825000,3.74E-06,-7.925292,3.70E-06,-5.15E-07
-88,107850000,5.04E-06,-10.56613,4.95E-06,-9.24E-07
-88,107875000,5.49E-06,-9.294627,5.42E-06,-8.86E-07
-88,107900000,3.93E-06,2.777923,3.93E-06,1.91E-07
-88,107925000,4.52E-06,-13.92259,4.39E-06,-1.09E-06
-88,107950000,3.18E-06,-20.94533,2.97E-06,-1.14E-06
-88,107975000,1.84E-06,-33.24821,1.54E-06,-1.01E-06
-88,108000000,2.30E-06,-75.61765,5.70E-07,-2.22E-06
-88,108025000,1.18E-06,-31.67441,1.00E-06,-6.17E-07
-88,108050000,7.22E-07,123.8428,-4.02E-07,6.00E-07
-88,108075000,7.71E-07,-165.9314,-7.48E-07,-1.87E-07
-88,108100000,5.97E-06,-179.1007,-5.97E-06,-9.37E-08
-88,108125000,9.21E-06,175.3413,-9.18E-06,7.48E-07
-88,108150000,1.32E-05,176.491,-1.32E-05,8.09E-07
-88,108175000,1.55E-05,-176.8731,-1.55E-05,-8.47E-07
-88,108200000,1.65E-05,-172.1688,-1.63E-05,-2.24E-06
-88,108225000,2.48E-05,-179.1171,-2.48E-05,-3.82E-07
-88,108250000,2.46E-05,-178.0724,-2.46E-05,-8.29E-07
-88,108275000,2.50E-05,179.0633,-2.50E-05,4.09E-07
-88,108300000,2.92E-05,-178.0916,-2.92E-05,-9.71E-07
-88,108325000,2.99E-05,-179.0719,-2.99E-05,-4.84E-07
-88,108350000,3.29E-05,-178.1193,-3.28E-05,-1.08E-06
-88,108375000,3.41E-05,-179.312,-3.41E-05,-4.09E-07
-88,108400000,3.64E-05,179.8238,-3.64E-05,1.12E-07
-88,108425000,3.85E-05,179.0026,-3.85E-05,6.71E-07
-88,108450000,3.40E-05,179.3403,-3.40E-05,3.92E-07
-88,108475000,3.86E-05,174.3545,-3.84E-05,3.80E-06
-88,108500000,3.76E-05,175.3624,-3.75E-05,3.04E-06
-88,108525000,3.19E-05,175.4956,-3.18E-05,2.50E-06
-88,108550000,3.48E-05,175.8931,-3.47E-05,2.49E-06
-88,108575000,2.88E-05,174.9763,-2.87E-05,2.53E-06
-88,108600000,3.01E-05,-178.0115,-3.00E-05,-1.04E-06
-88,108625000,2.97E-05,179.4031,-2.97E-05,3.09E-07
-88,108650000,2.72E-05,179.8274,-2.72E-05,8.20E-08
-88,108675000,2.47E-05,177.5636,-2.47E-05,1.05E-06
-88,108700000,2.05E-05,176.5576,-2.05E-05,1.23E-06
-88,108725000,2.06E-05,177.6712,-2.06E-05,8.39E-07
-88,108750000,1.81E-05,170.8978,-1.79E-05,2.87E-06
-88,108775000,1.59E-05,171.6126,-1.58E-05,2.32E-06
-88,108800000,1.55E-05,-179.4506,-1.55E-05,-1.48E-07
-88,108825000,1.26E-05,175.6493,-1.26E-05,9.57E-07
-88,108850000,9.72E-06,175.5613,-9.69E-06,7.52E-07
-88,108875000,8.48E-06,-165.7503,-8.22E-06,-2.09E-06
-88,108900000,7.51E-06,173.2049,-7.46E-06,8.89E-07
-88,108925000,5.77E-06,179.777,-5.77E-06,2.25E-08
-88,108950000,4.75E-06,171.0793,-4.70E-06,7.37E-07
-88,108975000,1.94E-06,172.6842,-1.93E-06,2.47E-07
-88,109000000,6.22E-07,107.9477,-1.92E-07,5.92E-07
-88,109025000,9.99E-07,117.4892,-4.61E-07,8.86E-07
-88,109050000,1.18E-06,-43.06523,8.63E-07,-8.06E-07
-88,109075000,2.10E-06,87.16022,1.04E-07,2.10E-06
-88,109100000,3.15E-06,16.91389,3.01E-06,9.15E-07
-88,109125000,1.01E-06,-22.54448,9.35E-07,-3.88E-07
-88,109150000,4.40E-06,-2.359426,4.40E-06,-1.81E-07
-88,109175000,3.07E-06,10.11387,3.02E-06,5.39E-07
-88,109200000,3.21E-06,21.74903,2.98E-06,1.19E-06
-88,109225000,4.62E-06,-2.562077,4.62E-06,-2.07E-07
-88,109250000,3.73E-06,-6.413204,3.71E-06,-4.17E-07
-88,109275000,3.83E-06,6.288485,3.81E-06,4.20E-07
-88,109300000,3.76E-06,-8.052264,3.73E-06,-5.27E-07
-88,109325000,4.06E-06,3.904845,4.05E-06,2.77E-07
-88,109350000,3.56E-06,12.17866,3.48E-06,7.51E-07
-88,109375000,5.27E-06,17.71766,5.02E-06,1.60E-06
-88,109400000,5.08E-06,-25.83038,4.57E-06,-2.21E-06
-88,109425000,4.02E-06,-5.223323,4.01E-06,-3.66E-07
-88,109450000,4.78E-06,-1.32493,4.78E-06,-1.11E-07
-88,109475000,3.69E-06,0.991865,3.69E-06,6.39E-08
-88,109500000,4.78E-06,9.295146,4.71E-06,7.71E-07
-88,109525000,4.46E-06,8.844848,4.41E-06,6.86E-07
-88,109550000,4.36E-06,7.406336,4.32E-06,5.62E-07
-88,109575000,4.33E-06,-10.00417,4.26E-06,-7.52E-07
-88,109600000,3.93E-06,1.114904,3.93E-06,7.64E-08
-88,109625000,4.10E-06,3.800001,4.09E-06,2.71E-07
-88,109650000,5.01E-06,3.362229,5.00E-06,2.94E-07
-88,109675000,3.81E-06,-3.842567,3.81E-06,-2.56E-07
-88,109700000,2.79E-06,6.767375,2.77E-06,3.29E-07
-88,109725000,2.94E-06,-10.40282,2.89E-06,-5.31E-07
-88,109750000,3.56E-06,4.928656,3.55E-06,3.06E-07
-88,109775000,4.83E-06,5.708729,4.80E-06,4.80E-07
-88,109800000,4.16E-06,-6.833545,4.13E-06,-4.95E-07
-88,109825000,3.64E-06,-1.174968,3.64E-06,-7.46E-08
-88,109850000,3.38E-06,-11.26507,3.31E-06,-6.59E-07
-88,109875000,1.54E-06,18.24641,1.47E-06,4.83E-07
-88,109900000,1.96E-06,-12.8749,1.91E-06,-4.37E-07
-88,109925000,3.69E-06,-3.786874,3.69E-06,-2.44E-07
-88,109950000,2.65E-06,2.163087,2.65E-06,1.00E-07
-88,109975000,2.58E-06,-7.084553,2.56E-06,-3.18E-07
-88,110000000,2.59E-06,2.955207,2.59E-06,1.33E-07
-88,110025000,3.06E-06,0.4599454,3.06E-06,2.46E-08
-88,110050000,3.10E-06,-1.316105,3.10E-06,-7.13E-08
-88,110075000,2.75E-06,-4.34166,2.74E-06,-2.08E-07
-88,110100000,1.57E-06,2.796364,1.57E-06,7.67E-08
-88,110125000,2.34E-06,5.206439,2.33E-06,2.12E-07
-88,110150000,2.52E-06,-2.309087,2.52E-06,-1.02E-07
-88,110175000,2.75E-06,-0.6944117,2.75E-06,-3.34E-08
-88,110200000,2.33E-06,-4.523068,2.33E-06,-1.84E-07
-88,110225000,2.44E-06,14.08211,2.37E-06,5.95E-07
-88,110250000,1.85E-06,3.567638,1.85E-06,1.15E-07
-88,110275000,2.00E-06,3.664081,2.00E-06,1.28E-07
-88,110300000,1.38E-06,-14.22798,1.34E-06,-3.39E-07
-88,110325000,1.45E-06,-13.4269,1.41E-06,-3.37E-07
-88,110350000,1.72E-06,-10.88231,1.69E-06,-3.25E-07
-88,110375000,1.51E-06,-12.93678,1.47E-06,-3.39E-07
-88,110400000,1.84E-06,-12.7451,1.80E-06,-4.07E-07
-88,110425000,1.55E-06,-15.74514,1.49E-06,-4.19E-07
-88,110450000,1.71E-06,13.89146,1.66E-06,4.11E-07
-88,110475000,1.45E-06,28.39512,1.28E-06,6.92E-07
-88,110500000,1.29E-06,23.17508,1.19E-06,5.08E-07
-88,110525000,1.82E-06,2.691179,1.82E-06,8.57E-08
-88,110550000,1.13E-06,-23.73366,1.04E-06,-4.55E-07
-88,110575000,1.33E-06,-67.6914,5.06E-07,-1.23E-06
-88,110600000,2.07E-07,-80.01797,3.59E-08,-2.04E-07
-88,110625000,1.80E-06,4.180468,1.80E-06,1.31E-07
-88,110650000,8.51E-07,-30.47282,7.33E-07,-4.31E-07
-88,110675000,1.31E-06,-1.583903,1.31E-06,-3.61E-08
-88,110700000,6.64E-07,-28.35255,5.85E-07,-3.16E-07
-88,110725000,8.63E-07,-36.12417,6.97E-07,-5.09E-07
-88,110750000,7.84E-07,18.53572,7.43E-07,2.49E-07
-88,110775000,1.07E-06,-80.2373,1.82E-07,-1.06E-06
-88,110800000,9.99E-07,30.05323,8.65E-07,5.01E-07
-88,110825000,7.99E-07,-79.89786,1.40E-07,-7.87E-07
-88,110850000,8.77E-07,-5.964162,8.72E-07,-9.11E-08
-88,110875000,3.95E-07,-14.39896,3.83E-07,-9.83E-08
-88,110900000,8.44E-07,107.3451,-2.52E-07,8.06E-07
-88,110925000,3.55E-07,-34.68407,2.92E-07,-2.02E-07
-88,110950000,3.14E-07,-32.89001,2.64E-07,-1.70E-07
-88,110975000,1.05E-06,-98.01961,-1.46E-07,-1.04E-06
-88,111000000,4.15E-07,-137.0787,-3.04E-07,-2.83E-07
-84,106000000,7.18E-07,-7.545178,7.12E-07,-9.43E-08
-84,106025000,1.94E-07,-9.606658,1.91E-07,-3.24E-08
-84,106050000,8.25E-07,-13.74677,8.01E-07,-1.96E-07
-84,106075000,2.31E-07,-13.40778,2.25E-07,-5.35E-08
-84,106100000,7.56E-07,-79.68848,1.35E-07,-7.44E-07
-84,106125000,1.14E-06,-51.18467,7.13E-07,-8.86E-07
-84,106150000,1.10E-06,-8.983747,1.09E-06,-1.72E-07
-84,106175000,1.53E-06,27.54923,1.36E-06,7.07E-07
-84,106200000,4.24E-07,-41.72626,3.16E-07,-2.82E-07
-84,106225000,1.06E-06,6.734043,1.05E-06,1.24E-07
-84,106250000,8.92E-07,21.09934,8.32E-07,3.21E-07
-84,106275000,1.43E-06,-67.8133,5.39E-07,-1.32E-06
-84,106300000,1.22E-06,-75.81521,2.99E-07,-1.18E-06
-84,106325000,9.41E-07,-23.73164,8.62E-07,-3.79E-07
-84,106350000,8.01E-07,10.82064,7.87E-07,1.50E-07
-84,106375000,9.97E-07,46.11455,6.91E-07,7.19E-07
-84,106400000,8.75E-07,18.86756,8.28E-07,2.83E-07
-84,106425000,1.07E-06,-0.4608196,1.07E-06,-8.59E-09
-84,106450000,2.01E-06,-27.55428,1.79E-06,-9.32E-07
-84,106475000,1.15E-06,17.30075,1.09E-06,3.41E-07
-84,106500000,1.02E-06,-16.72523,9.78E-07,-2.94E-07
-84,106525000,1.47E-06,-8.208347,1.46E-06,-2.10E-07
-84,106550000,1.64E-06,-20.44278,1.53E-06,-5.72E-07
-84,106575000,1.78E-06,15.84194,1.71E-06,4.86E-07
-84,106600000,1.42E-06,13.29818,1.38E-06,3.26E-07
-84,106625000,1.35E-06,41.46857,1.01E-06,8.96E-07
-84,106650000,1.26E-06,24.08599,1.15E-06,5.12E-07
-84,106675000,2.15E-06,-18.05211,2.04E-06,-6.66E-07
-84,106700000,2.76E-06,-0.6965974,2.76E-06,-3.35E-08
-84,106725000,1.78E-06,12.17791,1.74E-06,3.76E-07
-84,106750000,2.36E-06,2.891905,2.35E-06,1.19E-07
-84,106775000,2.26E-06,-2.39859,2.26E-06,-9.45E-08
-84,106800000,2.96E-06,-13.80751,2.88E-06,-7.07E-07
-84,106825000,2.80E-06,-10.29678,2.75E-06,-5.00E-07
-84,106850000,2.96E-06,-4.552848,2.95E-06,-2.35E-07
-84,106875000,2.51E-06,-11.29897,2.46E-06,-4.91E-07
-84,106900000,2.59E-06,-10.87632,2.54E-06,-4.88E-07
-84,106925000,3.37E-06,8.853973,3.33E-06,5.18E-07
-84,106950000,2.68E-06,-2.891058,2.68E-06,-1.35E-07
-84,106975000,3.89E-06,-2.917955,3.88E-06,-1.98E-07
-84,107000000,3.30E-06,-6.978099,3.28E-06,-4.01E-07
-84,107025000,3.57E-06,-11.94211,3.49E-06,-7.39E-07
-84,107050000,3.67E-06,-6.444527,3.65E-06,-4.12E-07
-84,107075000,4.34E-06,-7.365314,4.31E-06,-5.57E-07
-84,107100000,3.94E-06,-7.577772,3.90E-06,-5.19E-07
-84,107125000,4.27E-06,-0.663922,4.27E-06,-4.95E-08
-84,107150000,5.07E-06,-10.34129,4.99E-06,-9.11E-07
-84,107175000,4.31E-06,-2.274117,4.31E-06,-1.71E-07
-84,107200000,4.50E-06,-20.04531,4.23E-06,-1.54E-06
-84,107225000,4.99E-06,-13.85247,4.84E-06,-1.19E-06
-84,107250000,6.11E-06,-3.670269,6.10E-06,-3.91E-07
-84,107275000,5.21E-06,-11.35125,5.11E-06,-1.03E-06
-84,107300000,6.63E-06,-8.796124,6.55E-06,-1.01E-06
-84,107325000,5.45E-06,-19.01438,5.15E-06,-1.78E-06
-84,107350000,5.11E-06,6.189119,5.08E-06,5.50E-07
-84,107375000,5.31E-06,-6.800788,5.27E-06,-6.29E-07
-84,107400000,6.57E-06,-6.2401,6.53E-06,-7.14E-07
-84,107425000,6.81E-06,-1.807002,6.81E-06,-2.15E-07
-84,107450000,7.41E-06,-2.060149,7.41E-06,-2.67E-07
-84,107475000,7.01E-06,5.985834,6.97E-06,7.31E-07
-84,107500000,6.66E-06,-7.098841,6.61E-06,-8.23E-07
-84,107525000,6.68E-06,-18.5772,6.33E-06,-2.13E-06
-84,107550000,6.15E-06,6.254949,6.12E-06,6.70E-07
-84,107575000,7.85E-06,5.534915,7.81E-06,7.57E-07
-84,107600000,7.02E-06,-0.8260911,7.01E-06,-1.01E-07
-84,107625000,9.16E-06,-4.253517,9.13E-06,-6.79E-07
-84,107650000,8.02E-06,-2.978587,8.01E-06,-4.17E-07
-84,107675000,7.32E-06,-8.921196,7.24E-06,-1.14E-06
-84,107700000,5.88E-06,-12.18865,5.75E-06,-1.24E-06
-84,107725000,6.55E-06,-10.40812,6.44E-06,-1.18E-06
-84,107750000,6.25E-06,-1.873952,6.24E-06,-2.04E-07
-84,107775000,6.26E-06,15.27962,6.04E-06,1.65E-06
-84,107800000,5.20E-06,7.809069,5.15E-06,7.07E-07
-84,107825000,5.07E-06,-27.06841,4.51E-06,-2.31E-06
-84,107850000,3.83E-06,-5.912035,3.81E-06,-3.94E-07
-84,107875000,4.31E-06,-9.02343,4.26E-06,-6.77E-07
-84,107900000,3.09E-06,6.123005,3.07E-06,3.29E-07
-84,107925000,2.49E-06,-1.507132,2.48E-06,-6.54E-08
-84,107950000,3.21E-06,-14.64796,3.11E-06,-8.12E-07
-84,107975000,1.34E-06,-13.74142,1.30E-06,-3.18E-07
-84,108000000,3.34E-06,165.2077,-3.23E-06,8.53E-07
-84,108025000,3.66E-06,-178.7211,-3.66E-06,-8.17E-08
-84,108050000,5.47E-06,-147.034,-4.59E-06,-2.98E-06
-84,108075000,7.96E-06,170.5755,-7.85E-06,1.30E-06
-84,108100000,6.37E-06,-175.094,-6.35E-06,-5.45E-07
-84,108125000,1.45E-05,168.7961,-1.42E-05,2.82E-06
-84,108150000,1.69E-05,176.4717,-1.68E-05,1.04E-06
-84,108175000,2.17E-05,175.993,-2.16E-05,1.51E-06
-84,108200000,2.19E-05,-178.2993,-2.18E-05,-6.48E-07
-84,108225000,2.18E-05,-172.313,-2.16E-05,-2.92E-06
-84,108250000,2.82E-05,178.1281,-2.82E-05,9.21E-07
-84,108275000,3.30E-05,178.5848,-3.30E-05,8.14E-07
-84,108300000,3.78E-05,-179.3041,-3.78E-05,-4.59E-07
-84,108325000,3.95E-05,176.1703,-3.94E-05,2.64E-06
-84,108350000,4.01E-05,179.5926,-4.01E-05,2.85E-07
-84,108375000,4.10E-05,-176.991,-4.09E-05,-2.15E-06
-84,108400000,4.20E-05,178.7704,-4.20E-05,9.02E-07
-84,108425000,4.32E-05,178.2002,-4.32E-05,1.36E-06
-84,108450000,4.63E-05,175.8685,-4.62E-05,3.34E-06
-84,108475000,4.44E-05,179.1128,-4.44E-05,6.87E-07
-84,108500000,4.59E-05,178.1765,-4.59E-05,1.46E-06
-84,108525000,4.16E-05,-179.7149,-4.16E-05,-2.07E-07
-84,108550000,3.88E-05,179.7274,-3.88E-05,1.85E-07
-84,108575000,4.09E-05,174.0981,-4.07E-05,4.20E-06
-84,108600000,3.51E-05,177.5023,-3.51E-05,1.53E-06
-84,108625000,2.91E-05,178.9507,-2.91E-05,5.32E-07
-84,108650000,3.03E-05,176.2147,-3.02E-05,2.00E-06
-84,108675000,2.38E-05,-179.4204,-2.38E-05,-2.41E-07
-84,108700000,2.14E-05,171.1935,-2.12E-05,3.28E-06
-84,108725000,1.83E-05,177.186,-1.83E-05,9.00E-07
-84,108750000,1.41E-05,171.0036,-1.39E-05,2.20E-06
-84,108775000,1.27E-05,178.0642,-1.27E-05,4.30E-07
-84,108800000,1.09E-05,169.6944,-1.08E-05,1.96E-06
-84,108825000,8.79E-06,175.4634,-8.76E-06,6.95E-07
-84,108850000,5.91E-06,175.484,-5.89E-06,4.65E-07
-84,108875000,6.56E-06,-174.2167,-6.53E-06,-6.61E-07
-84,108900000,5.75E-06,169.9774,-5.66E-06,1.00E-06
-84,108925000,1.69E-06,-174.589,-1.68E-06,-1.59E-07
-84,108950000,2.05E-06,-160.1222,-1.93E-06,-6.97E-07
-84,108975000,1.85E-06,-133.8464,-1.28E-06,-1.33E-06
-84,109000000,8.95E-07,-38.95646,6.96E-07,-5.63E-07
-84,109025000,2.55E-06,6.300301,2.53E-06,2.80E-07
-84,109050000,3.74E-06,-14.27982,3.62E-06,-9.22E-07
-84,109075000,2.78E-06,4.428319,2.78E-06,2.15E-07
-84,109100000,4.00E-06,9.763409,3.94E-06,6.78E-07
-84,109125000,4.42E-06,-12.54654,4.32E-06,-9.61E-07
-84,109150000,4.37E-06,1.700153,4.37E-06,1.30E-07
-84,109175000,7.30E-06,-4.819523,7.28E-06,-6.14E-07
-84,109200000,7.32E-06,2.087518,7.31E-06,2.66E-07
-84,109225000,6.83E-06,-0.2833188,6.83E-06,-3.38E-08
-84,109250000,6.85E-06,1.138317,6.85E-06,1.36E-07
-84,109275000,6.11E-06,10.09482,6.02E-06,1.07E-06
-84,109300000,5.78E-06,-1.995666,5.77E-06,-2.01E-07
-84,109325000,5.94E-06,-2.333129,5.94E-06,-2.42E-07
-84,109350000,7.03E-06,0.7939688,7.03E-06,9.74E-08
-84,109375000,6.32E-06,4.980142,6.29E-06,5.48E-07
-84,109400000,5.27E-06,9.708277,5.19E-06,8.88E-07
-84,109425000,6.73E-06,4.564486,6.70E-06,5.35E-07
-84,109450000,6.00E-06,-6.903569,5.96E-06,-7.21E-07
-84,109475000,5.33E-06,-1.430497,5.33E-06,-1.33E-07
-84,109500000,6.64E-06,0.6896582,6.64E-06,7.99E-08
-84,109525000,6.22E-06,1.683474,6.21E-06,1.83E-07
-84,109550000,6.63E-06,-4.911663,6.61E-06,-5.68E-07
-84,109575000,5.10E-06,-6.065823,5.07E-06,-5.39E-07
-84,109600000,5.05E-06,2.730849,5.04E-06,2.40E-07
-84,109625000,4.39E-06,0.7677408,4.39E-06,5.88E-08
-84,109650000,5.60E-06,3.025667,5.59E-06,2.96E-07
-84,109675000,5.30E-06,-0.6810795,5.30E-06,-6.30E-08
-84,109700000,4.63E-06,1.862805,4.63E-06,1.51E-07
-84,109725000,4.89E-06,-0.07125548,4.89E-06,-6.08E-09
-84,109750000,4.05E-06,-4.029466,4.04E-06,-2.85E-07
-84,109775000,4.27E-06,-9.469917,4.21E-06,-7.02E-07
-84,109800000,3.76E-06,-1.883118,3.76E-06,-1.24E-07
-84,109825000,3.46E-06,-4.052989,3.45E-06,-2.44E-07
-84,109850000,3.28E-06,-18.98455,3.11E-06,-1.07E-06
-84,109875000,3.62E-06,-14.10553,3.51E-06,-8.82E-07
-84,109900000,2.98E-06,-9.19499,2.94E-06,-4.76E-07
-84,109925000,3.05E-06,1.179066,3.04E-06,6.27E-08
-84,109950000,4.37E-06,0.4274608,4.37E-06,3.26E-08
-84,109975000,1.95E-06,-6.296504,1.94E-06,-2.14E-07
-84,110000000,1.94E-06,0.5162259,1.94E-06,1.75E-08
-84,110025000,2.69E-06,-6.24648,2.68E-06,-2.93E-07
-84,110050000,2.65E-06,-20.78478,2.47E-06,-9.39E-07
-84,110075000,2.12E-06,12.04776,2.07E-06,4.43E-07
-84,110100000,2.34E-06,9.274822,2.31E-06,3.77E-07
-84,110125000,1.46E-06,24.27254,1.33E-06,6.01E-07
-84,110150000,1.60E-06,-4.028346,1.60E-06,-1.13E-07
-84,110175000,2.10E-06,-12.02921,2.05E-06,-4.37E-07
-84,110200000,1.95E-06,-32.61965,1.64E-06,-1.05E-06
-84,110225000,1.10E-06,-12.38509,1.07E-06,-2.35E-07
-84,110250000,2.32E-06,-9.066337,2.29E-06,-3.66E-07
-84,110275000,9.93E-07,-5.664566,9.88E-07,-9.80E-08
-84,110300000,1.60E-06,-6.837862,1.59E-06,-1.91E-07
-84,110325000,1.63E-06,26.74503,1.45E-06,7.33E-07
-84,110350000,1.41E-06,19.47401,1.33E-06,4.70E-07
-84,110375000,1.33E-06,-15.28555,1.28E-06,-3.51E-07
-84,110400000,5.01E-07,-2.376187,5.00E-07,-2.08E-08
-84,110425000,1.13E-06,-12.45474,1.10E-06,-2.43E-07
-84,110450000,6.22E-07,1.880809,6.22E-07,2.04E-08
-84,110475000,7.42E-07,19.11961,7.01E-07,2.43E-07
-84,110500000,7.55E-07,-10.8708,7.41E-07,-1.42E-07
-84,110525000,1.25E-07,-81.37687,1.87E-08,-1.23E-07
-84,110550000,9.01E-07,-55.54721,5.10E-07,-7.43E-07
-84,110575000,1.80E-07,56.49123,9.92E-08,1.50E-07
-84,110600000,4.51E-07,-86.93326,2.41E-08,-4.50E-07
-84,110625000,3.49E-07,-170.5483,-3.44E-07,-5.73E-08
-84,110650000,1.32E-06,-139.5135,-1.00E-06,-8.57E-07
-84,110675000,5.04E-07,-63.15267,2.28E-07,-4.50E-07
-84,110700000,1.93E-07,172.2051,-1.92E-07,2.62E-08
-84,110725000,6.20E-07,-118.8694,-2.99E-07,-5.43E-07
-84,110750000,4.25E-07,-151.6405,-3.74E-07,-2.02E-07
-84,110775000,2.27E-07,55.25756,1.29E-07,1.86E-07
-84,110800000,2.31E-07,-109.0259,-7.53E-08,-2.18E-07
-84,110825000,1.06E-06,149.1357,-9.07E-07,5.42E-07
-84,110850000,7.53E-07,153.4417,-6.74E-07,3.37E-07
-84,110875000,5.91E-07,-153.1313,-5.27E-07,-2.67E-07
-84,110900000,2.75E-07,74.57827,7.32E-08,2.65E-07
-84,110925000,1.40E-06,178.0225,-1.40E-06,4.84E-08
-84,110950000,9.34E-07,158.6218,-8.70E-07,3.40E-07
-84,110975000,5.91E-07,-152.6386,-5.25E-07,-2.72E-07
-84,111000000,9.47E-07,133.1782,-6.48E-07,6.91E-07
-80,106000000,3.14E-07,138.4786,-2.35E-07,2.08E-07
-80,106025000,8.87E-07,46.22039,6.13E-07,6.40E-07
-80,106050000,5.63E-07,112.8044,-2.18E-07,5.19E-07
-80,106075000,2.99E-07,18.89898,2.83E-07,9.70E-08
-80,106100000,5.08E-07,63.5615,2.26E-07,4.55E-07
-80,106125000,4.62E-07,31.78746,3.93E-07,2.43E-07
-80,106150000,1.67E-06,25.0022,1.52E-06,7.08E-07
-80,106175000,1.21E-06,-41.95701,9.03E-07,-8.12E-07
-80,106200000,5.10E-07,-23.3654,4.68E-07,-2.02E-07
-80,106225000,1.13E-06,-55.48771,6.39E-07,-9.30E-07
-80,106250000,6.00E-07,-38.52475,4.69E-07,-3.74E-07
-80,106275000,1.76E-06,-29.9981,1.53E-06,-8.82E-07
-80,106300000,1.79E-06,-25.51125,1.61E-06,-7.69E-07
-80,106325000,1.07E-06,-8.757,1.05E-06,-1.62E-07
-80,106350000,1.00E-06,8.356425,9.93E-07,1.46E-07
-80,106375000,1.60E-06,-21.61384,1.48E-06,-5.88E-07
-80,106400000,1.70E-06,-32.37387,1.44E-06,-9.11E-07
-80,106425000,9.26E-07,-40.15267,7.08E-07,-5.97E-07
-80,106450000,1.35E-06,5.652325,1.35E-06,1.33E-07
-80,106475000,1.15E-06,14.53955,1.11E-06,2.88E-07
-80,106500000,1.53E-06,-9.439127,1.51E-06,-2.50E-07
-80,106525000,1.69E-06,-21.8422,1.57E-06,-6.28E-07
-80,106550000,1.68E-06,-12.50217,1.64E-06,-3.64E-07
-80,106575000,1.67E-06,16.28247,1.60E-06,4.67E-07
-80,106600000,1.90E-06,-2.059596,1.90E-06,-6.82E-08
-80,106625000,1.78E-06,45.31115,1.25E-06,1.27E-06
-80,106650000,1.74E-06,21.70671,1.62E-06,6.45E-07
-80,106675000,1.29E-06,26.75804,1.15E-06,5.81E-07
-80,106700000,1.53E-06,1.487516,1.53E-06,3.97E-08
-80,106725000,2.31E-06,-4.162026,2.30E-06,-1.68E-07
-80,106750000,2.45E-06,-4.806001,2.44E-06,-2.05E-07
-80,106775000,2.32E-06,-10.28911,2.28E-06,-4.14E-07
-80,106800000,2.40E-06,-10.06661,2.37E-06,-4.20E-07
-80,106825000,2.82E-06,-2.530303,2.82E-06,-1.24E-07
-80,106850000,2.95E-06,-0.590429,2.95E-06,-3.04E-08
-80,106875000,2.79E-06,3.644191,2.79E-06,1.77E-07
-80,106900000,2.51E-06,-5.192806,2.50E-06,-2.27E-07
-80,106925000,3.93E-06,15.77361,3.78E-06,1.07E-06
-80,106950000,2.40E-06,16.3399,2.30E-06,6.76E-07
-80,106975000,3.47E-06,12.18515,3.39E-06,7.32E-07
-80,107000000,4.05E-06,17.02486,3.87E-06,1.18E-06
-80,107025000,3.86E-06,0.4396461,3.86E-06,2.96E-08
-80,107050000,4.35E-06,0.3411292,4.35E-06,2.59E-08
-80,107075000,4.44E-06,-8.634603,4.39E-06,-6.67E-07
-80,107100000,4.69E-06,-4.182367,4.68E-06,-3.42E-07
-80,107125000,5.26E-06,-10.83725,5.16E-06,-9.88E-07
-80,107150000,3.93E-06,-5.849798,3.91E-06,-4.00E-07
-80,107175000,5.50E-06,-0.7278795,5.50E-06,-6.99E-08
-80,107200000,3.45E-06,-3.444232,3.45E-06,-2.07E-07
-80,107225000,4.99E-06,-3.001215,4.98E-06,-2.61E-07
-80,107250000,5.63E-06,-11.09134,5.53E-06,-1.08E-06
-80,107275000,5.17E-06,-8.851473,5.11E-06,-7.95E-07
-80,107300000,5.94E-06,-2.763006,5.93E-06,-2.86E-07
-80,107325000,5.18E-06,-15.97201,4.98E-06,-1.43E-06
-80,107350000,4.19E-06,-1.873269,4.19E-06,-1.37E-07
-80,107375000,6.07E-06,-5.333493,6.04E-06,-5.64E-07
-80,107400000,6.29E-06,-4.245272,6.27E-06,-4.65E-07
-80,107425000,6.57E-06,7.512558,6.52E-06,8.59E-07
-80,107450000,5.60E-06,11.28406,5.49E-06,1.10E-06
-80,107475000,7.46E-06,-2.551019,7.45E-06,-3.32E-07
-80,107500000,6.26E-06,0.3329876,6.26E-06,3.64E-08
-80,107525000,7.18E-06,-7.869366,7.11E-06,-9.82E-07
-80,107550000,5.79E-06,-2.220951,5.79E-06,-2.24E-07
-80,107575000,6.38E-06,-3.609029,6.37E-06,-4.02E-07
-80,107600000,5.94E-06,-10.36123,5.84E-06,-1.07E-06
-80,107625000,5.53E-06,6.939277,5.49E-06,6.68E-07
-80,107650000,6.65E-06,-9.958069,6.55E-06,-1.15E-06
-80,107675000,3.33E-06,-3.78869,3.32E-06,-2.20E-07
-80,107700000,5.76E-06,-1.43659,5.76E-06,-1.44E-07
-80,107725000,6.00E-06,-3.390042,5.99E-06,-3.55E-07
-80,107750000,6.55E-06,-8.12756,6.48E-06,-9.26E-07
-80,107775000,4.51E-06,-3.083204,4.50E-06,-2.43E-07
-80,107800000,2.54E-06,0.6603153,2.54E-06,2.92E-08
-80,107825000,3.16E-06,1.499427,3.16E-06,8.27E-08
-80,107850000,3.69E-06,-27.90916,3.26E-06,-1.73E-06
-80,107875000,1.80E-06,17.30116,1.72E-06,5.36E-07
-80,107900000,1.43E-06,-49.20295,9.34E-07,-1.08E-06
-80,107925000,1.63E-06,-77.33576,3.58E-07,-1.59E-06
-80,107950000,2.83E-06,-165.8647,-2.75E-06,-6.91E-07
-80,107975000,1.87E-06,158.4172,-1.74E-06,6.88E-07
-80,108000000,4.33E-06,-170.1706,-4.27E-06,-7.39E-07
-80,108025000,5.97E-06,172.8545,-5.92E-06,7.43E-07
-80,108050000,8.79E-06,177.1998,-8.78E-06,4.30E-07
-80,108075000,1.33E-05,-167.5079,-1.30E-05,-2.87E-06
-80,108100000,1.45E-05,166.109,-1.41E-05,3.49E-06
-80,108125000,1.86E-05,173.7674,-1.85E-05,2.02E-06
-80,108150000,1.95E-05,174.0764,-1.94E-05,2.02E-06
-80,108175000,2.33E-05,-177.5889,-2.33E-05,-9.81E-07
-80,108200000,2.64E-05,-178.0478,-2.64E-05,-8.99E-07
-80,108225000,2.85E-05,-178.8245,-2.85E-05,-5.85E-07
-80,108250000,3.16E-05,-178.5115,-3.16E-05,-8.21E-07
-80,108275000,4.08E-05,-178.7507,-4.07E-05,-8.93E-07
-80,108300000,4.57E-05,178.3938,-4.56E-05,1.28E-06
-80,108325000,5.35E-05,176.2402,-5.33E-05,3.51E-06
-80,108350000,4.97E-05,174.4109,-4.94E-05,4.84E-06
-80,108375000,5.31E-05,177.7036,-5.30E-05,2.13E-06
-80,108400000,5.23E-05,179.9707,-5.23E-05,2.67E-08
-80,108425000,4.82E-05,-177.8457,-4.82E-05,-1.81E-06
-80,108450000,4.86E-05,179.0714,-4.86E-05,7.87E-07
-80,108475000,4.80E-05,176.7816,-4.79E-05,2.70E-06
-80,108500000,4.29E-05,-179.1532,-4.29E-05,-6.34E-07
-80,108525000,4.01E-05,-176.1397,-4.00E-05,-2.70E-06
-80,108550000,3.94E-05,177.7077,-3.94E-05,1.58E-06
-80,108575000,3.74E-05,179.8407,-3.74E-05,1.04E-07
-80,108600000,3.41E-05,-179.1276,-3.41E-05,-5.20E-07
-80,108625000,3.14E-05,179.8822,-3.14E-05,6.46E-08
-80,108650000,2.75E-05,175.4001,-2.74E-05,2.20E-06
-80,108675000,2.56E-05,178.9275,-2.56E-05,4.78E-07
-80,108700000,2.02E-05,176.1107,-2.02E-05,1.37E-06
-80,108725000,1.62E-05,170.0633,-1.59E-05,2.79E-06
-80,108750000,1.57E-05,174.6878,-1.56E-05,1.45E-06
-80,108775000,1.05E-05,-172.467,-1.04E-05,-1.38E-06
-80,108800000,6.12E-06,160.3574,-5.76E-06,2.06E-06
-80,108825000,6.59E-06,172.3649,-6.53E-06,8.75E-07
-80,108850000,2.62E-06,-179.8089,-2.62E-06,-8.73E-09
-80,108875000,3.84E-06,147.8666,-3.25E-06,2.04E-06
-80,108900000,9.14E-07,-13.24245,8.90E-07,-2.09E-07
-80,108925000,4.68E-07,35.12644,3.83E-07,2.69E-07
-80,108950000,2.81E-06,18.93398,2.65E-06,9.10E-07
-80,108975000,6.45E-06,4.656421,6.43E-06,5.24E-07
-80,109000000,8.70E-06,-6.798274,8.64E-06,-1.03E-06
-80,109025000,9.71E-06,1.265878,9.71E-06,2.15E-07
-80,109050000,9.40E-06,1.348911,9.40E-06,2.21E-07
-80,109075000,1.02E-05,-5.140419,1.02E-05,-9.15E-07
-80,109100000,9.30E-06,3.593757,9.28E-06,5.83E-07
-80,109125000,9.51E-06,3.833121,9.49E-06,6.36E-07
-80,109150000,1.06E-05,6.736823,1.06E-05,1.25E-06
-80,109175000,1.06E-05,3.85605,1.05E-05,7.10E-07
-80,109200000,9.34E-06,-0.9203461,9.34E-06,-1.50E-07
-80,109225000,1.13E-05,2.098959,1.13E-05,4.15E-07
-80,109250000,1.12E-05,4.183084,1.11E-05,8.15E-07
-80,109275000,1.25E-05,-2.451025,1.25E-05,-5.36E-07
-80,109300000,8.90E-06,-2.357909,8.89E-06,-3.66E-07
-80,109325000,1.04E-05,4.175933,1.04E-05,7.61E-07
-80,109350000,9.14E-06,5.010591,9.11E-06,7.98E-07
-80,109375000,9.52E-06,-1.361697,9.52E-06,-2.26E-07
-80,109400000,9.72E-06,4.793413,9.69E-06,8.12E-07
-80,109425000,1.01E-05,-0.7543059,1.01E-05,-1.33E-07
-80,109450000,7.88E-06,-5.576667,7.84E-06,-7.66E-07
-80,109475000,8.27E-06,-4.506252,8.24E-06,-6.50E-07
-80,109500000,8.55E-06,0.6021565,8.55E-06,8.98E-08
-80,109525000,8.97E-06,-3.052031,8.95E-06,-4.77E-07
-80,109550000,7.96E-06,-9.061495,7.86E-06,-1.25E-06
-80,109575000,7.29E-06,1.626271,7.29E-06,2.07E-07
-80,109600000,7.63E-06,-2.812975,7.62E-06,-3.74E-07
-80,109625000,6.66E-06,6.370324,6.62E-06,7.39E-07
-80,109650000,6.95E-06,-5.663384,6.92E-06,-6.86E-07
-80,109675000,8.64E-06,-2.999938,8.63E-06,-4.51E-07
-80,109700000,6.95E-06,-0.7517037,6.95E-06,-9.12E-08
-80,109725000,6.36E-06,4.270326,6.34E-06,4.73E-07
-80,109750000,6.36E-06,-6.937433,6.32E-06,-7.69E-07
-80,109775000,5.58E-06,0.06043612,5.58E-06,5.88E-09
-80,109800000,5.48E-06,-0.2266283,5.48E-06,-2.17E-08
-80,109825000,5.39E-06,1.278623,5.39E-06,1.20E-07
-80,109850000,4.24E-06,1.353207,4.24E-06,1.00E-07
-80,109875000,4.37E-06,-4.573912,4.36E-06,-3.49E-07
-80,109900000,4.10E-06,-5.017476,4.09E-06,-3.59E-07
-80,109925000,4.88E-06,1.172209,4.88E-06,9.98E-08
-80,109950000,4.21E-06,-2.534592,4.21E-06,-1.86E-07
-80,109975000,3.96E-06,-3.082317,3.95E-06,-2.13E-07
-80,110000000,3.55E-06,-11.54284,3.47E-06,-7.10E-07
-80,110025000,3.08E-06,-4.634673,3.07E-06,-2.49E-07
-80,110050000,3.02E-06,5.205592,3.00E-06,2.74E-07
-80,110075000,2.02E-06,2.484514,2.02E-06,8.75E-08
-80,110100000,2.76E-06,-4.720487,2.75E-06,-2.27E-07
-80,110125000,2.34E-06,3.001625,2.33E-06,1.22E-07
-80,110150000,1.93E-06,-7.429313,1.91E-06,-2.49E-07
-80,110175000,1.83E-06,-3.924201,1.83E-06,-1.25E-07
-80,110200000,1.19E-06,-37.00039,9.50E-07,-7.16E-07
-80,110225000,1.27E-06,8.497071,1.25E-06,1.87E-07
-80,110250000,1.70E-06,-28.71389,1.49E-06,-8.16E-07
-80,110275000,2.75E-07,73.4577,7.84E-08,2.64E-07
-80,110300000,6.02E-07,-72.87,1.77E-07,-5.75E-07
-80,110325000,4.85E-07,-6.265932,4.82E-07,-5.30E-08
-80,110350000,8.97E-08,64.9838,3.79E-08,8.13E-08
-80,110375000,6.09E-07,162.8548,-5.82E-07,1.80E-07
-80,110400000,4.22E-07,151.4654,-3.71E-07,2.02E-07
-80,110425000,1.56E-07,-129.2076,-9.84E-08,-1.21E-07
-80,110450000,6.40E-07,-152.5694,-5.68E-07,-2.95E-07
-80,110475000,6.26E-07,-172.2683,-6.21E-07,-8.43E-08
-80,110500000,1.04E-06,-169.1507,-1.02E-06,-1.95E-07
-80,110525000,1.29E-06,168.8954,-1.26E-06,2.48E-07
-80,110550000,1.05E-06,176.6992,-1.05E-06,6.03E-08
-80,110575000,1.13E-06,-144.0322,-9.18E-07,-6.66E-07
-80,110600000,6.54E-07,-159.549,-6.13E-07,-2.29E-07
-80,110625000,1.68E-06,171.5907,-1.66E-06,2.46E-07
-80,110650000,1.06E-06,-165.319,-1.03E-06,-2.69E-07
-80,110675000,1.58E-06,-156.8902,-1.45E-06,-6.20E-07
-80,110700000,2.17E-06,-157.9338,-2.01E-06,-8.16E-07
-80,110725000,2.13E-06,-169.1742,-2.10E-06,-4.01E-07
-80,110750000,1.55E-06,176.9626,-1.54E-06,8.20E-08
-80,110775000,1.75E-06,-168.6023,-1.72E-06,-3.46E-07
-80,110800000,1.82E-06,178.1174,-1.81E-06,5.96E-08
-80,110825000,2.61E-06,174.2723,-2.60E-06,2.61E-07
-80,110850000,2.19E-06,167.3919,-2.14E-06,4.78E-07
-80,110875000,1.50E-06,-165.8677,-1.46E-06,-3.67E-07
-80,110900000,1.50E-06,169.8505,-1.48E-06,2.64E-07
-80,110925000,2.38E-06,170.7443,-2.35E-06,3.82E-07
-80,110950000,6.85E-07,-160.9493,-6.47E-07,-2.24E-07
-80,110975000,2.84E-06,-168.3935,-2.78E-06,-5.71E-07
-80,111000000,1.86E-06,-167.7699,-1.82E-06,-3.94E-07
-76,106000000,8.00E-07,-3.493259,7.98E-07,-4.87E-08
-76,106025000,1.32E-06,-11.15275,1.29E-06,-2.55E-07
-76,106050000,1.39E-06,-34.37448,1.15E-06,-7.83E-07
-76,106075000,1.20E-06,2.179261,1.20E-06,4.55E-08
-76,106100000,5.05E-07,-10.00825,4.97E-07,-8.78E-08
-76,106125000,1.64E-07,-145.35,-1.35E-07,-9.33E-08
-76,106150000,1.44E-06,-26.71607,1.28E-06,-6.45E-07
-76,106175000,1.45E-06,6.885673,1.44E-06,1.74E-07
-76,106200000,1.89E-06,-8.442784,1.87E-06,-2.77E-07
-76,106225000,1.77E-06,4.477305,1.77E-06,1.38E-07
-76,106250000,1.32E-06,-11.68879,1.29E-06,-2.66E-07
-76,106275000,2.07E-06,11.09095,2.03E-06,3.98E-07
-76,106300000,1.38E-06,-35.05651,1.13E-06,-7.93E-07
-76,106325000,1.31E-06,-12.67374,1.28E-06,-2.88E-07
-76,106350000,1.22E-06,-14.85854,1.18E-06,-3.12E-07
-76,106375000,2.14E-06,-4.279587,2.13E-06,-1.59E-07
-76,106400000,1.94E-06,-24.63712,1.76E-06,-8.09E-07
-76,106425000,2.22E-06,-5.43977,2.21E-06,-2.11E-07
-76,106450000,1.80E-06,-0.3237262,1.80E-06,-1.02E-08
-76,106475000,1.43E-06,13.21382,1.39E-06,3.27E-07
-76,106500000,1.72E-06,2.956491,1.72E-06,8.88E-08
-76,106525000,2.24E-06,4.203144,2.23E-06,1.64E-07
-76,106550000,2.87E-06,-6.145572,2.85E-06,-3.07E-07
-76,106575000,3.00E-06,0.5321811,3.00E-06,2.78E-08
-76,106600000,3.19E-06,-6.91059,3.17E-06,-3.84E-07
-76,106625000,3.08E-06,-13.38275,2.99E-06,-7.12E-07
-76,106650000,4.25E-06,1.91884,4.25E-06,1.42E-07
-76,106675000,3.28E-06,3.185901,3.27E-06,1.82E-07
-76,106700000,3.11E-06,-11.03508,3.05E-06,-5.94E-07
-76,106725000,2.61E-06,24.96545,2.37E-06,1.10E-06
-76,106750000,3.04E-06,-13.52629,2.95E-06,-7.10E-07
-76,106775000,4.56E-06,-6.709359,4.53E-06,-5.32E-07
-76,106800000,4.55E-06,-11.76783,4.45E-06,-9.27E-07
-76,106825000,4.36E-06,2.533145,4.36E-06,1.93E-07
-76,106850000,4.97E-06,-4.047798,4.95E-06,-3.51E-07
-76,106875000,4.56E-06,6.53668,4.53E-06,5.19E-07
-76,106900000,4.57E-06,10.70804,4.49E-06,8.49E-07
-76,106925000,4.59E-06,9.457473,4.53E-06,7.54E-07
-76,106950000,4.11E-06,-10.5586,4.05E-06,-7.54E-07
-76,106975000,5.08E-06,-4.847213,5.06E-06,-4.29E-07
-76,107000000,5.99E-06,-8.110266,5.93E-06,-8.46E-07
-76,107025000,4.57E-06,-9.467923,4.51E-06,-7.51E-07
-76,107050000,6.42E-06,-5.285627,6.39E-06,-5.92E-07
-76,107075000,6.76E-06,7.018199,6.71E-06,8.26E-07
-76,107100000,5.74E-06,-6.031877,5.70E-06,-6.03E-07
-76,107125000,6.18E-06,-9.549052,6.10E-06,-1.03E-06
-76,107150000,6.70E-06,9.543656,6.61E-06,1.11E-06
-76,107175000,5.81E-06,-7.08249,5.77E-06,-7.17E-07
-76,107200000,6.19E-06,4.386343,6.17E-06,4.73E-07
-76,107225000,6.31E-06,-3.656527,6.30E-06,-4.03E-07
-76,107250000,8.08E-06,1.815683,8.07E-06,2.56E-07
-76,107275000,7.12E-06,2.045922,7.12E-06,2.54E-07
-76,107300000,7.24E-06,-5.006151,7.22E-06,-6.32E-07
-76,107325000,7.14E-06,-12.90472,6.96E-06,-1.59E-06
-76,107350000,6.11E-06,1.745585,6.10E-06,1.86E-07
-76,107375000,7.35E-06,1.988849,7.35E-06,2.55E-07
-76,107400000,6.62E-06,-13.26297,6.44E-06,-1.52E-06
-76,107425000,6.82E-06,3.546916,6.80E-06,4.22E-07
-76,107450000,5.64E-06,-6.81412,5.60E-06,-6.70E-07
-76,107475000,7.23E-06,-7.508801,7.17E-06,-9.45E-07
-76,107500000,7.21E-06,0.7677954,7.21E-06,9.66E-08
-76,107525000,7.01E-06,9.772937,6.90E-06,1.19E-06
-76,107550000,5.66E-06,-12.8434,5.52E-06,-1.26E-06
-76,107575000,6.14E-06,-15.57963,5.91E-06,-1.65E-06
-76,107600000,8.23E-06,-13.49543,8.00E-06,-1.92E-06
-76,107625000,6.49E-06,-18.43403,6.16E-06,-2.05E-06
-76,107650000,6.21E-06,-3.59388,6.19E-06,-3.89E-07
-76,107675000,5.62E-06,-2.387743,5.61E-06,-2.34E-07
-76,107700000,5.64E-06,0.667774,5.64E-06,6.58E-08
-76,107725000,5.10E-06,-17.62193,4.86E-06,-1.54E-06
-76,107750000,3.85E-06,-31.3121,3.29E-06,-2.00E-06
-76,107775000,2.39E-06,11.60803,2.34E-06,4.81E-07
-76,107800000,2.87E-06,-23.59957,2.63E-06,-1.15E-06
-76,107825000,2.99E-06,-69.28575,1.06E-06,-2.80E-06
-76,107850000,4.58E-07,172.3318,-4.54E-07,6.11E-08
-76,107875000,3.52E-06,-153.6492,-3.15E-06,-1.56E-06
-76,107900000,1.87E-06,-152.259,-1.65E-06,-8.70E-07
-76,107925000,4.06E-06,176.3125,-4.05E-06,2.61E-07
-76,107950000,8.68E-06,-174.2782,-8.64E-06,-8.66E-07
-76,107975000,1.19E-05,-174.8178,-1.18E-05,-1.07E-06
-76,108000000,1.30E-05,177.8726,-1.30E-05,4.84E-07
-76,108025000,1.50E-05,-178.584,-1.50E-05,-3.71E-07
-76,108050000,2.28E-05,-177.9513,-2.28E-05,-8.15E-07
-76,108075000,2.44E-05,-172.8348,-2.43E-05,-3.05E-06
-76,108100000,2.91E-05,-174.3721,-2.89E-05,-2.85E-06
-76,108125000,3.79E-05,-177.6161,-3.79E-05,-1.58E-06
-76,108150000,4.56E-05,-175.7374,-4.54E-05,-3.39E-06
-76,108175000,4.87E-05,179.1796,-4.87E-05,6.97E-07
-76,108200000,5.29E-05,-179.0865,-5.29E-05,-8.44E-07
-76,108225000,6.03E-05,178.1403,-6.03E-05,1.96E-06
-76,108250000,7.32E-05,179.0917,-7.32E-05,1.16E-06
-76,108275000,7.35E-05,179.3291,-7.35E-05,8.61E-07
-76,108300000,7.41E-05,179.8149,-7.41E-05,2.39E-07
-76,108325000,7.21E-05,-179.4746,-7.21E-05,-6.61E-07
-76,108350000,7.82E-05,176.7094,-7.81E-05,4.49E-06
-76,108375000,8.31E-05,-179.9595,-8.31E-05,-5.87E-08
-76,108400000,7.93E-05,179.1607,-7.93E-05,1.16E-06
-76,108425000,7.23E-05,178.3148,-7.23E-05,2.13E-06
-76,108450000,7.60E-05,177.7029,-7.60E-05,3.05E-06
-76,108475000,8.06E-05,179.3181,-8.05E-05,9.59E-07
-76,108500000,6.77E-05,175.9243,-6.75E-05,4.81E-06
-76,108525000,6.12E-05,178.5187,-6.12E-05,1.58E-06
-76,108550000,5.12E-05,174.6225,-5.10E-05,4.80E-06
-76,108575000,4.31E-05,177.3267,-4.30E-05,2.01E-06
-76,108600000,4.10E-05,175.2978,-4.09E-05,3.36E-06
-76,108625000,3.67E-05,173.2955,-3.65E-05,4.29E-06
-76,108650000,3.14E-05,175.4867,-3.13E-05,2.47E-06
-76,108675000,2.56E-05,174.7262,-2.55E-05,2.35E-06
-76,108700000,2.04E-05,172.2499,-2.02E-05,2.75E-06
-76,108725000,1.27E-05,169.4871,-1.25E-05,2.32E-06
-76,108750000,7.26E-06,174.9515,-7.24E-06,6.39E-07
-76,108775000,3.06E-06,136.5277,-2.22E-06,2.10E-06
-76,108800000,3.24E-06,-3.460693,3.24E-06,-1.96E-07
-76,108825000,8.98E-06,19.89065,8.45E-06,3.06E-06
-76,108850000,6.34E-06,18.83662,6.00E-06,2.05E-06
-76,108875000,1.40E-05,7.740836,1.39E-05,1.89E-06
-76,108900000,1.48E-05,-2.750787,1.48E-05,-7.10E-07
-76,108925000,1.73E-05,6.405284,1.72E-05,1.93E-06
-76,108950000,1.68E-05,1.836304,1.68E-05,5.40E-07
-76,108975000,1.78E-05,2.715823,1.78E-05,8.43E-07
-76,109000000,1.78E-05,1.000488,1.78E-05,3.10E-07
-76,109025000,2.02E-05,-2.055962,2.02E-05,-7.24E-07
-76,109050000,2.16E-05,-1.254844,2.16E-05,-4.74E-07
-76,109075000,2.05E-05,-0.7073106,2.05E-05,-2.53E-07
-76,109100000,1.99E-05,0.9106135,1.99E-05,3.16E-07
-76,109125000,2.05E-05,-5.137072,2.04E-05,-1.83E-06
-76,109150000,1.96E-05,0.5374577,1.96E-05,1.84E-07
-76,109175000,2.02E-05,-1.103771,2.02E-05,-3.90E-07
-76,109200000,1.82E-05,2.729924,1.81E-05,8.65E-07
-76,109225000,1.80E-05,1.561654,1.80E-05,4.90E-07
-76,109250000,2.11E-05,-2.238224,2.11E-05,-8.24E-07
-76,109275000,1.86E-05,-0.2047579,1.86E-05,-6.64E-08
-76,109300000,1.78E-05,-0.2605946,1.78E-05,-8.08E-08
-76,109325000,1.62E-05,0.5813486,1.62E-05,1.65E-07
-76,109350000,1.58E-05,-1.080667,1.58E-05,-2.97E-07
-76,109375000,1.50E-05,1.189226,1.50E-05,3.11E-07
-76,109400000,1.42E-05,-2.642374,1.42E-05,-6.54E-07
-76,109425000,1.35E-05,7.041074,1.34E-05,1.66E-06
-76,109450000,1.22E-05,-1.916654,1.22E-05,-4.09E-07
-76,109475000,1.20E-05,-0.5983251,1.20E-05,-1.25E-07
-76,109500000,1.17E-05,-1.931073,1.17E-05,-3.94E-07
-76,109525000,1.17E-05,-4.004987,1.17E-05,-8.16E-07
-76,109550000,1.09E-05,1.633524,1.09E-05,3.10E-07
-76,109575000,1.11E-05,0.9464376,1.11E-05,1.83E-07
-76,109600000,1.08E-05,-2.141285,1.08E-05,-4.03E-07
-76,109625000,8.52E-06,-1.090718,8.52E-06,-1.62E-07
-76,109650000,8.51E-06,1.14232,8.50E-06,1.70E-07
-76,109675000,7.97E-06,-1.75665,7.97E-06,-2.44E-07
-76,109700000,7.32E-06,-3.942581,7.30E-06,-5.03E-07
-76,109725000,6.56E-06,2.541942,6.55E-06,2.91E-07
-76,109750000,7.14E-06,-3.240167,7.13E-06,-4.04E-07
-76,109775000,7.52E-06,-0.4578555,7.52E-06,-6.01E-08
-76,109800000,5.40E-06,-3.330059,5.39E-06,-3.14E-07
-76,109825000,5.68E-06,-4.659726,5.66E-06,-4.62E-07
-76,109850000,5.29E-06,0.5790501,5.29E-06,5.35E-08
-76,109875000,4.52E-06,-3.067495,4.51E-06,-2.42E-07
-76,109900000,4.13E-06,-2.009176,4.12E-06,-1.45E-07
-76,109925000,3.71E-06,-2.142474,3.71E-06,-1.39E-07
-76,109950000,4.69E-06,-9.872541,4.62E-06,-8.04E-07
-76,109975000,3.06E-06,-9.793953,3.01E-06,-5.20E-07
-76,110000000,2.77E-06,-5.858103,2.76E-06,-2.83E-07
-76,110025000,2.25E-06,-26.62288,2.02E-06,-1.01E-06
-76,110050000,1.78E-06,-7.635883,1.76E-06,-2.36E-07
-76,110075000,2.50E-06,-20.13089,2.35E-06,-8.62E-07
-76,110100000,1.64E-06,-10.12486,1.61E-06,-2.88E-07
-76,110125000,1.74E-06,-13.34382,1.70E-06,-4.03E-07
-76,110150000,2.01E-06,-26.8945,1.79E-06,-9.09E-07
-76,110175000,7.78E-07,-5.504029,7.74E-07,-7.46E-08
-76,110200000,1.18E-07,21.00973,1.10E-07,4.24E-08
-76,110225000,5.91E-08,-41.55305,4.42E-08,-3.92E-08
-76,110250000,2.75E-07,85.15667,2.32E-08,2.74E-07
-76,110275000,7.10E-07,135.6147,-5.07E-07,4.97E-07
-76,110300000,1.53E-06,-144.9406,-1.25E-06,-8.78E-07
-76,110325000,4.61E-07,-172.3493,-4.57E-07,-6.14E-08
-76,110350000,1.33E-06,-143.5487,-1.07E-06,-7.89E-07
-76,110375000,1.50E-06,-178.8126,-1.50E-06,-3.11E-08
-76,110400000,1.22E-06,-147.9618,-1.03E-06,-6.45E-07
-76,110425000,1.78E-06,-177.2366,-1.78E-06,-8.58E-08
-76,110450000,1.47E-06,161.9834,-1.40E-06,4.54E-07
-76,110475000,2.64E-06,-173.2672,-2.62E-06,-3.09E-07
-76,110500000,2.98E-06,-161.4737,-2.82E-06,-9.46E-07
-76,110525000,2.98E-06,179.4226,-2.98E-06,3.00E-08
-76,110550000,3.24E-06,-162.6437,-3.10E-06,-9.68E-07
-76,110575000,2.44E-06,-172.6272,-2.42E-06,-3.13E-07
-76,110600000,3.04E-06,176.7963,-3.03E-06,1.70E-07
-76,110625000,3.01E-06,165.4328,-2.91E-06,7.56E-07
-76,110650000,3.47E-06,174.5517,-3.45E-06,3.29E-07
-76,110675000,3.62E-06,171.9823,-3.58E-06,5.04E-07
-76,110700000,3.05E-06,176.5979,-3.05E-06,1.81E-07
-76,110725000,4.45E-06,179.8603,-4.45E-06,1.08E-08
-76,110750000,3.38E-06,178.1784,-3.38E-06,1.07E-07
-76,110775000,2.33E-06,163.447,-2.23E-06,6.64E-07
-76,110800000,3.98E-06,-174.9125,-3.97E-06,-3.53E-07
-76,110825000,3.99E-06,-174.6971,-3.97E-06,-3.69E-07
-76,110850000,4.49E-06,-178.4447,-4.48E-06,-1.22E-07
-76,110875000,4.27E-06,179.4557,-4.27E-06,4.05E-08
-76,110900000,3.21E-06,175.1737,-3.20E-06,2.70E-07
-76,110925000,4.54E-06,176.1939,-4.53E-06,3.02E-07
-76,110950000,3.84E-06,-179.0472,-3.84E-06,-6.39E-08
-76,110975000,3.59E-06,174.7907,-3.57E-06,3.26E-07
-76,111000000,4.42E-06,-171.7463,-4.37E-06,-6.35E-07
-72,106000000,2.90E-06,16.33451,2.78E-06,8.15E-07
-72,106025000,1.72E-06,-13.86144,1.67E-06,-4.12E-07
-72,106050000,1.83E-06,-3.646131,1.82E-06,-1.16E-07
-72,106075000,1.63E-06,-11.23723,1.60E-06,-3.18E-07
-72,106100000,2.09E-06,-24.31412,1.91E-06,-8.62E-07
-72,106125000,2.20E-06,3.61198,2.20E-06,1.39E-07
-72,106150000,1.77E-06,-0.4596723,1.77E-06,-1.42E-08
-72,106175000,2.03E-06,1.005826,2.03E-06,3.56E-08
-72,106200000,2.94E-06,-5.362589,2.93E-06,-2.75E-07
-72,106225000,2.20E-06,-10.19209,2.17E-06,-3.89E-07
-72,106250000,2.49E-06,-7.767214,2.46E-06,-3.36E-07
-72,106275000,3.14E-06,-4.728848,3.13E-06,-2.59E-07
-72,106300000,2.16E-06,6.1755,2.14E-06,2.32E-07
-72,106325000,2.58E-06,1.327389,2.58E-06,5.98E-08
-72,106350000,2.14E-06,5.654102,2.13E-06,2.11E-07
-72,106375000,2.99E-06,-9.634306,2.95E-06,-5.01E-07
-72,106400000,3.14E-06,-22.1886,2.91E-06,-1.19E-06
-72,106425000,2.35E-06,6.95097,2.33E-06,2.84E-07
-72,106450000,3.50E-06,-8.266267,3.47E-06,-5.04E-07
-72,106475000,2.80E-06,-2.707026,2.79E-06,-1.32E-07
-72,106500000,3.16E-06,11.33274,3.09E-06,6.20E-07
-72,106525000,3.99E-06,-10.68937,3.92E-06,-7.40E-07
-72,106550000,3.12E-06,4.357998,3.11E-06,2.37E-07
-72,106575000,3.81E-06,13.79185,3.70E-06,9.08E-07
-72,106600000,4.25E-06,3.835805,4.24E-06,2.84E-07
-72,106625000,4.63E-06,-1.158084,4.63E-06,-9.36E-08
-72,106650000,4.60E-06,-8.86288,4.54E-06,-7.09E-07
-72,106675000,4.74E-06,-6.712173,4.71E-06,-5.54E-07
-72,106700000,5.20E-06,9.641983,5.13E-06,8.71E-07
-72,106725000,3.84E-06,8.576123,3.80E-06,5.73E-07
-72,106750000,5.19E-06,1.213873,5.19E-06,1.10E-07
-72,106775000,4.75E-06,-7.149631,4.71E-06,-5.91E-07
-72,106800000,5.83E-06,1.984792,5.83E-06,2.02E-07
-72,106825000,5.71E-06,-9.338914,5.63E-06,-9.26E-07
-72,106850000,5.78E-06,1.281861,5.78E-06,1.29E-07
-72,106875000,6.27E-06,-4.305761,6.25E-06,-4.71E-07
-72,106900000,6.18E-06,-10.9273,6.07E-06,-1.17E-06
-72,106925000,5.91E-06,-7.71025,5.86E-06,-7.94E-07
-72,106950000,5.32E-06,9.87526,5.24E-06,9.13E-07
-72,106975000,6.50E-06,-1.222069,6.50E-06,-1.39E-07
-72,107000000,6.77E-06,-6.476889,6.73E-06,-7.64E-07
-72,107025000,7.22E-06,-2.269021,7.22E-06,-2.86E-07
-72,107050000,6.20E-06,-1.431809,6.20E-06,-1.55E-07
-72,107075000,6.36E-06,0.1716317,6.36E-06,1.90E-08
-72,107100000,6.74E-06,-13.17728,6.56E-06,-1.54E-06
-72,107125000,6.42E-06,4.80469,6.39E-06,5.37E-07
-72,107150000,7.41E-06,-12.88004,7.23E-06,-1.65E-06
-72,107175000,7.34E-06,-6.778699,7.29E-06,-8.67E-07
-72,107200000,6.25E-06,-3.704297,6.24E-06,-4.04E-07
-72,107225000,7.06E-06,-3.320237,7.05E-06,-4.09E-07
-72,107250000,7.06E-06,-0.4299474,7.06E-06,-5.30E-08
-72,107275000,8.77E-06,-4.072695,8.75E-06,-6.23E-07
-72,107300000,6.92E-06,-9.024837,6.84E-06,-1.09E-06
-72,107325000,7.51E-06,6.179646,7.46E-06,8.08E-07
-72,107350000,6.88E-06,-1.171936,6.88E-06,-1.42E-07
-72,107375000,7.90E-06,-2.295919,7.90E-06,-3.17E-07
-72,107400000,6.66E-06,2.465253,6.65E-06,2.86E-07
-72,107425000,5.29E-06,2.979167,5.28E-06,2.75E-07
-72,107450000,6.07E-06,-4.274014,6.05E-06,-4.52E-07
-72,107475000,6.37E-06,-5.927744,6.33E-06,-6.57E-07
-72,107500000,6.53E-06,-0.9606101,6.53E-06,-1.09E-07
-72,107525000,6.66E-06,-3.46572,6.65E-06,-4.03E-07
-72,107550000,5.12E-06,5.192028,5.10E-06,4.64E-07
-72,107575000,5.32E-06,-2.116724,5.32E-06,-1.97E-07
-72,107600000,5.20E-06,-8.500418,5.15E-06,-7.69E-07
-72,107625000,4.24E-06,7.591747,4.20E-06,5.60E-07
-72,107650000,2.73E-06,-32.47851,2.31E-06,-1.47E-06
-72,107675000,1.34E-06,-44.38583,9.60E-07,-9.39E-07
-72,107700000,1.55E-06,9.214552,1.53E-06,2.48E-07
-72,107725000,3.50E-07,-69.7255,1.21E-07,-3.28E-07
-72,107750000,1.65E-06,-177.4897,-1.64E-06,-7.21E-08
-72,107775000,2.80E-06,160.4577,-2.64E-06,9.37E-07
-72,107800000,4.38E-06,165.2928,-4.24E-06,1.11E-06
-72,107825000,7.51E-06,179.6139,-7.51E-06,5.06E-08
-72,107850000,1.05E-05,-174.5048,-1.05E-05,-1.01E-06
-72,107875000,1.24E-05,-178.0555,-1.24E-05,-4.20E-07
-72,107900000,1.57E-05,-176.6458,-1.57E-05,-9.19E-07
-72,107925000,1.94E-05,178.5219,-1.94E-05,5.01E-07
-72,107950000,1.99E-05,-177.5571,-1.98E-05,-8.47E-07
-72,107975000,2.06E-05,-176.2818,-2.06E-05,-1.34E-06
-72,108000000,2.79E-05,-177.5907,-2.78E-05,-1.17E-06
-72,108025000,3.48E-05,178.7208,-3.48E-05,7.77E-07
-72,108050000,4.20E-05,-179.2679,-4.20E-05,-5.37E-07
-72,108075000,4.60E-05,178.9376,-4.60E-05,8.54E-07
-72,108100000,4.77E-05,179.5568,-4.77E-05,3.69E-07
-72,108125000,4.72E-05,178.7707,-4.72E-05,1.01E-06
-72,108150000,5.25E-05,-177.9328,-5.24E-05,-1.89E-06
-72,108175000,6.80E-05,-178.8987,-6.80E-05,-1.31E-06
-72,108200000,7.70E-05,178.5511,-7.70E-05,1.95E-06
-72,108225000,8.53E-05,-179.6878,-8.53E-05,-4.65E-07
-72,108250000,9.24E-05,179.5503,-9.24E-05,7.25E-07
-72,108275000,0.000100911,178.7781,-0.000100888,2.15E-06
-72,108300000,0.000100903,177.4741,-0.000100805,4.45E-06
-72,108325000,0.000101755,178.7706,-0.000101731,2.18E-06
-72,108350000,9.52E-05,179.1814,-9.52E-05,1.36E-06
-72,108375000,9.42E-05,177.8771,-9.41E-05,3.49E-06
-72,108400000,9.69E-05,178.9394,-9.69E-05,1.79E-06
-72,108425000,9.63E-05,177.0363,-9.62E-05,4.98E-06
-72,108450000,8.95E-05,177.341,-8.94E-05,4.15E-06
-72,108475000,8.27E-05,176.2497,-8.26E-05,5.41E-06
-72,108500000,7.17E-05,177.2947,-7.16E-05,3.38E-06
-72,108525000,6.15E-05,178.5839,-6.15E-05,1.52E-06
-72,108550000,5.35E-05,179.3196,-5.35E-05,6.35E-07
-72,108575000,4.50E-05,174.0168,-4.48E-05,4.69E-06
-72,108600000,3.48E-05,175.8555,-3.47E-05,2.51E-06
-72,108625000,2.60E-05,170.9621,-2.57E-05,4.09E-06
-72,108650000,1.54E-05,175.8205,-1.53E-05,1.12E-06
-72,108675000,9.49E-06,175.5687,-9.47E-06,7.33E-07
-72,108700000,7.00E-06,149.1024,-6.01E-06,3.60E-06
-72,108725000,3.94E-06,41.34231,2.96E-06,2.60E-06
-72,108750000,9.84E-06,21.33487,9.17E-06,3.58E-06
-72,108775000,9.93E-06,-8.358228,9.82E-06,-1.44E-06
-72,108800000,1.94E-05,2.597789,1.94E-05,8.78E-07
-72,108825000,2.29E-05,2.079274,2.28E-05,8.29E-07
-72,108850000,2.76E-05,-1.281811,2.76E-05,-6.17E-07
-72,108875000,3.01E-05,-5.188768,2.99E-05,-2.72E-06
-72,108900000,2.93E-05,-1.078837,2.93E-05,-5.51E-07
-72,108925000,3.27E-05,2.641,3.27E-05,1.51E-06
-72,108950000,3.26E-05,0.6481357,3.26E-05,3.69E-07
-72,108975000,3.10E-05,2.188213,3.09E-05,1.18E-06
-72,109000000,3.01E-05,4.436577,3.00E-05,2.33E-06
-72,109025000,2.96E-05,-1.47633,2.96E-05,-7.63E-07
-72,109050000,3.26E-05,2.15735,3.26E-05,1.23E-06
-72,109075000,3.47E-05,-0.204403,3.47E-05,-1.24E-07
-72,109100000,3.26E-05,1.018265,3.26E-05,5.80E-07
-72,109125000,2.78E-05,-2.150238,2.78E-05,-1.04E-06
-72,109150000,2.75E-05,-2.20762,2.75E-05,-1.06E-06
-72,109175000,2.71E-05,-1.660405,2.70E-05,-7.84E-07
-72,109200000,2.60E-05,-0.3600219,2.60E-05,-1.63E-07
-72,109225000,2.78E-05,-1.424181,2.77E-05,-6.90E-07
-72,109250000,2.66E-05,-1.507774,2.66E-05,-6.99E-07
-72,109275000,2.66E-05,-0.7596058,2.66E-05,-3.53E-07
-72,109300000,2.47E-05,0.4521387,2.47E-05,1.95E-07
-72,109325000,2.27E-05,-3.74243,2.27E-05,-1.48E-06
-72,109350000,2.19E-05,-0.06356793,2.19E-05,-2.43E-08
-72,109375000,2.06E-05,-0.2666327,2.06E-05,-9.57E-08
-72,109400000,1.93E-05,0.4336147,1.93E-05,1.46E-07
-72,109425000,1.77E-05,-2.138529,1.77E-05,-6.62E-07
-72,109450000,1.68E-05,-4.969862,1.67E-05,-1.45E-06
-72,109475000,1.69E-05,0.4550277,1.69E-05,1.34E-07
-72,109500000,1.60E-05,-2.582387,1.60E-05,-7.23E-07
-72,109525000,1.50E-05,-2.460621,1.50E-05,-6.45E-07
-72,109550000,1.36E-05,-3.559869,1.36E-05,-8.47E-07
-72,109575000,1.28E-05,1.34275,1.28E-05,3.00E-07
-72,109600000,1.13E-05,-3.56102,1.13E-05,-7.03E-07
-72,109625000,1.01E-05,-2.427987,1.00E-05,-4.26E-07
-72,109650000,9.12E-06,1.298012,9.12E-06,2.07E-07
-72,109675000,9.01E-06,-3.784865,8.99E-06,-5.95E-07
-72,109700000,7.85E-06,-3.817862,7.83E-06,-5.23E-07
-72,109725000,6.97E-06,-2.664255,6.96E-06,-3.24E-07
-72,109750000,6.82E-06,-2.687587,6.81E-06,-3.20E-07
-72,109775000,5.94E-06,-1.968523,5.94E-06,-2.04E-07
-72,109800000,5.21E-06,-3.546192,5.20E-06,-3.22E-07
-72,109825000,4.19E-06,5.227012,4.18E-06,3.82E-07
-72,109850000,3.79E-06,2.233832,3.78E-06,1.48E-07
-72,109875000,3.07E-06,-7.37612,3.04E-06,-3.94E-07
-72,109900000,2.40E-06,-17.59483,2.29E-06,-7.26E-07
-72,109925000,2.41E-06,7.639025,2.39E-06,3.20E-07
-72,109950000,1.32E-06,15.90311,1.27E-06,3.61E-07
-72,109975000,1.15E-06,-21.59439,1.07E-06,-4.23E-07
-72,110000000,4.49E-07,-85.30016,3.68E-08,-4.47E-07
-72,110025000,7.81E-07,88.49128,2.06E-08,7.81E-07
-72,110050000,6.53E-07,158.1187,-6.06E-07,2.43E-07
-72,110075000,9.60E-07,-140.3556,-7.39E-07,-6.12E-07
-72,110100000,9.65E-07,-154.9558,-8.74E-07,-4.08E-07
-72,110125000,2.10E-06,-178.7906,-2.10E-06,-4.44E-08
-72,110150000,2.24E-06,176.8397,-2.24E-06,1.24E-07
-72,110175000,2.99E-06,179.1917,-2.99E-06,4.22E-08
-72,110200000,3.22E-06,-178.3548,-3.22E-06,-9.23E-08
-72,110225000,2.59E-06,-176.7624,-2.58E-06,-1.46E-07
-72,110250000,3.82E-06,172.2266,-3.78E-06,5.16E-07
-72,110275000,3.75E-06,176.5724,-3.75E-06,2.24E-07
-72,110300000,2.72E-06,-173.1571,-2.70E-06,-3.24E-07
-72,110325000,4.16E-06,176.1451,-4.15E-06,2.80E-07
-72,110350000,4.80E-06,-179.5861,-4.80E-06,-3.46E-08
-72,110375000,4.48E-06,-172.9001,-4.44E-06,-5.54E-07
-72,110400000,5.46E-06,179.5306,-5.45E-06,4.47E-08
-72,110425000,4.36E-06,177.3372,-4.35E-06,2.02E-07
-72,110450000,4.10E-06,178.1745,-4.10E-06,1.31E-07
-72,110475000,4.65E-06,174.3037,-4.63E-06,4.62E-07
-72,110500000,5.42E-06,-179.2725,-5.42E-06,-6.88E-08
-72,110525000,4.10E-06,176.3045,-4.10E-06,2.65E-07
-72,110550000,4.81E-06,-176.3107,-4.80E-06,-3.10E-07
-72,110575000,5.46E-06,-173.7594,-5.43E-06,-5.93E-07
-72,110600000,5.81E-06,177.2233,-5.80E-06,2.81E-07
-72,110625000,4.83E-06,-169.2416,-4.74E-06,-9.01E-07
-72,110650000,5.02E-06,-173.4269,-4.98E-06,-5.74E-07
-72,110675000,5.29E-06,-170.0454,-5.21E-06,-9.15E-07
-72,110700000,5.69E-06,-178.8489,-5.69E-06,-1.14E-07
-72,110725000,5.30E-06,-177.6285,-5.29E-06,-2.19E-07
-72,110750000,4.76E-06,164.9917,-4.60E-06,1.23E-06
-72,110775000,5.38E-06,-168.5493,-5.27E-06,-1.07E-06
-72,110800000,4.71E-06,-172.1172,-4.66E-06,-6.46E-07
-72,110825000,5.76E-06,171.792,-5.70E-06,8.23E-07
-72,110850000,4.67E-06,167.8986,-4.57E-06,9.79E-07
-72,110875000,5.52E-06,-175.7023,-5.50E-06,-4.14E-07
-72,110900000,5.12E-06,179.0522,-5.12E-06,8.47E-08
-72,110925000,5.24E-06,179.8605,-5.24E-06,1.28E-08
-72,110950000,4.34E-06,174.592,-4.32E-06,4.09E-07
-72,110975000,4.55E-06,179.1275,-4.55E-06,6.93E-08
-72,111000000,4.94E-06,173.2244,-4.90E-06,5.83E-07
-68,106000000,2.27E-06,-0.4440448,2.27E-06,-1.76E-08
-68,106025000,3.03E-06,-7.215774,3.01E-06,-3.81E-07
-68,106050000,2.17E-06,-4.15241,2.17E-06,-1.57E-07
-68,106075000,2.24E-06,-4.639399,2.23E-06,-1.81E-07
-68,106100000,2.25E-06,-7.081821,2.24E-06,-2.78E-07
-68,106125000,3.10E-06,-8.166765,3.07E-06,-4.40E-07
-68,106150000,2.25E-06,-19.94759,2.11E-06,-7.67E-07
-68,106175000,2.43E-06,-5.537141,2.42E-06,-2.35E-07
-68,106200000,2.40E-06,4.996316,2.39E-06,2.09E-07
-68,106225000,3.20E-06,5.784938,3.19E-06,3.23E-07
-68,106250000,2.82E-06,-12.12548,2.75E-06,-5.91E-07
-68,106275000,2.81E-06,-17.61166,2.68E-06,-8.51E-07
-68,106300000,4.93E-06,1.704374,4.93E-06,1.47E-07
-68,106325000,3.96E-06,4.350499,3.95E-06,3.00E-07
-68,106350000,3.83E-06,5.377124,3.82E-06,3.59E-07
-68,106375000,3.74E-06,2.060976,3.73E-06,1.34E-07
-68,106400000,4.15E-06,3.805465,4.14E-06,2.76E-07
-68,106425000,4.50E-06,3.912125,4.49E-06,3.07E-07
-68,106450000,4.17E-06,-15.37227,4.03E-06,-1.11E-06
-68,106475000,4.56E-06,-1.438789,4.56E-06,-1.15E-07
-68,106500000,4.56E-06,4.635697,4.55E-06,3.69E-07
-68,106525000,5.38E-06,1.412794,5.37E-06,1.33E-07
-68,106550000,5.30E-06,-5.379774,5.27E-06,-4.97E-07
-68,106575000,4.78E-06,-2.327064,4.77E-06,-1.94E-07
-68,106600000,4.63E-06,-3.681047,4.62E-06,-2.97E-07
-68,106625000,6.13E-06,-9.614799,6.04E-06,-1.02E-06
-68,106650000,5.92E-06,-0.9090831,5.92E-06,-9.39E-08
-68,106675000,6.06E-06,-3.717984,6.05E-06,-3.93E-07
-68,106700000,5.88E-06,-8.385727,5.81E-06,-8.57E-07
-68,106725000,5.84E-06,-0.9042201,5.84E-06,-9.22E-08
-68,106750000,5.94E-06,-3.654573,5.92E-06,-3.78E-07
-68,106775000,6.36E-06,-1.408805,6.35E-06,-1.56E-07
-68,106800000,6.59E-06,-7.118458,6.54E-06,-8.17E-07
-68,106825000,6.79E-06,2.235314,6.78E-06,2.65E-07
-68,106850000,6.92E-06,-5.079282,6.89E-06,-6.12E-07
-68,106875000,7.23E-06,0.1575957,7.23E-06,1.99E-08
-68,106900000,7.10E-06,-0.6932781,7.10E-06,-8.59E-08
-68,106925000,7.96E-06,0.3526178,7.96E-06,4.90E-08
-68,106950000,7.16E-06,1.445605,7.16E-06,1.81E-07
-68,106975000,7.49E-06,-6.557259,7.44E-06,-8.56E-07
-68,107000000,7.66E-06,-1.740396,7.65E-06,-2.32E-07
-68,107025000,6.64E-06,0.2396056,6.64E-06,2.78E-08
-68,107050000,6.39E-06,-9.575334,6.30E-06,-1.06E-06
-68,107075000,6.46E-06,-7.587403,6.40E-06,-8.53E-07
-68,107100000,6.89E-06,-8.507596,6.82E-06,-1.02E-06
-68,107125000,8.23E-06,-2.167595,8.22E-06,-3.11E-07
-68,107150000,8.63E-06,-0.09568017,8.63E-06,-1.44E-08
-68,107175000,7.54E-06,-1.966173,7.54E-06,-2.59E-07
-68,107200000,7.58E-06,-3.113775,7.57E-06,-4.12E-07
-68,107225000,6.56E-06,-0.481829,6.56E-06,-5.51E-08
-68,107250000,5.93E-06,-2.711615,5.92E-06,-2.81E-07
-68,107275000,6.66E-06,-5.500094,6.62E-06,-6.38E-07
-68,107300000,7.21E-06,-3.020988,7.20E-06,-3.80E-07
-68,107325000,6.71E-06,-9.865588,6.61E-06,-1.15E-06
-68,107350000,5.81E-06,-11.14207,5.70E-06,-1.12E-06
-68,107375000,5.11E-06,0.05484907,5.11E-06,4.89E-09
-68,107400000,6.31E-06,1.286847,6.31E-06,1.42E-07
-68,107425000,4.42E-06,-11.60776,4.33E-06,-8.90E-07
-68,107450000,4.39E-06,-10.81155,4.31E-06,-8.23E-07
-68,107475000,3.48E-06,-7.444626,3.45E-06,-4.51E-07
-68,107500000,3.77E-06,-19.04479,3.56E-06,-1.23E-06
-68,107525000,3.63E-06,-22.89384,3.35E-06,-1.41E-06
-68,107550000,1.81E-06,-49.79959,1.17E-06,-1.38E-06
-68,107575000,1.87E-06,-3.728175,1.86E-06,-1.21E-07
-68,107600000,1.14E-06,-150.7513,-9.96E-07,-5.58E-07
-68,107625000,2.95E-06,-152.8155,-2.62E-06,-1.35E-06
-68,107650000,4.26E-06,-175.4398,-4.24E-06,-3.39E-07
-68,107675000,7.03E-06,-179.1499,-7.03E-06,-1.04E-07
-68,107700000,6.69E-06,176.4642,-6.68E-06,4.12E-07
-68,107725000,8.88E-06,179.1455,-8.88E-06,1.32E-07
-68,107750000,1.16E-05,-178.0756,-1.16E-05,-3.91E-07
-68,107775000,1.36E-05,-179.4195,-1.36E-05,-1.38E-07
-68,107800000,1.48E-05,173.8624,-1.48E-05,1.59E-06
-68,107825000,1.71E-05,179.4285,-1.71E-05,1.71E-07
-68,107850000,2.22E-05,179.5566,-2.22E-05,1.72E-07
-68,107875000,2.53E-05,-176.0824,-2.53E-05,-1.73E-06
-68,107900000,2.97E-05,-178.7651,-2.97E-05,-6.40E-07
-68,107925000,3.09E-05,-178.0642,-3.09E-05,-1.04E-06
-68,107950000,3.89E-05,-178.9725,-3.89E-05,-6.98E-07
-68,107975000,4.57E-05,-177.3135,-4.56E-05,-2.14E-06
-68,108000000,5.12E-05,-177.0966,-5.12E-05,-2.60E-06
-68,108025000,5.98E-05,178.5004,-5.98E-05,1.57E-06
-68,108050000,6.64E-05,-178.8909,-6.64E-05,-1.29E-06
-68,108075000,7.49E-05,179.7459,-7.49E-05,3.32E-07
-68,108100000,7.53E-05,179.0037,-7.53E-05,1.31E-06
-68,108125000,8.55E-05,179.4625,-8.55E-05,8.02E-07
-68,108150000,9.44E-05,179,-9.44E-05,1.65E-06
-68,108175000,9.58E-05,178.1986,-9.58E-05,3.01E-06
-68,108200000,9.50E-05,179.0826,-9.50E-05,1.52E-06
-68,108225000,0.000105901,178.5983,-0.000105869,2.59E-06
-68,108250000,0.000110061,179.2186,-0.000110051,1.50E-06
-68,108275000,0.000109299,178.8635,-0.000109277,2.17E-06
-68,108300000,0.000114617,179.1125,-0.000114603,1.78E-06
-68,108325000,0.000114714,178.7037,-0.000114684,2.59E-06
-68,108350000,0.000113987,178.7159,-0.000113959,2.55E-06
-68,108375000,0.000106412,177.7584,-0.000106331,4.16E-06
-68,108400000,9.78E-05,178.4923,-9.78E-05,2.57E-06
-68,108425000,9.37E-05,177.7049,-9.36E-05,3.75E-06
-68,108450000,8.17E-05,178.2154,-8.16E-05,2.54E-06
-68,108475000,7.32E-05,176.6269,-7.30E-05,4.30E-06
-68,108500000,5.88E-05,175.9854,-5.86E-05,4.12E-06
-68,108525000,4.85E-05,177.0059,-4.84E-05,2.53E-06
-68,108550000,3.53E-05,173.5631,-3.51E-05,3.96E-06
-68,108575000,2.12E-05,171.9261,-2.10E-05,2.98E-06
-68,108600000,1.30E-05,163.0729,-1.24E-05,3.78E-06
-68,108625000,4.12E-06,110.0882,-1.41E-06,3.87E-06
-68,108650000,9.61E-06,15.6629,9.25E-06,2.59E-06
-68,108675000,1.93E-05,9.696583,1.91E-05,3.26E-06
-68,108700000,2.65E-05,-0.3332539,2.65E-05,-1.54E-07
-68,108725000,3.09E-05,1.856407,3.09E-05,1.00E-06
-68,108750000,3.73E-05,1.906605,3.73E-05,1.24E-06
-68,108775000,4.58E-05,0.623298,4.58E-05,4.99E-07
-68,108800000,4.92E-05,0.2095697,4.92E-05,1.80E-07
-68,108825000,5.25E-05,0.6712778,5.25E-05,6.15E-07
-68,108850000,5.28E-05,2.112243,5.28E-05,1.95E-06
-68,108875000,5.27E-05,1.821224,5.27E-05,1.68E-06
-68,108900000,5.23E-05,-0.06824973,5.23E-05,-6.23E-08
-68,108925000,4.88E-05,0.1841204,4.88E-05,1.57E-07
-68,108950000,5.31E-05,-1.57355,5.31E-05,-1.46E-06
-68,108975000,5.41E-05,-0.8866998,5.41E-05,-8.37E-07
-68,109000000,5.35E-05,-0.3063294,5.35E-05,-2.86E-07
-68,109025000,4.98E-05,-1.638654,4.98E-05,-1.42E-06
-68,109050000,5.02E-05,-1.323123,5.02E-05,-1.16E-06
-68,109075000,4.76E-05,-0.4346393,4.76E-05,-3.61E-07
-68,109100000,4.58E-05,-1.739655,4.57E-05,-1.39E-06
-68,109125000,4.44E-05,-0.3223635,4.44E-05,-2.50E-07
-68,109150000,3.96E-05,-0.5890088,3.96E-05,-4.07E-07
-68,109175000,4.03E-05,-2.038019,4.02E-05,-1.43E-06
-68,109200000,3.73E-05,-1.621684,3.73E-05,-1.05E-06
-68,109225000,3.68E-05,-1.344649,3.68E-05,-8.63E-07
-68,109250000,3.38E-05,-4.257465,3.37E-05,-2.51E-06
-68,109275000,3.22E-05,-3.970201,3.21E-05,-2.23E-06
-68,109300000,2.81E-05,1.363381,2.81E-05,6.70E-07
-68,109325000,2.70E-05,-1.220268,2.70E-05,-5.76E-07
-68,109350000,2.50E-05,-0.3811336,2.50E-05,-1.66E-07
-68,109375000,2.42E-05,-1.58546,2.42E-05,-6.70E-07
-68,109400000,2.10E-05,1.394014,2.10E-05,5.10E-07
-68,109425000,2.12E-05,-2.264353,2.12E-05,-8.38E-07
-68,109450000,1.92E-05,-4.263605,1.92E-05,-1.43E-06
-68,109475000,1.93E-05,-0.7444704,1.93E-05,-2.51E-07
-68,109500000,1.72E-05,-2.299282,1.72E-05,-6.92E-07
-68,109525000,1.49E-05,-2.043313,1.49E-05,-5.31E-07
-68,109550000,1.22E-05,-2.130398,1.22E-05,-4.54E-07
-68,109575000,1.11E-05,-5.265054,1.10E-05,-1.02E-06
-68,109600000,1.03E-05,-1.858679,1.03E-05,-3.33E-07
-68,109625000,9.99E-06,-2.539818,9.98E-06,-4.43E-07
-68,109650000,7.90E-06,-2.456428,7.89E-06,-3.38E-07
-68,109675000,7.02E-06,-3.516974,7.01E-06,-4.31E-07
-68,109700000,5.13E-06,-5.320461,5.11E-06,-4.76E-07
-68,109725000,5.39E-06,-14.07323,5.23E-06,-1.31E-06
-68,109750000,4.21E-06,-8.499297,4.17E-06,-6.23E-07
-68,109775000,2.68E-06,-3.77585,2.67E-06,-1.76E-07
-68,109800000,1.66E-06,-8.742684,1.64E-06,-2.52E-07
-68,109825000,1.68E-06,-20.79364,1.57E-06,-5.95E-07
-68,109850000,8.25E-07,-14.1709,8.00E-07,-2.02E-07
-68,109875000,5.86E-07,-42.90125,4.29E-07,-3.99E-07
-68,109900000,6.18E-07,173.9019,-6.14E-07,6.56E-08
-68,109925000,1.24E-06,-169.0953,-1.22E-06,-2.35E-07
-68,109950000,2.48E-06,174.7856,-2.47E-06,2.25E-07
-68,109975000,2.56E-06,-174.3674,-2.55E-06,-2.51E-07
-68,110000000,2.88E-06,176.2416,-2.87E-06,1.89E-07
-68,110025000,3.79E-06,-176.1969,-3.78E-06,-2.51E-07
-68,110050000,3.41E-06,-169.9215,-3.36E-06,-5.98E-07
-68,110075000,3.81E-06,-179.5003,-3.81E-06,-3.33E-08
-68,110100000,3.53E-06,-176.3197,-3.52E-06,-2.27E-07
-68,110125000,5.07E-06,176.7356,-5.07E-06,2.89E-07
-68,110150000,4.84E-06,178.6417,-4.84E-06,1.15E-07
-68,110175000,4.91E-06,-175.6368,-4.89E-06,-3.73E-07
-68,110200000,5.46E-06,-179.7035,-5.46E-06,-2.82E-08
-68,110225000,6.63E-06,-176.855,-6.62E-06,-3.64E-07
-68,110250000,6.74E-06,-175.5976,-6.72E-06,-5.17E-07
-68,110275000,6.99E-06,179.0017,-6.99E-06,1.22E-07
-68,110300000,6.80E-06,-175.1692,-6.78E-06,-5.73E-07
-68,110325000,6.66E-06,-173.3154,-6.61E-06,-7.75E-07
-68,110350000,7.23E-06,-179.9926,-7.23E-06,-9.26E-10
-68,110375000,7.50E-06,-178.4945,-7.49E-06,-1.97E-07
-68,110400000,6.96E-06,-174.8098,-6.94E-06,-6.30E-07
-68,110425000,6.88E-06,-171.8197,-6.81E-06,-9.79E-07
-68,110450000,7.91E-06,179.9664,-7.91E-06,4.63E-09
-68,110475000,7.32E-06,177.7991,-7.31E-06,2.81E-07
-68,110500000,6.84E-06,179.1224,-6.84E-06,1.05E-07
-68,110525000,7.36E-06,-178.1294,-7.36E-06,-2.40E-07
-68,110550000,7.39E-06,173.1073,-7.33E-06,8.86E-07
-68,110575000,6.82E-06,173.8213,-6.78E-06,7.34E-07
-68,110600000,6.56E-06,177.0332,-6.55E-06,3.40E-07
-68,110625000,6.88E-06,172.5524,-6.82E-06,8.91E-07
-68,110650000,7.00E-06,175.3525,-6.97E-06,5.67E-07
-68,110675000,6.40E-06,-176.1145,-6.39E-06,-4.34E-07
-68,110700000,6.66E-06,-179.6327,-6.66E-06,-4.27E-08
-68,110725000,6.38E-06,-178.1547,-6.38E-06,-2.05E-07
-68,110750000,5.89E-06,-179.9337,-5.89E-06,-6.81E-09
-68,110775000,6.12E-06,176.9071,-6.11E-06,3.30E-07
-68,110800000,6.68E-06,176.6216,-6.67E-06,3.94E-07
-68,110825000,6.00E-06,169.9372,-5.91E-06,1.05E-06
-68,110850000,6.07E-06,-178.356,-6.06E-06,-1.74E-07
-68,110875000,6.67E-06,179.9733,-6.67E-06,3.11E-09
-68,110900000,6.37E-06,-179.0979,-6.37E-06,-1.00E-07
-68,110925000,4.64E-06,-173.908,-4.61E-06,-4.92E-07
-68,110950000,4.87E-06,175.8082,-4.86E-06,3.56E-07
-68,110975000,5.10E-06,172.7746,-5.06E-06,6.41E-07
-68,111000000,5.53E-06,-177.5253,-5.53E-06,-2.39E-07
-64,106000000,3.47E-06,8.246692,3.43E-06,4.98E-07
-64,106025000,3.89E-06,10.60203,3.83E-06,7.16E-07
-64,106050000,3.49E-06,-6.32963,3.47E-06,-3.85E-07
-64,106075000,3.76E-06,2.765833,3.76E-06,1.82E-07
-64,106100000,4.20E-06,1.517459,4.19E-06,1.11E-07
-64,106125000,3.81E-06,-12.66445,3.72E-06,-8.36E-07
-64,106150000,3.78E-06,5.025959,3.77E-06,3.31E-07
-64,106175000,3.48E-06,-5.34871,3.47E-06,-3.24E-07
-64,106200000,4.22E-06,5.966485,4.20E-06,4.39E-07
-64,106225000,3.75E-06,0.8768311,3.75E-06,5.74E-08
-64,106250000,3.79E-06,1.943729,3.79E-06,1.29E-07
-64,106275000,4.24E-06,-0.1707711,4.24E-06,-1.26E-08
-64,106300000,4.42E-06,-4.778599,4.40E-06,-3.68E-07
-64,106325000,5.33E-06,-5.799022,5.30E-06,-5.38E-07
-64,106350000,4.65E-06,-1.804339,4.65E-06,-1.46E-07
-64,106375000,5.03E-06,-6.367565,4.99E-06,-5.57E-07
-64,106400000,4.60E-06,-1.792809,4.60E-06,-1.44E-07
-64,106425000,6.21E-06,-6.784273,6.16E-06,-7.33E-07
-64,106450000,4.97E-06,15.57728,4.79E-06,1.33E-06
-64,106475000,6.25E-06,1.786935,6.25E-06,1.95E-07
-64,106500000,4.91E-06,1.344792,4.91E-06,1.15E-07
-64,106525000,6.09E-06,-2.136736,6.09E-06,-2.27E-07
-64,106550000,6.85E-06,-8.222581,6.78E-06,-9.79E-07
-64,106575000,5.28E-06,-6.751911,5.25E-06,-6.21E-07
-64,106600000,6.12E-06,-2.108309,6.11E-06,-2.25E-07
-64,106625000,6.34E-06,-3.860161,6.33E-06,-4.27E-07
-64,106650000,5.20E-06,0.980418,5.20E-06,8.90E-08
-64,106675000,6.29E-06,-1.708622,6.29E-06,-1.88E-07
-64,106700000,6.76E-06,-6.954972,6.71E-06,-8.19E-07
-64,106725000,6.51E-06,10.46169,6.40E-06,1.18E-06
-64,106750000,7.17E-06,-5.381004,7.14E-06,-6.72E-07
-64,106775000,5.59E-06,0.512852,5.59E-06,5.00E-08
-64,106800000,7.04E-06,-2.074786,7.04E-06,-2.55E-07
-64,106825000,6.97E-06,-3.369906,6.96E-06,-4.10E-07
-64,106850000,7.26E-06,-6.729214,7.21E-06,-8.51E-07
-64,106875000,7.82E-06,-4.276418,7.80E-06,-5.83E-07
-64,106900000,7.19E-06,-1.775167,7.19E-06,-2.23E-07
-64,106925000,7.84E-06,-5.329449,7.81E-06,-7.29E-07
-64,106950000,6.31E-06,-0.1572065,6.31E-06,-1.73E-08
-64,106975000,6.81E-06,-3.10663,6.80E-06,-3.69E-07
-64,107000000,7.09E-06,-7.050035,7.03E-06,-8.70E-07
-64,107025000,7.02E-06,-3.292288,7.01E-06,-4.03E-07
-64,107050000,6.87E-06,-8.962314,6.79E-06,-1.07E-06
-64,107075000,5.83E-06,-14.88955,5.63E-06,-1.50E-06
-64,107100000,5.15E-06,-0.6452207,5.15E-06,-5.80E-08
-64,107125000,4.91E-06,-10.1617,4.83E-06,-8.66E-07
-64,107150000,5.40E-06,3.784989,5.38E-06,3.56E-07
-64,107175000,6.04E-06,-1.140449,6.04E-06,-1.20E-07
-64,107200000,5.58E-06,-1.475549,5.58E-06,-1.44E-07
-64,107225000,6.44E-06,-7.565942,6.38E-06,-8.48E-07
-64,107250000,5.12E-06,-13.19431,4.99E-06,-1.17E-06
-64,107275000,4.49E-06,-8.961071,4.44E-06,-7.00E-07
-64,107300000,4.88E-06,-7.071685,4.84E-06,-6.01E-07
-64,107325000,2.98E-06,-11.24963,2.92E-06,-5.81E-07
-64,107350000,3.63E-06,-21.24458,3.38E-06,-1.32E-06
-64,107375000,1.64E-06,-7.039981,1.63E-06,-2.01E-07
-64,107400000,2.25E-06,-23.52954,2.06E-06,-8.98E-07
-64,107425000,1.63E-07,-173.3311,-1.62E-07,-1.89E-08
-64,107450000,9.06E-07,-65.6085,3.74E-07,-8.26E-07
-64,107475000,2.08E-06,157.6211,-1.92E-06,7.92E-07
-64,107500000,3.08E-06,-169.2358,-3.03E-06,-5.75E-07
-64,107525000,6.03E-06,176.3125,-6.02E-06,3.88E-07
-64,107550000,6.42E-06,170.4259,-6.33E-06,1.07E-06
-64,107575000,7.84E-06,-176.4313,-7.82E-06,-4.88E-07
-64,107600000,8.89E-06,-174.8193,-8.86E-06,-8.03E-07
-64,107625000,9.00E-06,-172.8112,-8.93E-06,-1.13E-06
-64,107650000,1.50E-05,179.9573,-1.50E-05,1.12E-08
-64,107675000,1.50E-05,172.7567,-1.49E-05,1.89E-06
-64,107700000,1.69E-05,-172.9257,-1.68E-05,-2.08E-06
-64,107725000,2.00E-05,178.7131,-2.00E-05,4.50E-07
-64,107750000,2.28E-05,-177.4956,-2.28E-05,-9.97E-07
-64,107775000,2.60E-05,179.6773,-2.60E-05,1.46E-07
-64,107800000,2.96E-05,177.1627,-2.95E-05,1.46E-06
-64,107825000,3.55E-05,-178.5946,-3.55E-05,-8.71E-07
-64,107850000,3.83E-05,179.5535,-3.83E-05,2.99E-07
-64,107875000,4.49E-05,-176.9708,-4.48E-05,-2.37E-06
-64,107900000,5.10E-05,179.8047,-5.10E-05,1.74E-07
-64,107925000,5.38E-05,179.2054,-5.38E-05,7.46E-07
-64,107950000,6.16E-05,178.4416,-6.16E-05,1.68E-06
-64,107975000,6.32E-05,179.6544,-6.32E-05,3.81E-07
-64,108000000,6.99E-05,178.6544,-6.99E-05,1.64E-06
-64,108025000,7.78E-05,-179.473,-7.78E-05,-7.16E-07
-64,108050000,8.82E-05,178.8363,-8.82E-05,1.79E-06
-64,108075000,9.26E-05,178.7047,-9.26E-05,2.09E-06
-64,108100000,9.64E-05,177.6341,-9.63E-05,3.98E-06
-64,108125000,9.69E-05,178.5313,-9.68E-05,2.48E-06
-64,108150000,0.000110233,179.0087,-0.000110217,1.91E-06
-64,108175000,0.000114177,179.4409,-0.000114172,1.11E-06
-64,108200000,0.000107919,177.8953,-0.000107846,3.96E-06
-64,108225000,0.00011506,179.0687,-0.000115045,1.87E-06
-64,108250000,0.000122283,177.9583,-0.000122206,4.36E-06
-64,108275000,0.000120084,178.126,-0.00012002,3.93E-06
-64,108300000,0.000120449,177.5311,-0.000120337,5.19E-06
-64,108325000,0.000111537,177.2124,-0.000111405,5.42E-06
-64,108350000,0.000108738,177.9569,-0.000108669,3.88E-06
-64,108375000,9.57E-05,176.5489,-9.56E-05,5.76E-06
-64,108400000,8.39E-05,176.806,-8.38E-05,4.68E-06
-64,108425000,7.44E-05,176.4149,-7.43E-05,4.65E-06
-64,108450000,5.65E-05,178.6692,-5.65E-05,1.31E-06
-64,108475000,4.46E-05,171.5072,-4.41E-05,6.58E-06
-64,108500000,3.00E-05,168.5368,-2.94E-05,5.97E-06
-64,108525000,1.11E-05,174.4952,-1.11E-05,1.07E-06
-64,108550000,2.14E-06,152.5963,-1.90E-06,9.85E-07
-64,108575000,1.33E-05,11.74056,1.30E-05,2.71E-06
-64,108600000,2.66E-05,7.897435,2.63E-05,3.65E-06
-64,108625000,3.52E-05,2.213104,3.52E-05,1.36E-06
-64,108650000,4.82E-05,1.64922,4.82E-05,1.39E-06
-64,108675000,5.67E-05,3.226968,5.66E-05,3.19E-06
-64,108700000,5.72E-05,1.651823,5.72E-05,1.65E-06
-64,108725000,6.96E-05,0.1419648,6.96E-05,1.72E-07
-64,108750000,6.95E-05,1.637708,6.94E-05,1.99E-06
-64,108775000,7.09E-05,-1.019492,7.09E-05,-1.26E-06
-64,108800000,7.69E-05,1.386434,7.69E-05,1.86E-06
-64,108825000,7.54E-05,-0.9249875,7.54E-05,-1.22E-06
-64,108850000,7.55E-05,-1.486172,7.55E-05,-1.96E-06
-64,108875000,7.24E-05,-1.572995,7.23E-05,-1.99E-06
-64,108900000,7.09E-05,-0.8802053,7.08E-05,-1.09E-06
-64,108925000,7.11E-05,-0.3806487,7.11E-05,-4.72E-07
-64,108950000,7.16E-05,0.06665498,7.16E-05,8.33E-08
-64,108975000,6.70E-05,-1.69854,6.70E-05,-1.99E-06
-64,109000000,6.39E-05,-1.088792,6.39E-05,-1.21E-06
-64,109025000,6.05E-05,-0.1683316,6.05E-05,-1.78E-07
-64,109050000,6.03E-05,-0.4713875,6.03E-05,-4.96E-07
-64,109075000,5.73E-05,-1.555916,5.72E-05,-1.55E-06
-64,109100000,5.59E-05,-0.60846,5.59E-05,-5.94E-07
-64,109125000,5.20E-05,-0.07895995,5.20E-05,-7.17E-08
-64,109150000,5.00E-05,-0.3092307,5.00E-05,-2.70E-07
-64,109175000,4.51E-05,-0.7991733,4.51E-05,-6.29E-07
-64,109200000,4.04E-05,-2.379371,4.03E-05,-1.68E-06
-64,109225000,3.89E-05,-1.647094,3.89E-05,-1.12E-06
-64,109250000,3.52E-05,0.3113703,3.52E-05,1.91E-07
-64,109275000,3.21E-05,-1.426136,3.21E-05,-7.99E-07
-64,109300000,2.99E-05,-1.892612,2.99E-05,-9.89E-07
-64,109325000,2.71E-05,-2.126324,2.70E-05,-1.00E-06
-64,109350000,2.38E-05,-0.6477446,2.38E-05,-2.69E-07
-64,109375000,2.21E-05,1.307612,2.21E-05,5.04E-07
-64,109400000,1.75E-05,-0.7103192,1.75E-05,-2.17E-07
-64,109425000,1.60E-05,-2.799462,1.60E-05,-7.83E-07
-64,109450000,1.69E-05,-2.179258,1.69E-05,-6.43E-07
-64,109475000,1.47E-05,-6.571873,1.46E-05,-1.69E-06
-64,109500000,1.11E-05,0.2179947,1.11E-05,4.20E-08
-64,109525000,1.10E-05,-1.212568,1.10E-05,-2.32E-07
-64,109550000,8.57E-06,-2.829368,8.56E-06,-4.23E-07
-64,109575000,7.97E-06,4.213034,7.95E-06,5.85E-07
-64,109600000,5.71E-06,-6.355271,5.68E-06,-6.32E-07
-64,109625000,4.60E-06,-10.95004,4.51E-06,-8.71E-07
-64,109650000,3.59E-06,-7.10339,3.56E-06,-4.44E-07
-64,109675000,2.81E-06,-13.41625,2.73E-06,-6.51E-07
-64,109700000,1.42E-06,-5.83275,1.41E-06,-1.45E-07
-64,109725000,4.14E-07,-44.24911,2.96E-07,-2.89E-07
-64,109750000,8.73E-07,-177.6308,-8.72E-07,-3.61E-08
-64,109775000,1.55E-06,-170.8677,-1.53E-06,-2.46E-07
-64,109800000,1.94E-06,-170.0403,-1.91E-06,-3.36E-07
-64,109825000,2.02E-06,-179.4651,-2.02E-06,-1.88E-08
-64,109850000,4.03E-06,-174.2521,-4.01E-06,-4.04E-07
-64,109875000,4.21E-06,-177.7177,-4.21E-06,-1.68E-07
-64,109900000,4.72E-06,177.3328,-4.72E-06,2.20E-07
-64,109925000,5.33E-06,-178.7148,-5.32E-06,-1.19E-07
-64,109950000,5.57E-06,-178.7553,-5.56E-06,-1.21E-07
-64,109975000,6.75E-06,-178.5557,-6.75E-06,-1.70E-07
-64,110000000,6.03E-06,-178.3717,-6.03E-06,-1.71E-07
-64,110025000,5.08E-06,-177.5783,-5.07E-06,-2.15E-07
-64,110050000,6.17E-06,-178.7949,-6.17E-06,-1.30E-07
-64,110075000,6.57E-06,179.2547,-6.57E-06,8.55E-08
-64,110100000,7.17E-06,-172.4209,-7.11E-06,-9.45E-07
-64,110125000,7.76E-06,179.7594,-7.76E-06,3.26E-08
-64,110150000,7.57E-06,178.5776,-7.56E-06,1.88E-07
-64,110175000,8.39E-06,169.3837,-8.25E-06,1.55E-06
-64,110200000,8.18E-06,-178.5259,-8.18E-06,-2.10E-07
-64,110225000,8.71E-06,-177.252,-8.70E-06,-4.17E-07
-64,110250000,7.10E-06,-175.6015,-7.08E-06,-5.45E-07
-64,110275000,7.76E-06,174.6085,-7.72E-06,7.29E-07
-64,110300000,8.61E-06,179.9674,-8.61E-06,4.89E-09
-64,110325000,8.63E-06,-176.7472,-8.62E-06,-4.90E-07
-64,110350000,8.87E-06,177.2705,-8.86E-06,4.22E-07
-64,110375000,8.16E-06,-179.3608,-8.16E-06,-9.10E-08
-64,110400000,8.92E-06,176.4451,-8.90E-06,5.53E-07
-64,110425000,7.59E-06,177.4001,-7.58E-06,3.44E-07
-64,110450000,8.26E-06,-177.2028,-8.25E-06,-4.03E-07
-64,110475000,7.49E-06,-175.9392,-7.47E-06,-5.31E-07
-64,110500000,7.41E-06,175.1624,-7.38E-06,6.24E-07
-64,110525000,7.24E-06,179.3137,-7.24E-06,8.67E-08
-64,110550000,7.72E-06,-176.582,-7.70E-06,-4.60E-07
-64,110575000,7.92E-06,174.8756,-7.89E-06,7.07E-07
-64,110600000,5.90E-06,177.1831,-5.89E-06,2.90E-07
-64,110625000,6.58E-06,179.1191,-6.58E-06,1.01E-07
-64,110650000,5.99E-06,174.8689,-5.97E-06,5.36E-07
-64,110675000,7.02E-06,178.0883,-7.02E-06,2.34E-07
-64,110700000,5.89E-06,-177.4297,-5.88E-06,-2.64E-07
-64,110725000,6.26E-06,-179.851,-6.26E-06,-1.63E-08
-64,110750000,5.99E-06,171.3384,-5.92E-06,9.01E-07
-64,110775000,6.09E-06,-177.0693,-6.08E-06,-3.11E-07
-64,110800000,6.42E-06,-177.4878,-6.42E-06,-2.82E-07
-64,110825000,6.35E-06,177.4813,-6.34E-06,2.79E-07
-64,110850000,5.29E-06,179.4884,-5.29E-06,4.73E-08
-64,110875000,5.54E-06,174.2701,-5.51E-06,5.53E-07
-64,110900000,5.30E-06,-174.2132,-5.27E-06,-5.34E-07
-64,110925000,5.94E-06,177.8013,-5.94E-06,2.28E-07
-64,110950000,5.14E-06,176.9348,-5.13E-06,2.75E-07
-64,110975000,4.50E-06,-175.1776,-4.48E-06,-3.78E-07
-64,111000000,4.72E-06,175.9989,-4.71E-06,3.29E-07
-60,106000000,4.11E-06,-8.667702,4.07E-06,-6.20E-07
-60,106025000,3.72E-06,4.571521,3.70E-06,2.96E-07
-60,106050000,4.57E-06,-2.832319,4.56E-06,-2.26E-07
-60,106075000,4.21E-06,3.900159,4.20E-06,2.86E-07
-60,106100000,4.21E-06,3.297247,4.20E-06,2.42E-07
-60,106125000,4.32E-06,-11.14723,4.24E-06,-8.36E-07
-60,106150000,3.98E-06,-1.469265,3.98E-06,-1.02E-07
-60,106175000,4.46E-06,-8.833444,4.41E-06,-6.85E-07
-60,106200000,4.60E-06,-8.944719,4.55E-06,-7.15E-07
-60,106225000,4.50E-06,-5.836083,4.48E-06,-4.58E-07
-60,106250000,5.49E-06,5.043936,5.47E-06,4.82E-07
-60,106275000,5.39E-06,-5.147618,5.37E-06,-4.84E-07
-60,106300000,4.65E-06,-0.1850461,4.65E-06,-1.50E-08
-60,106325000,4.51E-06,-8.951809,4.46E-06,-7.02E-07
-60,106350000,5.33E-06,3.642825,5.32E-06,3.39E-07
-60,106375000,6.13E-06,-0.6497695,6.13E-06,-6.95E-08
-60,106400000,5.49E-06,-9.114791,5.42E-06,-8.70E-07
-60,106425000,6.04E-06,1.803874,6.04E-06,1.90E-07
-60,106450000,6.06E-06,-1.059347,6.06E-06,-1.12E-07
-60,106475000,6.89E-06,-9.952283,6.78E-06,-1.19E-06
-60,106500000,6.26E-06,-9.713591,6.17E-06,-1.06E-06
-60,106525000,5.91E-06,-5.870179,5.88E-06,-6.04E-07
-60,106550000,5.85E-06,-3.094213,5.84E-06,-3.16E-07
-60,106575000,6.26E-06,3.434916,6.25E-06,3.75E-07
-60,106600000,6.03E-06,-1.926217,6.03E-06,-2.03E-07
-60,106625000,6.82E-06,-10.64716,6.71E-06,-1.26E-06
-60,106650000,6.66E-06,-8.738299,6.59E-06,-1.01E-06
-60,106675000,6.30E-06,-12.41047,6.15E-06,-1.35E-06
-60,106700000,6.09E-06,-4.786617,6.07E-06,-5.08E-07
-60,106725000,5.89E-06,-3.70375,5.88E-06,-3.81E-07
-60,106750000,5.02E-06,-1.711505,5.02E-06,-1.50E-07
-60,106775000,5.59E-06,-6.058009,5.55E-06,-5.89E-07
-60,106800000,6.24E-06,5.291418,6.21E-06,5.75E-07
-60,106825000,5.83E-06,-6.682434,5.79E-06,-6.78E-07
-60,106850000,6.06E-06,-1.519645,6.06E-06,-1.61E-07
-60,106875000,5.15E-06,-4.693809,5.14E-06,-4.22E-07
-60,106900000,5.57E-06,2.467548,5.56E-06,2.40E-07
-60,106925000,6.18E-06,-3.506565,6.17E-06,-3.78E-07
-60,106950000,5.33E-06,0.8818584,5.33E-06,8.21E-08
-60,106975000,5.10E-06,-17.90706,4.85E-06,-1.57E-06
-60,107000000,4.84E-06,-20.25317,4.54E-06,-1.68E-06
-60,107025000,4.81E-06,-5.693594,4.79E-06,-4.77E-07
-60,107050000,4.56E-06,-16.18372,4.38E-06,-1.27E-06
-60,107075000,3.83E-06,-7.135315,3.80E-06,-4.76E-07
-60,107100000,2.63E-06,-15.50729,2.53E-06,-7.03E-07
-60,107125000,1.70E-06,-20.29039,1.60E-06,-5.91E-07
-60,107150000,2.57E-06,-13.47769,2.50E-06,-6.00E-07
-60,107175000,2.13E-06,-15.64389,2.06E-06,-5.76E-07
-60,107200000,1.38E-06,-12.6032,1.34E-06,-3.00E-07
-60,107225000,1.41E-06,-22.09402,1.31E-06,-5.30E-07
-60,107250000,8.19E-07,-157.0911,-7.54E-07,-3.19E-07
-60,107275000,1.73E-06,-109.493,-5.78E-07,-1.63E-06
-60,107300000,1.77E-06,178.2582,-1.77E-06,5.37E-08
-60,107325000,2.91E-06,-175.1877,-2.90E-06,-2.44E-07
-60,107350000,4.56E-06,-158.2704,-4.24E-06,-1.69E-06
-60,107375000,5.82E-06,-177.3289,-5.82E-06,-2.71E-07
-60,107400000,6.65E-06,-157.8811,-6.16E-06,-2.50E-06
-60,107425000,9.10E-06,-178.8156,-9.10E-06,-1.88E-07
-60,107450000,1.05E-05,-177.3433,-1.05E-05,-4.86E-07
-60,107475000,1.06E-05,-178.6999,-1.06E-05,-2.40E-07
-60,107500000,1.19E-05,-175.1984,-1.19E-05,-9.99E-07
-60,107525000,1.42E-05,-179.3205,-1.42E-05,-1.69E-07
-60,107550000,1.62E-05,178.911,-1.62E-05,3.08E-07
-60,107575000,1.95E-05,177.2076,-1.95E-05,9.50E-07
-60,107600000,1.96E-05,-179.4108,-1.96E-05,-2.01E-07
-60,107625000,2.38E-05,-176.8292,-2.38E-05,-1.32E-06
-60,107650000,2.75E-05,-178.9213,-2.75E-05,-5.18E-07
-60,107675000,3.02E-05,-179.6477,-3.02E-05,-1.85E-07
-60,107700000,3.16E-05,-178.0015,-3.16E-05,-1.10E-06
-60,107725000,3.44E-05,-178.7928,-3.44E-05,-7.24E-07
-60,107750000,3.87E-05,179.6433,-3.87E-05,2.41E-07
-60,107775000,4.14E-05,-178.0575,-4.14E-05,-1.40E-06
-60,107800000,4.84E-05,-178.4075,-4.84E-05,-1.35E-06
-60,107825000,5.56E-05,179.5812,-5.56E-05,4.06E-07
-60,107850000,6.31E-05,179.803,-6.31E-05,2.17E-07
-60,107875000,6.88E-05,178.788,-6.88E-05,1.46E-06
-60,107900000,6.96E-05,179.5533,-6.96E-05,5.43E-07
-60,107925000,7.74E-05,179.6325,-7.74E-05,4.96E-07
-60,107950000,7.87E-05,-179.8,-7.87E-05,-2.75E-07
-60,107975000,8.56E-05,-179.4062,-8.56E-05,-8.87E-07
-60,108000000,8.86E-05,178.8948,-8.86E-05,1.71E-06
-60,108025000,9.68E-05,178.0621,-9.67E-05,3.27E-06
-60,108050000,9.80E-05,178.2261,-9.79E-05,3.03E-06
-60,108075000,0.000100399,178.8411,-0.000100378,2.03E-06
-60,108100000,0.000100617,178.3365,-0.000100575,2.92E-06
-60,108125000,0.000105143,178.8244,-0.00010512,2.16E-06
-60,108150000,0.000114075,177.3381,-0.000113952,5.30E-06
-60,108175000,0.000114267,177.3796,-0.000114147,5.22E-06
-60,108200000,0.000115198,-179.9366,-0.000115198,-1.27E-07
-60,108225000,0.00011827,178.6654,-0.000118238,2.75E-06
-60,108250000,0.000111868,177.9327,-0.000111795,4.04E-06
-60,108275000,9.52E-05,178.0453,-9.51E-05,3.25E-06
-60,108300000,9.75E-05,177.792,-9.74E-05,3.76E-06
-60,108325000,8.42E-05,178.5757,-8.42E-05,2.09E-06
-60,108350000,7.32E-05,177.1165,-7.31E-05,3.68E-06
-60,108375000,5.93E-05,175.8579,-5.91E-05,4.28E-06
-60,108400000,4.23E-05,170.6952,-4.18E-05,6.84E-06
-60,108425000,2.96E-05,173.2173,-2.94E-05,3.50E-06
-60,108450000,1.09E-05,154.9972,-9.84E-06,4.59E-06
-60,108475000,8.55E-06,27.06621,7.61E-06,3.89E-06
-60,108500000,2.42E-05,8.71008,2.40E-05,3.67E-06
-60,108525000,3.75E-05,3.472386,3.74E-05,2.27E-06
-60,108550000,4.98E-05,5.146311,4.96E-05,4.47E-06
-60,108575000,6.38E-05,-0.09432851,6.38E-05,-1.05E-07
-60,108600000,7.31E-05,0.877009,7.31E-05,1.12E-06
-60,108625000,8.13E-05,1.398003,8.13E-05,1.98E-06
-60,108650000,8.83E-05,0.268109,8.83E-05,4.13E-07
-60,108675000,9.78E-05,0.512659,9.78E-05,8.75E-07
-60,108700000,9.37E-05,-0.5496599,9.37E-05,-8.99E-07
-60,108725000,9.69E-05,-0.3287778,9.69E-05,-5.56E-07
-60,108750000,0.000102388,0.0182733,0.000102388,3.27E-08
-60,108775000,9.99E-05,-0.5294597,9.99E-05,-9.23E-07
-60,108800000,0.000101113,-2.169537,0.000101041,-3.83E-06
-60,108825000,0.000103917,0.169809,0.000103917,3.08E-07
-60,108850000,9.67E-05,-0.6418339,9.67E-05,-1.08E-06
-60,108875000,9.48E-05,-1.745624,9.47E-05,-2.89E-06
-60,108900000,8.54E-05,-0.2122312,8.54E-05,-3.16E-07
-60,108925000,8.18E-05,-0.2013035,8.18E-05,-2.88E-07
-60,108950000,7.80E-05,-0.008445186,7.80E-05,-1.15E-08
-60,108975000,7.43E-05,-0.5996414,7.43E-05,-7.77E-07
-60,109000000,7.18E-05,-0.9819314,7.18E-05,-1.23E-06
-60,109025000,6.79E-05,-1.995636,6.78E-05,-2.36E-06
-60,109050000,6.16E-05,-0.1698806,6.16E-05,-1.83E-07
-60,109075000,5.81E-05,-0.4446577,5.81E-05,-4.51E-07
-60,109100000,5.20E-05,-1.630038,5.20E-05,-1.48E-06
-60,109125000,4.84E-05,-2.126967,4.84E-05,-1.80E-06
-60,109150000,4.61E-05,-1.877459,4.61E-05,-1.51E-06
-60,109175000,3.88E-05,-3.287162,3.87E-05,-2.22E-06
-60,109200000,3.65E-05,-2.381465,3.64E-05,-1.51E-06
-60,109225000,3.24E-05,0.5260345,3.24E-05,2.98E-07
-60,109250000,2.86E-05,-3.16233,2.85E-05,-1.58E-06
-60,109275000,2.47E-05,-2.356075,2.46E-05,-1.01E-06
-60,109300000,2.09E-05,-3.247277,2.08E-05,-1.18E-06
-60,109325000,1.91E-05,-2.975206,1.90E-05,-9.89E-07
-60,109350000,1.82E-05,-3.793881,1.82E-05,-1.21E-06
-60,109375000,1.55E-05,-3.011358,1.55E-05,-8.14E-07
-60,109400000,1.24E-05,-2.024107,1.24E-05,-4.36E-07
-60,109425000,8.93E-06,-2.877992,8.92E-06,-4.48E-07
-60,109450000,7.73E-06,4.165482,7.71E-06,5.62E-07
-60,109475000,6.18E-06,-7.336095,6.13E-06,-7.89E-07
-60,109500000,4.90E-06,-16.15291,4.71E-06,-1.36E-06
-60,109525000,3.33E-06,-12.15969,3.26E-06,-7.02E-07
-60,109550000,1.66E-06,-19.85584,1.56E-06,-5.63E-07
-60,109575000,5.40E-07,-69.50475,1.89E-07,-5.06E-07
-60,109600000,8.99E-07,-122.5538,-4.84E-07,-7.58E-07
-60,109625000,1.48E-06,-179.2294,-1.48E-06,-2.00E-08
-60,109650000,3.15E-06,175.1577,-3.14E-06,2.66E-07
-60,109675000,4.07E-06,-171.6334,-4.03E-06,-5.92E-07
-60,109700000,4.46E-06,-177.5311,-4.46E-06,-1.92E-07
-60,109725000,5.63E-06,-179.0286,-5.63E-06,-9.55E-08
-60,109750000,6.20E-06,-176.918,-6.20E-06,-3.34E-07
-60,109775000,6.04E-06,-177.2526,-6.03E-06,-2.89E-07
-60,109800000,7.00E-06,-176.4312,-6.98E-06,-4.35E-07
-60,109825000,6.67E-06,-178.8066,-6.67E-06,-1.39E-07
-60,109850000,8.16E-06,178.567,-8.16E-06,2.04E-07
-60,109875000,8.17E-06,-178.5803,-8.17E-06,-2.02E-07
-60,109900000,7.99E-06,-175.7254,-7.97E-06,-5.96E-07
-60,109925000,8.56E-06,179.4935,-8.56E-06,7.56E-08
-60,109950000,9.16E-06,-177.4703,-9.15E-06,-4.04E-07
-60,109975000,9.15E-06,-177.3518,-9.14E-06,-4.23E-07
-60,110000000,8.58E-06,-177.5835,-8.57E-06,-3.62E-07
-60,110025000,9.38E-06,-176.5512,-9.37E-06,-5.64E-07
-60,110050000,8.62E-06,-179.4113,-8.62E-06,-8.85E-08
-60,110075000,8.62E-06,-178.6146,-8.61E-06,-2.08E-07
-60,110100000,9.12E-06,177.3207,-9.11E-06,4.26E-07
-60,110125000,9.35E-06,172.7146,-9.27E-06,1.19E-06
-60,110150000,8.73E-06,177.5891,-8.72E-06,3.67E-07
-60,110175000,9.36E-06,-179.7061,-9.36E-06,-4.80E-08
-60,110200000,8.80E-06,179.2639,-8.80E-06,1.13E-07
-60,110225000,8.48E-06,-172.1376,-8.40E-06,-1.16E-06
-60,110250000,7.98E-06,178.4007,-7.98E-06,2.23E-07
-60,110275000,8.16E-06,-178.561,-8.16E-06,-2.05E-07
-60,110300000,8.53E-06,175.84,-8.51E-06,6.19E-07
-60,110325000,8.97E-06,177.2759,-8.96E-06,4.26E-07
-60,110350000,7.36E-06,-178.2753,-7.36E-06,-2.22E-07
-60,110375000,7.80E-06,-178.5542,-7.80E-06,-1.97E-07
-60,110400000,8.51E-06,177.5851,-8.50E-06,3.59E-07
-60,110425000,8.39E-06,-179.7868,-8.39E-06,-3.12E-08
-60,110450000,8.20E-06,-173.9885,-8.16E-06,-8.59E-07
-60,110475000,7.64E-06,-175.0863,-7.61E-06,-6.54E-07
-60,110500000,7.59E-06,175.7927,-7.57E-06,5.57E-07
-60,110525000,6.56E-06,175.2642,-6.54E-06,5.42E-07
-60,110550000,6.64E-06,166.7146,-6.47E-06,1.53E-06
-60,110575000,6.67E-06,176.4079,-6.65E-06,4.18E-07
-60,110600000,7.25E-06,177.4051,-7.24E-06,3.28E-07
-60,110625000,6.18E-06,176.2464,-6.17E-06,4.05E-07
-60,110650000,5.54E-06,174.5972,-5.51E-06,5.21E-07
-60,110675000,5.70E-06,167.1645,-5.55E-06,1.27E-06
-60,110700000,5.51E-06,-176.1061,-5.50E-06,-3.74E-07
-60,110725000,5.70E-06,-174.0756,-5.67E-06,-5.88E-07
-60,110750000,5.83E-06,173.7988,-5.79E-06,6.30E-07
-60,110775000,5.23E-06,172.1787,-5.18E-06,7.11E-07
-60,110800000,5.85E-06,176.4586,-5.84E-06,3.62E-07
-60,110825000,4.86E-06,171.852,-4.81E-06,6.89E-07
-60,110850000,4.00E-06,-179.7516,-4.00E-06,-1.73E-08
-60,110875000,3.54E-06,179.7175,-3.54E-06,1.75E-08
-60,110900000,4.45E-06,176.1283,-4.44E-06,3.00E-07
-60,110925000,4.13E-06,-178.5183,-4.13E-06,-1.07E-07
-60,110950000,4.39E-06,-173.974,-4.37E-06,-4.61E-07
-60,110975000,4.35E-06,-176.4719,-4.34E-06,-2.68E-07
-60,111000000,4.11E-06,-175.0397,-4.10E-06,-3.55E-07
-56,106000000,5.42E-06,4.401791,5.41E-06,4.16E-07
-56,106025000,4.92E-06,-6.873324,4.89E-06,-5.89E-07
-56,106050000,5.02E-06,-0.240712,5.02E-06,-2.11E-08
-56,106075000,4.95E-06,-0.8757111,4.95E-06,-7.56E-08
-56,106100000,4.92E-06,-4.326088,4.90E-06,-3.71E-07
-56,106125000,5.54E-06,-3.680883,5.53E-06,-3.56E-07
-56,106150000,5.02E-06,-6.379258,4.99E-06,-5.58E-07
-56,106175000,5.01E-06,0.5657311,5.01E-06,4.94E-08
-56,106200000,5.62E-06,0.6595234,5.62E-06,6.47E-08
-56,106225000,4.79E-06,3.550699,4.78E-06,2.97E-07
-56,106250000,6.31E-06,0.3073334,6.31E-06,3.38E-08
-56,106275000,6.16E-06,6.70966,6.12E-06,7.20E-07
-56,106300000,4.78E-06,-2.320384,4.78E-06,-1.94E-07
-56,106325000,5.57E-06,-0.639415,5.57E-06,-6.22E-08
-56,106350000,5.49E-06,-1.808792,5.49E-06,-1.73E-07
-56,106375000,5.66E-06,-1.54997,5.66E-06,-1.53E-07
-56,106400000,6.15E-06,-1.657806,6.15E-06,-1.78E-07
-56,106425000,5.30E-06,-1.125204,5.29E-06,-1.04E-07
-56,106450000,3.60E-06,7.045499,3.58E-06,4.42E-07
-56,106475000,4.96E-06,-10.74199,4.87E-06,-9.24E-07
-56,106500000,5.66E-06,6.314604,5.62E-06,6.22E-07
-56,106525000,5.74E-06,-2.134236,5.74E-06,-2.14E-07
-56,106550000,5.93E-06,-1.79871,5.93E-06,-1.86E-07
-56,106575000,5.53E-06,-1.382412,5.53E-06,-1.33E-07
-56,106600000,6.03E-06,-5.006493,6.01E-06,-5.27E-07
-56,106625000,5.70E-06,-5.615852,5.67E-06,-5.58E-07
-56,106650000,4.52E-06,9.163818,4.47E-06,7.20E-07
-56,106675000,4.58E-06,-8.672634,4.52E-06,-6.90E-07
-56,106700000,5.46E-06,-2.382771,5.46E-06,-2.27E-07
-56,106725000,5.18E-06,-9.03291,5.11E-06,-8.13E-07
-56,106750000,4.33E-06,-16.25919,4.16E-06,-1.21E-06
-56,106775000,4.77E-06,6.581882,4.74E-06,5.47E-07
-56,106800000,4.71E-06,-9.026982,4.65E-06,-7.39E-07
-56,106825000,4.34E-06,4.898822,4.32E-06,3.70E-07
-56,106850000,2.96E-06,-20.26056,2.77E-06,-1.02E-06
-56,106875000,3.59E-06,-16.6269,3.44E-06,-1.03E-06
-56,106900000,3.15E-06,-3.789182,3.14E-06,-2.08E-07
-56,106925000,3.11E-06,-15.28293,3.00E-06,-8.19E-07
-56,106950000,1.96E-06,9.543956,1.93E-06,3.25E-07
-56,106975000,1.53E-06,9.637202,1.51E-06,2.57E-07
-56,107000000,9.00E-07,-17.96905,8.56E-07,-2.78E-07
-56,107025000,2.72E-07,-2.202427,2.72E-07,-1.04E-08
-56,107050000,8.52E-07,24.68353,7.74E-07,3.56E-07
-56,107075000,1.38E-06,179.6425,-1.38E-06,8.59E-09
-56,107100000,2.64E-06,-177.9428,-2.64E-06,-9.49E-08
-56,107125000,4.42E-06,-152.208,-3.91E-06,-2.06E-06
-56,107150000,3.64E-06,171.9568,-3.60E-06,5.09E-07
-56,107175000,4.70E-06,-167.4609,-4.59E-06,-1.02E-06
-56,107200000,6.39E-06,178.5843,-6.39E-06,1.58E-07
-56,107225000,7.40E-06,-172.8493,-7.34E-06,-9.21E-07
-56,107250000,8.25E-06,-173.1291,-8.19E-06,-9.87E-07
-56,107275000,8.61E-06,175.6619,-8.58E-06,6.51E-07
-56,107300000,1.03E-05,-179.3874,-1.03E-05,-1.10E-07
-56,107325000,1.27E-05,178.1035,-1.27E-05,4.20E-07
-56,107350000,1.38E-05,175.3504,-1.37E-05,1.12E-06
-56,107375000,1.63E-05,-174.7932,-1.63E-05,-1.48E-06
-56,107400000,1.75E-05,-177.4703,-1.74E-05,-7.71E-07
-56,107425000,2.06E-05,-178.9011,-2.06E-05,-3.96E-07
-56,107450000,2.11E-05,-178.7625,-2.11E-05,-4.56E-07
-56,107475000,2.22E-05,-176.66,-2.22E-05,-1.30E-06
-56,107500000,2.34E-05,179.7793,-2.34E-05,9.00E-08
-56,107525000,2.77E-05,-179.2557,-2.77E-05,-3.59E-07
-56,107550000,3.22E-05,-178.0679,-3.22E-05,-1.09E-06
-56,107575000,3.55E-05,179.8338,-3.55E-05,1.03E-07
-56,107600000,3.81E-05,179.309,-3.80E-05,4.59E-07
-56,107625000,3.85E-05,179.1766,-3.85E-05,5.53E-07
-56,107650000,4.17E-05,-179.9518,-4.17E-05,-3.50E-08
-56,107675000,4.36E-05,-179.1935,-4.36E-05,-6.14E-07
-56,107700000,4.69E-05,-178.9156,-4.69E-05,-8.88E-07
-56,107725000,5.14E-05,178.0486,-5.14E-05,1.75E-06
-56,107750000,5.88E-05,179.29,-5.88E-05,7.28E-07
-56,107775000,6.38E-05,-179.4135,-6.38E-05,-6.53E-07
-56,107800000,7.02E-05,179.7895,-7.02E-05,2.58E-07
-56,107825000,7.23E-05,178.557,-7.22E-05,1.82E-06
-56,107850000,7.46E-05,179.1571,-7.46E-05,1.10E-06
-56,107875000,8.15E-05,178.7145,-8.15E-05,1.83E-06
-56,107900000,8.46E-05,-179.118,-8.46E-05,-1.30E-06
-56,107925000,8.97E-05,179.5624,-8.97E-05,6.85E-07
-56,107950000,9.46E-05,178.3776,-9.46E-05,2.68E-06
-56,107975000,0.000100353,-179.487,-0.000100349,-8.98E-07
-56,108000000,0.000107924,178.3054,-0.000107877,3.19E-06
-56,108025000,0.000105151,178.7743,-0.000105127,2.25E-06
-56,108050000,9.83E-05,178.3828,-9.82E-05,2.77E-06
-56,108075000,0.000102852,178.1045,-0.000102796,3.40E-06
-56,108100000,0.000103039,179.8118,-0.000103039,3.38E-07
-56,108125000,0.000102412,179.507,-0.000102408,8.81E-07
-56,108150000,0.000104186,178.8848,-0.000104167,2.03E-06
-56,108175000,0.000100429,177.8006,-0.000100355,3.85E-06
-56,108200000,9.76E-05,178.4429,-9.76E-05,2.65E-06
-56,108225000,9.04E-05,178.2958,-9.03E-05,2.69E-06
-56,108250000,7.92E-05,177.1812,-7.91E-05,3.90E-06
-56,108275000,6.33E-05,174.7867,-6.30E-05,5.75E-06
-56,108300000,4.93E-05,177.3911,-4.92E-05,2.24E-06
-56,108325000,3.45E-05,173.4291,-3.43E-05,3.95E-06
-56,108350000,2.01E-05,164.9371,-1.94E-05,5.22E-06
-56,108375000,3.25E-06,44.31447,2.33E-06,2.27E-06
-56,108400000,1.76E-05,3.41292,1.76E-05,1.05E-06
-56,108425000,3.51E-05,2.820823,3.50E-05,1.73E-06
-56,108450000,5.48E-05,3.74917,5.47E-05,3.58E-06
-56,108475000,7.45E-05,-1.352158,7.45E-05,-1.76E-06
-56,108500000,8.50E-05,-1.421192,8.50E-05,-2.11E-06
-56,108525000,0.000100951,1.30647,0.000100925,2.30E-06
-56,108550000,0.000110458,0.07595035,0.000110458,1.46E-07
-56,108575000,0.000119616,-0.2508436,0.000119615,-5.24E-07
-56,108600000,0.000121607,-0.1748522,0.000121606,-3.71E-07
-56,108625000,0.000123265,0.334984,0.000123263,7.21E-07
-56,108650000,0.000128356,-1.551214,0.000128309,-3.47E-06
-56,108675000,0.000130498,-0.3000182,0.000130497,-6.83E-07
-56,108700000,0.000122342,0.5383455,0.000122337,1.15E-06
-56,108725000,0.000117861,-1.454671,0.000117823,-2.99E-06
-56,108750000,0.000129126,-1.930239,0.000129053,-4.35E-06
-56,108775000,0.000115873,-2.164814,0.00011579,-4.38E-06
-56,108800000,0.00010561,-1.734006,0.000105562,-3.20E-06
-56,108825000,9.97E-05,-0.9473668,9.97E-05,-1.65E-06
-56,108850000,9.20E-05,-2.170224,9.19E-05,-3.48E-06
-56,108875000,8.31E-05,-1.822124,8.31E-05,-2.64E-06
-56,108900000,7.78E-05,-0.4782672,7.78E-05,-6.50E-07
-56,108925000,7.56E-05,-2.304378,7.55E-05,-3.04E-06
-56,108950000,6.88E-05,-1.44813,6.88E-05,-1.74E-06
-56,108975000,6.37E-05,-1.655474,6.36E-05,-1.84E-06
-56,109000000,5.70E-05,-1.51929,5.70E-05,-1.51E-06
-56,109025000,4.99E-05,-2.051163,4.99E-05,-1.79E-06
-56,109050000,4.46E-05,-1.448597,4.46E-05,-1.13E-06
-56,109075000,4.52E-05,-1.188014,4.52E-05,-9.36E-07
-56,109100000,3.93E-05,-2.117543,3.93E-05,-1.45E-06
-56,109125000,3.43E-05,-1.686856,3.43E-05,-1.01E-06
-56,109150000,2.89E-05,-1.839147,2.89E-05,-9.28E-07
-56,109175000,2.63E-05,-0.6170773,2.63E-05,-2.83E-07
-56,109200000,2.10E-05,-5.234843,2.09E-05,-1.91E-06
-56,109225000,1.78E-05,-2.814912,1.78E-05,-8.76E-07
-56,109250000,1.42E-05,-7.744934,1.41E-05,-1.91E-06
-56,109275000,1.28E-05,-6.956742,1.27E-05,-1.55E-06
-56,109300000,9.85E-06,-5.316547,9.81E-06,-9.13E-07
-56,109325000,7.67E-06,-5.181988,7.64E-06,-6.93E-07
-56,109350000,7.03E-06,-3.319855,7.02E-06,-4.07E-07
-56,109375000,2.57E-06,-17.03948,2.45E-06,-7.52E-07
-56,109400000,2.25E-06,-17.33468,2.15E-06,-6.71E-07
-56,109425000,1.87E-06,-52.04304,1.15E-06,-1.48E-06
-56,109450000,1.24E-06,-143.2257,-9.95E-07,-7.44E-07
-56,109475000,2.05E-06,-154.7283,-1.86E-06,-8.77E-07
-56,109500000,3.91E-06,-173.6903,-3.89E-06,-4.30E-07
-56,109525000,4.02E-06,-170.5457,-3.96E-06,-6.60E-07
-56,109550000,5.51E-06,-178.8831,-5.51E-06,-1.07E-07
-56,109575000,6.26E-06,-175.0774,-6.23E-06,-5.37E-07
-56,109600000,6.34E-06,-176.3272,-6.33E-06,-4.06E-07
-56,109625000,6.88E-06,-173.6166,-6.83E-06,-7.64E-07
-56,109650000,7.54E-06,-175.5706,-7.52E-06,-5.82E-07
-56,109675000,8.11E-06,-176.6314,-8.10E-06,-4.76E-07
-56,109700000,8.66E-06,-173.6757,-8.61E-06,-9.54E-07
-56,109725000,9.39E-06,179.2867,-9.39E-06,1.17E-07
-56,109750000,9.34E-06,-174.4676,-9.30E-06,-9.01E-07
-56,109775000,9.41E-06,179.2129,-9.41E-06,1.29E-07
-56,109800000,9.74E-06,-178.1481,-9.74E-06,-3.15E-07
-56,109825000,8.92E-06,-179.5592,-8.92E-06,-6.86E-08
-56,109850000,9.44E-06,-179.4108,-9.44E-06,-9.70E-08
-56,109875000,9.37E-06,176.0279,-9.35E-06,6.49E-07
-56,109900000,1.00E-05,177.8171,-1.00E-05,3.82E-07
-56,109925000,9.67E-06,-177.9327,-9.66E-06,-3.49E-07
-56,109950000,1.04E-05,-179.0908,-1.04E-05,-1.64E-07
-56,109975000,8.95E-06,179.0125,-8.94E-06,1.54E-07
-56,110000000,8.62E-06,175.4749,-8.60E-06,6.80E-07
-56,110025000,9.13E-06,173.4722,-9.08E-06,1.04E-06
-56,110050000,8.23E-06,-176.9614,-8.22E-06,-4.36E-07
-56,110075000,8.87E-06,-179.8462,-8.87E-06,-2.38E-08
-56,110100000,9.22E-06,-178.0471,-9.21E-06,-3.14E-07
-56,110125000,8.71E-06,179.8678,-8.71E-06,2.01E-08
-56,110150000,9.18E-06,175.4155,-9.15E-06,7.34E-07
-56,110175000,9.36E-06,-178.6964,-9.36E-06,-2.13E-07
-56,110200000,8.02E-06,172.6332,-7.96E-06,1.03E-06
-56,110225000,8.33E-06,176.6865,-8.31E-06,4.81E-07
-56,110250000,7.93E-06,-179.4312,-7.93E-06,-7.87E-08
-56,110275000,8.19E-06,-176.9752,-8.18E-06,-4.32E-07
-56,110300000,7.69E-06,-175.7694,-7.67E-06,-5.68E-07
-56,110325000,7.74E-06,-179.3264,-7.74E-06,-9.10E-08
-56,110350000,6.18E-06,170.6272,-6.10E-06,1.01E-06
-56,110375000,6.52E-06,-179.3876,-6.52E-06,-6.97E-08
-56,110400000,5.98E-06,176.0691,-5.97E-06,4.10E-07
-56,110425000,6.44E-06,176.482,-6.42E-06,3.95E-07
-56,110450000,6.90E-06,-179.7607,-6.90E-06,-2.88E-08
-56,110475000,5.94E-06,-179.6685,-5.94E-06,-3.44E-08
-56,110500000,5.90E-06,172.7268,-5.85E-06,7.47E-07
-56,110525000,6.06E-06,-174.9536,-6.04E-06,-5.33E-07
-56,110550000,5.01E-06,174.7875,-4.99E-06,4.55E-07
-56,110575000,4.77E-06,177.8166,-4.76E-06,1.82E-07
-56,110600000,4.66E-06,167.1738,-4.55E-06,1.03E-06
-56,110625000,4.22E-06,175.8346,-4.20E-06,3.06E-07
-56,110650000,4.75E-06,177.8309,-4.75E-06,1.78E-07
-56,110675000,4.32E-06,-168.3806,-4.23E-06,-8.69E-07
-56,110700000,3.16E-06,-172.3302,-3.14E-06,-4.22E-07
-56,110725000,4.00E-06,176.9252,-4.00E-06,2.15E-07
-56,110750000,3.08E-06,176.0264,-3.08E-06,2.14E-07
-56,110775000,3.80E-06,-179.045,-3.80E-06,-6.34E-08
-56,110800000,3.35E-06,165.8501,-3.25E-06,8.20E-07
-56,110825000,3.31E-06,179.1668,-3.31E-06,4.81E-08
-56,110850000,3.90E-06,-178.9649,-3.90E-06,-7.05E-08
-56,110875000,2.73E-06,165.7082,-2.64E-06,6.73E-07
-56,110900000,3.91E-06,179.8215,-3.91E-06,1.22E-08
-56,110925000,2.32E-06,158.6578,-2.16E-06,8.44E-07
-56,110950000,2.56E-06,-176.4567,-2.55E-06,-1.58E-07
-56,110975000,2.90E-06,154.5919,-2.62E-06,1.24E-06
-56,111000000,3.62E-06,172.7079,-3.59E-06,4.59E-07
-52,106000000,5.01E-06,-2.305658,5.01E-06,-2.02E-07
-52,106025000,5.83E-06,-6.069785,5.80E-06,-6.16E-07
-52,106050000,5.89E-06,1.729496,5.89E-06,1.78E-07
-52,106075000,4.70E-06,-8.86777,4.64E-06,-7.24E-07
-52,106100000,4.57E-06,-4.5417,4.55E-06,-3.62E-07
-52,106125000,5.34E-06,-0.9331667,5.34E-06,-8.70E-08
-52,106150000,5.36E-06,-7.840461,5.31E-06,-7.31E-07
-52,106175000,5.92E-06,-2.954168,5.91E-06,-3.05E-07
-52,106200000,6.05E-06,-1.085028,6.05E-06,-1.14E-07
-52,106225000,4.80E-06,-3.261798,4.79E-06,-2.73E-07
-52,106250000,5.05E-06,2.126436,5.05E-06,1.87E-07
-52,106275000,4.92E-06,-5.08254,4.90E-06,-4.36E-07
-52,106300000,4.49E-06,-0.3060223,4.49E-06,-2.40E-08
-52,106325000,5.20E-06,2.014189,5.19E-06,1.83E-07
-52,106350000,4.25E-06,-3.289447,4.24E-06,-2.44E-07
-52,106375000,4.67E-06,6.13713,4.64E-06,4.99E-07
-52,106400000,4.35E-06,-2.824559,4.35E-06,-2.15E-07
-52,106425000,4.67E-06,-6.38617,4.64E-06,-5.20E-07
-52,106450000,4.36E-06,-7.38448,4.33E-06,-5.61E-07
-52,106475000,4.63E-06,-8.642389,4.58E-06,-6.96E-07
-52,106500000,3.73E-06,-1.977197,3.73E-06,-1.29E-07
-52,106525000,3.59E-06,4.48225,3.58E-06,2.81E-07
-52,106550000,4.15E-06,-10.25813,4.09E-06,-7.40E-07
-52,106575000,3.92E-06,-11.79109,3.84E-06,-8.01E-07
-52,106600000,3.83E-06,-3.229724,3.82E-06,-2.16E-07
-52,106625000,3.16E-06,10.99364,3.10E-06,6.03E-07
-52,106650000,2.54E-06,-2.245922,2.54E-06,-9.97E-08
-52,106675000,1.74E-06,-5.833843,1.73E-06,-1.77E-07
-52,106700000,1.69E-06,-28.46574,1.48E-06,-8.04E-07
-52,106725000,1.77E-06,-18.33056,1.68E-06,-5.55E-07
-52,106750000,1.36E-06,6.204952,1.35E-06,1.47E-07
-52,106775000,2.38E-07,63.81851,1.05E-07,2.14E-07
-52,106800000,4.93E-07,-136.0052,-3.55E-07,-3.42E-07
-52,106825000,6.03E-07,-128.7804,-3.78E-07,-4.70E-07
-52,106850000,2.30E-06,-160.2863,-2.16E-06,-7.75E-07
-52,106875000,2.24E-06,-149.2942,-1.92E-06,-1.14E-06
-52,106900000,3.34E-06,-167.7648,-3.26E-06,-7.07E-07
-52,106925000,4.71E-06,-172.102,-4.67E-06,-6.48E-07
-52,106950000,3.96E-06,-174.3405,-3.94E-06,-3.91E-07
-52,106975000,5.58E-06,-173.1218,-5.54E-06,-6.69E-07
-52,107000000,6.97E-06,-169.647,-6.86E-06,-1.25E-06
-52,107025000,8.61E-06,-175.3836,-8.58E-06,-6.93E-07
-52,107050000,9.15E-06,-176.2864,-9.13E-06,-5.92E-07
-52,107075000,9.63E-06,177.3581,-9.62E-06,4.44E-07
-52,107100000,1.07E-05,-177.9463,-1.07E-05,-3.84E-07
-52,107125000,1.10E-05,178.8101,-1.10E-05,2.28E-07
-52,107150000,1.19E-05,176.2866,-1.18E-05,7.68E-07
-52,107175000,1.39E-05,178.7619,-1.39E-05,3.00E-07
-52,107200000,1.60E-05,174.0596,-1.59E-05,1.66E-06
-52,107225000,1.78E-05,-178.4198,-1.78E-05,-4.92E-07
-52,107250000,1.97E-05,178.7455,-1.97E-05,4.31E-07
-52,107275000,2.16E-05,179.8607,-2.16E-05,5.26E-08
-52,107300000,2.45E-05,179.7189,-2.45E-05,1.20E-07
-52,107325000,2.64E-05,-179.775,-2.64E-05,-1.04E-07
-52,107350000,2.69E-05,179.0687,-2.69E-05,4.37E-07
-52,107375000,2.83E-05,178.434,-2.83E-05,7.75E-07
-52,107400000,3.24E-05,-179.9927,-3.24E-05,-4.10E-09
-52,107425000,3.38E-05,179.4086,-3.38E-05,3.49E-07
-52,107450000,3.69E-05,178.2311,-3.68E-05,1.14E-06
-52,107475000,3.89E-05,178.4893,-3.89E-05,1.03E-06
-52,107500000,4.16E-05,179.7334,-4.16E-05,1.95E-07
-52,107525000,4.69E-05,178.4408,-4.68E-05,1.28E-06
-52,107550000,5.07E-05,179.5551,-5.07E-05,3.94E-07
-52,107575000,5.24E-05,-179.1342,-5.24E-05,-7.92E-07
-52,107600000,5.30E-05,178.8075,-5.30E-05,1.10E-06
-52,107625000,5.76E-05,179.3504,-5.76E-05,6.53E-07
-52,107650000,5.71E-05,179.2908,-5.71E-05,7.07E-07
-52,107675000,6.33E-05,179.4019,-6.33E-05,6.60E-07
-52,107700000,6.42E-05,178.6659,-6.42E-05,1.49E-06
-52,107725000,6.51E-05,178.5982,-6.51E-05,1.59E-06
-52,107750000,6.86E-05,179.2709,-6.86E-05,8.73E-07
-52,107775000,7.30E-05,-179.1836,-7.30E-05,-1.04E-06
-52,107800000,7.49E-05,179.6258,-7.49E-05,4.89E-07
-52,107825000,8.29E-05,179.0512,-8.29E-05,1.37E-06
-52,107850000,8.83E-05,178.4886,-8.83E-05,2.33E-06
-52,107875000,8.64E-05,178.681,-8.63E-05,1.99E-06
-52,107900000,8.22E-05,178.6295,-8.22E-05,1.97E-06
-52,107925000,8.08E-05,179.543,-8.08E-05,6.44E-07
-52,107950000,8.47E-05,178.3312,-8.47E-05,2.47E-06
-52,107975000,9.49E-05,178.2007,-9.48E-05,2.98E-06
-52,108000000,9.39E-05,178.221,-9.39E-05,2.92E-06
-52,108025000,8.76E-05,178.3674,-8.76E-05,2.50E-06
-52,108050000,8.55E-05,176.9592,-8.53E-05,4.53E-06
-52,108075000,8.62E-05,176.3897,-8.60E-05,5.43E-06
-52,108100000,8.53E-05,177.123,-8.52E-05,4.28E-06
-52,108125000,7.83E-05,176.999,-7.82E-05,4.10E-06
-52,108150000,6.91E-05,176.9217,-6.90E-05,3.71E-06
-52,108175000,6.37E-05,175.9433,-6.36E-05,4.51E-06
-52,108200000,4.71E-05,176.0613,-4.70E-05,3.23E-06
-52,108225000,3.34E-05,177.6748,-3.34E-05,1.36E-06
-52,108250000,1.75E-05,165.4463,-1.69E-05,4.39E-06
-52,108275000,5.68E-06,88.7114,1.28E-07,5.68E-06
-52,108300000,1.72E-05,6.217622,1.71E-05,1.87E-06
-52,108325000,3.59E-05,1.768231,3.59E-05,1.11E-06
-52,108350000,5.35E-05,4.240365,5.34E-05,3.96E-06
-52,108375000,7.19E-05,0.4189812,7.19E-05,5.26E-07
-52,108400000,8.46E-05,0.9664571,8.46E-05,1.43E-06
-52,108425000,0.000103927,-0.2864155,0.000103926,-5.20E-07
-52,108450000,0.000118356,-0.412018,0.000118353,-8.51E-07
-52,108475000,0.000119206,-0.4931227,0.000119202,-1.03E-06
-52,108500000,0.000133537,0.9468339,0.000133519,2.21E-06
-52,108525000,0.000142244,-0.938216,0.000142225,-2.33E-06
-52,108550000,0.000151197,-0.7655382,0.000151183,-2.02E-06
-52,108575000,0.00014992,-0.3617274,0.000149917,-9.46E-07
-52,108600000,0.000132402,-1.858139,0.000132332,-4.29E-06
-52,108625000,0.000138326,-1.062507,0.000138302,-2.57E-06
-52,108650000,0.000148669,-1.827114,0.000148593,-4.74E-06
-52,108675000,0.000144113,-0.3986428,0.00014411,-1.00E-06
-52,108700000,0.000133672,-2.559374,0.000133539,-5.97E-06
-52,108725000,0.000121966,-1.418136,0.000121928,-3.02E-06
-52,108750000,0.000114034,-1.548927,0.000113992,-3.08E-06
-52,108775000,0.000102892,-1.740642,0.000102845,-3.13E-06
-52,108800000,9.32E-05,-2.369862,9.32E-05,-3.86E-06
-52,108825000,8.85E-05,-0.6847973,8.85E-05,-1.06E-06
-52,108850000,7.42E-05,-1.7268,7.42E-05,-2.24E-06
-52,108875000,6.57E-05,-1.420416,6.57E-05,-1.63E-06
-52,108900000,5.84E-05,-3.064587,5.84E-05,-3.12E-06
-52,108925000,5.27E-05,-0.8595711,5.27E-05,-7.90E-07
-52,108950000,5.02E-05,-3.017703,5.01E-05,-2.64E-06
-52,108975000,4.43E-05,-3.81946,4.42E-05,-2.95E-06
-52,109000000,3.95E-05,-4.507824,3.94E-05,-3.10E-06
-52,109025000,3.28E-05,-1.212572,3.28E-05,-6.95E-07
-52,109050000,2.73E-05,-2.232908,2.73E-05,-1.06E-06
-52,109075000,2.35E-05,-3.534568,2.35E-05,-1.45E-06
-52,109100000,1.57E-05,-3.411721,1.56E-05,-9.32E-07
-52,109125000,1.31E-05,-3.150084,1.31E-05,-7.19E-07
-52,109150000,1.09E-05,-6.411592,1.09E-05,-1.22E-06
-52,109175000,1.00E-05,-7.358812,9.94E-06,-1.28E-06
-52,109200000,7.12E-06,-8.037428,7.05E-06,-9.96E-07
-52,109225000,4.11E-06,-31.79821,3.49E-06,-2.16E-06
-52,109250000,3.09E-06,-29.09221,2.70E-06,-1.50E-06
-52,109275000,7.59E-07,-85.44682,6.03E-08,-7.57E-07
-52,109300000,2.34E-06,-133.0682,-1.60E-06,-1.71E-06
-52,109325000,4.11E-06,-173.4732,-4.08E-06,-4.67E-07
-52,109350000,3.13E-06,-174.5131,-3.12E-06,-2.99E-07
-52,109375000,6.84E-06,177.1824,-6.83E-06,3.36E-07
-52,109400000,6.76E-06,-172.0704,-6.70E-06,-9.33E-07
-52,109425000,7.96E-06,-173.3995,-7.90E-06,-9.14E-07
-52,109450000,9.13E-06,-178.6993,-9.13E-06,-2.07E-07
-52,109475000,9.26E-06,-175.5084,-9.24E-06,-7.26E-07
-52,109500000,9.72E-06,-177.1851,-9.71E-06,-4.77E-07
-52,109525000,1.02E-05,-175.8345,-1.01E-05,-7.37E-07
-52,109550000,1.07E-05,179.7656,-1.07E-05,4.38E-08
-52,109575000,1.16E-05,-173.3286,-1.15E-05,-1.35E-06
-52,109600000,1.23E-05,179.0994,-1.23E-05,1.94E-07
-52,109625000,1.15E-05,179.414,-1.15E-05,1.17E-07
-52,109650000,1.13E-05,-174.6974,-1.12E-05,-1.04E-06
-52,109675000,1.23E-05,-176.6884,-1.22E-05,-7.08E-07
-52,109700000,1.09E-05,179.3888,-1.09E-05,1.16E-07
-52,109725000,1.18E-05,179.1469,-1.18E-05,1.75E-07
-52,109750000,1.21E-05,-177.4512,-1.21E-05,-5.37E-07
-52,109775000,1.13E-05,179.2434,-1.13E-05,1.49E-07
-52,109800000,1.14E-05,-179.8918,-1.14E-05,-2.16E-08
-52,109825000,1.11E-05,-175.7348,-1.11E-05,-8.25E-07
-52,109850000,1.16E-05,-178.9197,-1.16E-05,-2.18E-07
-52,109875000,1.11E-05,-178.1243,-1.11E-05,-3.63E-07
-52,109900000,1.01E-05,-173.7903,-1.00E-05,-1.09E-06
-52,109925000,9.17E-06,179.8178,-9.17E-06,2.92E-08
-52,109950000,9.09E-06,-175.4864,-9.06E-06,-7.15E-07
-52,109975000,9.46E-06,179.9259,-9.46E-06,1.22E-08
-52,110000000,9.62E-06,177.4418,-9.61E-06,4.29E-07
-52,110025000,8.27E-06,174.2922,-8.23E-06,8.22E-07
-52,110050000,8.28E-06,-175.6911,-8.26E-06,-6.22E-07
-52,110075000,8.16E-06,-177.8526,-8.15E-06,-3.06E-07
-52,110100000,8.87E-06,176.1964,-8.85E-06,5.88E-07
-52,110125000,8.36E-06,176.5171,-8.34E-06,5.08E-07
-52,110150000,8.29E-06,-174.81,-8.26E-06,-7.50E-07
-52,110175000,7.80E-06,-178.7782,-7.80E-06,-1.66E-07
-52,110200000,7.30E-06,177.4572,-7.29E-06,3.24E-07
-52,110225000,7.40E-06,-176.6442,-7.39E-06,-4.33E-07
-52,110250000,6.87E-06,178.7934,-6.87E-06,1.45E-07
-52,110275000,5.88E-06,177.5487,-5.87E-06,2.51E-07
-52,110300000,6.10E-06,173.5955,-6.06E-06,6.80E-07
-52,110325000,7.19E-06,-178.7756,-7.19E-06,-1.54E-07
-52,110350000,5.55E-06,172.116,-5.50E-06,7.62E-07
-52,110375000,5.36E-06,-175.2611,-5.34E-06,-4.43E-07
-52,110400000,5.97E-06,-175.7585,-5.95E-06,-4.41E-07
-52,110425000,5.47E-06,179.7708,-5.47E-06,2.19E-08
-52,110450000,5.51E-06,178.0272,-5.50E-06,1.90E-07
-52,110475000,4.85E-06,178.0991,-4.85E-06,1.61E-07
-52,110500000,4.24E-06,-177.993,-4.23E-06,-1.48E-07
-52,110525000,4.70E-06,175.9154,-4.69E-06,3.35E-07
-52,110550000,4.03E-06,173.6721,-4.00E-06,4.44E-07
-52,110575000,3.84E-06,-179.4962,-3.84E-06,-3.38E-08
-52,110600000,4.79E-06,177.6246,-4.78E-06,1.98E-07
-52,110625000,3.53E-06,-179.6521,-3.53E-06,-2.14E-08
-52,110650000,3.63E-06,-177.3033,-3.62E-06,-1.71E-07
-52,110675000,3.15E-06,-178.5932,-3.15E-06,-7.73E-08
-52,110700000,3.27E-06,-172.3877,-3.24E-06,-4.33E-07
-52,110725000,2.57E-06,165.1173,-2.49E-06,6.61E-07
-52,110750000,2.96E-06,-175.638,-2.95E-06,-2.25E-07
-52,110775000,2.29E-06,-168.3666,-2.24E-06,-4.62E-07
-52,110800000,2.61E-06,165.2264,-2.52E-06,6.65E-07
-52,110825000,2.65E-06,176.9797,-2.64E-06,1.39E-07
-52,110850000,2.55E-06,163.727,-2.45E-06,7.14E-07
-52,110875000,2.18E-06,176.8566,-2.18E-06,1.19E-07
-52,110900000,1.02E-06,154.8041,-9.27E-07,4.36E-07
-52,110925000,2.67E-06,178.1381,-2.67E-06,8.68E-08
-52,110950000,2.12E-06,178.4497,-2.12E-06,5.74E-08
-52,110975000,2.20E-06,-167.2156,-2.14E-06,-4.86E-07
-52,111000000,1.45E-06,160.3597,-1.36E-06,4.86E-07
-48,106000000,4.43E-06,3.278942,4.42E-06,2.53E-07
-48,106025000,4.42E-06,0.9233996,4.42E-06,7.12E-08
-48,106050000,4.44E-06,0.5392439,4.44E-06,4.18E-08
-48,106075000,4.09E-06,1.674895,4.09E-06,1.20E-07
-48,106100000,5.27E-06,-3.568485,5.26E-06,-3.28E-07
-48,106125000,5.01E-06,-0.1021002,5.01E-06,-8.92E-09
-48,106150000,3.79E-06,-14.028,3.68E-06,-9.18E-07
-48,106175000,4.45E-06,-5.101459,4.44E-06,-3.96E-07
-48,106200000,3.51E-06,4.373038,3.50E-06,2.68E-07
-48,106225000,3.93E-06,4.567532,3.92E-06,3.13E-07
-48,106250000,4.02E-06,1.629802,4.01E-06,1.14E-07
-48,106275000,4.11E-06,-5.110954,4.09E-06,-3.66E-07
-48,106300000,2.58E-06,-0.4091288,2.58E-06,-1.84E-08
-48,106325000,2.57E-06,-0.7541351,2.57E-06,-3.38E-08
-48,106350000,2.08E-06,-9.358366,2.06E-06,-3.39E-07
-48,106375000,2.05E-06,-4.374582,2.04E-06,-1.56E-07
-48,106400000,2.70E-06,7.609218,2.68E-06,3.58E-07
-48,106425000,2.41E-06,-5.435344,2.40E-06,-2.28E-07
-48,106450000,1.81E-06,-19.34935,1.71E-06,-6.01E-07
-48,106475000,1.06E-06,4.65224,1.06E-06,8.61E-08
-48,106500000,7.53E-07,31.9457,6.39E-07,3.99E-07
-48,106525000,1.31E-06,-32.15705,1.11E-06,-6.96E-07
-48,106550000,5.30E-07,-129.9007,-3.40E-07,-4.06E-07
-48,106575000,6.35E-07,-150.2706,-5.51E-07,-3.15E-07
-48,106600000,1.14E-06,-135.2316,-8.12E-07,-8.06E-07
-48,106625000,1.88E-06,-170.6472,-1.86E-06,-3.06E-07
-48,106650000,2.31E-06,-174.3212,-2.30E-06,-2.28E-07
-48,106675000,4.15E-06,-179.4604,-4.15E-06,-3.91E-08
-48,106700000,3.62E-06,-157.302,-3.34E-06,-1.40E-06
-48,106725000,3.96E-06,-164.6243,-3.82E-06,-1.05E-06
-48,106750000,4.68E-06,-175.7894,-4.67E-06,-3.44E-07
-48,106775000,6.32E-06,-176.9404,-6.31E-06,-3.37E-07
-48,106800000,7.02E-06,-176.9601,-7.01E-06,-3.72E-07
-48,106825000,7.64E-06,178.12,-7.64E-06,2.51E-07
-48,106850000,8.68E-06,-179.8075,-8.68E-06,-2.92E-08
-48,106875000,8.82E-06,176.9675,-8.81E-06,4.67E-07
-48,106900000,1.06E-05,177.3992,-1.06E-05,4.81E-07
-48,106925000,1.16E-05,179.107,-1.16E-05,1.80E-07
-48,106950000,1.20E-05,-178.6959,-1.20E-05,-2.73E-07
-48,106975000,1.32E-05,-178.3003,-1.32E-05,-3.91E-07
-48,107000000,1.53E-05,178.5747,-1.53E-05,3.80E-07
-48,107025000,1.64E-05,-178.5984,-1.64E-05,-4.00E-07
-48,107050000,1.67E-05,-178.7366,-1.67E-05,-3.66E-07
-48,107075000,1.83E-05,-177.7309,-1.83E-05,-7.25E-07
-48,107100000,2.00E-05,-179.964,-2.00E-05,-1.26E-08
-48,107125000,2.17E-05,-179.8972,-2.17E-05,-3.89E-08
-48,107150000,2.22E-05,-178.9467,-2.22E-05,-4.07E-07
-48,107175000,2.44E-05,-178.5266,-2.44E-05,-6.29E-07
-48,107200000,2.53E-05,-179.2355,-2.53E-05,-3.38E-07
-48,107225000,2.76E-05,-178.3526,-2.76E-05,-7.94E-07
-48,107250000,3.18E-05,179.744,-3.18E-05,1.42E-07
-48,107275000,3.19E-05,178.6029,-3.19E-05,7.78E-07
-48,107300000,3.30E-05,178.7702,-3.30E-05,7.08E-07
-48,107325000,3.50E-05,179.2513,-3.50E-05,4.57E-07
-48,107350000,3.38E-05,-179.1275,-3.38E-05,-5.15E-07
-48,107375000,3.59E-05,179.663,-3.59E-05,2.11E-07
-48,107400000,3.72E-05,178.2238,-3.72E-05,1.15E-06
-48,107425000,3.82E-05,178.6811,-3.81E-05,8.78E-07
-48,107450000,4.16E-05,-179.3504,-4.16E-05,-4.71E-07
-48,107475000,4.36E-05,-179.07,-4.36E-05,-7.08E-07
-48,107500000,4.75E-05,178.7623,-4.75E-05,1.03E-06
-48,107525000,4.91E-05,179.4914,-4.91E-05,4.36E-07
-48,107550000,5.02E-05,178.2067,-5.02E-05,1.57E-06
-48,107575000,5.16E-05,-179.2995,-5.16E-05,-6.31E-07
-48,107600000,4.99E-05,179.7169,-4.99E-05,2.47E-07
-48,107625000,5.30E-05,176.9723,-5.29E-05,2.80E-06
-48,107650000,5.84E-05,177.6598,-5.83E-05,2.38E-06
-48,107675000,5.88E-05,177.8322,-5.88E-05,2.22E-06
-48,107700000,6.07E-05,177.6476,-6.07E-05,2.49E-06
-48,107725000,6.20E-05,179.6108,-6.20E-05,4.21E-07
-48,107750000,6.93E-05,179.3323,-6.93E-05,8.07E-07
-48,107775000,6.90E-05,177.8245,-6.89E-05,2.62E-06
-48,107800000,6.83E-05,179.1513,-6.83E-05,1.01E-06
-48,107825000,6.82E-05,178.886,-6.82E-05,1.33E-06
-48,107850000,7.40E-05,178.9451,-7.40E-05,1.36E-06
-48,107875000,7.52E-05,178.7228,-7.51E-05,1.68E-06
-48,107900000,6.99E-05,177.6562,-6.98E-05,2.86E-06
-48,107925000,7.18E-05,178.2674,-7.17E-05,2.17E-06
-48,107950000,6.75E-05,178.1542,-6.75E-05,2.17E-06
-48,107975000,6.14E-05,176.7999,-6.13E-05,3.43E-06
-48,108000000,5.51E-05,176.3163,-5.50E-05,3.54E-06
-48,108025000,5.25E-05,176.3359,-5.24E-05,3.35E-06
-48,108050000,4.75E-05,176.0319,-4.74E-05,3.29E-06
-48,108075000,4.31E-05,175.8739,-4.29E-05,3.10E-06
-48,108100000,3.67E-05,176.3899,-3.66E-05,2.31E-06
-48,108125000,2.93E-05,176.872,-2.93E-05,1.60E-06
-48,108150000,2.06E-05,172.2856,-2.05E-05,2.77E-06
-48,108175000,4.42E-06,159.6881,-4.15E-06,1.54E-06
-48,108200000,1.02E-05,3.845476,1.02E-05,6.82E-07
-48,108225000,2.66E-05,-0.5000246,2.66E-05,-2.32E-07
-48,108250000,4.50E-05,1.440251,4.50E-05,1.13E-06
-48,108275000,6.07E-05,0.8027651,6.07E-05,8.51E-07
-48,108300000,8.17E-05,0.1257703,8.17E-05,1.79E-07
-48,108325000,9.31E-05,0.7271764,9.31E-05,1.18E-06
-48,108350000,0.00010731,1.319553,0.000107282,2.47E-06
-48,108375000,0.000121656,-1.009606,0.000121637,-2.14E-06
-48,108400000,0.000139032,-0.2537337,0.000139031,-6.16E-07
-48,108425000,0.000141358,-0.6652293,0.000141348,-1.64E-06
-48,108450000,0.000151367,-0.2059825,0.000151366,-5.44E-07
-48,108475000,0.000151347,0.04101608,0.000151347,1.08E-07
-48,108500000,0.000145161,-1.023899,0.000145138,-2.59E-06
-48,108525000,0.000152864,-1.946913,0.000152776,-5.19E-06
-48,108550000,0.000151411,-1.442308,0.000151363,-3.81E-06
-48,108575000,0.000148569,-0.8442468,0.000148553,-2.19E-06
-48,108600000,0.000143736,-1.934021,0.000143655,-4.85E-06
-48,108625000,0.000138243,-2.214466,0.00013814,-5.34E-06
-48,108650000,0.000129144,-1.853441,0.000129076,-4.18E-06
-48,108675000,0.000120211,-2.462056,0.0001201,-5.16E-06
-48,108700000,0.000101536,-2.212874,0.00010146,-3.92E-06
-48,108725000,9.22E-05,-2.42626,9.22E-05,-3.90E-06
-48,108750000,8.11E-05,-1.327264,8.11E-05,-1.88E-06
-48,108775000,7.55E-05,-2.065637,7.54E-05,-2.72E-06
-48,108800000,6.66E-05,-2.375268,6.65E-05,-2.76E-06
-48,108825000,6.53E-05,0.0305258,6.53E-05,3.48E-08
-48,108850000,5.47E-05,-4.020456,5.46E-05,-3.84E-06
-48,108875000,5.09E-05,-4.432442,5.07E-05,-3.93E-06
-48,108900000,3.55E-05,-1.844456,3.55E-05,-1.14E-06
-48,108925000,3.30E-05,-1.807764,3.30E-05,-1.04E-06
-48,108950000,2.77E-05,-6.302344,2.76E-05,-3.04E-06
-48,108975000,1.65E-05,-5.501064,1.64E-05,-1.58E-06
-48,109000000,1.19E-05,-11.15505,1.17E-05,-2.30E-06
-48,109025000,1.15E-05,-13.20512,1.12E-05,-2.63E-06
-48,109050000,4.41E-06,-19.02278,4.17E-06,-1.44E-06
-48,109075000,2.95E-06,-20.19064,2.77E-06,-1.02E-06
-48,109100000,1.08E-06,14.53053,1.05E-06,2.72E-07
-48,109125000,1.77E-06,-162.7407,-1.69E-06,-5.24E-07
-48,109150000,5.72E-06,-165.2784,-5.53E-06,-1.45E-06
-48,109175000,8.44E-06,-172.5444,-8.37E-06,-1.10E-06
-48,109200000,6.93E-06,-167.7169,-6.78E-06,-1.48E-06
-48,109225000,9.84E-06,178.4608,-9.83E-06,2.64E-07
-48,109250000,1.02E-05,-173.0861,-1.01E-05,-1.23E-06
-48,109275000,1.13E-05,177.3246,-1.13E-05,5.26E-07
-48,109300000,1.23E-05,-177.2602,-1.23E-05,-5.90E-07
-48,109325000,1.34E-05,-179.0672,-1.34E-05,-2.18E-07
-48,109350000,1.23E-05,-179.5096,-1.23E-05,-1.05E-07
-48,109375000,1.46E-05,-179.2567,-1.46E-05,-1.90E-07
-48,109400000,1.50E-05,-176.2987,-1.50E-05,-9.71E-07
-48,109425000,1.33E-05,-173.994,-1.32E-05,-1.39E-06
-48,109450000,1.32E-05,-179.3,-1.32E-05,-1.61E-07
-48,109475000,1.39E-05,-179.2247,-1.39E-05,-1.89E-07
-48,109500000,1.28E-05,-179.0639,-1.28E-05,-2.09E-07
-48,109525000,1.38E-05,-178.7879,-1.38E-05,-2.92E-07
-48,109550000,1.36E-05,-177.0806,-1.35E-05,-6.91E-07
-48,109575000,1.29E-05,177.436,-1.28E-05,5.75E-07
-48,109600000,1.32E-05,178.0164,-1.32E-05,4.58E-07
-48,109625000,1.32E-05,179.7982,-1.32E-05,4.65E-08
-48,109650000,1.15E-05,177.6909,-1.15E-05,4.62E-07
-48,109675000,1.24E-05,179.4157,-1.24E-05,1.27E-07
-48,109700000,1.13E-05,-177.8785,-1.13E-05,-4.18E-07
-48,109725000,1.08E-05,-177.1921,-1.08E-05,-5.28E-07
-48,109750000,1.04E-05,178.2114,-1.04E-05,3.25E-07
-48,109775000,1.01E-05,-176.5541,-1.01E-05,-6.06E-07
-48,109800000,1.08E-05,177.1966,-1.08E-05,5.29E-07
-48,109825000,8.87E-06,-178.0211,-8.86E-06,-3.06E-07
-48,109850000,9.15E-06,178.6837,-9.15E-06,2.10E-07
-48,109875000,8.32E-06,-176.5051,-8.30E-06,-5.07E-07
-48,109900000,8.16E-06,179.7499,-8.16E-06,3.56E-08
-48,109925000,8.88E-06,179.2364,-8.88E-06,1.18E-07
-48,109950000,7.13E-06,-179.134,-7.13E-06,-1.08E-07
-48,109975000,8.09E-06,175.2203,-8.06E-06,6.74E-07
-48,110000000,7.21E-06,179.5849,-7.21E-06,5.22E-08
-48,110025000,6.50E-06,-176.7421,-6.49E-06,-3.69E-07
-48,110050000,6.32E-06,177.6764,-6.32E-06,2.56E-07
-48,110075000,6.50E-06,172.4574,-6.44E-06,8.53E-07
-48,110100000,6.13E-06,175.8651,-6.11E-06,4.42E-07
-48,110125000,5.09E-06,176.2698,-5.08E-06,3.31E-07
-48,110150000,5.96E-06,176.4805,-5.95E-06,3.66E-07
-48,110175000,6.27E-06,-176.1107,-6.26E-06,-4.26E-07
-48,110200000,5.25E-06,179.3163,-5.25E-06,6.26E-08
-48,110225000,5.34E-06,-179.5166,-5.34E-06,-4.59E-08
-48,110250000,5.30E-06,-175.3366,-5.29E-06,-4.31E-07
-48,110275000,4.98E-06,175.756,-4.96E-06,3.68E-07
-48,110300000,3.57E-06,172.1806,-3.54E-06,4.86E-07
-48,110325000,4.40E-06,176.3815,-4.39E-06,2.78E-07
-48,110350000,4.86E-06,178.5372,-4.86E-06,1.24E-07
-48,110375000,2.93E-06,165.2109,-2.84E-06,7.49E-07
-48,110400000,4.04E-06,-179.9456,-4.04E-06,-3.83E-09
-48,110425000,2.08E-06,177.7937,-2.07E-06,7.99E-08
-48,110450000,2.80E-06,170.9254,-2.77E-06,4.42E-07
-48,110475000,2.77E-06,-175.6735,-2.76E-06,-2.09E-07
-48,110500000,3.08E-06,177.5909,-3.07E-06,1.29E-07
-48,110525000,1.17E-06,-175.4514,-1.16E-06,-9.27E-08
-48,110550000,1.95E-06,177.8492,-1.95E-06,7.31E-08
-48,110575000,1.95E-06,176.2333,-1.95E-06,1.28E-07
-48,110600000,1.73E-06,169.2729,-1.70E-06,3.22E-07
-48,110625000,2.06E-06,165.9655,-2.00E-06,4.99E-07
-48,110650000,2.48E-06,-174.5653,-2.47E-06,-2.35E-07
-48,110675000,1.68E-06,-178.8215,-1.68E-06,-3.46E-08
-48,110700000,1.46E-06,177.3637,-1.46E-06,6.73E-08
-48,110725000,1.72E-06,172.8043,-1.70E-06,2.15E-07
-48,110750000,1.34E-06,-133.1885,-9.15E-07,-9.75E-07
-48,110775000,1.37E-06,162.3444,-1.30E-06,4.15E-07
-48,110800000,1.02E-06,-167.1098,-9.91E-07,-2.27E-07
-48,110825000,1.18E-06,129.3128,-7.46E-07,9.11E-07
-48,110850000,9.45E-07,173.8226,-9.40E-07,1.02E-07
-48,110875000,1.15E-06,171.1774,-1.13E-06,1.76E-07
-48,110900000,1.46E-06,-171.5404,-1.45E-06,-2.15E-07
-48,110925000,1.15E-06,-171.1371,-1.13E-06,-1.77E-07
-48,110950000,1.45E-06,-168.5474,-1.42E-06,-2.88E-07
-48,110975000,1.37E-06,166.4499,-1.33E-06,3.21E-07
-48,111000000,4.30E-07,-70.03038,1.47E-07,-4.04E-07
-44,106000000,2.74E-06,6.117268,2.72E-06,2.92E-07
-44,106025000,2.29E-06,-15.27432,2.20E-06,-6.02E-07
-44,106050000,1.58E-06,-1.433202,1.57E-06,-3.94E-08
-44,106075000,2.01E-06,27.772,1.78E-06,9.36E-07
-44,106100000,2.28E-06,-10.7648,2.24E-06,-4.26E-07
-44,106125000,1.11E-06,11.34673,1.09E-06,2.19E-07
-44,106150000,9.45E-07,-5.252038,9.41E-07,-8.65E-08
-44,106175000,1.04E-06,3.678588,1.04E-06,6.67E-08
-44,106200000,1.34E-06,-45.91415,9.30E-07,-9.60E-07
-44,106225000,1.33E-06,-83.306,1.55E-07,-1.32E-06
-44,106250000,7.01E-07,7.222796,6.96E-07,8.82E-08
-44,106275000,1.18E-06,-153.3458,-1.05E-06,-5.29E-07
-44,106300000,7.52E-07,153.1938,-6.71E-07,3.39E-07
-44,106325000,1.51E-06,-153.8668,-1.36E-06,-6.67E-07
-44,106350000,5.42E-07,-134.1691,-3.77E-07,-3.88E-07
-44,106375000,2.49E-06,-173.4297,-2.47E-06,-2.85E-07
-44,106400000,1.61E-06,-177.7083,-1.61E-06,-6.45E-08
-44,106425000,3.45E-06,-178.4517,-3.45E-06,-9.31E-08
-44,106450000,3.67E-06,-176.4452,-3.66E-06,-2.28E-07
-44,106475000,4.43E-06,-163.6156,-4.25E-06,-1.25E-06
-44,106500000,4.32E-06,-177.7191,-4.32E-06,-1.72E-07
-44,106525000,4.76E-06,175.847,-4.74E-06,3.44E-07
-44,106550000,5.99E-06,175.0681,-5.97E-06,5.15E-07
-44,106575000,5.95E-06,177.6141,-5.95E-06,2.48E-07
-44,106600000,5.50E-06,177.6987,-5.50E-06,2.21E-07
-44,106625000,6.91E-06,-179.7478,-6.91E-06,-3.04E-08
-44,106650000,8.20E-06,175.3235,-8.18E-06,6.69E-07
-44,106675000,8.17E-06,-177.3594,-8.16E-06,-3.76E-07
-44,106700000,9.21E-06,176.8571,-9.19E-06,5.05E-07
-44,106725000,9.60E-06,177.4911,-9.59E-06,4.20E-07
-44,106750000,1.10E-05,175.2333,-1.09E-05,9.10E-07
-44,106775000,1.28E-05,-178.0478,-1.28E-05,-4.35E-07
-44,106800000,1.28E-05,-177.9275,-1.28E-05,-4.62E-07
-44,106825000,1.39E-05,-176.6384,-1.38E-05,-8.13E-07
-44,106850000,1.47E-05,177.925,-1.47E-05,5.34E-07
-44,106875000,1.44E-05,-179.6285,-1.44E-05,-9.32E-08
-44,106900000,1.74E-05,179.3216,-1.74E-05,2.06E-07
-44,106925000,1.73E-05,179.2936,-1.73E-05,2.13E-07
-44,106950000,1.79E-05,179.4897,-1.79E-05,1.60E-07
-44,106975000,1.89E-05,-179.2601,-1.89E-05,-2.45E-07
-44,107000000,1.99E-05,179.3807,-1.99E-05,2.15E-07
-44,107025000,2.19E-05,-179.5799,-2.19E-05,-1.61E-07
-44,107050000,2.28E-05,-179.1636,-2.28E-05,-3.33E-07
-44,107075000,2.31E-05,-176.6004,-2.31E-05,-1.37E-06
-44,107100000,2.46E-05,179.322,-2.46E-05,2.91E-07
-44,107125000,2.43E-05,-178.5693,-2.43E-05,-6.07E-07
-44,107150000,2.86E-05,178.9906,-2.86E-05,5.04E-07
-44,107175000,3.06E-05,179.6289,-3.06E-05,1.98E-07
-44,107200000,2.96E-05,179.2584,-2.96E-05,3.83E-07
-44,107225000,3.20E-05,179.3369,-3.20E-05,3.71E-07
-44,107250000,3.13E-05,-178.3432,-3.13E-05,-9.06E-07
-44,107275000,3.28E-05,179.4906,-3.28E-05,2.91E-07
-44,107300000,3.38E-05,-179.0671,-3.38E-05,-5.50E-07
-44,107325000,3.93E-05,179.0476,-3.93E-05,6.54E-07
-44,107350000,3.98E-05,-178.6003,-3.98E-05,-9.72E-07
-44,107375000,3.95E-05,176.7254,-3.95E-05,2.26E-06
-44,107400000,4.22E-05,179.1584,-4.22E-05,6.20E-07
-44,107425000,4.10E-05,179.7763,-4.10E-05,1.60E-07
-44,107450000,4.28E-05,177.3897,-4.27E-05,1.95E-06
-44,107475000,4.47E-05,179.1044,-4.47E-05,6.98E-07
-44,107500000,4.81E-05,179.2859,-4.81E-05,6.00E-07
-44,107525000,4.71E-05,178.1738,-4.70E-05,1.50E-06
-44,107550000,4.48E-05,178.6532,-4.48E-05,1.05E-06
-44,107575000,4.96E-05,178.9637,-4.96E-05,8.98E-07
-44,107600000,5.16E-05,178.0904,-5.16E-05,1.72E-06
-44,107625000,4.93E-05,177.4662,-4.93E-05,2.18E-06
-44,107650000,4.80E-05,178.6261,-4.80E-05,1.15E-06
-44,107675000,4.94E-05,177.9434,-4.93E-05,1.77E-06
-44,107700000,5.37E-05,178.5952,-5.37E-05,1.32E-06
-44,107725000,5.69E-05,179.8832,-5.69E-05,1.16E-07
-44,107750000,5.65E-05,177.6284,-5.65E-05,2.34E-06
-44,107775000,5.34E-05,177.2526,-5.34E-05,2.56E-06
-44,107800000,5.31E-05,177.3017,-5.30E-05,2.50E-06
-44,107825000,4.58E-05,178.8132,-4.58E-05,9.50E-07
-44,107850000,4.05E-05,177.3547,-4.05E-05,1.87E-06
-44,107875000,3.91E-05,175.5708,-3.90E-05,3.02E-06
-44,107900000,3.89E-05,177.7073,-3.88E-05,1.56E-06
-44,107925000,3.42E-05,175.475,-3.41E-05,2.70E-06
-44,107950000,2.84E-05,177.5234,-2.84E-05,1.23E-06
-44,107975000,2.68E-05,-179.2966,-2.68E-05,-3.29E-07
-44,108000000,2.04E-05,171.2449,-2.01E-05,3.10E-06
-44,108025000,1.67E-05,172.7892,-1.66E-05,2.10E-06
-44,108050000,1.06E-05,161.2535,-1.00E-05,3.40E-06
-44,108075000,4.01E-06,72.91338,1.18E-06,3.83E-06
-44,108100000,7.53E-06,5.439873,7.50E-06,7.14E-07
-44,108125000,2.24E-05,3.324308,2.23E-05,1.30E-06
-44,108150000,3.12E-05,5.529042,3.11E-05,3.01E-06
-44,108175000,4.82E-05,1.600459,4.81E-05,1.34E-06
-44,108200000,6.24E-05,0.5185151,6.24E-05,5.65E-07
-44,108225000,7.56E-05,0.9340964,7.56E-05,1.23E-06
-44,108250000,8.35E-05,0.6798346,8.35E-05,9.90E-07
-44,108275000,0.000102672,0.2482687,0.000102671,4.45E-07
-44,108300000,0.000109977,0.3726727,0.000109974,7.15E-07
-44,108325000,0.000122346,-0.5854473,0.00012234,-1.25E-06
-44,108350000,0.00013443,-0.5783242,0.000134423,-1.36E-06
-44,108375000,0.000140388,-0.5182476,0.000140382,-1.27E-06
-44,108400000,0.000151947,0.08559825,0.000151946,2.27E-07
-44,108425000,0.000150737,-0.8437095,0.000150721,-2.22E-06
-44,108450000,0.000148279,-1.376023,0.000148236,-3.56E-06
-44,108475000,0.000144178,-0.7552276,0.000144165,-1.90E-06
-44,108500000,0.000135285,-0.1767722,0.000135284,-4.17E-07
-44,108525000,0.000117701,-0.8715155,0.000117687,-1.79E-06
-44,108550000,0.000118138,-0.7426978,0.000118128,-1.53E-06
-44,108575000,0.000108865,-0.7986236,0.000108854,-1.52E-06
-44,108600000,0.000100743,-1.764063,0.000100695,-3.10E-06
-44,108625000,9.49E-05,-2.132729,9.48E-05,-3.53E-06
-44,108650000,8.66E-05,-2.29012,8.65E-05,-3.46E-06
-44,108675000,7.74E-05,-1.846607,7.73E-05,-2.49E-06
-44,108700000,6.45E-05,-4.287985,6.43E-05,-4.82E-06
-44,108725000,5.22E-05,-4.31643,5.20E-05,-3.93E-06
-44,108750000,4.53E-05,-0.9667982,4.53E-05,-7.64E-07
-44,108775000,3.44E-05,-1.560185,3.44E-05,-9.37E-07
-44,108800000,2.29E-05,0.6110668,2.29E-05,2.44E-07
-44,108825000,1.92E-05,0.8994357,1.92E-05,3.01E-07
-44,108850000,1.04E-05,-11.46955,1.01E-05,-2.06E-06
-44,108875000,1.99E-06,-4.465203,1.99E-06,-1.55E-07
-44,108900000,4.26E-06,-5.020017,4.25E-06,-3.73E-07
-44,108925000,7.18E-07,27.64376,6.36E-07,3.33E-07
-44,108950000,2.90E-06,-157.4966,-2.68E-06,-1.11E-06
-44,108975000,5.18E-06,-175.1249,-5.16E-06,-4.41E-07
-44,109000000,8.29E-06,-178.9111,-8.28E-06,-1.57E-07
-44,109025000,1.22E-05,-178.0888,-1.21E-05,-4.05E-07
-44,109050000,1.24E-05,-170.5094,-1.23E-05,-2.05E-06
-44,109075000,1.40E-05,-178.2838,-1.40E-05,-4.19E-07
-44,109100000,1.57E-05,-177.0657,-1.57E-05,-8.03E-07
-44,109125000,1.54E-05,-177.6803,-1.54E-05,-6.25E-07
-44,109150000,1.72E-05,-177.6531,-1.72E-05,-7.05E-07
-44,109175000,1.66E-05,-175.5693,-1.66E-05,-1.28E-06
-44,109200000,1.89E-05,-175.5709,-1.88E-05,-1.46E-06
-44,109225000,1.61E-05,176.9428,-1.61E-05,8.58E-07
-44,109250000,1.79E-05,177.6514,-1.79E-05,7.35E-07
-44,109275000,1.80E-05,179.8802,-1.80E-05,3.75E-08
-44,109300000,1.60E-05,-179.6083,-1.60E-05,-1.09E-07
-44,109325000,1.78E-05,-178.831,-1.78E-05,-3.63E-07
-44,109350000,1.72E-05,-179.9488,-1.72E-05,-1.54E-08
-44,109375000,1.70E-05,-179.2756,-1.70E-05,-2.15E-07
-44,109400000,1.53E-05,178.68,-1.53E-05,3.52E-07
-44,109425000,1.58E-05,176.808,-1.57E-05,8.78E-07
-44,109450000,1.65E-05,176.1827,-1.65E-05,1.10E-06
-44,109475000,1.50E-05,-179.4188,-1.50E-05,-1.52E-07
-44,109500000,1.46E-05,-176.5375,-1.45E-05,-8.80E-07
-44,109525000,1.38E-05,179.1653,-1.38E-05,2.01E-07
-44,109550000,1.52E-05,-179.0536,-1.52E-05,-2.51E-07
-44,109575000,1.34E-05,-179.8629,-1.34E-05,-3.20E-08
-44,109600000,1.25E-05,178.5697,-1.24E-05,3.11E-07
-44,109625000,1.32E-05,178.9377,-1.32E-05,2.45E-07
-44,109650000,1.10E-05,177.7165,-1.10E-05,4.38E-07
-44,109675000,1.06E-05,176.6229,-1.06E-05,6.24E-07
-44,109700000,9.34E-06,178.4248,-9.33E-06,2.57E-07
-44,109725000,9.98E-06,177.8506,-9.97E-06,3.74E-07
-44,109750000,9.93E-06,179.5089,-9.93E-06,8.51E-08
-44,109775000,9.60E-06,177.8451,-9.59E-06,3.61E-07
-44,109800000,7.88E-06,177.1321,-7.87E-06,3.94E-07
-44,109825000,7.58E-06,177.3926,-7.57E-06,3.45E-07
-44,109850000,7.01E-06,177.4917,-7.01E-06,3.07E-07
-44,109875000,8.06E-06,-177.0618,-8.05E-06,-4.13E-07
-44,109900000,6.86E-06,-179.1451,-6.86E-06,-1.02E-07
-44,109925000,6.89E-06,176.6811,-6.88E-06,3.99E-07
-44,109950000,7.25E-06,172.3669,-7.19E-06,9.63E-07
-44,109975000,6.23E-06,-178.9322,-6.23E-06,-1.16E-07
-44,110000000,5.42E-06,-177.2296,-5.41E-06,-2.62E-07
-44,110025000,5.77E-06,-178.7671,-5.77E-06,-1.24E-07
-44,110050000,5.89E-06,-175.9669,-5.88E-06,-4.14E-07
-44,110075000,3.62E-06,167.1004,-3.53E-06,8.08E-07
-44,110100000,4.53E-06,173.2849,-4.50E-06,5.30E-07
-44,110125000,3.63E-06,-177.5382,-3.62E-06,-1.56E-07
-44,110150000,2.83E-06,-175.6685,-2.82E-06,-2.13E-07
-44,110175000,3.34E-06,-170.0022,-3.29E-06,-5.80E-07
-44,110200000,3.80E-06,-178.5356,-3.80E-06,-9.70E-08
-44,110225000,3.80E-06,176.2137,-3.80E-06,2.51E-07
-44,110250000,4.31E-06,-175.4613,-4.30E-06,-3.41E-07
-44,110275000,3.04E-06,179.4213,-3.04E-06,3.07E-08
-44,110300000,3.44E-06,-177.6558,-3.44E-06,-1.41E-07
-44,110325000,3.26E-06,165.8674,-3.17E-06,7.97E-07
-44,110350000,2.19E-06,164.8852,-2.12E-06,5.72E-07
-44,110375000,2.38E-06,178.9584,-2.38E-06,4.33E-08
-44,110400000,1.58E-06,159.9082,-1.48E-06,5.43E-07
-44,110425000,2.27E-06,165.7482,-2.20E-06,5.59E-07
-44,110450000,1.93E-06,176.3927,-1.93E-06,1.22E-07
-44,110475000,2.05E-06,-162.2661,-1.96E-06,-6.25E-07
-44,110500000,2.07E-06,174.0664,-2.05E-06,2.14E-07
-44,110525000,1.69E-06,-159.7949,-1.58E-06,-5.82E-07
-44,110550000,1.76E-06,-145.2481,-1.44E-06,-1.00E-06
-44,110575000,1.44E-06,-168.4593,-1.41E-06,-2.89E-07
-44,110600000,2.05E-06,-178.996,-2.05E-06,-3.60E-08
-44,110625000,1.49E-06,-151.9069,-1.31E-06,-7.01E-07
-44,110650000,5.07E-07,-174.4002,-5.05E-07,-4.95E-08
-44,110675000,6.62E-07,177.9216,-6.61E-07,2.40E-08
-44,110700000,7.00E-07,-103.8538,-1.68E-07,-6.80E-07
-44,110725000,1.05E-06,168.4077,-1.03E-06,2.11E-07
-44,110750000,1.36E-06,-125.7501,-7.94E-07,-1.10E-06
-44,110775000,1.44E-06,-164.4589,-1.39E-06,-3.87E-07
-44,110800000,8.44E-07,107.4922,-2.54E-07,8.05E-07
-44,110825000,7.66E-07,116.9631,-3.47E-07,6.83E-07
-44,110850000,3.07E-07,-35.20337,2.51E-07,-1.77E-07
-44,110875000,6.17E-07,128.6789,-3.86E-07,4.82E-07
-44,110900000,3.35E-07,-8.790987,3.29E-07,-5.09E-08
-44,110925000,5.94E-07,142.5571,-4.71E-07,3.61E-07
-44,110950000,5.02E-07,46.79713,3.44E-07,3.66E-07
-44,110975000,5.94E-07,-44.0074,4.27E-07,-4.12E-07
-44,111000000,5.38E-07,174.5873,-5.35E-07,5.07E-08
-40,106000000,9.91E-07,-145.1094,-8.13E-07,-5.67E-07
-40,106025000,1.03E-06,-148.3113,-8.80E-07,-5.43E-07
-40,106050000,1.92E-06,-175.2485,-1.92E-06,-1.59E-07
-40,106075000,1.98E-06,-176.2806,-1.97E-06,-1.28E-07
-40,106100000,2.10E-06,-178.5195,-2.10E-06,-5.43E-08
-40,106125000,3.18E-06,172.4468,-3.15E-06,4.17E-07
-40,106150000,3.97E-06,178.8524,-3.97E-06,7.96E-08
-40,106175000,2.96E-06,-173.7755,-2.94E-06,-3.21E-07
-40,106200000,3.88E-06,178.9546,-3.88E-06,7.07E-08
-40,106225000,4.25E-06,175.0247,-4.23E-06,3.68E-07
-40,106250000,5.28E-06,179.15,-5.28E-06,7.83E-08
-40,106275000,5.08E-06,173.7725,-5.05E-06,5.51E-07
-40,106300000,5.81E-06,-179.7287,-5.81E-06,-2.75E-08
-40,106325000,5.77E-06,-170.712,-5.70E-06,-9.32E-07
-40,106350000,6.68E-06,172.3915,-6.62E-06,8.84E-07
-40,106375000,7.76E-06,178.8152,-7.76E-06,1.61E-07
-40,106400000,8.06E-06,178.23,-8.05E-06,2.49E-07
-40,106425000,7.83E-06,-175.2251,-7.81E-06,-6.52E-07
-40,106450000,8.89E-06,179.1491,-8.89E-06,1.32E-07
-40,106475000,8.80E-06,178.8623,-8.80E-06,1.75E-07
-40,106500000,9.84E-06,-179.2147,-9.83E-06,-1.35E-07
-40,106525000,1.04E-05,178.9546,-1.04E-05,1.90E-07
-40,106550000,1.06E-05,178.1219,-1.06E-05,3.47E-07
-40,106575000,1.14E-05,-178.3704,-1.14E-05,-3.24E-07
-40,106600000,1.15E-05,179.4667,-1.15E-05,1.07E-07
-40,106625000,1.15E-05,-179.6051,-1.15E-05,-7.92E-08
-40,106650000,1.21E-05,-177.8435,-1.21E-05,-4.56E-07
-40,106675000,1.28E-05,-179.1137,-1.28E-05,-1.99E-07
-40,106700000,1.28E-05,-179.718,-1.28E-05,-6.29E-08
-40,106725000,1.41E-05,-177.2668,-1.41E-05,-6.73E-07
-40,106750000,1.58E-05,176.0928,-1.58E-05,1.08E-06
-40,106775000,1.80E-05,179.9179,-1.80E-05,2.58E-08
-40,106800000,1.76E-05,179.9606,-1.76E-05,1.21E-08
-40,106825000,1.77E-05,-178.9207,-1.77E-05,-3.33E-07
-40,106850000,1.88E-05,-178.4675,-1.88E-05,-5.02E-07
-40,106875000,1.94E-05,-179.7142,-1.94E-05,-9.70E-08
-40,106900000,1.99E-05,179.4054,-1.98E-05,2.06E-07
-40,106925000,1.96E-05,-178.0087,-1.96E-05,-6.81E-07
-40,106950000,1.94E-05,-178.8656,-1.94E-05,-3.84E-07
-40,106975000,2.14E-05,179.7185,-2.14E-05,1.05E-07
-40,107000000,2.19E-05,178.7704,-2.19E-05,4.71E-07
-40,107025000,2.28E-05,179.9828,-2.28E-05,6.81E-09
-40,107050000,2.20E-05,-178.0036,-2.20E-05,-7.67E-07
-40,107075000,2.24E-05,178.0614,-2.23E-05,7.56E-07
-40,107100000,2.25E-05,178.7135,-2.25E-05,5.06E-07
-40,107125000,2.38E-05,178.2306,-2.38E-05,7.37E-07
-40,107150000,2.45E-05,179.2718,-2.45E-05,3.12E-07
-40,107175000,2.70E-05,178.4498,-2.70E-05,7.30E-07
-40,107200000,2.58E-05,177.8,-2.57E-05,9.89E-07
-40,107225000,2.88E-05,179.7688,-2.88E-05,1.16E-07
-40,107250000,2.69E-05,178.1373,-2.69E-05,8.75E-07
-40,107275000,2.50E-05,-178.6402,-2.50E-05,-5.94E-07
-40,107300000,2.63E-05,179.0671,-2.63E-05,4.28E-07
-40,107325000,2.68E-05,176.7515,-2.68E-05,1.52E-06
-40,107350000,2.73E-05,179.1995,-2.73E-05,3.82E-07
-40,107375000,2.52E-05,174.9366,-2.51E-05,2.23E-06
-40,107400000,2.60E-05,178.2592,-2.60E-05,7.90E-07
-40,107425000,2.77E-05,179.4269,-2.77E-05,2.77E-07
-40,107450000,2.69E-05,178.1766,-2.69E-05,8.56E-07
-40,107475000,2.75E-05,177.7791,-2.75E-05,1.06E-06
-40,107500000,2.75E-05,176.7391,-2.75E-05,1.57E-06
-40,107525000,2.85E-05,-178.2275,-2.85E-05,-8.82E-07
-40,107550000,2.57E-05,176.6918,-2.56E-05,1.48E-06
-40,107575000,2.33E-05,179.8026,-2.33E-05,8.04E-08
-40,107600000,2.11E-05,177.6761,-2.11E-05,8.57E-07
-40,107625000,2.31E-05,175.6341,-2.31E-05,1.76E-06
-40,107650000,2.18E-05,177.7237,-2.18E-05,8.66E-07
-40,107675000,2.05E-05,174.1174,-2.04E-05,2.10E-06
-40,107700000,1.91E-05,179.1596,-1.91E-05,2.81E-07
-40,107725000,1.68E-05,179.2976,-1.68E-05,2.07E-07
-40,107750000,1.52E-05,177.7147,-1.52E-05,6.05E-07
-40,107775000,1.52E-05,178.437,-1.52E-05,4.15E-07
-40,107800000,1.42E-05,-176.045,-1.42E-05,-9.82E-07
-40,107825000,1.31E-05,172.1968,-1.29E-05,1.77E-06
-40,107850000,9.46E-06,163.5676,-9.07E-06,2.68E-06
-40,107875000,2.93E-06,134.0769,-2.04E-06,2.11E-06
-40,107900000,3.04E-06,23.20877,2.79E-06,1.20E-06
-40,107925000,4.23E-06,16.67261,4.06E-06,1.21E-06
-40,107950000,1.28E-05,2.770997,1.27E-05,6.17E-07
-40,107975000,1.61E-05,5.508253,1.60E-05,1.54E-06
-40,108000000,2.22E-05,5.055513,2.21E-05,1.96E-06
-40,108025000,2.81E-05,1.721511,2.81E-05,8.45E-07
-40,108050000,3.19E-05,4.530646,3.18E-05,2.52E-06
-40,108075000,4.02E-05,0.6213787,4.02E-05,4.36E-07
-40,108100000,5.13E-05,1.214959,5.13E-05,1.09E-06
-40,108125000,5.97E-05,0.04799167,5.97E-05,5.00E-08
-40,108150000,7.06E-05,-1.743315,7.06E-05,-2.15E-06
-40,108175000,7.87E-05,-0.1806022,7.87E-05,-2.48E-07
-40,108200000,8.28E-05,0.2988441,8.28E-05,4.32E-07
-40,108225000,9.61E-05,-0.4729518,9.61E-05,-7.93E-07
-40,108250000,0.000102949,-0.4004699,0.000102946,-7.20E-07
-40,108275000,0.000109034,-1.072229,0.000109014,-2.04E-06
-40,108300000,0.000110224,-1.965621,0.000110159,-3.78E-06
-40,108325000,0.000120261,-0.5243241,0.000120256,-1.10E-06
-40,108350000,0.000131512,-1.002665,0.000131491,-2.30E-06
-40,108375000,0.000138893,-1.244726,0.00013886,-3.02E-06
-40,108400000,0.00013454,-1.102657,0.000134515,-2.59E-06
-40,108425000,0.000125049,-1.289702,0.000125017,-2.81E-06
-40,108450000,0.000111306,-1.185112,0.000111282,-2.30E-06
-40,108475000,0.000102512,-1.663002,0.000102469,-2.97E-06
-40,108500000,9.78E-05,-0.7544345,9.78E-05,-1.29E-06
-40,108525000,8.98E-05,-0.7375386,8.98E-05,-1.16E-06
-40,108550000,8.57E-05,-1.790609,8.56E-05,-2.68E-06
-40,108575000,7.58E-05,-3.94586,7.56E-05,-5.22E-06
-40,108600000,6.79E-05,-2.655923,6.78E-05,-3.15E-06
-40,108625000,5.06E-05,-2.728308,5.06E-05,-2.41E-06
-40,108650000,4.02E-05,-5.146634,4.01E-05,-3.61E-06
-40,108675000,2.89E-05,-2.637192,2.89E-05,-1.33E-06
-40,108700000,2.36E-05,-2.83059,2.36E-05,-1.16E-06
-40,108725000,1.39E-05,-7.608921,1.38E-05,-1.84E-06
-40,108750000,1.14E-05,-9.604062,1.12E-05,-1.90E-06
-40,108775000,5.67E-06,-10.71133,5.58E-06,-1.05E-06
-40,108800000,8.13E-07,-35.01914,6.66E-07,-4.67E-07
-40,108825000,5.29E-06,-147.4562,-4.46E-06,-2.84E-06
-40,108850000,1.22E-05,178.7992,-1.22E-05,2.56E-07
-40,108875000,1.28E-05,177.8799,-1.28E-05,4.75E-07
-40,108900000,1.46E-05,-176.7656,-1.45E-05,-8.22E-07
-40,108925000,1.67E-05,-178.1266,-1.67E-05,-5.47E-07
-40,108950000,1.98E-05,-176.3002,-1.97E-05,-1.28E-06
-40,108975000,2.09E-05,178.5536,-2.09E-05,5.27E-07
-40,109000000,2.12E-05,177.6046,-2.12E-05,8.86E-07
-40,109025000,2.15E-05,178.6049,-2.15E-05,5.24E-07
-40,109050000,2.31E-05,-177.9857,-2.31E-05,-8.13E-07
-40,109075000,2.28E-05,178.2955,-2.28E-05,6.79E-07
-40,109100000,2.05E-05,-179.9516,-2.05E-05,-1.73E-08
-40,109125000,2.21E-05,179.9952,-2.21E-05,1.85E-09
-40,109150000,2.23E-05,179.9274,-2.23E-05,2.82E-08
-40,109175000,2.08E-05,-179.0984,-2.08E-05,-3.27E-07
-40,109200000,2.04E-05,179.5734,-2.04E-05,1.52E-07
-40,109225000,2.17E-05,179.3168,-2.17E-05,2.59E-07
-40,109250000,2.05E-05,177.6239,-2.05E-05,8.50E-07
-40,109275000,1.95E-05,-179.7852,-1.95E-05,-7.30E-08
-40,109300000,2.01E-05,176.4996,-2.01E-05,1.23E-06
-40,109325000,1.69E-05,-179.5326,-1.69E-05,-1.38E-07
-40,109350000,1.54E-05,177.1648,-1.54E-05,7.62E-07
-40,109375000,1.75E-05,178.197,-1.75E-05,5.50E-07
-40,109400000,1.53E-05,176.1624,-1.53E-05,1.02E-06
-40,109425000,1.44E-05,179.2193,-1.44E-05,1.96E-07
-40,109450000,1.46E-05,178.2999,-1.46E-05,4.34E-07
-40,109475000,1.47E-05,-178.5411,-1.47E-05,-3.74E-07
-40,109500000,1.31E-05,179.2372,-1.31E-05,1.75E-07
-40,109525000,1.16E-05,179.3486,-1.16E-05,1.32E-07
-40,109550000,1.29E-05,175.6932,-1.29E-05,9.70E-07
-40,109575000,1.17E-05,177.3951,-1.17E-05,5.33E-07
-40,109600000,1.11E-05,-178.6703,-1.11E-05,-2.59E-07
-40,109625000,1.11E-05,177.1569,-1.11E-05,5.52E-07
-40,109650000,9.28E-06,-179.5479,-9.28E-06,-7.32E-08
-40,109675000,1.01E-05,-175.923,-1.01E-05,-7.20E-07
-40,109700000,7.33E-06,177.426,-7.32E-06,3.29E-07
-40,109725000,8.15E-06,175.4043,-8.12E-06,6.53E-07
-40,109750000,7.46E-06,178.8876,-7.46E-06,1.45E-07
-40,109775000,7.30E-06,176.7406,-7.29E-06,4.15E-07
-40,109800000,7.26E-06,175.3409,-7.24E-06,5.90E-07
-40,109825000,6.79E-06,-179.4724,-6.79E-06,-6.25E-08
-40,109850000,5.92E-06,172.9822,-5.88E-06,7.24E-07
-40,109875000,5.70E-06,171.8397,-5.64E-06,8.09E-07
-40,109900000,4.82E-06,169.2375,-4.74E-06,9.00E-07
-40,109925000,3.99E-06,169.3372,-3.93E-06,7.39E-07
-40,109950000,5.00E-06,-178.2447,-5.00E-06,-1.53E-07
-40,109975000,4.91E-06,170.7317,-4.84E-06,7.90E-07
-40,110000000,5.04E-06,-176.198,-5.03E-06,-3.34E-07
-40,110025000,4.91E-06,-172.0941,-4.86E-06,-6.75E-07
-40,110050000,4.30E-06,157.3472,-3.97E-06,1.66E-06
-40,110075000,3.73E-06,178.7325,-3.73E-06,8.25E-08
-40,110100000,3.64E-06,-167.2272,-3.55E-06,-8.05E-07
-40,110125000,3.33E-06,177.16,-3.33E-06,1.65E-07
-40,110150000,4.15E-06,168.8988,-4.07E-06,7.99E-07
-40,110175000,2.97E-06,-171.7343,-2.94E-06,-4.27E-07
-40,110200000,2.67E-06,-172.0267,-2.65E-06,-3.71E-07
-40,110225000,2.23E-06,178.6327,-2.23E-06,5.31E-08
-40,110250000,2.54E-06,-172.8888,-2.52E-06,-3.14E-07
-40,110275000,2.70E-06,164.7391,-2.60E-06,7.10E-07
-40,110300000,1.32E-06,-158.1714,-1.22E-06,-4.90E-07
-40,110325000,1.32E-06,177.5232,-1.32E-06,5.72E-08
-40,110350000,9.27E-07,-153.8697,-8.33E-07,-4.08E-07
-40,110375000,2.09E-07,-142.438,-1.66E-07,-1.27E-07
-40,110400000,1.38E-07,-59.23868,7.05E-08,-1.18E-07
-40,110425000,9.97E-07,-178.2712,-9.97E-07,-3.01E-08
-40,110450000,2.12E-06,-170.4821,-2.09E-06,-3.50E-07
-40,110475000,6.38E-07,160.7893,-6.02E-07,2.10E-07
-40,110500000,1.13E-06,-161.0766,-1.07E-06,-3.67E-07
-40,110525000,3.84E-07,116.6356,-1.72E-07,3.43E-07
-40,110550000,7.31E-07,70.47604,2.44E-07,6.89E-07
-40,110575000,8.21E-07,86.06164,5.64E-08,8.19E-07
-40,110600000,4.85E-07,-171.7759,-4.80E-07,-6.93E-08
-40,110625000,4.76E-07,161.1603,-4.51E-07,1.54E-07
-40,110650000,7.08E-07,-154.4326,-6.39E-07,-3.06E-07
-40,110675000,1.20E-07,-26.86032,1.07E-07,-5.44E-08
-40,110700000,4.29E-07,-7.994972,4.25E-07,-5.96E-08
-40,110725000,7.24E-07,80.47661,1.20E-07,7.14E-07
-40,110750000,6.90E-07,46.14494,4.78E-07,4.98E-07
-40,110775000,6.25E-07,69.82232,2.16E-07,5.86E-07
-40,110800000,4.82E-07,-57.95451,2.56E-07,-4.09E-07
-40,110825000,1.19E-06,-19.29905,1.12E-06,-3.93E-07
-40,110850000,4.29E-07,31.84626,3.65E-07,2.26E-07
-40,110875000,1.73E-07,148.6459,-1.48E-07,9.01E-08
-40,110900000,2.87E-07,-6.315219,2.86E-07,-3.16E-08
-40,110925000,8.00E-07,13.54569,7.77E-07,1.87E-07
-40,110950000,7.84E-07,-132.2043,-5.27E-07,-5.81E-07
-40,110975000,5.39E-07,74.30561,1.46E-07,5.19E-07
-40,111000000,1.53E-06,70.27501,5.17E-07,1.44E-06
-36,106000000,3.56E-06,-179.3033,-3.56E-06,-4.32E-08
-36,106025000,5.10E-06,173.5203,-5.07E-06,5.75E-07
-36,106050000,6.04E-06,-177.9841,-6.03E-06,-2.12E-07
-36,106075000,5.79E-06,-178.1792,-5.79E-06,-1.84E-07
-36,106100000,5.62E-06,178.5364,-5.62E-06,1.44E-07
-36,106125000,6.98E-06,176.2584,-6.97E-06,4.56E-07
-36,106150000,6.82E-06,-178.2428,-6.82E-06,-2.09E-07
-36,106175000,7.36E-06,-176.5346,-7.35E-06,-4.45E-07
-36,106200000,8.27E-06,-179.4451,-8.27E-06,-8.01E-08
-36,106225000,8.34E-06,179.2989,-8.34E-06,1.02E-07
-36,106250000,8.70E-06,-177.6169,-8.69E-06,-3.62E-07
-36,106275000,7.43E-06,179.4007,-7.43E-06,7.77E-08
-36,106300000,8.06E-06,-172.0788,-7.99E-06,-1.11E-06
-36,106325000,8.88E-06,-172.4669,-8.80E-06,-1.16E-06
-36,106350000,1.15E-05,177.2085,-1.15E-05,5.58E-07
-36,106375000,1.09E-05,-177.0327,-1.08E-05,-5.62E-07
-36,106400000,1.04E-05,-177.5349,-1.04E-05,-4.47E-07
-36,106425000,1.13E-05,172.4361,-1.12E-05,1.49E-06
-36,106450000,1.11E-05,178.4828,-1.11E-05,2.94E-07
-36,106475000,1.11E-05,179.4399,-1.11E-05,1.09E-07
-36,106500000,1.26E-05,-178.2174,-1.26E-05,-3.92E-07
-36,106525000,1.23E-05,-176.1428,-1.22E-05,-8.25E-07
-36,106550000,1.25E-05,-179.1598,-1.25E-05,-1.83E-07
-36,106575000,1.31E-05,-177.7095,-1.31E-05,-5.24E-07
-36,106600000,1.41E-05,177.5261,-1.41E-05,6.08E-07
-36,106625000,1.51E-05,-179.0601,-1.51E-05,-2.48E-07
-36,106650000,1.50E-05,179.5759,-1.50E-05,1.11E-07
-36,106675000,1.32E-05,-179.0753,-1.32E-05,-2.14E-07
-36,106700000,1.30E-05,173.3854,-1.30E-05,1.50E-06
-36,106725000,1.45E-05,-179.3856,-1.45E-05,-1.56E-07
-36,106750000,1.50E-05,177.3211,-1.50E-05,7.03E-07
-36,106775000,1.56E-05,175.4002,-1.55E-05,1.25E-06
-36,106800000,1.45E-05,176.1764,-1.45E-05,9.70E-07
-36,106825000,1.46E-05,178.37,-1.46E-05,4.16E-07
-36,106850000,1.56E-05,176.9612,-1.56E-05,8.26E-07
-36,106875000,1.54E-05,175.8928,-1.54E-05,1.11E-06
-36,106900000,1.86E-05,176.7861,-1.85E-05,1.04E-06
-36,106925000,1.87E-05,179.0949,-1.87E-05,2.96E-07
-36,106950000,1.74E-05,179.6073,-1.74E-05,1.19E-07
-36,106975000,1.93E-05,179.7527,-1.93E-05,8.32E-08
-36,107000000,1.68E-05,-179.8577,-1.68E-05,-4.18E-08
-36,107025000,1.71E-05,179.4462,-1.71E-05,1.65E-07
-36,107050000,1.76E-05,-179.7593,-1.76E-05,-7.38E-08
-36,107075000,1.88E-05,179.2984,-1.88E-05,2.30E-07
-36,107100000,2.01E-05,178.0054,-2.01E-05,7.01E-07
-36,107125000,1.96E-05,-178.6105,-1.96E-05,-4.75E-07
-36,107150000,1.99E-05,179.278,-1.99E-05,2.51E-07
-36,107175000,1.83E-05,174.2723,-1.82E-05,1.82E-06
-36,107200000,1.84E-05,179.717,-1.84E-05,9.10E-08
-36,107225000,1.73E-05,-179.2692,-1.73E-05,-2.21E-07
-36,107250000,1.57E-05,179.3514,-1.57E-05,1.78E-07
-36,107275000,1.62E-05,177.2824,-1.62E-05,7.67E-07
-36,107300000,1.52E-05,179.6515,-1.52E-05,9.26E-08
-36,107325000,1.56E-05,178.607,-1.56E-05,3.78E-07
-36,107350000,1.78E-05,178.4076,-1.78E-05,4.93E-07
-36,107375000,1.48E-05,177.1597,-1.48E-05,7.34E-07
-36,107400000,1.53E-05,-179.898,-1.53E-05,-2.72E-08
-36,107425000,1.24E-05,171.4573,-1.23E-05,1.85E-06
-36,107450000,1.28E-05,176.4615,-1.27E-05,7.88E-07
-36,107475000,9.97E-06,178.6936,-9.96E-06,2.27E-07
-36,107500000,1.17E-05,175.2639,-1.16E-05,9.64E-07
-36,107525000,1.05E-05,178.9597,-1.05E-05,1.90E-07
-36,107550000,1.17E-05,-178.7637,-1.17E-05,-2.52E-07
-36,107575000,8.70E-06,-179.1904,-8.70E-06,-1.23E-07
-36,107600000,8.00E-06,173.2877,-7.95E-06,9.35E-07
-36,107625000,7.71E-06,175.8053,-7.69E-06,5.64E-07
-36,107650000,6.36E-06,165.4241,-6.15E-06,1.60E-06
-36,107675000,1.82E-06,-163.9819,-1.75E-06,-5.02E-07
-36,107700000,1.30E-06,135.0926,-9.21E-07,9.18E-07
-36,107725000,1.91E-06,26.31741,1.71E-06,8.46E-07
-36,107750000,1.11E-06,-28.33179,9.76E-07,-5.26E-07
-36,107775000,4.14E-06,5.020208,4.12E-06,3.62E-07
-36,107800000,8.33E-06,-0.163688,8.33E-06,-2.38E-08
-36,107825000,1.21E-05,-2.03748,1.21E-05,-4.31E-07
-36,107850000,1.25E-05,6.787319,1.24E-05,1.48E-06
-36,107875000,1.89E-05,2.391678,1.88E-05,7.87E-07
-36,107900000,2.20E-05,4.8475,2.20E-05,1.86E-06
-36,107925000,2.65E-05,4.045053,2.64E-05,1.87E-06
-36,107950000,3.07E-05,0.2631868,3.07E-05,1.41E-07
-36,107975000,3.75E-05,4.944283,3.74E-05,3.23E-06
-36,108000000,4.31E-05,1.331243,4.31E-05,1.00E-06
-36,108025000,4.88E-05,0.5781368,4.88E-05,4.93E-07
-36,108050000,5.55E-05,0.8096096,5.55E-05,7.84E-07
-36,108075000,6.15E-05,2.768053,6.14E-05,2.97E-06
-36,108100000,6.88E-05,0.8904192,6.88E-05,1.07E-06
-36,108125000,7.28E-05,1.953246,7.28E-05,2.48E-06
-36,108150000,7.97E-05,0.3313211,7.97E-05,4.61E-07
-36,108175000,8.92E-05,-1.120634,8.92E-05,-1.74E-06
-36,108200000,9.49E-05,0.3992593,9.49E-05,6.62E-07
-36,108225000,9.31E-05,0.7492438,9.31E-05,1.22E-06
-36,108250000,9.55E-05,0.6463641,9.55E-05,1.08E-06
-36,108275000,0.000104269,0.2442467,0.000104268,4.44E-07
-36,108300000,0.000109256,-0.4241144,0.000109253,-8.09E-07
-36,108325000,0.000109011,-1.814135,0.000108957,-3.45E-06
-36,108350000,0.000104528,-1.14292,0.000104507,-2.08E-06
-36,108375000,9.83E-05,-0.8221492,9.83E-05,-1.41E-06
-36,108400000,9.72E-05,-2.007359,9.71E-05,-3.40E-06
-36,108425000,9.65E-05,-1.111154,9.64E-05,-1.87E-06
-36,108450000,7.83E-05,-3.374957,7.82E-05,-4.61E-06
-36,108475000,7.44E-05,-1.075261,7.44E-05,-1.40E-06
-36,108500000,6.21E-05,-1.374845,6.20E-05,-1.49E-06
-36,108525000,5.46E-05,-3.342885,5.45E-05,-3.18E-06
-36,108550000,4.27E-05,-3.917025,4.26E-05,-2.92E-06
-36,108575000,3.33E-05,-1.234309,3.33E-05,-7.17E-07
-36,108600000,2.35E-05,-2.154953,2.35E-05,-8.83E-07
-36,108625000,1.93E-05,-1.473343,1.93E-05,-4.97E-07
-36,108650000,9.97E-06,4.506894,9.94E-06,7.83E-07
-36,108675000,2.57E-06,-71.19346,8.29E-07,-2.43E-06
-36,108700000,6.98E-06,-143.2672,-5.59E-06,-4.17E-06
-36,108725000,1.27E-05,-171.4292,-1.26E-05,-1.90E-06
-36,108750000,1.61E-05,-166.7653,-1.57E-05,-3.69E-06
-36,108775000,1.87E-05,-175.6497,-1.87E-05,-1.42E-06
-36,108800000,1.95E-05,-177.6042,-1.94E-05,-8.14E-07
-36,108825000,2.29E-05,-179.7991,-2.29E-05,-8.02E-08
-36,108850000,2.59E-05,-177.8629,-2.58E-05,-9.64E-07
-36,108875000,2.84E-05,-176.321,-2.83E-05,-1.82E-06
-36,108900000,2.79E-05,-175.3616,-2.79E-05,-2.26E-06
-36,108925000,2.76E-05,-179.9,-2.76E-05,-4.81E-08
-36,108950000,2.90E-05,177.7474,-2.90E-05,1.14E-06
-36,108975000,2.96E-05,179.9013,-2.96E-05,5.10E-08
-36,109000000,2.99E-05,178.5053,-2.99E-05,7.79E-07
-36,109025000,2.79E-05,-179.7419,-2.79E-05,-1.26E-07
-36,109050000,2.73E-05,179.1,-2.73E-05,4.29E-07
-36,109075000,2.75E-05,-179.0931,-2.75E-05,-4.35E-07
-36,109100000,2.36E-05,-178.5752,-2.36E-05,-5.87E-07
-36,109125000,2.34E-05,179.2774,-2.34E-05,2.94E-07
-36,109150000,2.46E-05,178.3321,-2.46E-05,7.16E-07
-36,109175000,2.20E-05,-177.404,-2.20E-05,-9.96E-07
-36,109200000,2.33E-05,178.9426,-2.33E-05,4.30E-07
-36,109225000,2.30E-05,177.0103,-2.29E-05,1.20E-06
-36,109250000,2.09E-05,175.8827,-2.09E-05,1.50E-06
-36,109275000,1.87E-05,-179.8523,-1.87E-05,-4.82E-08
-36,109300000,1.79E-05,178.1952,-1.78E-05,5.62E-07
-36,109325000,1.74E-05,-179.8721,-1.74E-05,-3.89E-08
-36,109350000,1.59E-05,-178.271,-1.59E-05,-4.81E-07
-36,109375000,1.60E-05,179.7482,-1.60E-05,7.02E-08
-36,109400000,1.37E-05,179.2346,-1.37E-05,1.83E-07
-36,109425000,1.35E-05,175.7832,-1.34E-05,9.90E-07
-36,109450000,1.31E-05,-179.1038,-1.31E-05,-2.05E-07
-36,109475000,1.14E-05,-179.0609,-1.14E-05,-1.87E-07
-36,109500000,1.28E-05,179.3658,-1.28E-05,1.42E-07
-36,109525000,1.14E-05,-178.3141,-1.14E-05,-3.36E-07
-36,109550000,1.05E-05,-178.9973,-1.05E-05,-1.84E-07
-36,109575000,9.38E-06,-179.3173,-9.38E-06,-1.12E-07
-36,109600000,9.12E-06,-179.2653,-9.11E-06,-1.17E-07
-36,109625000,8.85E-06,179.4559,-8.85E-06,8.40E-08
-36,109650000,7.55E-06,179.7949,-7.55E-06,2.70E-08
-36,109675000,6.81E-06,173.6031,-6.77E-06,7.59E-07
-36,109700000,5.82E-06,177.8469,-5.81E-06,2.18E-07
-36,109725000,5.37E-06,175.4047,-5.35E-06,4.30E-07
-36,109750000,5.70E-06,177.0184,-5.69E-06,2.96E-07
-36,109775000,4.95E-06,-178.3467,-4.95E-06,-1.43E-07
-36,109800000,4.28E-06,175.9661,-4.27E-06,3.01E-07
-36,109825000,4.18E-06,174.5397,-4.16E-06,3.98E-07
-36,109850000,5.14E-06,178.0606,-5.13E-06,1.74E-07
-36,109875000,3.91E-06,179.2589,-3.91E-06,5.06E-08
-36,109900000,3.91E-06,178.5489,-3.91E-06,9.90E-08
-36,109925000,2.84E-06,176.0633,-2.83E-06,1.95E-07
-36,109950000,2.93E-06,-158.9934,-2.73E-06,-1.05E-06
-36,109975000,3.45E-06,-172.4643,-3.42E-06,-4.52E-07
-36,110000000,2.92E-06,179.394,-2.92E-06,3.09E-08
-36,110025000,2.48E-06,-170.5098,-2.45E-06,-4.09E-07
-36,110050000,2.05E-06,178.1441,-2.05E-06,6.64E-08
-36,110075000,2.65E-06,170.2287,-2.61E-06,4.49E-07
-36,110100000,2.31E-06,162.8228,-2.20E-06,6.81E-07
-36,110125000,2.32E-06,157.9463,-2.15E-06,8.72E-07
-36,110150000,7.35E-07,-177.3853,-7.34E-07,-3.35E-08
-36,110175000,6.87E-07,173.6745,-6.83E-07,7.57E-08
-36,110200000,8.37E-07,144.234,-6.79E-07,4.89E-07
-36,110225000,7.87E-07,158.1548,-7.30E-07,2.93E-07
-36,110250000,7.30E-07,164.6416,-7.03E-07,1.93E-07
-36,110275000,4.71E-07,89.99215,6.59E-11,4.71E-07
-36,110300000,7.16E-07,-20.59381,6.70E-07,-2.52E-07
-36,110325000,4.59E-07,171.0735,-4.54E-07,7.13E-08
-36,110350000,1.96E-07,-139.752,-1.50E-07,-1.27E-07
-36,110375000,6.05E-07,-153.1997,-5.40E-07,-2.73E-07
-36,110400000,3.10E-07,-118.3479,-1.47E-07,-2.73E-07
-36,110425000,2.52E-07,-77.73058,5.35E-08,-2.46E-07
-36,110450000,1.37E-06,106.9831,-4.01E-07,1.31E-06
-36,110475000,3.16E-07,118.205,-1.49E-07,2.79E-07
-36,110500000,3.39E-07,177.9311,-3.39E-07,1.22E-08
-36,110525000,6.46E-07,55.37908,3.67E-07,5.31E-07
-36,110550000,4.52E-07,-59.16863,2.32E-07,-3.88E-07
-36,110575000,4.69E-07,-6.750272,4.66E-07,-5.51E-08
-36,110600000,9.50E-08,-84.04703,9.85E-09,-9.45E-08
-36,110625000,7.74E-07,43.47781,5.62E-07,5.33E-07
-36,110650000,3.01E-07,-18.36367,2.86E-07,-9.49E-08
-36,110675000,5.09E-07,4.906267,5.07E-07,4.36E-08
-36,110700000,1.03E-06,-57.00108,5.60E-07,-8.62E-07
-36,110725000,1.10E-06,-17.09688,1.05E-06,-3.23E-07
-36,110750000,5.67E-07,-78.0923,1.17E-07,-5.55E-07
-36,110775000,5.18E-07,31.80615,4.40E-07,2.73E-07
-36,110800000,6.85E-07,54.3408,3.99E-07,5.57E-07
-36,110825000,7.81E-07,-19.99779,7.34E-07,-2.67E-07
-36,110850000,3.22E-07,-98.67798,-4.85E-08,-3.18E-07
-36,110875000,8.77E-07,-3.228139,8.75E-07,-4.94E-08
-36,110900000,1.31E-06,48.10227,8.78E-07,9.78E-07
-36,110925000,1.04E-06,-9.145376,1.03E-06,-1.65E-07
-36,110950000,1.38E-06,-10.78174,1.35E-06,-2.35E-07
-36,110975000,1.20E-06,-7.804397,1.19E-06,-1.63E-07
-36,111000000,1.22E-06,-21.06574,1.14E-06,-4.40E-07
-32,106000000,7.33E-06,-178.2097,-7.32E-06,-2.29E-07
-32,106025000,8.55E-06,179.4276,-8.55E-06,8.54E-08
-32,106050000,7.68E-06,-177.8973,-7.67E-06,-2.82E-07
-32,106075000,8.85E-06,175.1522,-8.82E-06,7.48E-07
-32,106100000,8.22E-06,-177.9745,-8.22E-06,-2.91E-07
-32,106125000,8.13E-06,177.672,-8.13E-06,3.30E-07
-32,106150000,8.05E-06,-179.1994,-8.05E-06,-1.13E-07
-32,106175000,9.66E-06,-174.541,-9.62E-06,-9.19E-07
-32,106200000,9.16E-06,179.2026,-9.16E-06,1.27E-07
-32,106225000,9.66E-06,-178.8127,-9.66E-06,-2.00E-07
-32,106250000,9.33E-06,-177.2441,-9.32E-06,-4.49E-07
-32,106275000,9.78E-06,179.8815,-9.78E-06,2.02E-08
-32,106300000,9.37E-06,179.3839,-9.37E-06,1.01E-07
-32,106325000,9.39E-06,176.5816,-9.37E-06,5.60E-07
-32,106350000,8.85E-06,177.0424,-8.84E-06,4.57E-07
-32,106375000,1.03E-05,-179.8086,-1.03E-05,-3.43E-08
-32,106400000,1.18E-05,-179.6224,-1.18E-05,-7.75E-08
-32,106425000,1.16E-05,-178.241,-1.16E-05,-3.57E-07
-32,106450000,1.17E-05,-173.9333,-1.17E-05,-1.24E-06
-32,106475000,1.07E-05,179.5192,-1.07E-05,8.96E-08
-32,106500000,1.11E-05,-178.7065,-1.11E-05,-2.51E-07
-32,106525000,1.26E-05,176.0431,-1.26E-05,8.72E-07
-32,106550000,1.32E-05,178.7063,-1.32E-05,2.98E-07
-32,106575000,1.30E-05,-179.5111,-1.30E-05,-1.11E-07
-32,106600000,1.32E-05,177.2037,-1.32E-05,6.43E-07
-32,106625000,1.20E-05,179.5449,-1.20E-05,9.53E-08
-32,106650000,1.13E-05,177.4699,-1.13E-05,4.99E-07
-32,106675000,1.24E-05,179.7681,-1.24E-05,5.02E-08
-32,106700000,1.24E-05,177.6218,-1.24E-05,5.16E-07
-32,106725000,1.22E-05,-179.7977,-1.22E-05,-4.30E-08
-32,106750000,1.24E-05,177.4549,-1.24E-05,5.52E-07
-32,106775000,1.11E-05,177.7531,-1.11E-05,4.37E-07
-32,106800000,1.17E-05,-177.4134,-1.17E-05,-5.30E-07
-32,106825000,1.33E-05,178.6878,-1.33E-05,3.04E-07
-32,106850000,1.22E-05,177.6062,-1.22E-05,5.11E-07
-32,106875000,1.10E-05,179.5124,-1.10E-05,9.35E-08
-32,106900000,1.15E-05,179.6978,-1.15E-05,6.06E-08
-32,106925000,1.14E-05,178.3982,-1.14E-05,3.20E-07
-32,106950000,1.32E-05,175.3669,-1.32E-05,1.07E-06
-32,106975000,1.27E-05,174.7195,-1.27E-05,1.17E-06
-32,107000000,1.24E-05,177.8008,-1.24E-05,4.76E-07
-32,107025000,1.24E-05,178.7158,-1.24E-05,2.77E-07
-32,107050000,1.09E-05,177.672,-1.09E-05,4.42E-07
-32,107075000,1.10E-05,179.1764,-1.10E-05,1.59E-07
-32,107100000,1.02E-05,-178.8725,-1.02E-05,-2.01E-07
-32,107125000,9.16E-06,171.9632,-9.07E-06,1.28E-06
-32,107150000,1.01E-05,-177.299,-1.01E-05,-4.74E-07
-32,107175000,1.06E-05,178.7471,-1.06E-05,2.32E-07
-32,107200000,1.04E-05,172.4805,-1.03E-05,1.36E-06
-32,107225000,9.62E-06,-179.8645,-9.62E-06,-2.27E-08
-32,107250000,7.99E-06,171.9401,-7.91E-06,1.12E-06
-32,107275000,7.21E-06,-178.2407,-7.21E-06,-2.21E-07
-32,107300000,7.62E-06,-170.4566,-7.51E-06,-1.26E-06
-32,107325000,5.93E-06,-173.2225,-5.89E-06,-7.00E-07
-32,107350000,5.11E-06,-171.2995,-5.05E-06,-7.74E-07
-32,107375000,3.80E-06,162.4723,-3.62E-06,1.14E-06
-32,107400000,3.68E-06,178.6965,-3.68E-06,8.36E-08
-32,107425000,2.87E-06,174.182,-2.85E-06,2.91E-07
-32,107450000,9.26E-07,154.7663,-8.38E-07,3.95E-07
-32,107475000,1.77E-07,30.01919,1.53E-07,8.84E-08
-32,107500000,1.03E-06,30.90994,8.81E-07,5.28E-07
-32,107525000,3.81E-06,-0.1360739,3.81E-06,-9.06E-09
-32,107550000,3.61E-06,5.711719,3.60E-06,3.60E-07
-32,107575000,6.74E-06,19.70807,6.34E-06,2.27E-06
-32,107600000,6.68E-06,11.91234,6.54E-06,1.38E-06
-32,107625000,8.29E-06,2.843574,8.28E-06,4.11E-07
-32,107650000,9.79E-06,0.6248944,9.79E-06,1.07E-07
-32,107675000,1.34E-05,2.482472,1.34E-05,5.81E-07
-32,107700000,1.47E-05,1.754447,1.46E-05,4.49E-07
-32,107725000,1.66E-05,3.409528,1.66E-05,9.90E-07
-32,107750000,1.85E-05,2.511025,1.85E-05,8.11E-07
-32,107775000,2.05E-05,0.135978,2.05E-05,4.87E-08
-32,107800000,2.43E-05,1.567818,2.43E-05,6.65E-07
-32,107825000,2.72E-05,0.8518396,2.72E-05,4.04E-07
-32,107850000,2.88E-05,1.745764,2.87E-05,8.76E-07
-32,107875000,3.16E-05,0.3995975,3.16E-05,2.21E-07
-32,107900000,3.44E-05,-2.032415,3.44E-05,-1.22E-06
-32,107925000,4.18E-05,-0.3357045,4.18E-05,-2.45E-07
-32,107950000,4.52E-05,-1.270687,4.52E-05,-1.00E-06
-32,107975000,5.03E-05,-0.7203051,5.03E-05,-6.32E-07
-32,108000000,5.35E-05,0.5218952,5.34E-05,4.87E-07
-32,108025000,5.50E-05,3.039124,5.50E-05,2.92E-06
-32,108050000,6.07E-05,-0.6128843,6.07E-05,-6.50E-07
-32,108075000,6.68E-05,0.5494266,6.68E-05,6.40E-07
-32,108100000,6.84E-05,1.336408,6.84E-05,1.59E-06
-32,108125000,7.41E-05,-1.32988,7.41E-05,-1.72E-06
-32,108150000,7.63E-05,-2.02995,7.63E-05,-2.70E-06
-32,108175000,8.52E-05,-0.9940926,8.52E-05,-1.48E-06
-32,108200000,9.08E-05,-0.6985636,9.08E-05,-1.11E-06
-32,108225000,9.33E-05,0.1941113,9.33E-05,3.16E-07
-32,108250000,9.39E-05,-1.271551,9.39E-05,-2.08E-06
-32,108275000,9.04E-05,-1.684443,9.04E-05,-2.66E-06
-32,108300000,8.49E-05,-2.160076,8.48E-05,-3.20E-06
-32,108325000,8.31E-05,-1.043887,8.31E-05,-1.51E-06
-32,108350000,7.60E-05,-2.592327,7.59E-05,-3.44E-06
-32,108375000,7.08E-05,-2.030364,7.08E-05,-2.51E-06
-32,108400000,6.33E-05,-3.801845,6.31E-05,-4.20E-06
-32,108425000,5.26E-05,0.6881384,5.26E-05,6.31E-07
-32,108450000,4.34E-05,-1.195365,4.34E-05,-9.06E-07
-32,108475000,4.29E-05,-4.348316,4.28E-05,-3.25E-06
-32,108500000,3.57E-05,-2.821257,3.56E-05,-1.76E-06
-32,108525000,2.00E-05,2.585716,2.00E-05,9.01E-07
-32,108550000,1.29E-05,-9.976018,1.27E-05,-2.24E-06
-32,108575000,8.44E-06,-15.83125,8.12E-06,-2.30E-06
-32,108600000,4.21E-06,145.6268,-3.48E-06,2.38E-06
-32,108625000,1.06E-05,-174.158,-1.06E-05,-1.08E-06
-32,108650000,1.29E-05,179.0592,-1.29E-05,2.12E-07
-32,108675000,2.01E-05,-178.4808,-2.01E-05,-5.34E-07
-32,108700000,2.55E-05,-174.7206,-2.54E-05,-2.35E-06
-32,108725000,2.80E-05,177.5695,-2.79E-05,1.19E-06
-32,108750000,3.11E-05,-179.9327,-3.11E-05,-3.65E-08
-32,108775000,3.26E-05,179.758,-3.26E-05,1.38E-07
-32,108800000,3.47E-05,-178.6031,-3.47E-05,-8.47E-07
-32,108825000,3.49E-05,-179.1606,-3.49E-05,-5.12E-07
-32,108850000,3.55E-05,179.2096,-3.55E-05,4.90E-07
-32,108875000,3.54E-05,-179.7337,-3.54E-05,-1.65E-07
-32,108900000,3.57E-05,177.7572,-3.57E-05,1.40E-06
-32,108925000,3.67E-05,-178.8199,-3.66E-05,-7.55E-07
-32,108950000,3.49E-05,-179.2195,-3.49E-05,-4.75E-07
-32,108975000,3.24E-05,178.2457,-3.24E-05,9.92E-07
-32,109000000,3.31E-05,178.5384,-3.31E-05,8.44E-07
-32,109025000,3.05E-05,-178.2146,-3.05E-05,-9.52E-07
-32,109050000,2.89E-05,177.1571,-2.88E-05,1.43E-06
-32,109075000,2.70E-05,179.5571,-2.70E-05,2.09E-07
-32,109100000,2.62E-05,-177.104,-2.62E-05,-1.32E-06
-32,109125000,2.38E-05,178.8952,-2.38E-05,4.60E-07
-32,109150000,2.37E-05,-178.6232,-2.37E-05,-5.70E-07
-32,109175000,2.38E-05,-178.1393,-2.38E-05,-7.73E-07
-32,109200000,2.29E-05,-178.5942,-2.29E-05,-5.61E-07
-32,109225000,1.96E-05,177.3345,-1.96E-05,9.13E-07
-32,109250000,1.94E-05,179.5117,-1.94E-05,1.65E-07
-32,109275000,1.67E-05,178.5417,-1.67E-05,4.26E-07
-32,109300000,1.64E-05,-176.5115,-1.63E-05,-9.96E-07
-32,109325000,1.42E-05,175.6255,-1.42E-05,1.09E-06
-32,109350000,1.49E-05,-178.3331,-1.49E-05,-4.34E-07
-32,109375000,1.40E-05,-179.3422,-1.40E-05,-1.61E-07
-32,109400000,1.43E-05,-179.3261,-1.43E-05,-1.68E-07
-32,109425000,1.29E-05,-178.4971,-1.29E-05,-3.38E-07
-32,109450000,1.19E-05,-178.9314,-1.19E-05,-2.22E-07
-32,109475000,1.09E-05,-179.834,-1.09E-05,-3.17E-08
-32,109500000,8.21E-06,-178.4363,-8.20E-06,-2.24E-07
-32,109525000,7.76E-06,-179.1559,-7.76E-06,-1.14E-07
-32,109550000,8.14E-06,176.2485,-8.12E-06,5.32E-07
-32,109575000,7.86E-06,-179.15,-7.86E-06,-1.17E-07
-32,109600000,7.25E-06,-178.7738,-7.25E-06,-1.55E-07
-32,109625000,7.60E-06,176.6739,-7.58E-06,4.41E-07
-32,109650000,6.41E-06,-179.4199,-6.41E-06,-6.48E-08
-32,109675000,6.13E-06,-173.9305,-6.10E-06,-6.48E-07
-32,109700000,4.61E-06,-178.7846,-4.61E-06,-9.78E-08
-32,109725000,4.39E-06,172.7095,-4.35E-06,5.57E-07
-32,109750000,4.61E-06,179.6333,-4.61E-06,2.95E-08
-32,109775000,3.78E-06,-173.3288,-3.75E-06,-4.39E-07
-32,109800000,4.40E-06,167.5595,-4.30E-06,9.49E-07
-32,109825000,3.91E-06,179.3159,-3.91E-06,4.67E-08
-32,109850000,3.46E-06,176.8232,-3.46E-06,1.92E-07
-32,109875000,2.81E-06,179.6487,-2.81E-06,1.73E-08
-32,109900000,2.59E-06,-172.769,-2.57E-06,-3.26E-07
-32,109925000,1.68E-06,-174.355,-1.67E-06,-1.65E-07
-32,109950000,2.30E-06,170.3022,-2.26E-06,3.87E-07
-32,109975000,2.00E-06,-168.1722,-1.96E-06,-4.10E-07
-32,110000000,2.07E-06,-169.7992,-2.04E-06,-3.67E-07
-32,110025000,1.47E-06,-166.0884,-1.42E-06,-3.52E-07
-32,110050000,1.23E-06,-179.4243,-1.23E-06,-1.24E-08
-32,110075000,9.52E-07,165.1697,-9.21E-07,2.44E-07
-32,110100000,1.31E-07,141.3492,-1.03E-07,8.21E-08
-32,110125000,9.23E-07,157.9723,-8.55E-07,3.46E-07
-32,110150000,5.72E-07,165.2386,-5.53E-07,1.46E-07
-32,110175000,6.87E-07,-162.7836,-6.56E-07,-2.03E-07
-32,110200000,1.86E-07,173.0391,-1.85E-07,2.25E-08
-32,110225000,1.11E-06,-81.68865,1.60E-07,-1.10E-06
-32,110250000,3.98E-07,-136.0621,-2.87E-07,-2.76E-07
-32,110275000,5.78E-07,-33.97725,4.79E-07,-3.23E-07
-32,110300000,1.17E-06,-145.4789,-9.63E-07,-6.63E-07
-32,110325000,4.93E-07,-129.5559,-3.14E-07,-3.80E-07
-32,110350000,7.23E-07,17.79682,6.88E-07,2.21E-07
-32,110375000,8.03E-07,-27.28203,7.14E-07,-3.68E-07
-32,110400000,6.53E-07,109.3029,-2.16E-07,6.16E-07
-32,110425000,7.93E-07,-2.411595,7.93E-07,-3.34E-08
-32,110450000,8.78E-07,46.98224,5.99E-07,6.42E-07
-32,110475000,5.32E-07,11.8502,5.21E-07,1.09E-07
-32,110500000,4.99E-07,30.55227,4.29E-07,2.54E-07
-32,110525000,9.72E-07,-7.067942,9.65E-07,-1.20E-07
-32,110550000,1.53E-06,44.39588,1.10E-06,1.07E-06
-32,110575000,3.26E-07,-111.3249,-1.19E-07,-3.04E-07
-32,110600000,1.76E-06,-25.56335,1.59E-06,-7.60E-07
-32,110625000,8.89E-07,-38.06331,7.00E-07,-5.48E-07
-32,110650000,5.63E-07,54.71575,3.25E-07,4.59E-07
-32,110675000,9.63E-07,50.25237,6.16E-07,7.40E-07
-32,110700000,1.02E-06,24.57895,9.32E-07,4.26E-07
-32,110725000,4.37E-07,33.15393,3.66E-07,2.39E-07
-32,110750000,1.13E-06,1.492106,1.13E-06,2.95E-08
-32,110775000,1.05E-06,20.6667,9.81E-07,3.70E-07
-32,110800000,1.41E-07,-137.4983,-1.04E-07,-9.49E-08
-32,110825000,1.05E-06,33.94807,8.75E-07,5.89E-07
-32,110850000,1.13E-06,2.876796,1.13E-06,5.68E-08
-32,110875000,1.26E-06,11.7607,1.24E-06,2.58E-07
-32,110900000,1.01E-06,-17.0018,9.63E-07,-2.94E-07
-32,110925000,5.73E-07,56.78475,3.14E-07,4.79E-07
-32,110950000,1.58E-06,9.6001,1.56E-06,2.64E-07
-32,110975000,1.23E-06,59.35215,6.27E-07,1.06E-06
-32,111000000,8.15E-07,-21.87643,7.57E-07,-3.04E-07
-28,106000000,6.36E-06,175.1855,-6.34E-06,5.34E-07
-28,106025000,6.47E-06,174.2867,-6.44E-06,6.44E-07
-28,106050000,6.92E-06,-174.7333,-6.89E-06,-6.35E-07
-28,106075000,6.62E-06,174.5848,-6.59E-06,6.24E-07
-28,106100000,8.00E-06,178.2274,-8.00E-06,2.47E-07
-28,106125000,7.86E-06,-177.9376,-7.85E-06,-2.83E-07
-28,106150000,6.76E-06,-179.6666,-6.76E-06,-3.93E-08
-28,106175000,7.48E-06,179.8289,-7.48E-06,2.23E-08
-28,106200000,8.04E-06,175.1584,-8.01E-06,6.79E-07
-28,106225000,7.84E-06,-179.1389,-7.84E-06,-1.18E-07
-28,106250000,7.41E-06,-178.712,-7.41E-06,-1.67E-07
-28,106275000,6.50E-06,173.7567,-6.46E-06,7.07E-07
-28,106300000,7.59E-06,178.3631,-7.59E-06,2.17E-07
-28,106325000,6.66E-06,176.6903,-6.65E-06,3.84E-07
-28,106350000,5.78E-06,-178.1861,-5.78E-06,-1.83E-07
-28,106375000,6.80E-06,177.3059,-6.79E-06,3.20E-07
-28,106400000,7.79E-06,178.8996,-7.78E-06,1.50E-07
-28,106425000,7.50E-06,179.9313,-7.50E-06,8.99E-09
-28,106450000,6.90E-06,175.9274,-6.89E-06,4.90E-07
-28,106475000,7.35E-06,-174.9795,-7.33E-06,-6.44E-07
-28,106500000,7.13E-06,174.4853,-7.10E-06,6.86E-07
-28,106525000,7.00E-06,-179.0764,-7.00E-06,-1.13E-07
-28,106550000,7.81E-06,179.0211,-7.80E-06,1.33E-07
-28,106575000,8.23E-06,172.7399,-8.16E-06,1.04E-06
-28,106600000,7.92E-06,-176.7364,-7.91E-06,-4.51E-07
-28,106625000,7.77E-06,172.1991,-7.70E-06,1.06E-06
-28,106650000,7.60E-06,176.6157,-7.59E-06,4.49E-07
-28,106675000,7.60E-06,179.8106,-7.60E-06,2.51E-08
-28,106700000,5.99E-06,-178.0448,-5.99E-06,-2.04E-07
-28,106725000,5.82E-06,179.0707,-5.82E-06,9.44E-08
-28,106750000,6.43E-06,-169.8928,-6.33E-06,-1.13E-06
-28,106775000,5.94E-06,-172.9326,-5.89E-06,-7.31E-07
-28,106800000,5.48E-06,170.2856,-5.40E-06,9.24E-07
-28,106825000,6.41E-06,178.002,-6.40E-06,2.23E-07
-28,106850000,6.50E-06,173.7507,-6.46E-06,7.08E-07
-28,106875000,7.41E-06,-171.3134,-7.32E-06,-1.12E-06
-28,106900000,5.24E-06,166.1983,-5.09E-06,1.25E-06
-28,106925000,4.87E-06,-178.7496,-4.86E-06,-1.06E-07
-28,106950000,3.99E-06,178.2151,-3.99E-06,1.24E-07
-28,106975000,3.83E-06,162.6354,-3.66E-06,1.14E-06
-28,107000000,3.86E-06,164.0981,-3.71E-06,1.06E-06
-28,107025000,3.24E-06,-172.1557,-3.21E-06,-4.42E-07
-28,107050000,1.38E-06,-179.4899,-1.38E-06,-1.23E-08
-28,107075000,1.60E-06,-176.742,-1.60E-06,-9.08E-08
-28,107100000,1.81E-06,-156.2517,-1.65E-06,-7.27E-07
-28,107125000,2.35E-06,156.1771,-2.15E-06,9.49E-07
-28,107150000,3.05E-06,177.7744,-3.05E-06,1.18E-07
-28,107175000,1.42E-06,-179.6774,-1.42E-06,-8.00E-09
-28,107200000,1.22E-06,153.6257,-1.10E-06,5.44E-07
-28,107225000,9.00E-07,-10.95075,8.83E-07,-1.71E-07
-28,107250000,2.81E-06,-1.916982,2.80E-06,-9.39E-08
-28,107275000,2.57E-06,23.83535,2.35E-06,1.04E-06
-28,107300000,2.38E-06,-30.16087,2.06E-06,-1.20E-06
-28,107325000,2.88E-06,-2.152869,2.88E-06,-1.08E-07
-28,107350000,2.77E-06,3.121206,2.76E-06,1.51E-07
-28,107375000,2.60E-06,6.670577,2.59E-06,3.02E-07
-28,107400000,5.24E-06,9.530583,5.16E-06,8.67E-07
-28,107425000,7.17E-06,-1.436494,7.16E-06,-1.80E-07
-28,107450000,8.20E-06,3.62187,8.19E-06,5.18E-07
-28,107475000,7.74E-06,2.591256,7.73E-06,3.50E-07
-28,107500000,9.12E-06,-1.061526,9.12E-06,-1.69E-07
-28,107525000,1.09E-05,9.714855,1.08E-05,1.84E-06
-28,107550000,1.29E-05,2.150738,1.29E-05,4.85E-07
-28,107575000,1.38E-05,-1.970527,1.38E-05,-4.75E-07
-28,107600000,1.39E-05,1.057267,1.39E-05,2.57E-07
-28,107625000,1.75E-05,4.603305,1.75E-05,1.41E-06
-28,107650000,1.85E-05,0.4072983,1.85E-05,1.32E-07
-28,107675000,2.01E-05,0.6468427,2.01E-05,2.27E-07
-28,107700000,2.32E-05,0.7981212,2.32E-05,3.23E-07
-28,107725000,2.48E-05,1.877504,2.48E-05,8.13E-07
-28,107750000,2.64E-05,1.198601,2.64E-05,5.53E-07
-28,107775000,2.85E-05,2.425472,2.84E-05,1.20E-06
-28,107800000,3.36E-05,1.056209,3.36E-05,6.19E-07
-28,107825000,3.25E-05,0.303635,3.25E-05,1.72E-07
-28,107850000,3.51E-05,-0.4657717,3.51E-05,-2.85E-07
-28,107875000,3.58E-05,0.1800737,3.58E-05,1.12E-07
-28,107900000,3.92E-05,-2.666533,3.91E-05,-1.82E-06
-28,107925000,4.13E-05,-0.3065703,4.13E-05,-2.21E-07
-28,107950000,4.38E-05,3.907647,4.37E-05,2.98E-06
-28,107975000,4.30E-05,1.667266,4.29E-05,1.25E-06
-28,108000000,4.75E-05,0.01228845,4.75E-05,1.02E-08
-28,108025000,5.56E-05,-0.3117956,5.56E-05,-3.02E-07
-28,108050000,5.60E-05,0.7006623,5.60E-05,6.85E-07
-28,108075000,6.07E-05,-0.3040586,6.07E-05,-3.22E-07
-28,108100000,6.48E-05,1.579994,6.48E-05,1.79E-06
-28,108125000,7.09E-05,-1.283361,7.09E-05,-1.59E-06
-28,108150000,6.61E-05,-3.013594,6.60E-05,-3.47E-06
-28,108175000,6.69E-05,-1.162138,6.69E-05,-1.36E-06
-28,108200000,6.78E-05,-0.8875572,6.78E-05,-1.05E-06
-28,108225000,7.24E-05,-1.111014,7.24E-05,-1.40E-06
-28,108250000,6.80E-05,-2.313164,6.79E-05,-2.74E-06
-28,108275000,6.03E-05,-3.294746,6.02E-05,-3.46E-06
-28,108300000,5.80E-05,-1.054993,5.80E-05,-1.07E-06
-28,108325000,5.01E-05,-1.576089,5.01E-05,-1.38E-06
-28,108350000,5.03E-05,-2.555012,5.03E-05,-2.24E-06
-28,108375000,4.61E-05,-5.267889,4.59E-05,-4.23E-06
-28,108400000,4.48E-05,-1.359122,4.47E-05,-1.06E-06
-28,108425000,3.50E-05,-3.15884,3.49E-05,-1.93E-06
-28,108450000,2.08E-05,-8.713,2.05E-05,-3.15E-06
-28,108475000,8.99E-06,-7.513636,8.91E-06,-1.17E-06
-28,108500000,2.53E-06,-59.92916,1.27E-06,-2.19E-06
-28,108525000,4.96E-06,-161.0721,-4.70E-06,-1.61E-06
-28,108550000,1.22E-05,-171.9107,-1.21E-05,-1.72E-06
-28,108575000,1.73E-05,-174.6081,-1.73E-05,-1.63E-06
-28,108600000,2.34E-05,-178.1642,-2.34E-05,-7.50E-07
-28,108625000,2.87E-05,-177.5816,-2.86E-05,-1.21E-06
-28,108650000,3.37E-05,178.6496,-3.37E-05,7.94E-07
-28,108675000,3.46E-05,175.4118,-3.45E-05,2.76E-06
-28,108700000,3.93E-05,-179.9715,-3.93E-05,-1.95E-08
-28,108725000,3.88E-05,177.1655,-3.88E-05,1.92E-06
-28,108750000,4.10E-05,-179.4388,-4.10E-05,-4.02E-07
-28,108775000,4.00E-05,176.193,-3.99E-05,2.66E-06
-28,108800000,3.89E-05,-177.0268,-3.89E-05,-2.02E-06
-28,108825000,4.05E-05,-179.6081,-4.05E-05,-2.77E-07
-28,108850000,4.06E-05,-178.9128,-4.06E-05,-7.71E-07
-28,108875000,3.94E-05,-178.8488,-3.94E-05,-7.92E-07
-28,108900000,3.95E-05,178.9217,-3.95E-05,7.44E-07
-28,108925000,3.89E-05,175.544,-3.88E-05,3.02E-06
-28,108950000,3.58E-05,178.7026,-3.58E-05,8.10E-07
-28,108975000,3.46E-05,178.7531,-3.46E-05,7.52E-07
-28,109000000,3.12E-05,176.7901,-3.11E-05,1.74E-06
-28,109025000,3.17E-05,177.3811,-3.17E-05,1.45E-06
-28,109050000,2.82E-05,-179.5763,-2.82E-05,-2.08E-07
-28,109075000,2.87E-05,177.3497,-2.86E-05,1.33E-06
-28,109100000,2.50E-05,-178.9637,-2.50E-05,-4.51E-07
-28,109125000,2.44E-05,-178.9123,-2.44E-05,-4.64E-07
-28,109150000,2.24E-05,179.6854,-2.24E-05,1.23E-07
-28,109175000,2.13E-05,178.906,-2.13E-05,4.06E-07
-28,109200000,2.09E-05,178.3656,-2.09E-05,5.96E-07
-28,109225000,1.79E-05,179.4597,-1.79E-05,1.69E-07
-28,109250000,1.64E-05,179.6392,-1.64E-05,1.03E-07
-28,109275000,1.52E-05,177.4856,-1.52E-05,6.67E-07
-28,109300000,1.63E-05,-177.744,-1.63E-05,-6.41E-07
-28,109325000,1.34E-05,178.4668,-1.34E-05,3.58E-07
-28,109350000,1.32E-05,179.1757,-1.32E-05,1.90E-07
-28,109375000,1.04E-05,179.1923,-1.03E-05,1.46E-07
-28,109400000,9.60E-06,177.4301,-9.59E-06,4.31E-07
-28,109425000,1.05E-05,179.2648,-1.05E-05,1.34E-07
-28,109450000,8.67E-06,-177.0396,-8.65E-06,-4.45E-07
-28,109475000,7.95E-06,-173.325,-7.90E-06,-9.24E-07
-28,109500000,8.06E-06,-179.5822,-8.06E-06,-5.88E-08
-28,109525000,7.58E-06,175.092,-7.56E-06,6.49E-07
-28,109550000,6.78E-06,171.8069,-6.71E-06,9.66E-07
-28,109575000,6.37E-06,-179.0356,-6.37E-06,-1.07E-07
-28,109600000,5.12E-06,172.3599,-5.08E-06,6.81E-07
-28,109625000,4.62E-06,179.5975,-4.62E-06,3.25E-08
-28,109650000,4.45E-06,-176.664,-4.44E-06,-2.59E-07
-28,109675000,3.25E-06,-177.8694,-3.25E-06,-1.21E-07
-28,109700000,3.86E-06,175.737,-3.85E-06,2.87E-07
-28,109725000,2.81E-06,-158.9671,-2.63E-06,-1.01E-06
-28,109750000,2.72E-06,-167.6588,-2.65E-06,-5.81E-07
-28,109775000,3.11E-06,-178.009,-3.10E-06,-1.08E-07
-28,109800000,2.51E-06,166.4582,-2.44E-06,5.87E-07
-28,109825000,1.89E-06,178.0058,-1.89E-06,6.59E-08
-28,109850000,2.18E-06,-173.9729,-2.17E-06,-2.29E-07
-28,109875000,1.43E-06,-159.2705,-1.34E-06,-5.06E-07
-28,109900000,1.81E-06,-163.0024,-1.73E-06,-5.30E-07
-28,109925000,1.41E-06,-170.457,-1.39E-06,-2.33E-07
-28,109950000,1.76E-06,165.6602,-1.70E-06,4.35E-07
-28,109975000,1.19E-06,-150.0511,-1.03E-06,-5.96E-07
-28,110000000,1.07E-06,-61.66646,5.06E-07,-9.38E-07
-28,110025000,6.29E-07,153.8333,-5.65E-07,2.77E-07
-28,110050000,6.41E-07,-156.7083,-5.89E-07,-2.54E-07
-28,110075000,5.51E-07,-141.6109,-4.32E-07,-3.42E-07
-28,110100000,2.84E-07,155.3588,-2.59E-07,1.19E-07
-28,110125000,5.98E-07,-83.15803,7.12E-08,-5.93E-07
-28,110150000,8.14E-07,36.92203,6.51E-07,4.89E-07
-28,110175000,5.64E-07,-36.49245,4.53E-07,-3.35E-07
-28,110200000,6.43E-07,-36.42339,5.17E-07,-3.82E-07
-28,110225000,3.28E-07,-67.25674,1.27E-07,-3.02E-07
-28,110250000,1.08E-06,-66.78524,4.25E-07,-9.90E-07
-28,110275000,1.19E-06,17.36812,1.13E-06,3.54E-07
-28,110300000,7.05E-07,20.58747,6.60E-07,2.48E-07
-28,110325000,1.54E-06,-13.53646,1.49E-06,-3.60E-07
-28,110350000,9.15E-07,-10.35151,9.00E-07,-1.64E-07
-28,110375000,4.03E-07,-27.90188,3.56E-07,-1.89E-07
-28,110400000,9.36E-07,-41.55786,7.01E-07,-6.21E-07
-28,110425000,1.23E-06,-3.453699,1.23E-06,-7.40E-08
-28,110450000,1.23E-06,-0.9855813,1.23E-06,-2.12E-08
-28,110475000,1.20E-06,-51.33022,7.50E-07,-9.37E-07
-28,110500000,1.87E-06,-4.647541,1.86E-06,-1.52E-07
-28,110525000,1.00E-06,17.58581,9.53E-07,3.02E-07
-28,110550000,1.59E-06,-20.13335,1.49E-06,-5.47E-07
-28,110575000,9.85E-07,7.319675,9.77E-07,1.25E-07
-28,110600000,1.12E-06,34.74134,9.21E-07,6.38E-07
-28,110625000,1.84E-06,-23.22988,1.69E-06,-7.26E-07
-28,110650000,1.86E-06,-5.606536,1.85E-06,-1.82E-07
-28,110675000,1.36E-06,-5.409936,1.36E-06,-1.28E-07
-28,110700000,1.52E-06,-23.55314,1.39E-06,-6.06E-07
-28,110725000,1.54E-06,33.3592,1.28E-06,8.45E-07
-28,110750000,8.60E-07,10.29883,8.46E-07,1.54E-07
-28,110775000,1.68E-06,-37.52363,1.33E-06,-1.02E-06
-28,110800000,1.80E-06,-7.678067,1.78E-06,-2.40E-07
-28,110825000,1.24E-06,1.93862,1.23E-06,4.18E-08
-28,110850000,2.81E-06,-14.15625,2.72E-06,-6.87E-07
-28,110875000,1.73E-06,13.17928,1.68E-06,3.94E-07
-28,110900000,1.16E-06,8.72957,1.14E-06,1.76E-07
-28,110925000,9.62E-07,-44.85809,6.82E-07,-6.79E-07
-28,110950000,1.36E-06,5.099151,1.35E-06,1.21E-07
-28,110975000,1.16E-06,8.710828,1.14E-06,1.75E-07
-28,111000000,1.46E-06,22.0349,1.35E-06,5.48E-07
-24,106000000,4.56E-06,-176.2731,-4.55E-06,-2.97E-07
-24,106025000,5.10E-06,-177.799,-5.10E-06,-1.96E-07
-24,106050000,4.84E-06,174.3457,-4.82E-06,4.77E-07
-24,106075000,5.56E-06,-174.3539,-5.53E-06,-5.47E-07
-24,106100000,5.85E-06,175.463,-5.83E-06,4.63E-07
-24,106125000,5.21E-06,-178.8722,-5.21E-06,-1.03E-07
-24,106150000,4.97E-06,176.9105,-4.96E-06,2.68E-07
-24,106175000,5.95E-06,179.2924,-5.95E-06,7.34E-08
-24,106200000,5.30E-06,173.5982,-5.26E-06,5.91E-07
-24,106225000,5.23E-06,179.9884,-5.23E-06,1.06E-09
-24,106250000,5.98E-06,175.2986,-5.96E-06,4.90E-07
-24,106275000,4.50E-06,174.7895,-4.49E-06,4.09E-07
-24,106300000,5.32E-06,177.1386,-5.31E-06,2.65E-07
-24,106325000,6.35E-06,179.2037,-6.35E-06,8.82E-08
-24,106350000,4.58E-06,-175.0059,-4.56E-06,-3.99E-07
-24,106375000,5.17E-06,-178.1637,-5.16E-06,-1.66E-07
-24,106400000,5.01E-06,-177.3151,-5.00E-06,-2.35E-07
-24,106425000,4.92E-06,-176.6919,-4.91E-06,-2.84E-07
-24,106450000,5.10E-06,-176.2701,-5.09E-06,-3.32E-07
-24,106475000,3.80E-06,179.1451,-3.80E-06,5.67E-08
-24,106500000,4.14E-06,-171.4706,-4.10E-06,-6.14E-07
-24,106525000,5.39E-06,179.3421,-5.39E-06,6.19E-08
-24,106550000,5.37E-06,178.0471,-5.37E-06,1.83E-07
-24,106575000,4.39E-06,-179.2344,-4.39E-06,-5.87E-08
-24,106600000,3.26E-06,176.091,-3.26E-06,2.22E-07
-24,106625000,4.05E-06,157.4816,-3.74E-06,1.55E-06
-24,106650000,3.81E-06,172.8174,-3.78E-06,4.77E-07
-24,106675000,3.47E-06,174.3906,-3.45E-06,3.39E-07
-24,106700000,3.66E-06,173.5691,-3.63E-06,4.09E-07
-24,106725000,2.15E-06,-174.4685,-2.14E-06,-2.07E-07
-24,106750000,2.72E-06,177.5811,-2.72E-06,1.15E-07
-24,106775000,1.53E-06,142.4921,-1.21E-06,9.30E-07
-24,106800000,2.66E-06,-176.4312,-2.66E-06,-1.66E-07
-24,106825000,3.04E-06,178.328,-3.04E-06,8.87E-08
-24,106850000,3.18E-06,162.3718,-3.03E-06,9.64E-07
-24,106875000,1.55E-06,148.8155,-1.33E-06,8.03E-07
-24,106900000,1.32E-06,174.0196,-1.31E-06,1.37E-07
-24,106925000,2.53E-06,169.6558,-2.49E-06,4.55E-07
-24,106950000,3.88E-07,-142.9428,-3.10E-07,-2.34E-07
-24,106975000,5.95E-07,163.8807,-5.72E-07,1.65E-07
-24,107000000,7.76E-07,-136.0658,-5.59E-07,-5.39E-07
-24,107025000,1.98E-06,62.97705,8.99E-07,1.76E-06
-24,107050000,1.83E-06,-0.6618457,1.83E-06,-2.11E-08
-24,107075000,2.29E-06,21.64051,2.13E-06,8.45E-07
-24,107100000,1.81E-06,34.03872,1.50E-06,1.01E-06
-24,107125000,2.91E-06,-3.324417,2.91E-06,-1.69E-07
-24,107150000,3.49E-06,6.151583,3.47E-06,3.74E-07
-24,107175000,4.39E-06,-8.906976,4.34E-06,-6.80E-07
-24,107200000,4.33E-06,5.821384,4.31E-06,4.40E-07
-24,107225000,5.38E-06,10.90078,5.28E-06,1.02E-06
-24,107250000,7.04E-06,-3.148609,7.03E-06,-3.87E-07
-24,107275000,6.00E-06,0.635126,6.00E-06,6.65E-08
-24,107300000,8.99E-06,3.304084,8.97E-06,5.18E-07
-24,107325000,8.58E-06,2.408193,8.57E-06,3.60E-07
-24,107350000,9.37E-06,3.635284,9.35E-06,5.94E-07
-24,107375000,9.92E-06,4.19143,9.89E-06,7.25E-07
-24,107400000,1.12E-05,2.095051,1.12E-05,4.09E-07
-24,107425000,1.18E-05,0.2868774,1.18E-05,5.91E-08
-24,107450000,1.35E-05,-1.056,1.35E-05,-2.49E-07
-24,107475000,1.42E-05,2.681296,1.42E-05,6.66E-07
-24,107500000,1.57E-05,-2.680398,1.57E-05,-7.34E-07
-24,107525000,1.65E-05,0.3292553,1.65E-05,9.49E-08
-24,107550000,1.73E-05,-1.907529,1.73E-05,-5.75E-07
-24,107575000,1.91E-05,-2.453313,1.91E-05,-8.20E-07
-24,107600000,2.08E-05,2.027224,2.08E-05,7.36E-07
-24,107625000,2.22E-05,2.882417,2.22E-05,1.12E-06
-24,107650000,2.43E-05,-0.913711,2.43E-05,-3.87E-07
-24,107675000,2.68E-05,-0.6911847,2.68E-05,-3.23E-07
-24,107700000,2.81E-05,0.2649096,2.81E-05,1.30E-07
-24,107725000,2.87E-05,-2.693637,2.86E-05,-1.35E-06
-24,107750000,2.98E-05,1.020089,2.98E-05,5.30E-07
-24,107775000,3.43E-05,-0.8158388,3.43E-05,-4.88E-07
-24,107800000,3.67E-05,0.3378784,3.67E-05,2.16E-07
-24,107825000,3.57E-05,-0.780742,3.57E-05,-4.86E-07
-24,107850000,4.28E-05,-0.6969764,4.28E-05,-5.21E-07
-24,107875000,4.03E-05,-1.902283,4.02E-05,-1.34E-06
-24,107900000,4.48E-05,-2.187966,4.47E-05,-1.71E-06
-24,107925000,4.56E-05,-0.1519043,4.56E-05,-1.21E-07
-24,107950000,4.95E-05,-1.515103,4.95E-05,-1.31E-06
-24,107975000,5.40E-05,0.277835,5.40E-05,2.62E-07
-24,108000000,5.62E-05,-0.2665325,5.62E-05,-2.61E-07
-24,108025000,6.26E-05,-1.148317,6.25E-05,-1.25E-06
-24,108050000,6.30E-05,-2.717479,6.29E-05,-2.99E-06
-24,108075000,5.89E-05,-0.04112119,5.89E-05,-4.23E-08
-24,108100000,6.19E-05,-2.609472,6.18E-05,-2.82E-06
-24,108125000,5.92E-05,-0.5181497,5.92E-05,-5.35E-07
-24,108150000,6.61E-05,-1.447217,6.61E-05,-1.67E-06
-24,108175000,6.27E-05,-1.541224,6.27E-05,-1.69E-06
-24,108200000,6.16E-05,0.6734405,6.15E-05,7.23E-07
-24,108225000,5.67E-05,-1.060886,5.67E-05,-1.05E-06
-24,108250000,5.43E-05,-0.2608866,5.43E-05,-2.47E-07
-24,108275000,5.26E-05,-2.541913,5.25E-05,-2.33E-06
-24,108300000,4.80E-05,-2.168123,4.80E-05,-1.82E-06
-24,108325000,3.78E-05,-3.678875,3.77E-05,-2.43E-06
-24,108350000,3.48E-05,-2.798664,3.47E-05,-1.70E-06
-24,108375000,2.66E-05,-4.868264,2.65E-05,-2.26E-06
-24,108400000,1.60E-05,3.58064,1.59E-05,9.96E-07
-24,108425000,8.81E-06,-22.11686,8.16E-06,-3.32E-06
-24,108450000,1.51E-06,-65.02161,6.39E-07,-1.37E-06
-24,108475000,6.52E-06,-172.8677,-6.47E-06,-8.10E-07
-24,108500000,1.49E-05,-177.4756,-1.49E-05,-6.58E-07
-24,108525000,2.24E-05,-179.3592,-2.24E-05,-2.50E-07
-24,108550000,2.84E-05,-174.5204,-2.82E-05,-2.71E-06
-24,108575000,3.48E-05,-179.3232,-3.48E-05,-4.11E-07
-24,108600000,3.65E-05,-179.9088,-3.65E-05,-5.81E-08
-24,108625000,4.20E-05,-177.1735,-4.19E-05,-2.07E-06
-24,108650000,4.55E-05,-177.0764,-4.55E-05,-2.32E-06
-24,108675000,4.67E-05,-178.7354,-4.67E-05,-1.03E-06
-24,108700000,4.75E-05,179.0257,-4.75E-05,8.08E-07
-24,108725000,4.91E-05,-178.8281,-4.91E-05,-1.00E-06
-24,108750000,4.91E-05,-179.3359,-4.91E-05,-5.69E-07
-24,108775000,4.89E-05,176.47,-4.88E-05,3.01E-06
-24,108800000,4.62E-05,178.405,-4.62E-05,1.29E-06
-24,108825000,4.77E-05,178.7533,-4.77E-05,1.04E-06
-24,108850000,4.43E-05,178.1193,-4.43E-05,1.46E-06
-24,108875000,4.30E-05,-179.311,-4.30E-05,-5.17E-07
-24,108900000,4.17E-05,179.5889,-4.17E-05,2.99E-07
-24,108925000,4.05E-05,178.9779,-4.05E-05,7.23E-07
-24,108950000,3.88E-05,178.8317,-3.88E-05,7.90E-07
-24,108975000,3.59E-05,-178.5764,-3.59E-05,-8.91E-07
-24,109000000,3.38E-05,-178.4556,-3.37E-05,-9.10E-07
-24,109025000,3.07E-05,-179.9444,-3.07E-05,-2.97E-08
-24,109050000,3.01E-05,-177.8381,-3.01E-05,-1.14E-06
-24,109075000,2.65E-05,-178.5753,-2.65E-05,-6.59E-07
-24,109100000,2.68E-05,179.0463,-2.68E-05,4.46E-07
-24,109125000,2.71E-05,178.4851,-2.71E-05,7.16E-07
-24,109150000,2.37E-05,178.3259,-2.37E-05,6.92E-07
-24,109175000,2.07E-05,178.7018,-2.07E-05,4.69E-07
-24,109200000,1.85E-05,-178.2294,-1.85E-05,-5.72E-07
-24,109225000,1.83E-05,177.317,-1.82E-05,8.55E-07
-24,109250000,1.65E-05,178.9539,-1.65E-05,3.02E-07
-24,109275000,1.64E-05,177.5663,-1.64E-05,6.96E-07
-24,109300000,1.31E-05,179.9215,-1.31E-05,1.79E-08
-24,109325000,1.31E-05,-177.7439,-1.31E-05,-5.17E-07
-24,109350000,1.26E-05,-179.6961,-1.26E-05,-6.66E-08
-24,109375000,1.12E-05,175.0236,-1.11E-05,9.70E-07
-24,109400000,9.75E-06,-176.8355,-9.74E-06,-5.38E-07
-24,109425000,9.32E-06,179.2535,-9.32E-06,1.21E-07
-24,109450000,8.85E-06,-175.7991,-8.83E-06,-6.49E-07
-24,109475000,7.04E-06,175.4787,-7.02E-06,5.55E-07
-24,109500000,6.52E-06,171.6624,-6.45E-06,9.46E-07
-24,109525000,6.92E-06,174.4047,-6.89E-06,6.75E-07
-24,109550000,6.71E-06,-173.6251,-6.67E-06,-7.45E-07
-24,109575000,5.31E-06,175.2772,-5.29E-06,4.37E-07
-24,109600000,4.86E-06,178.953,-4.86E-06,8.88E-08
-24,109625000,4.64E-06,-178.2313,-4.64E-06,-1.43E-07
-24,109650000,3.28E-06,175.5423,-3.27E-06,2.55E-07
-24,109675000,3.45E-06,173.9366,-3.43E-06,3.65E-07
-24,109700000,2.86E-06,178.5772,-2.86E-06,7.11E-08
-24,109725000,2.58E-06,161.5274,-2.44E-06,8.16E-07
-24,109750000,2.96E-06,178.2249,-2.96E-06,9.16E-08
-24,109775000,2.85E-06,177.9129,-2.85E-06,1.04E-07
-24,109800000,2.12E-06,174.4923,-2.11E-06,2.04E-07
-24,109825000,1.22E-06,-167.1139,-1.18E-06,-2.71E-07
-24,109850000,1.21E-06,-155.8318,-1.10E-06,-4.95E-07
-24,109875000,2.78E-07,-129.1713,-1.75E-07,-2.15E-07
-24,109900000,3.28E-07,-27.95303,2.90E-07,-1.54E-07
-24,109925000,1.43E-06,23.97736,1.30E-06,5.79E-07
-24,109950000,6.95E-07,22.78543,6.40E-07,2.69E-07
-24,109975000,8.81E-07,6.25555,8.76E-07,9.60E-08
-24,110000000,1.29E-06,-16.21061,1.24E-06,-3.60E-07
-24,110025000,1.59E-07,133.9571,-1.11E-07,1.15E-07
-24,110050000,7.97E-07,7.252848,7.91E-07,1.01E-07
-24,110075000,5.72E-07,-9.588735,5.64E-07,-9.53E-08
-24,110100000,1.14E-07,-101.4345,-2.25E-08,-1.11E-07
-24,110125000,1.15E-06,9.306785,1.13E-06,1.86E-07
-24,110150000,4.68E-07,13.25359,4.56E-07,1.07E-07
-24,110175000,8.13E-07,-2.52055,8.12E-07,-3.58E-08
-24,110200000,7.82E-07,37.0665,6.24E-07,4.72E-07
-24,110225000,1.77E-06,-21.62463,1.65E-06,-6.53E-07
-24,110250000,1.45E-06,-26.64324,1.30E-06,-6.51E-07
-24,110275000,1.62E-06,-42.53253,1.20E-06,-1.10E-06
-24,110300000,1.02E-06,1.68193,1.02E-06,2.99E-08
-24,110325000,1.45E-06,8.150809,1.43E-06,2.05E-07
-24,110350000,9.74E-07,42.70356,7.16E-07,6.61E-07
-24,110375000,1.58E-06,19.34986,1.49E-06,5.23E-07
-24,110400000,1.19E-06,3.523531,1.18E-06,7.28E-08
-24,110425000,1.58E-06,12.48217,1.54E-06,3.41E-07
-24,110450000,1.62E-06,-20.45349,1.51E-06,-5.65E-07
-24,110475000,1.93E-06,11.2572,1.89E-06,3.77E-07
-24,110500000,2.20E-06,0.6874998,2.20E-06,2.64E-08
-24,110525000,2.36E-06,8.364376,2.33E-06,3.43E-07
-24,110550000,3.27E-06,-2.989194,3.26E-06,-1.70E-07
-24,110575000,1.72E-06,21.3838,1.60E-06,6.28E-07
-24,110600000,1.98E-06,14.69571,1.91E-06,5.02E-07
-24,110625000,2.57E-06,0.7883951,2.57E-06,3.53E-08
-24,110650000,2.76E-06,-20.8385,2.58E-06,-9.80E-07
-24,110675000,2.32E-06,12.33886,2.26E-06,4.95E-07
-24,110700000,2.24E-06,21.20381,2.09E-06,8.11E-07
-24,110725000,1.73E-06,-16.79954,1.66E-06,-5.01E-07
-24,110750000,1.75E-06,-35.54723,1.43E-06,-1.02E-06
-24,110775000,2.50E-06,-5.449551,2.49E-06,-2.38E-07
-24,110800000,2.12E-06,25.14449,1.92E-06,9.02E-07
-24,110825000,1.74E-06,-21.86764,1.61E-06,-6.48E-07
-24,110850000,1.55E-06,-15.2814,1.49E-06,-4.08E-07
-24,110875000,1.50E-06,-10.29244,1.47E-06,-2.68E-07
-24,110900000,1.74E-06,4.623991,1.73E-06,1.40E-07
-24,110925000,2.04E-06,-11.05107,2.01E-06,-3.92E-07
-24,110950000,2.59E-06,2.259035,2.59E-06,1.02E-07
-24,110975000,1.54E-06,2.888599,1.54E-06,7.75E-08
-24,111000000,1.37E-06,25.26393,1.24E-06,5.86E-07
-20,106000000,3.85E-06,-175.1329,-3.84E-06,-3.27E-07
-20,106025000,3.41E-06,-171.592,-3.37E-06,-4.98E-07
-20,106050000,4.07E-06,-170.4333,-4.01E-06,-6.76E-07
-20,106075000,3.16E-06,-171.7299,-3.13E-06,-4.55E-07
-20,106100000,3.51E-06,-173.7412,-3.49E-06,-3.82E-07
-20,106125000,3.01E-06,174.5521,-2.99E-06,2.86E-07
-20,106150000,4.57E-06,173.3534,-4.54E-06,5.29E-07
-20,106175000,2.92E-06,167.2245,-2.84E-06,6.45E-07
-20,106200000,3.29E-06,167.9785,-3.22E-06,6.86E-07
-20,106225000,2.86E-06,168.3693,-2.80E-06,5.76E-07
-20,106250000,3.31E-06,174.9653,-3.30E-06,2.91E-07
-20,106275000,3.48E-06,178.6951,-3.48E-06,7.92E-08
-20,106300000,3.61E-06,176.3157,-3.60E-06,2.32E-07
-20,106325000,3.39E-06,177.6113,-3.39E-06,1.41E-07
-20,106350000,2.31E-06,166.47,-2.25E-06,5.41E-07
-20,106375000,2.19E-06,175.3366,-2.18E-06,1.78E-07
-20,106400000,2.00E-06,167.1647,-1.95E-06,4.44E-07
-20,106425000,2.77E-06,-179.5349,-2.77E-06,-2.25E-08
-20,106450000,2.64E-06,163.6171,-2.53E-06,7.44E-07
-20,106475000,1.21E-06,-165.7924,-1.17E-06,-2.96E-07
-20,106500000,8.06E-07,175.345,-8.03E-07,6.54E-08
-20,106525000,1.49E-06,164.0762,-1.43E-06,4.08E-07
-20,106550000,1.72E-06,165.326,-1.67E-06,4.36E-07
-20,106575000,1.10E-06,168.517,-1.08E-06,2.19E-07
-20,106600000,7.50E-07,144.7246,-6.12E-07,4.33E-07
-20,106625000,1.27E-06,-138.7383,-9.53E-07,-8.36E-07
-20,106650000,1.29E-06,144.6106,-1.06E-06,7.50E-07
-20,106675000,7.84E-07,77.28002,1.73E-07,7.65E-07
-20,106700000,1.05E-07,-57.64491,5.60E-08,-8.84E-08
-20,106725000,2.26E-07,68.84513,8.17E-08,2.11E-07
-20,106750000,1.54E-06,89.39339,1.63E-08,1.54E-06
-20,106775000,1.78E-07,-158.096,-1.65E-07,-6.62E-08
-20,106800000,2.13E-07,-45.54149,1.49E-07,-1.52E-07
-20,106825000,1.26E-06,2.113472,1.26E-06,4.64E-08
-20,106850000,1.28E-06,18.77565,1.21E-06,4.12E-07
-20,106875000,2.39E-06,3.654546,2.39E-06,1.52E-07
-20,106900000,2.56E-06,3.275131,2.56E-06,1.46E-07
-20,106925000,3.18E-06,8.002868,3.15E-06,4.43E-07
-20,106950000,4.14E-06,-2.235444,4.14E-06,-1.61E-07
-20,106975000,4.13E-06,3.919844,4.12E-06,2.82E-07
-20,107000000,5.55E-06,3.299911,5.54E-06,3.19E-07
-20,107025000,3.35E-06,-6.975067,3.33E-06,-4.07E-07
-20,107050000,4.53E-06,-11.33207,4.44E-06,-8.90E-07
-20,107075000,5.99E-06,3.548459,5.98E-06,3.71E-07
-20,107100000,6.63E-06,9.36435,6.54E-06,1.08E-06
-20,107125000,6.60E-06,0.9828223,6.60E-06,1.13E-07
-20,107150000,7.66E-06,-8.290323,7.58E-06,-1.10E-06
-20,107175000,8.30E-06,3.917638,8.28E-06,5.67E-07
-20,107200000,9.26E-06,1.585897,9.25E-06,2.56E-07
-20,107225000,9.30E-06,-2.534572,9.29E-06,-4.11E-07
-20,107250000,1.01E-05,-1.074988,1.01E-05,-1.90E-07
-20,107275000,1.10E-05,1.177427,1.10E-05,2.25E-07
-20,107300000,1.17E-05,3.565049,1.17E-05,7.27E-07
-20,107325000,1.41E-05,0.4617346,1.41E-05,1.14E-07
-20,107350000,1.39E-05,-0.31373,1.39E-05,-7.61E-08
-20,107375000,1.37E-05,2.924461,1.37E-05,6.99E-07
-20,107400000,1.60E-05,2.937831,1.60E-05,8.22E-07
-20,107425000,1.76E-05,2.697688,1.75E-05,8.26E-07
-20,107450000,1.77E-05,-2.613587,1.76E-05,-8.05E-07
-20,107475000,1.85E-05,1.127239,1.85E-05,3.65E-07
-20,107500000,2.00E-05,2.56832,2.00E-05,8.96E-07
-20,107525000,1.94E-05,-1.324039,1.93E-05,-4.47E-07
-20,107550000,2.20E-05,-3.412349,2.19E-05,-1.31E-06
-20,107575000,2.40E-05,-1.214693,2.40E-05,-5.09E-07
-20,107600000,2.56E-05,-1.237748,2.56E-05,-5.54E-07
-20,107625000,2.72E-05,2.897123,2.72E-05,1.38E-06
-20,107650000,2.82E-05,2.100982,2.82E-05,1.03E-06
-20,107675000,2.88E-05,-0.6006727,2.88E-05,-3.02E-07
-20,107700000,2.92E-05,-1.517446,2.92E-05,-7.73E-07
-20,107725000,2.93E-05,1.676464,2.93E-05,8.59E-07
-20,107750000,3.09E-05,-1.023581,3.09E-05,-5.52E-07
-20,107775000,3.47E-05,0.252986,3.47E-05,1.53E-07
-20,107800000,3.79E-05,-1.129109,3.79E-05,-7.47E-07
-20,107825000,4.32E-05,3.100224,4.32E-05,2.34E-06
-20,107850000,4.28E-05,-2.004217,4.28E-05,-1.50E-06
-20,107875000,4.49E-05,-0.9151486,4.49E-05,-7.17E-07
-20,107900000,4.72E-05,-3.08965,4.71E-05,-2.54E-06
-20,107925000,4.72E-05,0.002810033,4.72E-05,2.31E-09
-20,107950000,4.86E-05,1.123691,4.86E-05,9.54E-07
-20,107975000,4.97E-05,-0.3750619,4.97E-05,-3.26E-07
-20,108000000,4.95E-05,-0.9889763,4.95E-05,-8.55E-07
-20,108025000,5.51E-05,-0.1820677,5.51E-05,-1.75E-07
-20,108050000,5.41E-05,-1.025312,5.41E-05,-9.69E-07
-20,108075000,5.44E-05,-1.441468,5.44E-05,-1.37E-06
-20,108100000,5.49E-05,-0.9174984,5.49E-05,-8.79E-07
-20,108125000,5.70E-05,1.804257,5.69E-05,1.79E-06
-20,108150000,5.63E-05,-0.8462195,5.63E-05,-8.32E-07
-20,108175000,5.03E-05,1.420026,5.03E-05,1.25E-06
-20,108200000,4.95E-05,-1.354986,4.95E-05,-1.17E-06
-20,108225000,5.02E-05,1.648231,5.02E-05,1.44E-06
-20,108250000,4.51E-05,0.7639431,4.51E-05,6.01E-07
-20,108275000,3.76E-05,-2.582977,3.76E-05,-1.70E-06
-20,108300000,2.81E-05,-1.524723,2.81E-05,-7.47E-07
-20,108325000,2.55E-05,-2.211019,2.55E-05,-9.84E-07
-20,108350000,1.39E-05,-10.00896,1.37E-05,-2.41E-06
-20,108375000,3.21E-06,-27.35561,2.85E-06,-1.47E-06
-20,108400000,2.35E-06,-121.1725,-1.21E-06,-2.01E-06
-20,108425000,1.04E-05,-177.711,-1.04E-05,-4.17E-07
-20,108450000,2.10E-05,178.8378,-2.10E-05,4.30E-07
-20,108475000,2.72E-05,179.8635,-2.72E-05,6.47E-08
-20,108500000,3.35E-05,-177.6044,-3.35E-05,-1.40E-06
-20,108525000,3.74E-05,-179.8091,-3.74E-05,-1.24E-07
-20,108550000,4.61E-05,-179.3493,-4.61E-05,-5.23E-07
-20,108575000,5.16E-05,177.9715,-5.15E-05,1.82E-06
-20,108600000,5.14E-05,-176.6291,-5.13E-05,-3.02E-06
-20,108625000,5.53E-05,-178.9031,-5.53E-05,-1.06E-06
-20,108650000,5.68E-05,-179.9348,-5.68E-05,-6.46E-08
-20,108675000,5.95E-05,177.6126,-5.94E-05,2.49E-06
-20,108700000,5.91E-05,-178.8799,-5.91E-05,-1.16E-06
-20,108725000,6.03E-05,179.9902,-6.03E-05,1.03E-08
-20,108750000,5.96E-05,-178.4476,-5.96E-05,-1.61E-06
-20,108775000,5.69E-05,-179.2501,-5.69E-05,-7.44E-07
-20,108800000,5.59E-05,179.3793,-5.59E-05,6.06E-07
-20,108825000,5.18E-05,-179.9308,-5.18E-05,-6.25E-08
-20,108850000,4.89E-05,177.6401,-4.89E-05,2.01E-06
-20,108875000,4.59E-05,178.6994,-4.59E-05,1.04E-06
-20,108900000,4.62E-05,177.5951,-4.62E-05,1.94E-06
-20,108925000,4.63E-05,179.9306,-4.63E-05,5.61E-08
-20,108950000,4.28E-05,179.657,-4.28E-05,2.56E-07
-20,108975000,3.89E-05,-179.8475,-3.89E-05,-1.03E-07
-20,109000000,3.49E-05,178.2506,-3.48E-05,1.06E-06
-20,109025000,3.59E-05,-179.0263,-3.59E-05,-6.10E-07
-20,109050000,3.22E-05,178.7832,-3.22E-05,6.85E-07
-20,109075000,2.87E-05,-177.801,-2.87E-05,-1.10E-06
-20,109100000,2.70E-05,179.8848,-2.70E-05,5.42E-08
-20,109125000,2.66E-05,-177.9954,-2.66E-05,-9.31E-07
-20,109150000,2.44E-05,176.98,-2.43E-05,1.28E-06
-20,109175000,2.34E-05,177.5357,-2.34E-05,1.01E-06
-20,109200000,2.08E-05,179.1772,-2.08E-05,2.99E-07
-20,109225000,1.95E-05,178.4203,-1.95E-05,5.37E-07
-20,109250000,1.63E-05,179.5236,-1.63E-05,1.36E-07
-20,109275000,1.62E-05,178.3733,-1.62E-05,4.59E-07
-20,109300000,1.65E-05,178.2886,-1.65E-05,4.93E-07
-20,109325000,1.31E-05,-178.0183,-1.31E-05,-4.54E-07
-20,109350000,1.17E-05,-177.9233,-1.17E-05,-4.24E-07
-20,109375000,1.10E-05,-174.7403,-1.09E-05,-1.01E-06
-20,109400000,1.04E-05,177.0995,-1.04E-05,5.26E-07
-20,109425000,8.80E-06,-179.5456,-8.80E-06,-6.98E-08
-20,109450000,7.78E-06,-178.88,-7.78E-06,-1.52E-07
-20,109475000,7.61E-06,171.0368,-7.52E-06,1.19E-06
-20,109500000,6.70E-06,171.3229,-6.62E-06,1.01E-06
-20,109525000,5.85E-06,-178.4628,-5.85E-06,-1.57E-07
-20,109550000,4.95E-06,174.5983,-4.93E-06,4.66E-07
-20,109575000,4.21E-06,177.9077,-4.21E-06,1.54E-07
-20,109600000,3.32E-06,177.3956,-3.31E-06,1.51E-07
-20,109625000,3.05E-06,175.9222,-3.04E-06,2.17E-07
-20,109650000,3.05E-06,177.9529,-3.05E-06,1.09E-07
-20,109675000,2.30E-06,174.6755,-2.29E-06,2.14E-07
-20,109700000,2.66E-06,153.8364,-2.39E-06,1.17E-06
-20,109725000,1.41E-06,-179.7186,-1.41E-06,-6.94E-09
-20,109750000,7.21E-07,166.1445,-7.00E-07,1.73E-07
-20,109775000,1.27E-06,140.4071,-9.76E-07,8.07E-07
-20,109800000,3.66E-07,85.01745,3.18E-08,3.65E-07
-20,109825000,1.49E-07,-80.2173,2.54E-08,-1.47E-07
-20,109850000,2.47E-07,-138.6121,-1.85E-07,-1.63E-07
-20,109875000,4.53E-07,179.5739,-4.53E-07,3.37E-09
-20,109900000,7.83E-07,44.641,5.57E-07,5.51E-07
-20,109925000,8.12E-07,-8.86135,8.03E-07,-1.25E-07
-20,109950000,1.28E-06,-16.47289,1.23E-06,-3.64E-07
-20,109975000,1.11E-06,-35.17228,9.06E-07,-6.39E-07
-20,110000000,1.16E-06,17.42467,1.11E-06,3.47E-07
-20,110025000,1.20E-06,-29.05642,1.05E-06,-5.81E-07
-20,110050000,1.16E-06,-8.512315,1.14E-06,-1.71E-07
-20,110075000,1.45E-06,-7.454421,1.44E-06,-1.88E-07
-20,110100000,1.12E-06,5.299232,1.11E-06,1.03E-07
-20,110125000,2.03E-06,-28.85014,1.77E-06,-9.78E-07
-20,110150000,2.10E-06,-10.61813,2.06E-06,-3.86E-07
-20,110175000,1.46E-06,-1.469812,1.46E-06,-3.75E-08
-20,110200000,1.56E-06,9.16379,1.54E-06,2.49E-07
-20,110225000,1.57E-06,2.59672,1.57E-06,7.11E-08
-20,110250000,2.64E-06,-18.37908,2.50E-06,-8.31E-07
-20,110275000,2.41E-06,2.367471,2.41E-06,9.95E-08
-20,110300000,1.88E-06,-1.720616,1.88E-06,-5.64E-08
-20,110325000,3.13E-06,2.76205,3.13E-06,1.51E-07
-20,110350000,2.83E-06,0.03352518,2.83E-06,1.65E-09
-20,110375000,2.60E-06,11.22354,2.55E-06,5.06E-07
-20,110400000,2.11E-06,-6.108252,2.10E-06,-2.25E-07
-20,110425000,2.80E-06,4.626668,2.79E-06,2.26E-07
-20,110450000,2.09E-06,3.239614,2.09E-06,1.18E-07
-20,110475000,2.01E-06,12.32528,1.96E-06,4.29E-07
-20,110500000,1.99E-06,12.87192,1.94E-06,4.43E-07
-20,110525000,2.54E-06,-9.32427,2.51E-06,-4.12E-07
-20,110550000,2.02E-06,1.418886,2.02E-06,5.00E-08
-20,110575000,2.58E-06,-10.30667,2.54E-06,-4.62E-07
-20,110600000,2.31E-06,3.404194,2.30E-06,1.37E-07
-20,110625000,2.18E-06,-29.719,1.89E-06,-1.08E-06
-20,110650000,2.40E-06,0.5383561,2.40E-06,2.25E-08
-20,110675000,1.83E-06,2.88685,1.83E-06,9.23E-08
-20,110700000,2.74E-06,14.94523,2.65E-06,7.07E-07
-20,110725000,2.07E-06,1.337142,2.07E-06,4.83E-08
-20,110750000,2.90E-06,3.361737,2.90E-06,1.70E-07
-20,110775000,2.33E-06,15.36148,2.25E-06,6.17E-07
-20,110800000,1.94E-06,8.294353,1.92E-06,2.80E-07
-20,110825000,2.22E-06,-10.65656,2.18E-06,-4.10E-07
-20,110850000,2.43E-06,-23.349,2.23E-06,-9.64E-07
-20,110875000,2.41E-06,9.304763,2.38E-06,3.90E-07
-20,110900000,1.96E-06,3.436487,1.96E-06,1.18E-07
-20,110925000,2.66E-06,2.82516,2.65E-06,1.31E-07
-20,110950000,2.29E-06,0.1750742,2.29E-06,7.01E-09
-20,110975000,1.98E-06,8.618703,1.96E-06,2.97E-07
-20,111000000,2.41E-06,-18.47617,2.29E-06,-7.64E-07
-16,106000000,3.27E-06,-176.0555,-3.26E-06,-2.25E-07
-16,106025000,2.57E-06,-163.2181,-2.46E-06,-7.42E-07
-16,106050000,2.43E-06,-178.1043,-2.42E-06,-8.03E-08
-16,106075000,3.00E-06,164.582,-2.89E-06,7.97E-07
-16,106100000,2.33E-06,175.2174,-2.33E-06,1.95E-07
-16,106125000,2.47E-06,164.6358,-2.38E-06,6.54E-07
-16,106150000,1.62E-06,157.9173,-1.50E-06,6.09E-07
-16,106175000,1.85E-06,-178.9691,-1.85E-06,-3.33E-08
-16,106200000,1.69E-06,161.6117,-1.61E-06,5.34E-07
-16,106225000,1.46E-06,158.5632,-1.36E-06,5.33E-07
-16,106250000,1.86E-06,173.1604,-1.85E-06,2.21E-07
-16,106275000,1.44E-06,-178.3751,-1.44E-06,-4.07E-08
-16,106300000,1.44E-06,161.7777,-1.37E-06,4.51E-07
-16,106325000,1.67E-06,-171.9237,-1.66E-06,-2.35E-07
-16,106350000,1.06E-06,-172.5076,-1.05E-06,-1.39E-07
-16,106375000,1.98E-06,-178.7702,-1.98E-06,-4.24E-08
-16,106400000,1.54E-06,-175.9075,-1.53E-06,-1.10E-07
-16,106425000,8.21E-08,97.49239,-1.07E-08,8.14E-08
-16,106450000,9.05E-07,143.651,-7.29E-07,5.36E-07
-16,106475000,1.50E-07,160.8011,-1.42E-07,4.94E-08
-16,106500000,4.92E-07,-176.8566,-4.91E-07,-2.70E-08
-16,106525000,3.24E-07,165.8672,-3.14E-07,7.91E-08
-16,106550000,8.90E-07,-14.3118,8.63E-07,-2.20E-07
-16,106575000,7.07E-07,-26.00192,6.35E-07,-3.10E-07
-16,106600000,5.15E-07,-32.45092,4.34E-07,-2.76E-07
-16,106625000,1.54E-06,10.28397,1.52E-06,2.76E-07
-16,106650000,2.02E-06,3.558431,2.02E-06,1.25E-07
-16,106675000,1.75E-06,13.4077,1.70E-06,4.05E-07
-16,106700000,1.72E-06,-26.77538,1.53E-06,-7.73E-07
-16,106725000,2.70E-06,-8.92651,2.67E-06,-4.20E-07
-16,106750000,2.58E-06,6.0476,2.57E-06,2.72E-07
-16,106775000,3.06E-06,-3.078915,3.05E-06,-1.64E-07
-16,106800000,3.04E-06,-11.90189,2.97E-06,-6.27E-07
-16,106825000,3.95E-06,-1.931954,3.94E-06,-1.33E-07
-16,106850000,3.78E-06,6.543702,3.75E-06,4.31E-07
-16,106875000,4.93E-06,-1.529972,4.93E-06,-1.32E-07
-16,106900000,4.81E-06,-15.27405,4.64E-06,-1.27E-06
-16,106925000,5.47E-06,2.700223,5.46E-06,2.58E-07
-16,106950000,6.08E-06,2.312202,6.07E-06,2.45E-07
-16,106975000,7.33E-06,3.597746,7.31E-06,4.60E-07
-16,107000000,7.47E-06,1.998179,7.46E-06,2.60E-07
-16,107025000,7.58E-06,0.07098189,7.58E-06,9.39E-09
-16,107050000,8.32E-06,5.560009,8.29E-06,8.07E-07
-16,107075000,9.74E-06,-1.583855,9.73E-06,-2.69E-07
-16,107100000,9.60E-06,4.657322,9.56E-06,7.79E-07
-16,107125000,1.03E-05,-0.6317587,1.03E-05,-1.13E-07
-16,107150000,1.13E-05,-0.7698103,1.13E-05,-1.52E-07
-16,107175000,1.21E-05,0.1957284,1.21E-05,4.14E-08
-16,107200000,1.22E-05,3.439001,1.22E-05,7.30E-07
-16,107225000,1.31E-05,0.4460665,1.31E-05,1.02E-07
-16,107250000,1.40E-05,-2.437348,1.40E-05,-5.95E-07
-16,107275000,1.44E-05,2.042934,1.44E-05,5.13E-07
-16,107300000,1.46E-05,-0.195414,1.46E-05,-4.98E-08
-16,107325000,1.66E-05,-2.960371,1.66E-05,-8.58E-07
-16,107350000,1.80E-05,0.5896473,1.80E-05,1.85E-07
-16,107375000,1.88E-05,-1.132211,1.88E-05,-3.72E-07
-16,107400000,2.08E-05,0.2228955,2.08E-05,8.08E-08
-16,107425000,2.08E-05,-1.679997,2.08E-05,-6.11E-07
-16,107450000,2.22E-05,2.715409,2.22E-05,1.05E-06
-16,107475000,2.35E-05,0.4324062,2.35E-05,1.77E-07
-16,107500000,2.40E-05,-0.8741368,2.40E-05,-3.66E-07
-16,107525000,2.58E-05,-3.535454,2.58E-05,-1.59E-06
-16,107550000,2.58E-05,2.016651,2.58E-05,9.08E-07
-16,107575000,2.80E-05,-0.3812651,2.80E-05,-1.86E-07
-16,107600000,2.88E-05,0.7296452,2.88E-05,3.67E-07
-16,107625000,3.05E-05,-1.30642,3.05E-05,-6.96E-07
-16,107650000,3.27E-05,-3.057742,3.26E-05,-1.74E-06
-16,107675000,3.40E-05,0.5146075,3.40E-05,3.05E-07
-16,107700000,3.45E-05,-3.770548,3.44E-05,-2.27E-06
-16,107725000,3.54E-05,3.623878,3.53E-05,2.24E-06
-16,107750000,3.63E-05,-0.3311969,3.63E-05,-2.10E-07
-16,107775000,3.96E-05,0.4960992,3.96E-05,3.43E-07
-16,107800000,4.37E-05,-1.432461,4.37E-05,-1.09E-06
-16,107825000,4.36E-05,1.148083,4.36E-05,8.74E-07
-16,107850000,4.41E-05,0.8070688,4.41E-05,6.21E-07
-16,107875000,4.74E-05,-0.9422986,4.74E-05,-7.79E-07
-16,107900000,4.80E-05,-0.3637901,4.80E-05,-3.05E-07
-16,107925000,4.91E-05,-0.276229,4.91E-05,-2.37E-07
-16,107950000,5.36E-05,0.1524662,5.36E-05,1.43E-07
-16,107975000,5.78E-05,-0.5938091,5.78E-05,-5.99E-07
-16,108000000,5.68E-05,1.069107,5.68E-05,1.06E-06
-16,108025000,5.71E-05,-1.461256,5.70E-05,-1.45E-06
-16,108050000,5.97E-05,-0.1175262,5.97E-05,-1.22E-07
-16,108075000,6.00E-05,-0.582864,6.00E-05,-6.11E-07
-16,108100000,5.60E-05,-2.829263,5.59E-05,-2.76E-06
-16,108125000,5.79E-05,3.119878,5.78E-05,3.15E-06
-16,108150000,5.46E-05,-3.648849,5.45E-05,-3.48E-06
-16,108175000,5.25E-05,0.455352,5.25E-05,4.17E-07
-16,108200000,4.88E-05,-0.345381,4.88E-05,-2.94E-07
-16,108225000,4.58E-05,-1.77593,4.57E-05,-1.42E-06
-16,108250000,3.84E-05,-4.022264,3.83E-05,-2.69E-06
-16,108275000,2.90E-05,-3.23101,2.90E-05,-1.64E-06
-16,108300000,1.88E-05,-1.384899,1.88E-05,-4.55E-07
-16,108325000,1.42E-05,-10.72876,1.39E-05,-2.64E-06
-16,108350000,4.79E-06,1.51291,4.79E-06,1.27E-07
-16,108375000,5.92E-06,161.163,-5.60E-06,1.91E-06
-16,108400000,1.68E-05,174.6525,-1.68E-05,1.57E-06
-16,108425000,2.17E-05,-176.1824,-2.17E-05,-1.45E-06
-16,108450000,3.20E-05,-177.0352,-3.19E-05,-1.65E-06
-16,108475000,3.81E-05,178.7748,-3.81E-05,8.15E-07
-16,108500000,5.18E-05,-179.5795,-5.18E-05,-3.80E-07
-16,108525000,5.71E-05,-179.4719,-5.71E-05,-5.27E-07
-16,108550000,6.14E-05,-179.4347,-6.14E-05,-6.05E-07
-16,108575000,6.58E-05,-178.7369,-6.58E-05,-1.45E-06
-16,108600000,6.92E-05,179.1112,-6.92E-05,1.07E-06
-16,108625000,6.96E-05,-179.5103,-6.96E-05,-5.95E-07
-16,108650000,7.13E-05,179.9928,-7.13E-05,8.92E-09
-16,108675000,7.10E-05,-179.2056,-7.10E-05,-9.85E-07
-16,108700000,6.99E-05,-179.6672,-6.99E-05,-4.06E-07
-16,108725000,7.11E-05,179.9652,-7.11E-05,4.31E-08
-16,108750000,6.64E-05,177.7332,-6.63E-05,2.63E-06
-16,108775000,6.33E-05,-179.9378,-6.33E-05,-6.87E-08
-16,108800000,6.37E-05,179.8753,-6.37E-05,1.39E-07
-16,108825000,6.03E-05,179.8447,-6.03E-05,1.63E-07
-16,108850000,5.97E-05,-179.6075,-5.97E-05,-4.09E-07
-16,108875000,5.36E-05,179.0434,-5.36E-05,8.95E-07
-16,108900000,5.14E-05,-179.3099,-5.14E-05,-6.19E-07
-16,108925000,4.92E-05,179.7691,-4.92E-05,1.98E-07
-16,108950000,4.51E-05,177.4161,-4.50E-05,2.03E-06
-16,108975000,4.13E-05,179.8231,-4.13E-05,1.27E-07
-16,109000000,4.02E-05,-179.2166,-4.02E-05,-5.50E-07
-16,109025000,3.74E-05,-178.3453,-3.74E-05,-1.08E-06
-16,109050000,3.56E-05,-176.7427,-3.56E-05,-2.02E-06
-16,109075000,3.09E-05,178.2249,-3.09E-05,9.56E-07
-16,109100000,3.02E-05,178.3428,-3.02E-05,8.74E-07
-16,109125000,2.64E-05,-178.6486,-2.64E-05,-6.23E-07
-16,109150000,2.61E-05,-179.3799,-2.61E-05,-2.82E-07
-16,109175000,2.22E-05,177.8653,-2.22E-05,8.28E-07
-16,109200000,2.04E-05,-179.7088,-2.04E-05,-1.04E-07
-16,109225000,1.81E-05,178.3088,-1.81E-05,5.35E-07
-16,109250000,1.69E-05,177.4009,-1.69E-05,7.67E-07
-16,109275000,1.48E-05,-179.8904,-1.48E-05,-2.84E-08
-16,109300000,1.59E-05,-177.6789,-1.59E-05,-6.43E-07
-16,109325000,1.31E-05,175.9363,-1.31E-05,9.28E-07
-16,109350000,1.35E-05,175.3605,-1.34E-05,1.09E-06
-16,109375000,1.03E-05,173.718,-1.03E-05,1.13E-06
-16,109400000,9.65E-06,-178.3517,-9.65E-06,-2.78E-07
-16,109425000,8.22E-06,174.9442,-8.19E-06,7.25E-07
-16,109450000,8.16E-06,178.2601,-8.15E-06,2.48E-07
-16,109475000,6.01E-06,-175.6623,-5.99E-06,-4.55E-07
-16,109500000,4.51E-06,176.5433,-4.51E-06,2.72E-07
-16,109525000,4.74E-06,178.8656,-4.74E-06,9.38E-08
-16,109550000,2.49E-06,166.8427,-2.42E-06,5.66E-07
-16,109575000,1.90E-06,163.9248,-1.83E-06,5.26E-07
-16,109600000,1.94E-06,157.1653,-1.79E-06,7.53E-07
-16,109625000,2.56E-06,-170.7632,-2.53E-06,-4.11E-07
-16,109650000,3.10E-06,-162.6822,-2.96E-06,-9.24E-07
-16,109675000,2.15E-06,-171.9273,-2.12E-06,-3.01E-07
-16,109700000,9.04E-07,170.8594,-8.92E-07,1.44E-07
-16,109725000,1.02E-06,157.6581,-9.45E-07,3.88E-07
-16,109750000,9.08E-07,-169.0647,-8.91E-07,-1.72E-07
-16,109775000,8.97E-07,-144.5335,-7.30E-07,-5.20E-07
-16,109800000,3.66E-07,85.54047,2.85E-08,3.65E-07
-16,109825000,3.27E-07,-140.5847,-2.52E-07,-2.07E-07
-16,109850000,5.97E-07,-26.65007,5.34E-07,-2.68E-07
-16,109875000,1.25E-06,34.32333,1.03E-06,7.04E-07
-16,109900000,1.43E-06,4.01332,1.43E-06,1.00E-07
-16,109925000,1.47E-06,-20.51447,1.38E-06,-5.16E-07
-16,109950000,2.11E-06,11.50087,2.06E-06,4.20E-07
-16,109975000,1.74E-06,30.43381,1.50E-06,8.80E-07
-16,110000000,2.38E-06,-10.97014,2.34E-06,-4.53E-07
-16,110025000,2.26E-06,5.906133,2.25E-06,2.33E-07
-16,110050000,2.55E-06,33.20893,2.14E-06,1.40E-06
-16,110075000,2.31E-06,3.654191,2.31E-06,1.47E-07
-16,110100000,2.06E-06,5.27672,2.05E-06,1.89E-07
-16,110125000,2.07E-06,-5.896462,2.06E-06,-2.13E-07
-16,110150000,2.46E-06,-13.33109,2.40E-06,-5.68E-07
-16,110175000,1.98E-06,-34.14817,1.64E-06,-1.11E-06
-16,110200000,2.73E-06,4.884027,2.72E-06,2.32E-07
-16,110225000,3.48E-06,-1.398286,3.48E-06,-8.49E-08
-16,110250000,3.00E-06,2.041865,3.00E-06,1.07E-07
-16,110275000,3.03E-06,-4.884356,3.02E-06,-2.58E-07
-16,110300000,3.94E-06,-7.51574,3.90E-06,-5.15E-07
-16,110325000,3.46E-06,-0.9610885,3.46E-06,-5.81E-08
-16,110350000,3.58E-06,10.18058,3.52E-06,6.32E-07
-16,110375000,2.22E-06,10.12079,2.19E-06,3.90E-07
-16,110400000,3.21E-06,-6.949768,3.19E-06,-3.89E-07
-16,110425000,2.73E-06,0.810252,2.73E-06,3.85E-08
-16,110450000,2.98E-06,-1.595979,2.98E-06,-8.31E-08
-16,110475000,3.53E-06,1.056915,3.53E-06,6.50E-08
-16,110500000,3.71E-06,-6.29246,3.68E-06,-4.06E-07
-16,110525000,2.58E-06,-10.30902,2.54E-06,-4.62E-07
-16,110550000,3.08E-06,1.798793,3.08E-06,9.66E-08
-16,110575000,2.73E-06,4.454957,2.72E-06,2.12E-07
-16,110600000,2.67E-06,2.894091,2.67E-06,1.35E-07
-16,110625000,3.43E-06,-0.7197519,3.43E-06,-4.31E-08
-16,110650000,2.90E-06,-7.936357,2.87E-06,-4.00E-07
-16,110675000,2.54E-06,-5.64585,2.53E-06,-2.50E-07
-16,110700000,2.61E-06,-6.734699,2.59E-06,-3.06E-07
-16,110725000,2.63E-06,6.429146,2.62E-06,2.95E-07
-16,110750000,2.85E-06,0.2740026,2.85E-06,1.36E-08
-16,110775000,3.34E-06,-1.997469,3.34E-06,-1.17E-07
-16,110800000,2.46E-06,1.764969,2.45E-06,7.56E-08
-16,110825000,3.76E-06,-0.4547406,3.76E-06,-2.98E-08
-16,110850000,3.07E-06,-0.08379547,3.07E-06,-4.50E-09
-16,110875000,1.93E-06,-7.285715,1.92E-06,-2.45E-07
-16,110900000,3.06E-06,10.96096,3.00E-06,5.81E-07
-16,110925000,2.47E-06,-15.40049,2.39E-06,-6.57E-07
-16,110950000,2.58E-06,1.894825,2.58E-06,8.53E-08
-16,110975000,2.28E-06,0.04822368,2.28E-06,1.92E-09
-16,111000000,2.49E-06,-11.42137,2.44E-06,-4.92E-07
-12,106000000,1.30E-06,161.5586,-1.23E-06,4.11E-07
-12,106025000,1.36E-06,174.8701,-1.35E-06,1.22E-07
-12,106050000,9.02E-07,-169.1158,-8.86E-07,-1.70E-07
-12,106075000,1.09E-06,125.6489,-6.36E-07,8.87E-07
-12,106100000,8.89E-07,121.5495,-4.65E-07,7.58E-07
-12,106125000,7.90E-07,-179.9231,-7.90E-07,-1.06E-09
-12,106150000,9.37E-07,160.4647,-8.83E-07,3.13E-07
-12,106175000,1.15E-06,-131.369,-7.58E-07,-8.60E-07
-12,106200000,1.50E-06,-159.42,-1.41E-06,-5.28E-07
-12,106225000,5.57E-07,-31.82899,4.73E-07,-2.94E-07
-12,106250000,5.61E-07,-160.1476,-5.28E-07,-1.91E-07
-12,106275000,7.71E-07,-64.35291,3.34E-07,-6.95E-07
-12,106300000,2.96E-07,173.0435,-2.94E-07,3.58E-08
-12,106325000,8.40E-07,1.623245,8.40E-07,2.38E-08
-12,106350000,4.91E-07,99.27596,-7.92E-08,4.85E-07
-12,106375000,1.32E-06,-22.53361,1.22E-06,-5.06E-07
-12,106400000,1.60E-06,-15.74465,1.54E-06,-4.34E-07
-12,106425000,1.70E-06,-27.09968,1.51E-06,-7.72E-07
-12,106450000,2.17E-06,-8.220204,2.15E-06,-3.10E-07
-12,106475000,1.51E-06,-4.759829,1.50E-06,-1.25E-07
-12,106500000,2.14E-06,15.05225,2.07E-06,5.56E-07
-12,106525000,2.46E-06,9.086063,2.43E-06,3.89E-07
-12,106550000,2.07E-06,-8.194522,2.05E-06,-2.95E-07
-12,106575000,2.34E-06,10.52887,2.30E-06,4.28E-07
-12,106600000,2.71E-06,21.51833,2.52E-06,9.95E-07
-12,106625000,2.47E-06,-7.286835,2.45E-06,-3.13E-07
-12,106650000,3.00E-06,3.638153,2.99E-06,1.90E-07
-12,106675000,3.55E-06,-2.501849,3.55E-06,-1.55E-07
-12,106700000,5.03E-06,1.562661,5.02E-06,1.37E-07
-12,106725000,5.26E-06,2.04487,5.26E-06,1.88E-07
-12,106750000,5.04E-06,-2.450226,5.03E-06,-2.15E-07
-12,106775000,5.24E-06,-15.05356,5.06E-06,-1.36E-06
-12,106800000,6.28E-06,1.802945,6.28E-06,1.98E-07
-12,106825000,5.40E-06,-1.095055,5.39E-06,-1.03E-07
-12,106850000,6.03E-06,1.761281,6.03E-06,1.85E-07
-12,106875000,7.05E-06,2.552918,7.04E-06,3.14E-07
-12,106900000,6.76E-06,6.926757,6.71E-06,8.15E-07
-12,106925000,7.55E-06,-1.724284,7.54E-06,-2.27E-07
-12,106950000,9.34E-06,0.8506512,9.34E-06,1.39E-07
-12,106975000,8.90E-06,0.7108518,8.90E-06,1.10E-07
-12,107000000,1.01E-05,3.769095,1.00E-05,6.61E-07
-12,107025000,1.03E-05,1.425798,1.03E-05,2.56E-07
-12,107050000,1.23E-05,1.408217,1.23E-05,3.02E-07
-12,107075000,1.26E-05,-0.1860567,1.26E-05,-4.08E-08
-12,107100000,1.27E-05,-1.127321,1.27E-05,-2.49E-07
-12,107125000,1.39E-05,1.041022,1.39E-05,2.52E-07
-12,107150000,1.46E-05,1.429373,1.46E-05,3.65E-07
-12,107175000,1.52E-05,0.7577447,1.52E-05,2.00E-07
-12,107200000,1.44E-05,-1.35918,1.44E-05,-3.42E-07
-12,107225000,1.65E-05,-0.9411205,1.65E-05,-2.71E-07
-12,107250000,1.65E-05,-3.608698,1.65E-05,-1.04E-06
-12,107275000,1.76E-05,0.04357592,1.76E-05,1.34E-08
-12,107300000,1.88E-05,0.9981424,1.88E-05,3.26E-07
-12,107325000,1.88E-05,1.501845,1.88E-05,4.92E-07
-12,107350000,2.11E-05,-1.034727,2.11E-05,-3.80E-07
-12,107375000,2.28E-05,-3.009712,2.28E-05,-1.20E-06
-12,107400000,2.20E-05,0.4581765,2.20E-05,1.76E-07
-12,107425000,2.51E-05,-1.141804,2.51E-05,-5.00E-07
-12,107450000,2.66E-05,2.210596,2.66E-05,1.03E-06
-12,107475000,2.70E-05,3.027962,2.69E-05,1.42E-06
-12,107500000,2.88E-05,0.2516692,2.88E-05,1.26E-07
-12,107525000,2.93E-05,0.4982883,2.93E-05,2.55E-07
-12,107550000,3.00E-05,0.3390205,3.00E-05,1.77E-07
-12,107575000,3.14E-05,-0.4982115,3.14E-05,-2.73E-07
-12,107600000,3.23E-05,-1.007221,3.23E-05,-5.68E-07
-12,107625000,3.38E-05,-0.4873908,3.38E-05,-2.88E-07
-12,107650000,3.79E-05,-2.333319,3.79E-05,-1.54E-06
-12,107675000,3.82E-05,-2.460855,3.82E-05,-1.64E-06
-12,107700000,4.02E-05,0.1729125,4.02E-05,1.21E-07
-12,107725000,4.05E-05,0.4163654,4.05E-05,2.94E-07
-12,107750000,4.27E-05,2.129763,4.27E-05,1.59E-06
-12,107775000,4.56E-05,0.05810041,4.56E-05,4.62E-08
-12,107800000,4.69E-05,-1.512895,4.68E-05,-1.24E-06
-12,107825000,4.86E-05,0.8195581,4.86E-05,6.95E-07
-12,107850000,4.97E-05,1.875552,4.97E-05,1.63E-06
-12,107875000,5.07E-05,-1.86808,5.07E-05,-1.65E-06
-12,107900000,5.19E-05,-0.9247328,5.19E-05,-8.38E-07
-12,107925000,5.44E-05,-0.1333792,5.44E-05,-1.27E-07
-12,107950000,5.61E-05,-2.521484,5.60E-05,-2.47E-06
-12,107975000,5.68E-05,-2.733631,5.67E-05,-2.71E-06
-12,108000000,5.42E-05,-0.1753744,5.42E-05,-1.66E-07
-12,108025000,5.48E-05,0.000345083,5.48E-05,3.30E-10
-12,108050000,5.18E-05,-0.7717297,5.18E-05,-6.97E-07
-12,108075000,5.38E-05,-0.703947,5.38E-05,-6.62E-07
-12,108100000,5.14E-05,-0.9508857,5.14E-05,-8.53E-07
-12,108125000,4.96E-05,-1.44132,4.96E-05,-1.25E-06
-12,108150000,5.02E-05,-1.627106,5.02E-05,-1.43E-06
-12,108175000,4.65E-05,-2.069513,4.65E-05,-1.68E-06
-12,108200000,4.34E-05,-4.176351,4.33E-05,-3.16E-06
-12,108225000,3.59E-05,-0.7612505,3.59E-05,-4.78E-07
-12,108250000,2.52E-05,-2.637783,2.52E-05,-1.16E-06
-12,108275000,1.57E-05,-7.360868,1.56E-05,-2.01E-06
-12,108300000,6.73E-06,-16.84382,6.45E-06,-1.95E-06
-12,108325000,3.88E-06,-132.0134,-2.60E-06,-2.89E-06
-12,108350000,1.48E-05,-176.8454,-1.48E-05,-8.17E-07
-12,108375000,2.44E-05,177.4489,-2.44E-05,1.09E-06
-12,108400000,3.52E-05,-175.4082,-3.51E-05,-2.82E-06
-12,108425000,4.25E-05,179.5912,-4.25E-05,3.03E-07
-12,108450000,5.39E-05,179.5876,-5.39E-05,3.88E-07
-12,108475000,6.20E-05,-179.3307,-6.20E-05,-7.24E-07
-12,108500000,7.05E-05,179.6798,-7.05E-05,3.94E-07
-12,108525000,7.51E-05,-178.5803,-7.50E-05,-1.86E-06
-12,108550000,8.08E-05,178.6761,-8.08E-05,1.87E-06
-12,108575000,8.26E-05,-179.096,-8.26E-05,-1.30E-06
-12,108600000,8.27E-05,178.904,-8.27E-05,1.58E-06
-12,108625000,8.61E-05,-179.9523,-8.61E-05,-7.16E-08
-12,108650000,8.62E-05,179.7967,-8.62E-05,3.06E-07
-12,108675000,8.76E-05,-179.5542,-8.76E-05,-6.81E-07
-12,108700000,8.08E-05,179.5816,-8.08E-05,5.90E-07
-12,108725000,7.99E-05,179.1976,-7.99E-05,1.12E-06
-12,108750000,7.88E-05,179.5243,-7.88E-05,6.54E-07
-12,108775000,7.39E-05,178.7696,-7.39E-05,1.59E-06
-12,108800000,6.96E-05,179.1773,-6.96E-05,9.99E-07
-12,108825000,6.66E-05,-179.3878,-6.66E-05,-7.12E-07
-12,108850000,6.50E-05,179.2629,-6.50E-05,8.36E-07
-12,108875000,5.91E-05,178.2992,-5.90E-05,1.75E-06
-12,108900000,5.65E-05,178.2633,-5.65E-05,1.71E-06
-12,108925000,5.15E-05,178.9131,-5.15E-05,9.77E-07
-12,108950000,5.08E-05,179.4396,-5.08E-05,4.97E-07
-12,108975000,4.66E-05,-179.079,-4.66E-05,-7.48E-07
-12,109000000,4.25E-05,-179.5691,-4.25E-05,-3.19E-07
-12,109025000,3.87E-05,179.3618,-3.87E-05,4.31E-07
-12,109050000,3.52E-05,178.4626,-3.52E-05,9.45E-07
-12,109075000,3.08E-05,-178.7182,-3.08E-05,-6.89E-07
-12,109100000,2.89E-05,-179.7203,-2.89E-05,-1.41E-07
-12,109125000,2.86E-05,178.392,-2.86E-05,8.04E-07
-12,109150000,2.68E-05,-178.2465,-2.68E-05,-8.20E-07
-12,109175000,2.48E-05,-178.8607,-2.48E-05,-4.93E-07
-12,109200000,2.20E-05,-178.4574,-2.20E-05,-5.93E-07
-12,109225000,1.98E-05,-179.5777,-1.98E-05,-1.46E-07
-12,109250000,1.78E-05,-178.4848,-1.78E-05,-4.70E-07
-12,109275000,1.72E-05,-178.0692,-1.72E-05,-5.81E-07
-12,109300000,1.49E-05,-176.6695,-1.49E-05,-8.65E-07
-12,109325000,1.26E-05,-177.4796,-1.26E-05,-5.53E-07
-12,109350000,1.18E-05,-178.1064,-1.18E-05,-3.91E-07
-12,109375000,9.31E-06,179.5622,-9.31E-06,7.11E-08
-12,109400000,1.01E-05,-172.5898,-1.00E-05,-1.30E-06
-12,109425000,8.73E-06,-176.8964,-8.71E-06,-4.72E-07
-12,109450000,8.55E-06,177.8319,-8.54E-06,3.23E-07
-12,109475000,5.83E-06,-179.2,-5.83E-06,-8.14E-08
-12,109500000,5.53E-06,179.999,-5.53E-06,0
-12,109525000,4.20E-06,172.2823,-4.16E-06,5.63E-07
-12,109550000,3.73E-06,173.8965,-3.70E-06,3.96E-07
-12,109575000,3.18E-06,-167.1088,-3.10E-06,-7.10E-07
-12,109600000,2.71E-06,-171.654,-2.68E-06,-3.93E-07
-12,109625000,1.62E-06,-155.9417,-1.48E-06,-6.59E-07
-12,109650000,5.81E-07,163.3289,-5.56E-07,1.67E-07
-12,109675000,9.42E-07,172.1825,-9.33E-07,1.28E-07
-12,109700000,3.00E-07,-158.908,-2.80E-07,-1.08E-07
-12,109725000,3.01E-07,35.39615,2.46E-07,1.74E-07
-12,109750000,1.79E-07,42.49942,1.32E-07,1.21E-07
-12,109775000,8.70E-07,-26.25359,7.81E-07,-3.85E-07
-12,109800000,9.12E-07,36.41634,7.34E-07,5.41E-07
-12,109825000,1.43E-06,-9.240124,1.41E-06,-2.29E-07
-12,109850000,2.06E-06,11.64595,2.02E-06,4.17E-07
-12,109875000,2.33E-06,9.307468,2.30E-06,3.77E-07
-12,109900000,2.37E-06,5.240098,2.36E-06,2.17E-07
-12,109925000,2.42E-06,-13.7801,2.35E-06,-5.77E-07
-12,109950000,2.26E-06,16.33883,2.17E-06,6.37E-07
-12,109975000,3.43E-06,20.76104,3.21E-06,1.22E-06
-12,110000000,3.97E-06,-6.21797,3.95E-06,-4.30E-07
-12,110025000,3.16E-06,1.293649,3.16E-06,7.13E-08
-12,110050000,3.55E-06,15.47162,3.42E-06,9.48E-07
-12,110075000,3.69E-06,1.158972,3.69E-06,7.46E-08
-12,110100000,3.19E-06,-2.310754,3.19E-06,-1.29E-07
-12,110125000,2.94E-06,-1.411891,2.94E-06,-7.24E-08
-12,110150000,3.52E-06,-1.150325,3.52E-06,-7.07E-08
-12,110175000,3.88E-06,-5.071776,3.87E-06,-3.43E-07
-12,110200000,4.42E-06,4.413471,4.41E-06,3.40E-07
-12,110225000,4.11E-06,1.390322,4.11E-06,9.98E-08
-12,110250000,4.06E-06,-6.134808,4.04E-06,-4.34E-07
-12,110275000,4.04E-06,-14.88533,3.90E-06,-1.04E-06
-12,110300000,3.99E-06,-6.751037,3.96E-06,-4.69E-07
-12,110325000,4.60E-06,-8.550018,4.55E-06,-6.84E-07
-12,110350000,4.50E-06,-5.431028,4.48E-06,-4.26E-07
-12,110375000,3.96E-06,-1.664567,3.96E-06,-1.15E-07
-12,110400000,4.01E-06,-5.77315,3.99E-06,-4.03E-07
-12,110425000,4.10E-06,2.065962,4.10E-06,1.48E-07
-12,110450000,3.78E-06,-11.51072,3.70E-06,-7.54E-07
-12,110475000,3.22E-06,1.155953,3.22E-06,6.50E-08
-12,110500000,4.45E-06,-4.138613,4.44E-06,-3.21E-07
-12,110525000,4.81E-06,-14.38489,4.66E-06,-1.19E-06
-12,110550000,3.91E-06,2.256304,3.91E-06,1.54E-07
-12,110575000,3.68E-06,11.4488,3.61E-06,7.31E-07
-12,110600000,4.14E-06,-4.461132,4.12E-06,-3.22E-07
-12,110625000,3.32E-06,-11.92599,3.25E-06,-6.86E-07
-12,110650000,4.03E-06,-3.356478,4.02E-06,-2.36E-07
-12,110675000,4.76E-06,3.742737,4.75E-06,3.11E-07
-12,110700000,3.68E-06,-1.820553,3.68E-06,-1.17E-07
-12,110725000,4.32E-06,-4.794308,4.30E-06,-3.61E-07
-12,110750000,3.57E-06,-2.977856,3.56E-06,-1.85E-07
-12,110775000,4.67E-06,-2.383317,4.67E-06,-1.94E-07
-12,110800000,3.69E-06,-5.260207,3.67E-06,-3.38E-07
-12,110825000,4.36E-06,-2.61303,4.35E-06,-1.99E-07
-12,110850000,3.46E-06,-8.266404,3.42E-06,-4.97E-07
-12,110875000,2.80E-06,1.977252,2.80E-06,9.67E-08
-12,110900000,4.49E-06,-7.565409,4.45E-06,-5.91E-07
-12,110925000,4.00E-06,-14.67435,3.87E-06,-1.01E-06
-12,110950000,4.01E-06,-5.557809,3.99E-06,-3.88E-07
-12,110975000,3.85E-06,17.51769,3.68E-06,1.16E-06
-12,111000000,3.40E-06,1.709551,3.40E-06,1.01E-07
-8,106000000,3.63E-07,-50.98184,2.29E-07,-2.82E-07
-8,106025000,3.22E-07,102.4228,-6.93E-08,3.15E-07
-8,106050000,3.05E-07,-51.46595,1.90E-07,-2.39E-07
-8,106075000,1.04E-06,53.80872,6.16E-07,8.42E-07
-8,106100000,1.05E-06,-116.6623,-4.69E-07,-9.34E-07
-8,106125000,1.08E-06,18.73489,1.02E-06,3.48E-07
-8,106150000,5.49E-07,-41.65643,4.10E-07,-3.65E-07
-8,106175000,6.77E-07,-3.273492,6.76E-07,-3.87E-08
-8,106200000,1.56E-06,3.938681,1.56E-06,1.07E-07
-8,106225000,1.41E-06,47.15857,9.61E-07,1.04E-06
-8,106250000,1.49E-06,36.77511,1.20E-06,8.95E-07
-8,106275000,1.14E-06,14.18478,1.11E-06,2.80E-07
-8,106300000,1.23E-06,3.314363,1.23E-06,7.13E-08
-8,106325000,2.18E-06,0.7705819,2.18E-06,2.94E-08
-8,106350000,2.43E-06,-1.682367,2.43E-06,-7.13E-08
-8,106375000,2.60E-06,-4.538203,2.60E-06,-2.06E-07
-8,106400000,1.46E-06,-4.496895,1.46E-06,-1.15E-07
-8,106425000,2.31E-06,21.75848,2.14E-06,8.56E-07
-8,106450000,3.61E-06,-12.91232,3.52E-06,-8.07E-07
-8,106475000,3.92E-06,-3.313352,3.91E-06,-2.26E-07
-8,106500000,3.64E-06,-1.901068,3.64E-06,-1.21E-07
-8,106525000,3.99E-06,-8.909748,3.94E-06,-6.18E-07
-8,106550000,4.33E-06,-0.9146157,4.33E-06,-6.91E-08
-8,106575000,4.60E-06,-8.142217,4.56E-06,-6.52E-07
-8,106600000,5.47E-06,0.9702816,5.47E-06,9.27E-08
-8,106625000,5.73E-06,-2.911439,5.72E-06,-2.91E-07
-8,106650000,5.10E-06,-2.268229,5.10E-06,-2.02E-07
-8,106675000,6.50E-06,-4.04844,6.48E-06,-4.59E-07
-8,106700000,7.03E-06,1.859383,7.03E-06,2.28E-07
-8,106725000,7.14E-06,-2.309272,7.14E-06,-2.88E-07
-8,106750000,7.31E-06,-2.053039,7.30E-06,-2.62E-07
-8,106775000,8.00E-06,-0.6682456,8.00E-06,-9.33E-08
-8,106800000,8.97E-06,-1.350031,8.97E-06,-2.11E-07
-8,106825000,9.62E-06,4.158045,9.59E-06,6.97E-07
-8,106850000,1.05E-05,2.069404,1.05E-05,3.79E-07
-8,106875000,1.07E-05,-3.507172,1.07E-05,-6.57E-07
-8,106900000,1.03E-05,-0.8853624,1.03E-05,-1.59E-07
-8,106925000,1.14E-05,-1.85021,1.14E-05,-3.67E-07
-8,106950000,1.17E-05,-1.850429,1.17E-05,-3.78E-07
-8,106975000,1.35E-05,-3.502689,1.35E-05,-8.24E-07
-8,107000000,1.37E-05,-4.71475,1.37E-05,-1.13E-06
-8,107025000,1.33E-05,-1.577319,1.33E-05,-3.67E-07
-8,107050000,1.47E-05,2.376996,1.47E-05,6.10E-07
-8,107075000,1.51E-05,-4.586398,1.50E-05,-1.21E-06
-8,107100000,1.61E-05,-3.261556,1.61E-05,-9.17E-07
-8,107125000,1.69E-05,-3.471314,1.69E-05,-1.02E-06
-8,107150000,1.89E-05,1.58475,1.89E-05,5.22E-07
-8,107175000,1.89E-05,-2.924799,1.89E-05,-9.63E-07
-8,107200000,2.01E-05,-2.694321,2.01E-05,-9.47E-07
-8,107225000,2.16E-05,0.5644506,2.16E-05,2.13E-07
-8,107250000,2.17E-05,0.09562519,2.17E-05,3.62E-08
-8,107275000,2.41E-05,-1.430627,2.41E-05,-6.01E-07
-8,107300000,2.29E-05,-0.3024741,2.29E-05,-1.21E-07
-8,107325000,2.31E-05,3.223997,2.31E-05,1.30E-06
-8,107350000,2.60E-05,0.02486449,2.60E-05,1.13E-08
-8,107375000,2.57E-05,-3.018646,2.57E-05,-1.35E-06
-8,107400000,2.79E-05,-0.3479134,2.79E-05,-1.70E-07
-8,107425000,2.83E-05,-0.6191157,2.83E-05,-3.06E-07
-8,107450000,2.86E-05,-0.6211805,2.86E-05,-3.10E-07
-8,107475000,3.02E-05,-3.137163,3.02E-05,-1.65E-06
-8,107500000,3.14E-05,0.006518857,3.14E-05,3.57E-09
-8,107525000,3.44E-05,0.7280847,3.44E-05,4.37E-07
-8,107550000,3.63E-05,0.3343246,3.63E-05,2.12E-07
-8,107575000,3.65E-05,-0.6538728,3.65E-05,-4.16E-07
-8,107600000,4.02E-05,-0.924021,4.02E-05,-6.49E-07
-8,107625000,4.20E-05,-2.102052,4.19E-05,-1.54E-06
-8,107650000,4.26E-05,-1.552904,4.26E-05,-1.15E-06
-8,107675000,4.34E-05,0.2653518,4.34E-05,2.01E-07
-8,107700000,4.42E-05,1.443147,4.42E-05,1.11E-06
-8,107725000,4.87E-05,1.708021,4.86E-05,1.45E-06
-8,107750000,4.98E-05,-0.592352,4.98E-05,-5.15E-07
-8,107775000,5.10E-05,-1.142518,5.10E-05,-1.02E-06
-8,107800000,5.23E-05,-1.212767,5.23E-05,-1.11E-06
-8,107825000,5.24E-05,1.218663,5.24E-05,1.12E-06
-8,107850000,5.65E-05,0.7072483,5.65E-05,6.97E-07
-8,107875000,5.59E-05,-0.9413629,5.59E-05,-9.18E-07
-8,107900000,5.80E-05,-1.012612,5.80E-05,-1.02E-06
-8,107925000,5.95E-05,-0.191289,5.95E-05,-1.99E-07
-8,107950000,6.02E-05,-1.336942,6.02E-05,-1.40E-06
-8,107975000,6.25E-05,-1.810408,6.25E-05,-1.98E-06
-8,108000000,6.42E-05,-0.904746,6.41E-05,-1.01E-06
-8,108025000,6.15E-05,-1.119858,6.15E-05,-1.20E-06
-8,108050000,5.72E-05,-1.936733,5.72E-05,-1.93E-06
-8,108075000,5.54E-05,1.406458,5.54E-05,1.36E-06
-8,108100000,5.02E-05,0.4579099,5.02E-05,4.01E-07
-8,108125000,4.84E-05,-2.020942,4.83E-05,-1.71E-06
-8,108150000,4.76E-05,-4.749692,4.74E-05,-3.94E-06
-8,108175000,4.28E-05,-2.405675,4.28E-05,-1.80E-06
-8,108200000,3.64E-05,-2.579885,3.64E-05,-1.64E-06
-8,108225000,2.71E-05,-2.87311,2.70E-05,-1.36E-06
-8,108250000,1.67E-05,1.128004,1.67E-05,3.28E-07
-8,108275000,7.67E-06,3.354989,7.66E-06,4.49E-07
-8,108300000,2.75E-06,175.9249,-2.74E-06,1.95E-07
-8,108325000,2.05E-05,-174.6453,-2.04E-05,-1.92E-06
-8,108350000,3.06E-05,-175.8846,-3.05E-05,-2.20E-06
-8,108375000,3.88E-05,-177.3999,-3.87E-05,-1.76E-06
-8,108400000,5.48E-05,179.4118,-5.48E-05,5.63E-07
-8,108425000,6.60E-05,-178.13,-6.60E-05,-2.16E-06
-8,108450000,7.24E-05,178.1703,-7.23E-05,2.31E-06
-8,108475000,8.45E-05,179.0047,-8.45E-05,1.47E-06
-8,108500000,9.23E-05,179.5749,-9.23E-05,6.85E-07
-8,108525000,9.76E-05,179.1058,-9.76E-05,1.52E-06
-8,108550000,0.000101427,179.7772,-0.000101427,3.94E-07
-8,108575000,0.000104165,179.2354,-0.000104156,1.39E-06
-8,108600000,0.000103745,-179.3709,-0.000103739,-1.14E-06
-8,108625000,0.000105328,178.615,-0.000105297,2.55E-06
-8,108650000,0.000105216,-179.8789,-0.000105216,-2.22E-07
-8,108675000,0.000102429,-179.6492,-0.000102427,-6.27E-07
-8,108700000,0.000100225,-179.707,-0.000100224,-5.13E-07
-8,108725000,9.49E-05,179.4498,-9.49E-05,9.11E-07
-8,108750000,9.04E-05,177.9849,-9.04E-05,3.18E-06
-8,108775000,8.73E-05,-179.7039,-8.73E-05,-4.51E-07
-8,108800000,8.21E-05,-179.9524,-8.21E-05,-6.81E-08
-8,108825000,7.89E-05,-179.8624,-7.89E-05,-1.89E-07
-8,108850000,7.33E-05,178.6233,-7.33E-05,1.76E-06
-8,108875000,6.68E-05,179.6741,-6.68E-05,3.80E-07
-8,108900000,6.63E-05,-179.8313,-6.63E-05,-1.95E-07
-8,108925000,5.87E-05,179.9456,-5.87E-05,5.57E-08
-8,108950000,5.55E-05,179.3299,-5.55E-05,6.49E-07
-8,108975000,5.13E-05,179.2487,-5.13E-05,6.72E-07
-8,109000000,5.00E-05,-179.1973,-5.00E-05,-7.00E-07
-8,109025000,4.41E-05,179.4218,-4.41E-05,4.45E-07
-8,109050000,4.06E-05,-179.0225,-4.06E-05,-6.92E-07
-8,109075000,3.95E-05,179.1361,-3.95E-05,5.95E-07
-8,109100000,3.48E-05,178.9461,-3.48E-05,6.41E-07
-8,109125000,3.24E-05,179.447,-3.24E-05,3.12E-07
-8,109150000,2.92E-05,179.3333,-2.92E-05,3.39E-07
-8,109175000,2.56E-05,-178.7434,-2.55E-05,-5.60E-07
-8,109200000,2.28E-05,-178.2867,-2.28E-05,-6.83E-07
-8,109225000,2.13E-05,-178.2554,-2.13E-05,-6.49E-07
-8,109250000,1.83E-05,-178.4729,-1.83E-05,-4.89E-07
-8,109275000,1.72E-05,179.4934,-1.72E-05,1.52E-07
-8,109300000,1.44E-05,179.1364,-1.44E-05,2.18E-07
-8,109325000,1.26E-05,179.2294,-1.26E-05,1.69E-07
-8,109350000,1.25E-05,176.9388,-1.25E-05,6.68E-07
-8,109375000,1.04E-05,-179.3615,-1.04E-05,-1.16E-07
-8,109400000,8.44E-06,-178.0316,-8.43E-06,-2.90E-07
-8,109425000,7.24E-06,-178.0167,-7.23E-06,-2.51E-07
-8,109450000,6.30E-06,179.4892,-6.30E-06,5.62E-08
-8,109475000,5.19E-06,176.7234,-5.18E-06,2.97E-07
-8,109500000,4.14E-06,-178.2254,-4.13E-06,-1.28E-07
-8,109525000,3.10E-06,173.7701,-3.08E-06,3.36E-07
-8,109550000,2.58E-06,173.3866,-2.57E-06,2.98E-07
-8,109575000,2.07E-06,173.1383,-2.05E-06,2.47E-07
-8,109600000,1.51E-06,-169.4819,-1.48E-06,-2.76E-07
-8,109625000,1.73E-06,-169.9597,-1.70E-06,-3.01E-07
-8,109650000,3.99E-07,155.3676,-3.63E-07,1.66E-07
-8,109675000,5.76E-07,-10.16037,5.67E-07,-1.02E-07
-8,109700000,1.10E-06,-7.221484,1.09E-06,-1.38E-07
-8,109725000,1.64E-06,1.675482,1.64E-06,4.81E-08
-8,109750000,1.95E-06,-1.523032,1.95E-06,-5.20E-08
-8,109775000,2.08E-06,2.232999,2.08E-06,8.12E-08
-8,109800000,2.25E-06,-8.370933,2.22E-06,-3.27E-07
-8,109825000,2.73E-06,12.59025,2.67E-06,5.96E-07
-8,109850000,3.53E-06,4.417637,3.52E-06,2.72E-07
-8,109875000,2.58E-06,-15.80344,2.48E-06,-7.03E-07
-8,109900000,3.98E-06,-3.800001,3.98E-06,-2.64E-07
-8,109925000,4.14E-06,-4.644795,4.12E-06,-3.35E-07
-8,109950000,4.56E-06,-16.99813,4.36E-06,-1.33E-06
-8,109975000,4.53E-06,-11.10261,4.45E-06,-8.73E-07
-8,110000000,3.67E-06,4.79342,3.65E-06,3.06E-07
-8,110025000,4.59E-06,-6.172454,4.56E-06,-4.93E-07
-8,110050000,5.23E-06,-3.997146,5.22E-06,-3.65E-07
-8,110075000,4.76E-06,-6.239704,4.73E-06,-5.18E-07
-8,110100000,5.78E-06,-1.927992,5.78E-06,-1.94E-07
-8,110125000,4.87E-06,-6.791253,4.84E-06,-5.76E-07
-8,110150000,5.21E-06,-0.8439931,5.21E-06,-7.67E-08
-8,110175000,5.19E-06,2.927285,5.18E-06,2.65E-07
-8,110200000,5.13E-06,2.425583,5.13E-06,2.17E-07
-8,110225000,5.50E-06,-5.600935,5.47E-06,-5.36E-07
-8,110250000,5.44E-06,0.7847341,5.44E-06,7.46E-08
-8,110275000,5.58E-06,1.749232,5.58E-06,1.70E-07
-8,110300000,5.10E-06,6.70757,5.06E-06,5.95E-07
-8,110325000,4.52E-06,-1.991649,4.52E-06,-1.57E-07
-8,110350000,5.21E-06,2.627442,5.20E-06,2.39E-07
-8,110375000,5.07E-06,-9.216724,5.00E-06,-8.11E-07
-8,110400000,5.24E-06,-5.010932,5.22E-06,-4.58E-07
-8,110425000,5.01E-06,-6.07656,4.99E-06,-5.31E-07
-8,110450000,5.00E-06,-7.046101,4.96E-06,-6.13E-07
-8,110475000,5.52E-06,2.141599,5.52E-06,2.06E-07
-8,110500000,5.13E-06,6.398287,5.09E-06,5.71E-07
-8,110525000,5.32E-06,-1.560298,5.32E-06,-1.45E-07
-8,110550000,5.37E-06,-5.77707,5.35E-06,-5.41E-07
-8,110575000,4.75E-06,-4.352561,4.74E-06,-3.61E-07
-8,110600000,5.70E-06,-1.409077,5.70E-06,-1.40E-07
-8,110625000,5.31E-06,-1.282229,5.31E-06,-1.19E-07
-8,110650000,5.39E-06,7.217004,5.35E-06,6.77E-07
-8,110675000,4.84E-06,-1.511667,4.84E-06,-1.28E-07
-8,110700000,5.27E-06,7.055333,5.23E-06,6.47E-07
-8,110725000,3.86E-06,4.512099,3.85E-06,3.04E-07
-8,110750000,5.08E-06,9.45056,5.01E-06,8.34E-07
-8,110775000,4.42E-06,7.856088,4.38E-06,6.04E-07
-8,110800000,5.40E-06,-4.409769,5.38E-06,-4.15E-07
-8,110825000,4.55E-06,0.8631434,4.55E-06,6.86E-08
-8,110850000,5.47E-06,-1.103606,5.47E-06,-1.05E-07
-8,110875000,3.95E-06,-0.2217515,3.95E-06,-1.53E-08
-8,110900000,4.19E-06,-9.240206,4.14E-06,-6.73E-07
-8,110925000,4.16E-06,-8.025148,4.11E-06,-5.80E-07
-8,110950000,4.63E-06,9.673047,4.57E-06,7.79E-07
-8,110975000,4.14E-06,-6.746515,4.11E-06,-4.86E-07
-8,111000000,3.44E-06,-6.53541,3.42E-06,-3.91E-07
-4,106000000,8.87E-07,5.230837,8.83E-07,8.08E-08
-4,106025000,1.68E-06,2.146804,1.68E-06,6.30E-08
-4,106050000,1.25E-06,6.779123,1.24E-06,1.48E-07
-4,106075000,2.36E-06,15.06779,2.28E-06,6.13E-07
-4,106100000,2.13E-06,7.549823,2.11E-06,2.80E-07
-4,106125000,2.17E-06,-5.238487,2.16E-06,-1.98E-07
-4,106150000,2.13E-06,0.9090012,2.13E-06,3.38E-08
-4,106175000,1.97E-06,-2.163934,1.97E-06,-7.43E-08
-4,106200000,2.77E-06,5.866846,2.75E-06,2.83E-07
-4,106225000,3.01E-06,4.891404,3.00E-06,2.57E-07
-4,106250000,2.91E-06,-0.8242398,2.91E-06,-4.18E-08
-4,106275000,3.44E-06,-6.416442,3.42E-06,-3.85E-07
-4,106300000,3.20E-06,2.45793,3.19E-06,1.37E-07
-4,106325000,4.35E-06,-5.863185,4.32E-06,-4.44E-07
-4,106350000,4.42E-06,0.3552544,4.42E-06,2.74E-08
-4,106375000,5.27E-06,4.895625,5.25E-06,4.50E-07
-4,106400000,4.04E-06,2.533199,4.03E-06,1.78E-07
-4,106425000,4.73E-06,3.000286,4.72E-06,2.48E-07
-4,106450000,4.51E-06,-1.136296,4.51E-06,-8.95E-08
-4,106475000,5.74E-06,-4.688126,5.72E-06,-4.69E-07
-4,106500000,5.49E-06,-8.25441,5.43E-06,-7.88E-07
-4,106525000,6.65E-06,-2.826786,6.64E-06,-3.28E-07
-4,106550000,5.85E-06,-0.2829087,5.85E-06,-2.89E-08
-4,106575000,6.94E-06,-3.630968,6.92E-06,-4.39E-07
-4,106600000,7.10E-06,5.356435,7.07E-06,6.63E-07
-4,106625000,7.08E-06,-4.411736,7.06E-06,-5.45E-07
-4,106650000,7.89E-06,-2.096636,7.88E-06,-2.88E-07
-4,106675000,9.38E-06,3.933429,9.36E-06,6.44E-07
-4,106700000,9.42E-06,-0.8906145,9.41E-06,-1.46E-07
-4,106725000,1.16E-05,4.309995,1.15E-05,8.69E-07
-4,106750000,1.09E-05,1.297691,1.09E-05,2.46E-07
-4,106775000,1.07E-05,-1.771472,1.07E-05,-3.30E-07
-4,106800000,1.20E-05,4.670306,1.20E-05,9.78E-07
-4,106825000,1.20E-05,-2.379117,1.20E-05,-4.99E-07
-4,106850000,1.21E-05,-0.2836259,1.21E-05,-6.01E-08
-4,106875000,1.28E-05,2.507408,1.28E-05,5.60E-07
-4,106900000,1.40E-05,4.650181,1.40E-05,1.14E-06
-4,106925000,1.59E-05,0.9745336,1.59E-05,2.71E-07
-4,106950000,1.53E-05,2.696971,1.53E-05,7.22E-07
-4,106975000,1.60E-05,1.320746,1.60E-05,3.68E-07
-4,107000000,1.81E-05,1.864147,1.80E-05,5.87E-07
-4,107025000,1.69E-05,-0.2883529,1.69E-05,-8.49E-08
-4,107050000,1.78E-05,-0.8132264,1.78E-05,-2.52E-07
-4,107075000,2.01E-05,-3.990111,2.00E-05,-1.40E-06
-4,107100000,2.10E-05,1.302001,2.10E-05,4.77E-07
-4,107125000,2.16E-05,1.551651,2.16E-05,5.84E-07
-4,107150000,2.26E-05,-1.23784,2.26E-05,-4.89E-07
-4,107175000,2.42E-05,0.09442993,2.42E-05,3.99E-08
-4,107200000,2.54E-05,-0.9771698,2.54E-05,-4.33E-07
-4,107225000,2.51E-05,0.2877172,2.51E-05,1.26E-07
-4,107250000,2.58E-05,-0.4387171,2.58E-05,-1.97E-07
-4,107275000,2.72E-05,-1.979608,2.71E-05,-9.38E-07
-4,107300000,2.92E-05,-3.248211,2.92E-05,-1.66E-06
-4,107325000,3.02E-05,-0.03638894,3.02E-05,-1.92E-08
-4,107350000,3.18E-05,-2.440806,3.18E-05,-1.35E-06
-4,107375000,3.29E-05,-1.975491,3.29E-05,-1.14E-06
-4,107400000,3.45E-05,0.8728869,3.45E-05,5.25E-07
-4,107425000,3.61E-05,-1.106036,3.61E-05,-6.97E-07
-4,107450000,3.67E-05,-0.4632423,3.67E-05,-2.96E-07
-4,107475000,3.89E-05,-0.8310089,3.89E-05,-5.65E-07
-4,107500000,4.08E-05,0.304675,4.08E-05,2.17E-07
-4,107525000,4.12E-05,-2.022877,4.12E-05,-1.45E-06
-4,107550000,4.21E-05,1.51944,4.21E-05,1.12E-06
-4,107575000,4.46E-05,-1.77476,4.46E-05,-1.38E-06
-4,107600000,4.54E-05,-1.10584,4.54E-05,-8.77E-07
-4,107625000,4.65E-05,-0.3859627,4.65E-05,-3.13E-07
-4,107650000,4.86E-05,-0.3759634,4.86E-05,-3.19E-07
-4,107675000,5.27E-05,-0.7953997,5.27E-05,-7.31E-07
-4,107700000,5.37E-05,-1.531861,5.37E-05,-1.44E-06
-4,107725000,5.50E-05,-1.353743,5.50E-05,-1.30E-06
-4,107750000,5.73E-05,-1.194778,5.73E-05,-1.19E-06
-4,107775000,5.83E-05,-3.479488,5.82E-05,-3.54E-06
-4,107800000,5.91E-05,-1.949708,5.91E-05,-2.01E-06
-4,107825000,6.34E-05,-0.05830879,6.34E-05,-6.45E-08
-4,107850000,6.40E-05,-1.754038,6.39E-05,-1.96E-06
-4,107875000,6.49E-05,-0.3205347,6.49E-05,-3.63E-07
-4,107900000,6.66E-05,-1.384298,6.66E-05,-1.61E-06
-4,107925000,6.74E-05,-1.639051,6.74E-05,-1.93E-06
-4,107950000,6.98E-05,-0.2909934,6.98E-05,-3.54E-07
-4,107975000,6.71E-05,-1.081333,6.71E-05,-1.27E-06
-4,108000000,6.81E-05,-0.9206091,6.81E-05,-1.09E-06
-4,108025000,6.64E-05,-0.4843699,6.64E-05,-5.61E-07
-4,108050000,6.46E-05,-2.426974,6.45E-05,-2.73E-06
-4,108075000,6.17E-05,-1.366027,6.17E-05,-1.47E-06
-4,108100000,5.71E-05,-0.5339923,5.71E-05,-5.32E-07
-4,108125000,5.28E-05,-1.964401,5.28E-05,-1.81E-06
-4,108150000,4.68E-05,-3.5267,4.67E-05,-2.88E-06
-4,108175000,4.01E-05,0.6577575,4.01E-05,4.60E-07
-4,108200000,2.98E-05,-5.382061,2.97E-05,-2.80E-06
-4,108225000,1.98E-05,0.2528836,1.98E-05,8.75E-08
-4,108250000,6.98E-06,-18.51889,6.62E-06,-2.22E-06
-4,108275000,6.87E-06,-171.6395,-6.80E-06,-9.99E-07
-4,108300000,2.09E-05,-178.8622,-2.09E-05,-4.15E-07
-4,108325000,3.61E-05,176.2945,-3.60E-05,2.33E-06
-4,108350000,4.87E-05,179.0173,-4.87E-05,8.35E-07
-4,108375000,6.61E-05,179.433,-6.60E-05,6.54E-07
-4,108400000,7.56E-05,179.8745,-7.56E-05,1.66E-07
-4,108425000,9.24E-05,177.9568,-9.24E-05,3.29E-06
-4,108450000,0.000104159,179.6565,-0.000104157,6.24E-07
-4,108475000,0.000115907,-178.89,-0.000115886,-2.25E-06
-4,108500000,0.000122879,178.8174,-0.000122852,2.54E-06
-4,108525000,0.000127865,179.5934,-0.000127862,9.07E-07
-4,108550000,0.000130196,-179.9789,-0.000130196,-4.77E-08
-4,108575000,0.000133383,-179.5132,-0.000133378,-1.13E-06
-4,108600000,0.000136637,-179.5565,-0.000136633,-1.06E-06
-4,108625000,0.000134932,179.4522,-0.000134926,1.29E-06
-4,108650000,0.00013442,179.9847,-0.00013442,3.57E-08
-4,108675000,0.000129198,179.3693,-0.00012919,1.42E-06
-4,108700000,0.000123679,178.9417,-0.000123658,2.28E-06
-4,108725000,0.000121355,179.7086,-0.000121354,6.17E-07
-4,108750000,0.000114489,179.2496,-0.000114479,1.50E-06
-4,108775000,0.000112589,178.8853,-0.000112568,2.19E-06
-4,108800000,0.00010211,178.8046,-0.000102087,2.13E-06
-4,108825000,9.73E-05,179.9601,-9.73E-05,6.77E-08
-4,108850000,9.14E-05,177.7251,-9.13E-05,3.63E-06
-4,108875000,8.29E-05,177.5405,-8.29E-05,3.56E-06
-4,108900000,8.13E-05,177.5212,-8.12E-05,3.52E-06
-4,108925000,7.44E-05,179.1416,-7.44E-05,1.11E-06
-4,108950000,6.88E-05,179.0615,-6.88E-05,1.13E-06
-4,108975000,6.21E-05,178.964,-6.21E-05,1.12E-06
-4,109000000,5.83E-05,179.2709,-5.83E-05,7.41E-07
-4,109025000,5.32E-05,179.1652,-5.32E-05,7.74E-07
-4,109050000,4.83E-05,179.2757,-4.83E-05,6.11E-07
-4,109075000,4.19E-05,179.9564,-4.19E-05,3.19E-08
-4,109100000,3.98E-05,-179.3442,-3.98E-05,-4.56E-07
-4,109125000,3.70E-05,-179.8996,-3.70E-05,-6.48E-08
-4,109150000,3.42E-05,-179.7824,-3.42E-05,-1.30E-07
-4,109175000,2.92E-05,-179.8935,-2.92E-05,-5.43E-08
-4,109200000,2.91E-05,-178.874,-2.91E-05,-5.71E-07
-4,109225000,2.32E-05,-179.6386,-2.32E-05,-1.46E-07
-4,109250000,2.03E-05,-179.5505,-2.03E-05,-1.59E-07
-4,109275000,1.97E-05,176.9382,-1.97E-05,1.05E-06
-4,109300000,1.72E-05,-179.0267,-1.72E-05,-2.91E-07
-4,109325000,1.49E-05,-175.6677,-1.49E-05,-1.13E-06
-4,109350000,1.32E-05,-175.874,-1.31E-05,-9.48E-07
-4,109375000,1.24E-05,-176.607,-1.24E-05,-7.33E-07
-4,109400000,8.89E-06,-176.2286,-8.88E-06,-5.85E-07
-4,109425000,8.60E-06,-177.3773,-8.59E-06,-3.93E-07
-4,109450000,6.48E-06,175.021,-6.46E-06,5.63E-07
-4,109475000,4.40E-06,-173.9259,-4.37E-06,-4.65E-07
-4,109500000,3.47E-06,179.9149,-3.47E-06,5.16E-09
-4,109525000,3.97E-06,171.0748,-3.93E-06,6.16E-07
-4,109550000,3.26E-06,-165.249,-3.15E-06,-8.29E-07
-4,109575000,1.99E-06,-177.1632,-1.99E-06,-9.84E-08
-4,109600000,4.53E-07,-134.4852,-3.17E-07,-3.23E-07
-4,109625000,9.03E-07,64.94506,3.82E-07,8.18E-07
-4,109650000,1.85E-06,-1.431508,1.85E-06,-4.63E-08
-4,109675000,1.55E-06,-11.15849,1.53E-06,-3.01E-07
-4,109700000,2.59E-06,-2.145711,2.59E-06,-9.70E-08
-4,109725000,2.78E-06,1.76863,2.78E-06,8.57E-08
-4,109750000,3.69E-06,-7.295168,3.66E-06,-4.69E-07
-4,109775000,4.82E-06,-5.687911,4.80E-06,-4.78E-07
-4,109800000,4.07E-06,-6.735642,4.04E-06,-4.77E-07
-4,109825000,4.43E-06,11.92736,4.34E-06,9.16E-07
-4,109850000,4.25E-06,9.690969,4.19E-06,7.16E-07
-4,109875000,5.93E-06,0.250288,5.93E-06,2.59E-08
-4,109900000,6.16E-06,1.69003,6.16E-06,1.82E-07
-4,109925000,5.19E-06,-1.441835,5.19E-06,-1.31E-07
-4,109950000,6.27E-06,1.470549,6.27E-06,1.61E-07
-4,109975000,6.28E-06,5.433227,6.25E-06,5.95E-07
-4,110000000,5.67E-06,-2.011853,5.66E-06,-1.99E-07
-4,110025000,6.37E-06,-9.197682,6.29E-06,-1.02E-06
-4,110050000,6.53E-06,5.904576,6.50E-06,6.72E-07
-4,110075000,7.15E-06,1.287489,7.15E-06,1.61E-07
-4,110100000,7.14E-06,-1.880433,7.14E-06,-2.34E-07
-4,110125000,7.12E-06,8.049867,7.05E-06,9.97E-07
-4,110150000,7.43E-06,2.678011,7.42E-06,3.47E-07
-4,110175000,6.65E-06,4.079914,6.63E-06,4.73E-07
-4,110200000,7.01E-06,-1.429937,7.01E-06,-1.75E-07
-4,110225000,7.25E-06,0.5299135,7.25E-06,6.71E-08
-4,110250000,7.09E-06,-8.663706,7.01E-06,-1.07E-06
-4,110275000,6.48E-06,-0.3333701,6.48E-06,-3.77E-08
-4,110300000,7.10E-06,3.600321,7.09E-06,4.46E-07
-4,110325000,6.69E-06,3.920295,6.67E-06,4.57E-07
-4,110350000,7.49E-06,0.1294347,7.49E-06,1.69E-08
-4,110375000,6.65E-06,4.45034,6.63E-06,5.16E-07
-4,110400000,6.97E-06,-4.793864,6.95E-06,-5.83E-07
-4,110425000,7.19E-06,0.1464557,7.19E-06,1.84E-08
-4,110450000,7.26E-06,1.070562,7.26E-06,1.36E-07
-4,110475000,6.80E-06,-0.2440247,6.80E-06,-2.90E-08
-4,110500000,6.58E-06,0.318426,6.58E-06,3.66E-08
-4,110525000,7.12E-06,0.9840313,7.12E-06,1.22E-07
-4,110550000,6.64E-06,5.465124,6.61E-06,6.32E-07
-4,110575000,6.86E-06,-2.02983,6.85E-06,-2.43E-07
-4,110600000,7.95E-06,-2.32007,7.94E-06,-3.22E-07
-4,110625000,6.52E-06,-2.621363,6.51E-06,-2.98E-07
-4,110650000,6.48E-06,-0.1485455,6.48E-06,-1.68E-08
-4,110675000,6.26E-06,-0.04295113,6.26E-06,-4.69E-09
-4,110700000,6.09E-06,-2.726341,6.09E-06,-2.90E-07
-4,110725000,6.31E-06,-2.649679,6.31E-06,-2.92E-07
-4,110750000,6.75E-06,-8.437996,6.67E-06,-9.90E-07
-4,110775000,6.06E-06,-14.43477,5.86E-06,-1.51E-06
-4,110800000,6.13E-06,-3.724487,6.12E-06,-3.98E-07
-4,110825000,6.22E-06,-0.1589275,6.22E-06,-1.73E-08
-4,110850000,5.30E-06,-1.895344,5.30E-06,-1.75E-07
-4,110875000,5.17E-06,-9.765293,5.10E-06,-8.78E-07
-4,110900000,5.02E-06,-11.9257,4.91E-06,-1.04E-06
-4,110925000,5.16E-06,-3.734431,5.15E-06,-3.36E-07
-4,110950000,5.02E-06,7.273134,4.98E-06,6.36E-07
-4,110975000,5.01E-06,1.053296,5.01E-06,9.21E-08
-4,111000000,5.36E-06,-8.230805,5.30E-06,-7.67E-07
0,106000000,2.48E-06,8.011774,2.45E-06,3.45E-07
0,106025000,3.13E-06,7.865186,3.10E-06,4.29E-07
0,106050000,2.64E-06,10.06442,2.60E-06,4.61E-07
0,106075000,3.29E-06,0.9289727,3.29E-06,5.33E-08
0,106100000,3.32E-06,-5.240672,3.31E-06,-3.04E-07
0,106125000,2.75E-06,-15.83825,2.64E-06,-7.50E-07
0,106150000,3.62E-06,3.723749,3.61E-06,2.35E-07
0,106175000,3.17E-06,-9.396288,3.13E-06,-5.17E-07
0,106200000,3.64E-06,7.644339,3.61E-06,4.84E-07
0,106225000,4.46E-06,2.316082,4.46E-06,1.80E-07
0,106250000,4.87E-06,1.469416,4.87E-06,1.25E-07
0,106275000,5.13E-06,-8.189018,5.07E-06,-7.30E-07
0,106300000,6.20E-06,-0.3926562,6.20E-06,-4.25E-08
0,106325000,6.13E-06,-0.1402398,6.13E-06,-1.50E-08
0,106350000,5.25E-06,-1.63084,5.25E-06,-1.50E-07
0,106375000,5.94E-06,-8.322575,5.87E-06,-8.59E-07
0,106400000,6.68E-06,-6.548428,6.63E-06,-7.61E-07
0,106425000,6.99E-06,-0.06285413,6.99E-06,-7.67E-09
0,106450000,6.87E-06,-1.000655,6.87E-06,-1.20E-07
0,106475000,7.40E-06,-1.903998,7.39E-06,-2.46E-07
0,106500000,8.29E-06,2.665348,8.28E-06,3.86E-07
0,106525000,8.92E-06,-0.2666121,8.92E-06,-4.15E-08
0,106550000,9.35E-06,-4.52317,9.32E-06,-7.35E-07
0,106575000,1.09E-05,-0.2420369,1.09E-05,-4.62E-08
0,106600000,1.03E-05,0.9142672,1.03E-05,1.64E-07
0,106625000,1.13E-05,-2.753375,1.13E-05,-5.44E-07
0,106650000,1.11E-05,-1.506469,1.11E-05,-2.91E-07
0,106675000,1.20E-05,0.7847205,1.20E-05,1.64E-07
0,106700000,1.22E-05,-0.4273789,1.22E-05,-9.10E-08
0,106725000,1.35E-05,0.6875199,1.35E-05,1.62E-07
0,106750000,1.34E-05,-1.553099,1.34E-05,-3.62E-07
0,106775000,1.48E-05,0.4510284,1.48E-05,1.17E-07
0,106800000,1.57E-05,1.311983,1.57E-05,3.60E-07
0,106825000,1.57E-05,-3.504519,1.57E-05,-9.60E-07
0,106850000,1.71E-05,0.3581811,1.71E-05,1.07E-07
0,106875000,1.61E-05,-0.667648,1.61E-05,-1.88E-07
0,106900000,1.89E-05,-1.803703,1.89E-05,-5.96E-07
0,106925000,1.87E-05,-0.8809191,1.87E-05,-2.87E-07
0,106950000,2.03E-05,-0.7334394,2.03E-05,-2.60E-07
0,106975000,2.13E-05,0.3637646,2.13E-05,1.35E-07
0,107000000,2.14E-05,-1.427536,2.14E-05,-5.33E-07
0,107025000,2.35E-05,-3.388607,2.34E-05,-1.39E-06
0,107050000,2.44E-05,0.7333815,2.44E-05,3.12E-07
0,107075000,2.60E-05,-0.7004601,2.60E-05,-3.18E-07
0,107100000,2.61E-05,-1.631516,2.61E-05,-7.43E-07
0,107125000,2.85E-05,-0.3559681,2.85E-05,-1.77E-07
0,107150000,2.90E-05,-0.545357,2.90E-05,-2.76E-07
0,107175000,3.05E-05,1.471671,3.05E-05,7.83E-07
0,107200000,3.13E-05,0.4910858,3.13E-05,2.69E-07
0,107225000,3.30E-05,0.006314003,3.30E-05,3.64E-09
0,107250000,3.45E-05,-0.3282342,3.45E-05,-1.97E-07
0,107275000,3.52E-05,-1.596214,3.52E-05,-9.81E-07
0,107300000,3.70E-05,0.2227556,3.70E-05,1.44E-07
0,107325000,3.89E-05,-0.4904081,3.89E-05,-3.33E-07
0,107350000,3.97E-05,-1.329731,3.97E-05,-9.22E-07
0,107375000,4.08E-05,-0.8373538,4.08E-05,-5.97E-07
0,107400000,4.27E-05,0.338044,4.27E-05,2.52E-07
0,107425000,4.48E-05,-0.843713,4.48E-05,-6.59E-07
0,107450000,4.58E-05,0.1699445,4.58E-05,1.36E-07
0,107475000,4.88E-05,-0.7656373,4.88E-05,-6.52E-07
0,107500000,4.89E-05,0.7572374,4.89E-05,6.47E-07
0,107525000,5.10E-05,0.2178943,5.10E-05,1.94E-07
0,107550000,5.44E-05,-2.107051,5.44E-05,-2.00E-06
0,107575000,5.59E-05,-0.1876936,5.59E-05,-1.83E-07
0,107600000,5.71E-05,0.04859869,5.71E-05,4.85E-08
0,107625000,5.97E-05,-1.051123,5.97E-05,-1.10E-06
0,107650000,6.06E-05,0.1770644,6.06E-05,1.87E-07
0,107675000,6.14E-05,0.2420967,6.14E-05,2.60E-07
0,107700000,6.38E-05,0.794474,6.38E-05,8.85E-07
0,107725000,6.58E-05,0.1950161,6.58E-05,2.24E-07
0,107750000,7.01E-05,-0.2904325,7.01E-05,-3.55E-07
0,107775000,7.13E-05,0.6971497,7.13E-05,8.67E-07
0,107800000,7.37E-05,0.1767893,7.37E-05,2.27E-07
0,107825000,7.38E-05,-1.564967,7.38E-05,-2.02E-06
0,107850000,7.99E-05,-1.037818,7.99E-05,-1.45E-06
0,107875000,7.82E-05,-1.607297,7.82E-05,-2.19E-06
0,107900000,7.97E-05,-1.185278,7.97E-05,-1.65E-06
0,107925000,7.86E-05,-0.5766321,7.86E-05,-7.91E-07
0,107950000,7.89E-05,0.2365353,7.89E-05,3.26E-07
0,107975000,7.85E-05,-0.9716514,7.85E-05,-1.33E-06
0,108000000,7.96E-05,-0.1446415,7.96E-05,-2.01E-07
0,108025000,7.67E-05,-0.7140264,7.67E-05,-9.56E-07
0,108050000,7.48E-05,-1.911409,7.48E-05,-2.50E-06
0,108075000,7.08E-05,0.5294699,7.08E-05,6.55E-07
0,108100000,6.64E-05,1.255838,6.64E-05,1.46E-06
0,108125000,5.66E-05,-2.475575,5.65E-05,-2.44E-06
0,108150000,4.70E-05,-0.01167221,4.70E-05,-9.59E-09
0,108175000,3.65E-05,-0.2867817,3.65E-05,-1.83E-07
0,108200000,2.71E-05,-2.438136,2.70E-05,-1.15E-06
0,108225000,1.14E-05,-20.34011,1.06E-05,-3.95E-06
0,108250000,7.85E-06,-179.902,-7.85E-06,-1.34E-08
0,108275000,2.22E-05,178.5089,-2.22E-05,5.79E-07
0,108300000,4.26E-05,179.8697,-4.26E-05,9.69E-08
0,108325000,6.04E-05,179.7663,-6.04E-05,2.46E-07
0,108350000,8.07E-05,-179.1139,-8.07E-05,-1.25E-06
0,108375000,9.55E-05,178.1195,-9.54E-05,3.13E-06
0,108400000,0.000113819,179.9045,-0.000113819,1.90E-07
0,108425000,0.000127196,179.1035,-0.000127181,1.99E-06
0,108450000,0.000141863,178.7182,-0.000141827,3.17E-06
0,108475000,0.000153035,178.9038,-0.000153007,2.93E-06
0,108500000,0.000162347,179.5368,-0.000162341,1.31E-06
0,108525000,0.000170127,179.6039,-0.000170123,1.18E-06
0,108550000,0.000175253,179.4068,-0.000175243,1.81E-06
0,108575000,0.000175811,-179.7932,-0.00017581,-6.34E-07
0,108600000,0.000177071,179.5114,-0.000177065,1.51E-06
0,108625000,0.000172264,179.6084,-0.00017226,1.18E-06
0,108650000,0.000170381,178.5635,-0.000170328,4.27E-06
0,108675000,0.000163281,179.1662,-0.000163264,2.38E-06
0,108700000,0.000156911,179.3421,-0.0001569,1.80E-06
0,108725000,0.000148951,179.3506,-0.000148942,1.69E-06
0,108750000,0.000143455,179.2218,-0.000143442,1.95E-06
0,108775000,0.000139416,179.9563,-0.000139416,1.06E-07
0,108800000,0.000127335,177.8038,-0.000127242,4.88E-06
0,108825000,0.000118556,179.3055,-0.000118547,1.44E-06
0,108850000,0.000112317,179.3589,-0.00011231,1.26E-06
0,108875000,0.000105194,-179.596,-0.000105191,-7.42E-07
0,108900000,9.82E-05,178.8645,-9.82E-05,1.95E-06
0,108925000,9.04E-05,178.0935,-9.03E-05,3.01E-06
0,108950000,8.26E-05,179.8,-8.26E-05,2.88E-07
0,108975000,7.32E-05,179.1059,-7.32E-05,1.14E-06
0,109000000,7.00E-05,179.5383,-7.00E-05,5.64E-07
0,109025000,6.53E-05,-179.5069,-6.53E-05,-5.62E-07
0,109050000,5.72E-05,179.0373,-5.72E-05,9.60E-07
0,109075000,5.24E-05,177.6806,-5.23E-05,2.12E-06
0,109100000,4.75E-05,-179.4645,-4.75E-05,-4.44E-07
0,109125000,4.12E-05,179.7996,-4.12E-05,1.44E-07
0,109150000,3.90E-05,179.1972,-3.90E-05,5.46E-07
0,109175000,3.47E-05,-179.4731,-3.47E-05,-3.19E-07
0,109200000,3.10E-05,177.809,-3.09E-05,1.18E-06
0,109225000,2.70E-05,175.2912,-2.69E-05,2.22E-06
0,109250000,2.53E-05,-179.7066,-2.53E-05,-1.29E-07
0,109275000,2.21E-05,178.7889,-2.21E-05,4.67E-07
0,109300000,1.98E-05,-175.275,-1.97E-05,-1.63E-06
0,109325000,1.83E-05,-179.3382,-1.83E-05,-2.11E-07
0,109350000,1.42E-05,179.5104,-1.42E-05,1.22E-07
0,109375000,1.16E-05,178.0732,-1.16E-05,3.90E-07
0,109400000,9.90E-06,178.1276,-9.90E-06,3.24E-07
0,109425000,7.43E-06,176.868,-7.42E-06,4.06E-07
0,109450000,6.93E-06,179.0322,-6.93E-06,1.17E-07
0,109475000,5.34E-06,174.7223,-5.32E-06,4.91E-07
0,109500000,3.77E-06,-172.944,-3.74E-06,-4.63E-07
0,109525000,2.09E-06,173.9105,-2.08E-06,2.21E-07
0,109550000,5.31E-07,147.6419,-4.48E-07,2.84E-07
0,109575000,7.07E-07,-50.39684,4.51E-07,-5.45E-07
0,109600000,1.83E-06,15.13758,1.77E-06,4.79E-07
0,109625000,1.99E-06,-10.81865,1.96E-06,-3.74E-07
0,109650000,3.12E-06,-5.846246,3.10E-06,-3.18E-07
0,109675000,3.69E-06,0.08730598,3.69E-06,5.62E-09
0,109700000,4.04E-06,0.6504389,4.04E-06,4.58E-08
0,109725000,5.19E-06,-0.8635122,5.19E-06,-7.83E-08
0,109750000,5.93E-06,-1.641577,5.93E-06,-1.70E-07
0,109775000,6.07E-06,-7.499118,6.02E-06,-7.93E-07
0,109800000,6.30E-06,5.277266,6.27E-06,5.79E-07
0,109825000,7.32E-06,-4.913943,7.30E-06,-6.27E-07
0,109850000,6.77E-06,3.518736,6.76E-06,4.16E-07
0,109875000,7.84E-06,-4.274984,7.82E-06,-5.85E-07
0,109900000,8.14E-06,-5.890253,8.10E-06,-8.35E-07
0,109925000,8.74E-06,-4.926648,8.70E-06,-7.50E-07
0,109950000,8.99E-06,-3.907133,8.96E-06,-6.12E-07
0,109975000,9.08E-06,-1.05421,9.08E-06,-1.67E-07
0,110000000,8.84E-06,0.6787706,8.84E-06,1.05E-07
0,110025000,8.55E-06,-8.159286,8.47E-06,-1.21E-06
0,110050000,1.00E-05,-3.937329,1.00E-05,-6.88E-07
0,110075000,8.78E-06,0.1454313,8.78E-06,2.23E-08
0,110100000,9.41E-06,1.901252,9.41E-06,3.12E-07
0,110125000,8.82E-06,-5.251436,8.78E-06,-8.07E-07
0,110150000,9.77E-06,-1.198901,9.77E-06,-2.04E-07
0,110175000,9.81E-06,1.996868,9.80E-06,3.42E-07
0,110200000,9.78E-06,-0.4301109,9.78E-06,-7.34E-08
0,110225000,9.31E-06,-0.6198673,9.31E-06,-1.01E-07
0,110250000,9.95E-06,4.011196,9.92E-06,6.96E-07
0,110275000,9.46E-06,0.6957163,9.46E-06,1.15E-07
0,110300000,9.71E-06,6.622793,9.65E-06,1.12E-06
0,110325000,1.00E-05,-1.356512,1.00E-05,-2.38E-07
0,110350000,9.76E-06,-4.34,9.73E-06,-7.38E-07
0,110375000,9.02E-06,-3.660829,9.00E-06,-5.76E-07
0,110400000,9.23E-06,-2.798591,9.22E-06,-4.51E-07
0,110425000,9.61E-06,1.508361,9.60E-06,2.53E-07
0,110450000,9.04E-06,2.770983,9.03E-06,4.37E-07
0,110475000,9.51E-06,-0.1214572,9.51E-06,-2.02E-08
0,110500000,8.75E-06,3.777489,8.73E-06,5.76E-07
0,110525000,7.86E-06,-0.740051,7.86E-06,-1.01E-07
0,110550000,8.88E-06,5.365615,8.84E-06,8.30E-07
0,110575000,9.05E-06,1.580249,9.05E-06,2.50E-07
0,110600000,9.01E-06,0.9307898,9.00E-06,1.46E-07
0,110625000,8.93E-06,2.345137,8.92E-06,3.65E-07
0,110650000,9.58E-06,-3.805424,9.56E-06,-6.36E-07
0,110675000,9.39E-06,-2.408678,9.39E-06,-3.95E-07
0,110700000,8.76E-06,0.1236361,8.76E-06,1.89E-08
0,110725000,8.44E-06,-4.813617,8.41E-06,-7.08E-07
0,110750000,8.68E-06,-2.151018,8.67E-06,-3.26E-07
0,110775000,8.52E-06,-3.370535,8.50E-06,-5.01E-07
0,110800000,8.56E-06,-3.85706,8.54E-06,-5.76E-07
0,110825000,7.02E-06,-2.473872,7.01E-06,-3.03E-07
0,110850000,7.77E-06,-1.945628,7.77E-06,-2.64E-07
0,110875000,7.78E-06,-0.7047731,7.78E-06,-9.57E-08
0,110900000,7.75E-06,2.760991,7.74E-06,3.73E-07
0,110925000,7.58E-06,-6.580263,7.53E-06,-8.69E-07
0,110950000,7.77E-06,-3.329643,7.76E-06,-4.51E-07
0,110975000,7.64E-06,-1.993774,7.63E-06,-2.66E-07
0,111000000,7.21E-06,-0.9068978,7.21E-06,-1.14E-07
